run_id,seed,acq,iteration,global_index,x1,x2,x3,y
0,0,TEI,0,0,9.554425309821815,4.046800706458055,0.6146028590429203,2.7211230754625513
0,0,TEI,0,1,0.24791453292793642,12.199053588004086,13.691333659165826,1.9029984161106075
0,0,TEI,0,2,9.099536636507699,10.942448414759976,8.154374871981343,3.1416117937407844
0,0,TEI,0,3,14.026086356816524,12.237803311822983,0.04107750255222142,1.730427052175427
0,0,TEI,0,4,12.86106414881354,0.5037836295819653,10.94483169644916,2.3065979853858973
0,0,TEI,0,5,2.6348343090383852,12.947683835248299,8.121918303736376,2.569189241093107
0,0,TEI,0,6,4.495678358060772,6.340308317964877,0.4247950671819445,2.463791398938464
0,0,TEI,0,7,1.8642491474934593,10.059366220404454,9.70784267361375,2.364948863489002
0,0,TEI,0,8,9.230776672218807,5.755163313928252,14.958149036838165,1.9371669755366088
0,0,TEI,0,9,14.71253008164345,10.28312976721042,9.756889144017244,2.1554302470234137
0,0,TEI,1,10,10.083697032932909,10.681399154559282,8.127418316833749,3.0973830929004675
0,0,TEI,1,11,1.9490241135828708,10.734945342009661,8.15333903841899,2.5266874967728294
0,0,TEI,1,12,9.45792392643048,4.063342516404285,0.6179781343802021,2.724242074496623
0,0,TEI,2,13,8.812689489578501,14.684575814521443,5.713803156166357,2.0256089563565585
0,0,TEI,2,14,8.769371119033655,1.19813209075743,5.741773084979417,2.205065398458153
0,0,TEI,2,15,8.846652343752256,8.02038046852269,5.682260228032871,2.8941887729541587
0,0,TEI,3,16,8.693565668070569,10.332301387593969,7.8380166581241975,3.070163202081733
0,0,TEI,3,17,8.742322718751257,4.457628228323893,0.29223925100544834,2.663163501107262
0,0,TEI,3,18,2.344930005749326,12.105645613550273,6.6921102834648325,2.5267138316438125
0,0,TEI,4,19,9.34624142472565,11.521822602156188,8.726548072644093,3.1691352417386445
0,0,TEI,4,20,9.043151324046532,6.498994219458603,4.591606764302644,3.1423238099780617
0,0,TEI,4,21,8.979761040644002,1.722478635113292,0.1386560936584852,1.65343919692152
0,0,TEI,5,22,10.926236891963983,5.0990440135881325,3.6407399777096976,3.4763073533118116
0,0,TEI,5,23,8.98429092117309,11.564519129495048,9.00353087118399,3.1731682825383087
0,0,TEI,5,24,4.924781739421388,5.19816946595785,4.883294585773858,3.3167920096278407
0,0,TEI,6,25,13.64697214033348,4.649502577295651,4.410800285779239,3.182223352256212
0,0,TEI,6,26,7.713748323019568,4.584571021771876,5.6466241313503325,3.1796933532146676
0,0,TEI,6,27,1.765116874234699,4.560874794608097,5.608731649413085,2.5621420048643166
0,0,TEI,7,28,8.248846598025514,4.814591905753819,3.6046878865192755,3.5409405556585822
0,0,TEI,7,29,14.372382161869874,4.732883555526823,3.2035725587954786,2.5539321884699713
0,0,TEI,7,30,8.69099817698195,11.511442896592156,8.850003346774187,3.2007233575759546
0,0,TEI,8,31,9.790222903564075,4.600194155005497,3.754810222924052,3.642031522369778
0,0,TEI,8,32,7.575635159267964,12.188463749317245,8.808718038856874,3.134953712101062
0,0,TEI,8,33,3.902935357255411,5.795316564021363,4.400377727238476,3.601441288362053
0,0,TEI,9,34,3.040192342872319,6.707528749325745,4.390863671489345,3.191166535095089
0,0,TEI,9,35,10.59518817372418,4.244210018371154,4.4895665601914985,3.80681780833945
0,0,TEI,9,36,8.284495080601054,11.21243585141403,8.756954184146498,3.19941398701474
0,0,TEI,10,37,11.376103360094648,4.1952345935759245,5.242258981061692,3.562512394102847
0,0,TEI,10,38,4.286455122219679,5.716799770435587,3.5228600926813347,3.497656492341748
0,0,TEI,10,39,7.697241139048449,11.530200646056146,8.973616721954713,3.190840872483293
0,0,TEI,11,40,9.986283579185217,4.191738506333408,4.386814711111969,3.7808099964739803
0,0,TEI,11,41,3.343292727627924,5.711379558245474,4.187872150023233,3.4058556255820918
0,0,TEI,11,42,8.383236140823602,11.553406656695074,8.75492107089154,3.2226783274917388
0,0,TEI,12,43,6.119188431186887,5.982629899963658,4.348436657291682,2.998082645277928
0,0,TEI,12,44,11.454650561300745,4.064058437957537,4.564225290429322,3.9004321291559787
0,0,TEI,12,45,8.495089162472851,11.55327953704534,8.533845587951328,3.2309508773628948
0,0,TEI,13,46,11.512551572088048,3.0989704699507294,3.796361693796352,3.5269904583021403
0,0,TEI,13,47,4.185703148390369,5.948909782175312,4.734623087591276,3.463893193229359
0,0,TEI,13,48,8.213147271594261,11.810238670647424,8.35682377441387,3.2406991002270065
0,0,TEI,14,49,11.44126408490807,4.156861719579931,4.496250240925817,3.923927835983099
0,0,TEI,14,50,4.505491856408998,5.207760467721094,4.073442304175367,3.765788017911125
0,0,TEI,14,51,8.719006513644487,12.109890195090236,8.428892482387246,3.182946012045682
0,0,TEI,15,52,11.74152455166127,4.4409501688155135,4.439637669010957,3.88911001150061
0,0,TEI,15,53,4.2762194487695115,4.674435290385189,4.08304399836873,4.094823514750331
0,0,TEI,15,54,7.510667724161285,11.352889218081817,7.921187219889588,3.1915871807340506
0,0,TEI,16,55,3.9381016408618894,3.6073686874434108,4.121935542133005,4.135670231273823
0,0,TEI,16,56,11.473305719489526,4.210826392912482,4.018235568226153,3.998360492782054
0,0,TEI,16,57,8.207551170453314,11.550384705590211,7.924208300077092,3.2419521356600303
0,0,TEI,17,58,4.102888501178294,4.176005201137815,3.748899976021362,4.203327377560155
0,0,TEI,17,59,11.524017833551222,4.157550780523563,3.885300410385776,3.9866190641461334
0,0,TEI,17,60,8.27636428844206,11.622805585743514,8.050496599890055,3.2465164235359216
0,0,TEI,18,61,4.2268842276761385,3.8497336536441336,3.743182845423248,4.16525898835029
0,0,TEI,18,62,11.47751915552253,4.082236463499868,4.118442019627604,4.008489329230624
0,0,TEI,18,63,2.9348516379996266,9.1070817775385,5.118805031429189,2.9113090116831315
0,0,TEI,19,64,3.910378972798037,4.279741945211162,4.0488125029190245,4.231871402039447
0,0,TEI,19,65,11.356890952041018,3.894396063813545,3.9046594581867575,3.963030284446755
0,0,TEI,19,66,7.600056304269531,8.18709112119025,2.8323012722847274,2.8516162551988513
0,0,TEI,20,67,3.864945338006569,4.368517800588833,4.063413510121088,4.202026107449917
0,0,TEI,20,68,11.795554523557891,4.147571092162698,4.058994612367649,4.00638403521377
0,0,TEI,20,69,8.122796742490134,11.666070516338994,8.260920783915681,3.2476950291007505
0,0,TEI,21,70,4.000812754270459,4.062275168395129,4.293351440680674,4.242388915625752
0,0,TEI,21,71,11.83163949755932,4.167429464050462,4.022796152223571,4.000830475579418
0,0,TEI,21,72,8.306642569864952,11.372728452611922,8.220899126562527,3.236167570608647
0,0,TEI,22,73,3.8359593407768022,4.07709281727493,4.324168281506458,4.206170400153129
0,0,TEI,22,74,11.893452540165274,4.122656476711758,4.0039488657030535,3.996894127117991
0,0,TEI,22,75,8.172741186464377,11.72426280956013,8.211355930103958,3.2472092716878818
0,0,TEI,23,76,4.134180250577934,4.0932063869376325,4.022478204107997,4.2649169321667095
0,0,TEI,23,77,11.565220338431141,4.054187626592656,3.9693171120657986,4.004190336323829
0,0,TEI,23,78,0.08229141876437751,2.415454714604039,12.703240676198124,1.7771297517775606
0,0,TEI,24,79,4.3243351493589355,4.101336262004952,4.105912920220554,4.239708740755666
0,0,TEI,24,80,11.400879046998952,4.085442954010001,4.053168420269984,4.003646644579216
0,0,TEI,24,81,0.6225747332069442,14.957149030823583,0.038382240219395625,0.698719095176814
0,0,TEI,25,82,4.278822128672698,3.973267396983827,4.177851711920973,4.23843581741216
0,0,TEI,25,83,11.305063710135768,4.073294522586795,3.953069515463152,3.9864557338348092
0,0,TEI,25,84,12.094766718661342,14.903689616423723,14.96336163535094,1.3765268205464622
1,1,TEI,0,0,7.67732437050385,14.25695544488903,2.162394190794506,1.7775102756007999
1,1,TEI,0,1,14.229741707058658,4.677471780157282,6.349896734588635,2.3873855651360736
1,1,TEI,0,2,12.415538907306626,6.137987045537419,8.243905315095892,2.897398623730786
1,1,TEI,0,3,0.4133866986460255,11.3026966301221,8.072149698289174,2.4918308167423833
1,1,TEI,0,4,4.945975747486383,11.826430551426064,4.547922439374675,3.616167873236414
1,1,TEI,0,5,6.802468342209773,2.0106254587074712,6.046694796706938,2.1175295842862845
1,1,TEI,0,6,3.0518286101422443,3.9347001066277425,11.255470089450789,3.507058399012259
1,1,TEI,0,7,4.206131369790599,7.277864616474526,14.71105799701858,2.553399695960673
1,1,TEI,0,8,14.424857904956802,10.871849111603005,8.118402833211514,2.3754851506713957
1,1,TEI,0,9,4.153368060680562,2.4097801316269027,14.548881198241988,2.1871644079628743
1,1,TEI,1,10,4.932692822674282,12.963062789325305,9.700451489653409,2.9612844510158407
1,1,TEI,1,11,4.922984390024742,12.83142725213056,1.0156979713561247,2.3962259446909675
1,1,TEI,1,12,4.910713457087531,9.634014952833953,14.909712917680185,2.2545792224864156
1,1,TEI,2,13,9.87368216909129,11.848162892432315,4.552239885108154,3.460184144751893
1,1,TEI,2,14,1.6367121400036417,11.705487327977671,4.599330088466681,2.8412962434768154
1,1,TEI,2,15,2.2561404198982253,3.890623219366658,11.265714939734806,3.04575357679821
1,1,TEI,3,16,9.813381538299476,11.814627663399806,4.377022226386134,3.5208739368779325
1,1,TEI,3,17,0.36523546666473616,11.809871651364814,4.217510510458837,2.872523918051793
1,1,TEI,3,18,5.44489872080398,3.9545865440169834,11.159273075653832,3.4565786505935465
1,1,TEI,4,19,2.518076468521286,11.80532234562102,4.471826523294473,3.125675870046724
1,1,TEI,4,20,9.306464367071998,11.825695177022567,4.482957672853177,3.493093002432646
1,1,TEI,4,21,10.283328151779209,3.959002568045618,11.3149147095088,3.5765997513380245
1,1,TEI,5,22,5.38225523965274,11.854396429327013,2.8349927867547913,2.891882843770796
1,1,TEI,5,23,5.194555131238887,11.850879317416274,12.034678524212818,3.3081899983004126
1,1,TEI,5,24,9.575664792861842,3.944957786613632,6.845279388860143,3.2838678759555937
1,1,TEI,6,25,4.088589905655188,4.034621686885873,11.365011440714747,4.00003829090943
1,1,TEI,6,26,4.5469930597770505,11.908178037971307,4.657582057581746,3.752220551050489
1,1,TEI,6,27,10.519015256039841,4.2529635652283835,11.211040338172722,3.5905441685941017
1,1,TEI,7,28,4.317238532468826,4.257754366805192,11.638932792338409,3.9715732916401896
1,1,TEI,7,29,4.204425119405916,12.683208326304866,4.804073101190133,3.581938771635328
1,1,TEI,7,30,10.507045005742064,4.447735534911112,11.321312768414748,3.5507910820218482
1,1,TEI,8,31,4.2625769456629135,4.1477594576348285,11.312397663025594,3.9793800693545514
1,1,TEI,8,32,4.19844640959737,10.57786550917573,4.64428369444959,3.747103610531563
1,1,TEI,8,33,10.703483455560685,3.196681587559285,10.646881610858388,3.180700510398426
1,1,TEI,9,34,4.092351043712503,3.9558953526171,11.512991177074795,4.001316518364829
1,1,TEI,9,35,4.1728636964824055,11.323840372237555,4.6964149301739875,3.8286492207223155
1,1,TEI,9,36,10.132399054175908,4.2823378647274435,11.19972646297996,3.539042960515431
1,1,TEI,10,37,4.212373174486731,3.88101807141076,11.120845657161025,3.9444673369948107
1,1,TEI,10,38,4.3465328481839824,11.200830542590372,5.156225707101419,3.5568957521057163
1,1,TEI,10,39,9.961000712290957,11.55055217284741,2.8162195716358562,2.939418005000512
1,1,TEI,11,40,3.980278649049805,3.5793746547340453,11.474387967557348,3.868817563225294
1,1,TEI,11,41,4.004623994213342,11.601403533470915,4.345460929943623,3.9757642626932004
1,1,TEI,11,42,10.821213341833776,3.5476030005237207,11.362254938621847,3.514674097924349
1,1,TEI,12,43,3.8644513955351028,10.71407639488933,2.9157516975715803,3.322151174585775
1,1,TEI,12,44,3.9815677421591915,3.9285186788648736,13.381653235233538,3.4796668722678477
1,1,TEI,12,45,3.85082361391817,11.092077913266722,8.914963195291627,3.527315071865985
1,1,TEI,13,46,4.101853797934288,4.060332308803319,11.65280128107588,4.012593747204452
1,1,TEI,13,47,4.167383680651451,11.821467895603398,4.102116009941391,4.003678278814846
1,1,TEI,13,48,10.885764575908176,4.170664865756918,11.273738377585186,3.6630157839043282
1,1,TEI,14,49,4.035949027582516,11.639193200866224,4.14007636491131,4.010280588052232
1,1,TEI,14,50,4.171022739798239,3.9971364336997888,11.687554727951271,4.00471162461565
1,1,TEI,14,51,11.86823010001122,4.330407168834465,11.213965442543136,3.692111666026582
1,1,TEI,15,52,3.9531687783251535,11.651267434884694,4.027947796106793,4.001531257790521
1,1,TEI,15,53,3.8848625686423475,4.059884813609186,11.563698872641147,3.9898591614277406
1,1,TEI,15,54,11.487768711586275,4.193192832309606,11.55213410735019,3.7473399579598623
1,1,TEI,16,55,4.157063429594798,11.660336576440372,4.0007577885278405,4.006507777270064
1,1,TEI,16,56,4.089449088746473,4.338312149437448,11.56722348501982,3.980624470636057
1,1,TEI,16,57,11.71032290578802,4.161215769568182,11.950422332649728,3.736312911751342
1,1,TEI,17,58,4.127417298536666,11.586902039090953,3.9998107517449952,4.007771949939503
1,1,TEI,17,59,4.059592665239949,4.201856979060729,11.598643205526662,4.005716890006716
1,1,TEI,17,60,11.398651921813322,4.25805527174199,11.47886951813214,3.7299671965266925
1,1,TEI,18,61,4.032502131735688,11.812880791843918,4.240535107977028,3.9939904447411467
1,1,TEI,18,62,4.131762362040822,4.236812037575701,11.9587000539791,3.981794792822877
1,1,TEI,18,63,11.681454981808086,4.075945161441868,11.859794755787988,3.748638505715819
1,1,TEI,19,64,4.110137571540436,11.527936838824225,4.011058109249059,4.007774064938714
1,1,TEI,19,65,4.0727984262864165,4.117571544314524,11.350645742766913,3.999770482868316
1,1,TEI,19,66,11.608701718289831,4.165006859864521,11.7245284225439,3.7533757152373566
1,1,TEI,20,67,4.080044990660248,4.100086921926399,11.509720414825948,4.01036308677313
1,1,TEI,20,68,4.019594163563854,11.32640515346134,4.130172156308635,3.9948163929152045
1,1,TEI,20,69,11.798330823136816,4.183581047829488,11.652179802426364,3.7485331728147857
1,1,TEI,21,70,4.088793239434494,4.021325838919371,11.72927436509652,4.009303692534504
1,1,TEI,21,71,4.088993169069569,12.02067375734362,3.904034191530232,3.9680227907599077
1,1,TEI,21,72,11.606081969127057,4.113662168829848,11.627788423538455,3.757427314981146
1,1,TEI,22,73,4.097141388170227,4.143328633937628,11.342618192903874,3.9980111802982705
1,1,TEI,22,74,4.164480281712235,11.593091183382413,3.876807499129144,3.9860074015660247
1,1,TEI,22,75,11.60453658109488,4.0683487843822075,11.733300205133158,3.7559547727874136
1,1,TEI,23,76,4.147123054045752,4.088918136004633,11.664507862634716,4.011173057533913
1,1,TEI,23,77,4.00802152112136,11.844306119064377,4.043663252251032,4.001031044144608
1,1,TEI,23,78,11.829100270692727,4.173239297711606,11.682670930199471,3.747215666847398
1,1,TEI,24,79,4.123759198743504,11.654421720156286,4.134946705644817,4.011251812279805
1,1,TEI,24,80,3.9852991703367997,4.109372118434192,11.735709098628726,4.005597697280112
1,1,TEI,24,81,11.30255220494552,4.122312666503647,11.629494014918619,3.740190787674038
1,1,TEI,25,82,4.040151747836299,4.194360998612837,11.608839759000574,4.005898214457965
1,1,TEI,25,83,4.18230537748465,11.776244633963868,3.9272088558996057,3.9913182741675763
1,1,TEI,25,84,11.578972461680147,3.966523504081354,11.714651011366179,3.7484972237990295
2,2,TEI,0,0,3.924182013739746,4.477367151211849,12.213386108914206,3.862697100551329
2,2,TEI,0,1,1.3787391320264537,9.00150788948481,10.92840790217692,2.466308755694291
2,2,TEI,0,2,2.8185161004990515,0.8271994099960228,4.124540518590571,2.5521033239275877
2,2,TEI,0,3,9.861495223133888,8.43398494170642,2.250933949580042,2.5101474025397272
2,2,TEI,0,4,6.489461862071807,10.039459478617804,6.341770099051917,2.644083061618751
2,2,TEI,0,5,9.497765989111747,14.51153928740515,10.24597233464438,2.2017835020191097
2,2,TEI,0,6,5.874372496200392,2.808788545801471,5.189409983575997,2.6099840782227117
2,2,TEI,0,7,7.665989603543656,13.368141142508687,11.633459137090341,2.8453606127902904
2,2,TEI,0,8,4.772199009230615,13.863253447602363,7.063648281236363,2.594528343907755
2,2,TEI,0,9,10.40638263303345,1.6081096268038209,1.5681533764941225,1.766301027091491
2,2,TEI,1,10,8.975478932512305,3.1708393569185516,12.490920207324427,3.068543593774983
2,2,TEI,1,11,3.87780008820044,2.9882349438781364,12.500689769647465,3.331788824110353
2,2,TEI,1,12,14.045154246591157,2.876518276426903,12.476909828456236,2.230736030721399
2,2,TEI,2,13,4.312147071219851,3.9812200713750627,12.180450684039668,3.9261552823303685
2,2,TEI,2,14,4.48129623274503,13.40666701914596,12.170100711736552,3.1040453761179085
2,2,TEI,2,15,8.803832347599158,8.178126470437606,12.258519745759232,3.1511453319577516
2,2,TEI,3,16,3.9137171435023625,2.4496065279325467,12.052408292965996,3.1203418177024327
2,2,TEI,3,17,2.383976165161286,9.413718875682058,12.011907547134733,2.6700640823732904
2,2,TEI,3,18,8.878774202911286,0.3568651420327257,12.059238130497157,2.4407011131209497
2,2,TEI,4,19,4.720260695346702,4.190072689852348,12.667885507989045,3.630495932748511
2,2,TEI,4,20,4.646707478909256,4.242447618811924,6.851884790935233,3.5874202501656622
2,2,TEI,4,21,0.1271870289773197,4.24451830001951,10.05044278211856,2.6667272409206952
2,2,TEI,5,22,4.211500665421852,4.667749006461977,12.365114579617607,3.7525734167751974
2,2,TEI,5,23,4.225785009357827,4.460661232152236,6.620180392412093,3.624417850367042
2,2,TEI,5,24,4.261431408929627,4.4928853497935295,1.0248901919315656,3.100655269341591
2,2,TEI,6,25,5.029030137891446,4.025728931566948,11.939943019760445,3.662097703509563
2,2,TEI,6,26,2.838244676714573,4.812475319026175,6.564014816083656,2.8518197463543555
2,2,TEI,6,27,0.07136195614090846,3.9238264075885487,12.103595378629091,2.795352888773512
2,2,TEI,7,28,4.194240735559316,4.3121824546911816,10.040169508260691,3.8030372202940272
2,2,TEI,7,29,4.477799544889429,4.9443822785629745,4.174113994907928,3.9012195508242193
2,2,TEI,7,30,8.863457445455609,8.11914175803986,12.643767224013528,3.028491285299696
2,2,TEI,8,31,4.337638943416977,4.04256682108243,11.173493264226957,3.9492979511677735
2,2,TEI,8,32,4.533393208966216,5.0039937160386,4.700099497175169,3.686667509461894
2,2,TEI,8,33,8.56182967865604,8.335210158168808,10.507394496149182,3.107972852894696
2,2,TEI,9,34,4.29526722120421,4.644418731813717,3.5463647334919695,3.953905824010998
2,2,TEI,9,35,4.133256765417364,3.9637228063192724,11.47992556885138,3.9998278715164846
2,2,TEI,9,36,8.636350375394233,8.73601249616851,11.491849911805195,3.21038268049771
2,2,TEI,10,37,4.644283736649574,5.289731523407159,3.330044500901685,3.3924728305388703
2,2,TEI,10,38,4.15483131965357,4.0532798524660905,11.470401549957417,4.005648850862716
2,2,TEI,10,39,8.673990586008715,7.626172626566066,11.384145984541433,3.195466260915826
2,2,TEI,11,40,4.114463583128304,4.236815972723767,4.179282565180581,4.252143637470331
2,2,TEI,11,41,4.174440061080397,4.364092605916736,11.681535676468663,3.9705760722377503
2,2,TEI,11,42,9.134317179176753,8.172379300149656,11.469386683186324,3.1977844768341814
2,2,TEI,12,43,3.8031170789174986,4.146208086683273,4.196960320455637,4.217263028100167
2,2,TEI,12,44,4.144066051371301,4.162592738774716,11.799293113281962,4.003904775802088
2,2,TEI,12,45,7.870131002915243,8.315622136729674,11.866197744535562,3.2297233520319386
2,2,TEI,13,46,4.059741052950478,3.9987350640060795,4.118597250846449,4.263186265778912
2,2,TEI,13,47,4.20535150321623,3.9369427305331257,11.829490515183862,3.9872298961738037
2,2,TEI,13,48,1.0146298323542142,4.702889341929884,0.06835335191389291,1.8630637868625406
2,2,TEI,14,49,3.917260710156698,4.097979524393037,4.1797574793626735,4.2483565790423565
2,2,TEI,14,50,4.0896459323609,3.94440585844504,11.44585301511,3.996279730166884
2,2,TEI,14,51,5.923599553275742,1.0853861632545403,0.029776487575836064,1.4155944534455245
2,2,TEI,15,52,4.020187034199487,4.222220083082035,4.2118743813440505,4.248571828886233
2,2,TEI,15,53,3.9860003425684294,4.1874005637234175,11.405616875000105,3.9939443302043713
2,2,TEI,15,54,14.834256506273913,14.986035894071016,0.06704372413348147,0.5164618047860418
2,2,TEI,16,55,3.9472475764015047,3.971722054288414,4.094486035371066,4.250583728597307
2,2,TEI,16,56,4.044637746505341,4.032233646581265,11.71758909538198,4.009376394524827
2,2,TEI,16,57,0.11015810216416844,14.441538436418831,0.006445468798563225,0.7526684971986628
2,2,TEI,17,58,4.162046637030072,4.191828639694401,4.145611141323414,4.258083292367199
2,2,TEI,17,59,4.209927658437003,4.064808622827876,11.832962963496797,3.998279905503839
2,2,TEI,17,60,14.984274100141699,12.994926415508173,14.71727556475188,1.113658570407059
2,2,TEI,18,61,4.372274335365491,4.0623512280181915,4.197627263756287,4.221188486636627
2,2,TEI,18,62,4.034727653990123,4.242703056745732,11.654838877603625,3.9992199552029906
2,2,TEI,18,63,14.981394994178498,9.652104164362646,7.126959809395139,2.0369547593348325
2,2,TEI,19,64,3.9680718077049884,4.20690906499016,4.430851543165401,4.195333641957886
2,2,TEI,19,65,4.164286362619132,3.9311928886084506,11.641044006395877,3.9970030682498683
2,2,TEI,19,66,7.213040803215703,14.878959250186554,0.11252473886114389,1.3584702804834627
2,2,TEI,20,67,4.097154962702558,4.119923008790441,3.9158089196542605,4.251962109509855
2,2,TEI,20,68,3.82601311365974,4.095824636630283,11.5711386074908,3.9758935023635757
2,2,TEI,20,69,0.39371505932275175,14.884284690356266,14.959945413050761,0.5514922916288122
2,2,TEI,21,70,4.136771479473194,4.056232086246369,4.165039136211621,4.263433005375109
2,2,TEI,21,71,3.971579347024488,4.265399819025922,11.917651646978742,3.975479786279937
2,2,TEI,21,72,14.841598572406479,0.16096442773179953,6.498549535962491,1.249997731094644
2,2,TEI,22,73,4.067807442265782,4.020678992527219,3.99244752619558,4.260870090432341
2,2,TEI,22,74,4.181338273185803,3.9063382731174467,11.415557792965682,3.983194705519047
2,2,TEI,22,75,14.962242479214629,6.092216844195308,0.0932816559138383,1.1851904786339793
2,2,TEI,23,76,4.088415669905483,4.017046635424697,4.053963988183076,4.265052023738072
2,2,TEI,23,77,3.9340280252726356,4.167943768317453,11.446817930708912,3.9913442567621233
2,2,TEI,23,78,7.514009237424936,14.539974471409478,14.932361672346984,1.3354524068482592
2,2,TEI,24,79,4.098912648407721,4.205876309899674,4.064906567943024,4.260754458483691
2,2,TEI,24,80,4.13417238026825,4.133635745634436,11.653488163608674,4.010872751084843
2,2,TEI,24,81,9.805766610713482,3.1290026346508224,14.98464092701124,2.098352786728919
2,2,TEI,25,82,4.202894829916705,3.9836677115238777,3.9418787230084797,4.244316709342272
2,2,TEI,25,83,3.9744493837946964,4.156589631005093,11.612338652461402,4.003717556132932
2,2,TEI,25,84,10.009113111884446,3.8073470712132798,11.381387238656949,3.525115670448307
3,3,TEI,0,0,1.2847375071543654,3.5521575989414957,12.019116978095953,2.773867226816537
3,3,TEI,0,1,8.732430540965517,1.4119296336059879,6.496904103547107,2.220139599236889
3,3,TEI,0,2,7.1857694721125105,2.3960837195561786,11.018657271138219,2.6244357623575914
3,3,TEI,0,3,1.7050802988210512,5.868422857434931,7.751102739320455,2.21779287924058
3,3,TEI,0,4,6.459420306212667,8.80197857157211,11.067566809382402,2.971168020912234
3,3,TEI,0,5,14.344008822541477,4.2630174562318714,9.728208106197375,2.648525663052725
3,3,TEI,0,6,10.443239950052332,4.390811235187307,0.022351252632542562,2.6612213886516622
3,3,TEI,0,7,14.60190412149619,4.476018345253135,4.709790030515052,2.79407047872778
3,3,TEI,0,8,13.375666056677357,8.77744409836362,7.069644977727471,2.609643234029753
3,3,TEI,0,9,11.599155144732245,0.45519011493706796,10.604476434834352,2.527076269530193
3,3,TEI,1,10,6.700075495727742,7.154991116317332,11.072720673554866,2.9435336736459963
3,3,TEI,1,11,6.525334783207878,12.284830097980425,11.065024058508524,3.052507496232127
3,3,TEI,1,12,14.580600039676721,4.288819738433738,4.713312831285179,2.8503258745148052
3,3,TEI,2,13,9.931123482283889,14.133035116832199,11.0721769635227,2.441178357179823
3,3,TEI,2,14,0.901055962325551,14.461189733372118,11.064414597569142,1.6969655527161416
3,3,TEI,2,15,13.074041096951545,9.619289559366136,11.07685491513348,2.8960648689816235
3,3,TEI,3,16,6.972246873848938,14.501957049875303,11.080307930430065,2.2624122431984985
3,3,TEI,3,17,14.50441743864277,0.2940258362289072,4.736254555041773,1.7447453580601138
3,3,TEI,3,18,6.889773485072696,6.942058555716491,11.069608783700934,2.939630754365301
3,3,TEI,4,19,7.274853118224263,11.4867704351013,11.104203620154678,3.2608609067562186
3,3,TEI,4,20,14.608804200077813,3.598872864981387,4.4445423496627,2.85087117990211
3,3,TEI,4,21,12.408493946555764,6.816700768713824,11.888824885545406,3.1014161703908707
3,3,TEI,5,22,6.411326030055655,11.242277205523665,11.196177695753832,3.109732725966916
3,3,TEI,5,23,11.612210302085028,6.953795868861102,12.33972065176198,3.156771451224345
3,3,TEI,5,24,14.730068364030863,3.81611875244323,5.818574018228162,2.366853759765032
3,3,TEI,6,25,9.014711431622061,11.310268349660744,10.846909529340621,3.24333536141489
3,3,TEI,6,26,13.206368027556584,6.47831337074405,12.286005359565621,2.6585320319924692
3,3,TEI,6,27,13.715554938545521,3.6452511854771528,4.771007045967298,3.043490867811122
3,3,TEI,7,28,10.179055755997947,7.723985092176346,12.039628061229104,3.1607815692591528
3,3,TEI,7,29,12.234125867655365,3.5735571719290187,4.817150822359717,3.584627676612685
3,3,TEI,7,30,5.476973606636227,11.81607236607543,10.519928840280478,3.100868869466723
3,3,TEI,8,31,11.037265534169357,3.830579807946709,4.626313303211678,3.795265249434891
3,3,TEI,8,32,11.564031991110504,7.228391354831383,11.528166027424415,3.294449622270679
3,3,TEI,8,33,7.326809089216048,11.784116097910584,10.325600958980706,3.156804282756551
3,3,TEI,9,34,10.604314466278037,3.627742769521186,4.641995297581915,3.6478945889451344
3,3,TEI,9,35,8.424608905634225,11.60575110392576,11.416030053853726,3.3631366616449547
3,3,TEI,9,36,12.594063152908127,6.935813322153616,10.805530227715085,2.9901832817181155
3,3,TEI,10,37,11.448823805824603,4.044951676213914,4.524319287824568,3.915308088807584
3,3,TEI,10,38,8.247433760269201,11.457750495604548,11.691396335411017,3.3695834310196986
3,3,TEI,10,39,12.479238672220886,7.065147705278223,11.40027469394003,3.1266049725234475
3,3,TEI,11,40,11.761280239246215,4.112245999002321,3.9213610137335104,3.995337350328521
3,3,TEI,11,41,8.741712716325083,11.539640607604092,11.767489165721182,3.3504186331906456
3,3,TEI,11,42,11.530289933591307,6.195104307572185,11.228835667833996,3.115443996999032
3,3,TEI,12,43,11.47778400443001,4.15302300887567,3.994495518762365,4.0021500911052375
3,3,TEI,12,44,8.160147069625241,11.569840215405794,11.657951907898779,3.374850901912061
3,3,TEI,12,45,11.703151125852704,6.8227156214835265,11.21613227603282,3.199803541380598
3,3,TEI,13,46,11.55244559526051,4.248693640853775,3.7744945867554316,3.946522718996042
3,3,TEI,13,47,8.446326418726283,11.684491886998838,11.916853215767528,3.3557243070969385
3,3,TEI,13,48,3.882631033895558,11.426707629415152,9.103320314322314,3.5569822575864363
3,3,TEI,14,49,11.532499121841166,3.9365129591317674,4.0850530692647595,3.999115717703945
3,3,TEI,14,50,3.5289595805596132,11.435079066011513,8.74187164859822,3.4434488056222934
3,3,TEI,14,51,8.310208229306074,11.642645515055571,11.604566171928315,3.374118041323226
3,3,TEI,15,52,11.738778552461618,4.398643160013178,4.103241459978323,3.963154154897099
3,3,TEI,15,53,4.102399677150512,10.886999640149849,9.300232523806816,3.5041588968306345
3,3,TEI,15,54,11.349171934170762,7.453073241959294,11.707916614955801,3.315876274768178
3,3,TEI,16,55,11.472496563667521,4.230491098920096,3.8884824905265685,3.9770312299132415
3,3,TEI,16,56,4.2693734948319815,11.733695552831811,9.02613984158166,3.572932684228381
3,3,TEI,16,57,8.831309387403763,11.346825526546388,11.922386850630945,3.321348957804234
3,3,TEI,17,58,11.340471984729177,3.9253696015223998,4.019410528354714,3.9829138072819905
3,3,TEI,17,59,3.9971570746037983,11.731328475741613,9.239678013909984,3.5726127801267737
3,3,TEI,17,60,8.935810248520506,11.192476647259701,11.503509865756115,3.310401244325741
3,3,TEI,18,61,11.442362682944427,4.024533463161268,4.0521766483431385,4.004232142863887
3,3,TEI,18,62,4.158973793777415,11.621561852131638,9.10599943575812,3.5836666039814276
3,3,TEI,18,63,8.857047079581266,11.650213079960153,11.81958885864041,3.3415721281450224
3,3,TEI,19,64,11.436150375099869,3.917983584048142,4.120820593583741,3.990702455118001
3,3,TEI,19,65,4.4124171387914295,11.627845745440757,9.17952582279593,3.529687814343989
3,3,TEI,19,66,11.40571105652739,7.549773309390354,11.76726147505649,3.329730885305433
3,3,TEI,20,67,11.54809825007624,4.162127750256764,4.101268284443442,4.00884821512102
3,3,TEI,20,68,4.1613284192308715,12.159006079319848,8.637980797406323,3.5625576062782383
3,3,TEI,20,69,8.688122825715388,11.477018129193919,11.715426319066758,3.3530226354257864
3,3,TEI,21,70,11.343359539860392,3.9481892180449756,3.917792241574828,3.9739142198488953
3,3,TEI,21,71,4.055985326133972,11.952978026885036,9.189834857570215,3.5625754304421156
3,3,TEI,21,72,11.656696516054183,8.196068775098034,11.742334509093753,3.3736623873873395
3,3,TEI,22,73,11.77880694898978,4.013258124078091,3.9729954191216637,3.9996087887176275
3,3,TEI,22,74,4.070809844951666,11.791236650691728,8.617894235630287,3.6131025630322227
3,3,TEI,22,75,11.437553873607108,8.247204430204789,11.782514084404704,3.3651654577394563
3,3,TEI,23,76,11.535092506186329,4.111042916371149,4.064699881128878,4.010850736526689
3,3,TEI,23,77,4.61533606374782,11.454027262856544,7.027361439592095,3.3845011494092416
3,3,TEI,23,78,3.5496961012827377,11.662300357463922,12.0564077176382,3.5761915712158565
3,3,TEI,24,79,11.635953126657068,4.1787263084636335,4.2410559230833105,3.9967276583352582
3,3,TEI,24,80,4.107873434927858,11.818219791157443,8.535277554034716,3.6156364990320125
3,3,TEI,24,81,2.9092422096175934,10.673297416365076,13.419443920085595,2.551381861188751
3,3,TEI,25,82,11.46051686831791,4.192846061361548,3.9984346141448155,3.9981054287672064
3,3,TEI,25,83,3.645469300311948,12.0286935580992,11.63252708171304,3.6272754382143413
3,3,TEI,25,84,11.723905833954856,8.126625754299273,11.893029517036371,3.3623667581992587
4,4,TEI,0,0,14.145841583585515,7.669913292215424,14.643655585615562,1.5325889358041664
4,4,TEI,0,1,1.2125403584340328,9.110337479925445,5.647298765659088,2.202218450261405
4,4,TEI,0,2,12.028518104787109,2.617917242160427,13.074529112814846,2.6018403449745593
4,4,TEI,0,3,8.159121011452473,13.533226195739825,7.157302857588094,2.574686016188033
4,4,TEI,0,4,6.4574441659411965,11.834200763164942,14.762294998966821,2.149858153272225
4,4,TEI,0,5,5.5458868897864315,14.533993039743523,13.935395816481291,1.4977455727903766
4,4,TEI,0,6,2.6653887864297165,9.132774252668213,10.572971183471138,2.737279575329577
4,4,TEI,0,7,14.142055186937508,9.984861254486301,2.0009363317753968,1.7413125982127977
4,4,TEI,0,8,7.468013981780617,7.404297509341723,7.503392840231188,2.985138117558773
4,4,TEI,0,9,14.378734291638708,5.249060997333822,3.3565672016732395,2.4006240851002634
4,4,TEI,1,10,7.467788395082076,10.85647054429409,1.5829554144209017,2.4579753099569155
4,4,TEI,1,11,7.468467749234882,4.566602036535034,10.85201619587927,3.4022654558143337
4,4,TEI,1,12,7.469072104460192,4.797865368740297,1.2047176772645756,2.560305783273213
4,4,TEI,2,13,7.4649399438025625,1.784260750011053,14.929632685784519,1.5081923528239827
4,4,TEI,2,14,7.472406747194038,8.150393776576921,14.998976295361729,2.1501686998853877
4,4,TEI,2,15,7.480948632194228,13.67984017470552,14.981566502780709,1.6313291625453301
4,4,TEI,3,16,7.468313131316674,5.868412186798924,12.55742306995613,2.8172289408410514
4,4,TEI,3,17,7.468931109423121,9.922486446204601,5.212636618485445,2.9806606136676863
4,4,TEI,3,18,7.467912011408947,2.026242150606645,5.103584779334092,2.4792528463230745
4,4,TEI,4,19,7.468214952906739,4.612818649793747,12.636959284078872,3.27038684485205
4,4,TEI,4,20,7.468524449219211,10.09356460402611,2.5790176355977894,2.634027574343911
4,4,TEI,4,21,2.664930249714729,8.960842629538783,11.423082455135749,2.8596376399772163
4,4,TEI,5,22,7.7748437685204745,4.477400380779782,10.483785314891703,3.4117608289111043
4,4,TEI,5,23,7.58214889469623,9.354800688333508,6.267734242917907,2.803921906704591
4,4,TEI,5,24,2.552866174960167,8.51316439049708,13.965283098479926,2.0610954802420283
4,4,TEI,6,25,8.115563553098136,4.10100650893316,11.115590842640222,3.5919934491711327
4,4,TEI,6,26,7.572207090697491,10.280354413031048,4.990362815542631,3.1292288943722184
4,4,TEI,6,27,13.331374646900017,3.9788103774012615,11.233371896725567,3.2368630897852624
4,4,TEI,7,28,9.03901710830234,3.8480091415766267,11.181175913394545,3.5296966656309534
4,4,TEI,7,29,7.592275475059923,11.347905347322861,4.903133881855274,3.3197021872319366
4,4,TEI,7,30,14.271324725130263,3.6786744482068396,10.859502771233355,2.715253304877886
4,4,TEI,8,31,11.298935407199348,4.460781291832625,11.928194420864402,3.6571432568544706
4,4,TEI,8,32,5.912155698441526,4.007373858312891,11.020075765192546,3.3450760480490365
4,4,TEI,8,33,7.342882169754796,11.18215616847507,5.1594437658980095,3.1436374953570936
4,4,TEI,9,34,11.790685429152418,4.902422685442948,11.643490006840638,3.4858663231618583
4,4,TEI,9,35,8.975215605881145,11.383814002944575,4.347783754998434,3.550655141935578
4,4,TEI,9,36,6.710818088152383,3.6112191672913543,10.857611558031632,3.2683001390746904
4,4,TEI,10,37,9.988449407373556,4.251338081516465,11.660772320726355,3.562116306144259
4,4,TEI,10,38,8.215621922231547,11.65958136874757,4.063967957125788,3.63037147715245
4,4,TEI,10,39,14.947435816177304,4.379572244892651,12.425169722442547,2.5514360365971838
4,4,TEI,11,40,11.409567089574821,4.276240482953702,11.828007935340187,3.725031068536365
4,4,TEI,11,41,8.448355418453508,11.820601913520072,4.054421823495783,3.6188211037029556
4,4,TEI,11,42,6.296944898515183,4.309583494052015,11.746602159271239,3.3774506249278584
4,4,TEI,12,43,11.66887692585712,4.054903024182743,11.586902135641592,3.756779438231516
4,4,TEI,12,44,8.29628947078645,11.61965566500606,3.7275440559357302,3.5611053260644594
4,4,TEI,12,45,6.644214836334002,4.11371834349022,11.091125076822443,3.4088295461399056
4,4,TEI,13,46,11.680869479454067,4.010654142509133,11.453153187243911,3.748989342513098
4,4,TEI,13,47,8.10558945983589,11.870464623212747,4.084300576519071,3.62068992689953
4,4,TEI,13,48,3.794517581629857,4.047541543754324,11.034586583245016,3.9170594720995338
4,4,TEI,14,49,2.556946601799387,4.158788034536186,11.116759231916006,3.1820158036491937
4,4,TEI,14,50,11.830425827486884,4.200839896537879,11.534112627145243,3.7428964607706225
4,4,TEI,14,51,8.448153206779041,12.02435377967314,4.081855507496133,3.597762202697779
4,4,TEI,15,52,3.956912190790815,4.361407578239551,10.848739968585788,3.889385383427474
4,4,TEI,15,53,11.575788697374618,4.130579907692852,11.550681923984232,3.7551244655494687
4,4,TEI,15,54,8.486494261731949,11.430751705070051,4.161995727078629,3.614180818676477
4,4,TEI,16,55,3.9090732473200083,4.019416816870025,11.157251093785586,3.960397051187156
4,4,TEI,16,56,11.545913192060832,4.185481323813313,11.345591735516109,3.7383914883385416
4,4,TEI,16,57,8.29387142950386,11.568059675963521,4.052909073666012,3.62835721703146
4,4,TEI,17,58,3.8747940305187454,3.9989985044769987,11.57226290814533,3.9840398408626587
4,4,TEI,17,59,11.65096856404565,4.133813992443918,11.563728287946123,3.7559148089125145
4,4,TEI,17,60,8.180413589551874,11.657645980457927,4.003501149892383,3.627028516674713
4,4,TEI,18,61,4.011024972407363,4.264466238984202,11.547098319218362,3.992634171073526
4,4,TEI,18,62,11.306512495982998,4.05862521399962,11.613805997443036,3.740655368534058
4,4,TEI,18,63,8.42317777488241,11.715275342761357,4.196915884342395,3.619087235011
4,4,TEI,19,64,3.8520220901437097,4.074291550806804,11.41512879576632,3.9755610378405675
4,4,TEI,19,65,11.632650546228938,4.008345241750673,11.559809277763263,3.753590703190002
4,4,TEI,19,66,8.206454648590567,11.600618202877211,4.187456317962502,3.62542436812145
4,4,TEI,20,67,4.117742948212464,4.424421615424835,11.603850716622917,3.956540134943647
4,4,TEI,20,68,11.639011060002728,4.045744693162909,11.394555088768744,3.747699046381334
4,4,TEI,20,69,8.288612512079803,11.607738270926614,4.225929726175501,3.619887319994227
4,4,TEI,21,70,3.937401875870311,3.922584443613328,11.574675942656668,3.985858249481807
4,4,TEI,21,71,11.833112916105765,3.989199315676159,11.545346772139366,3.7445139473871176
4,4,TEI,21,72,8.29471704428145,11.66547549227582,4.0367271769704836,3.6282600133551393
4,4,TEI,22,73,4.229653985060814,4.339765625984756,11.564330147506595,3.9698045501799273
4,4,TEI,22,74,11.701789004158659,4.230894349341882,11.561161129346148,3.745689560121627
4,4,TEI,22,75,8.372398963900379,11.543705256326176,4.05409155633855,3.625904611534816
4,4,TEI,23,76,3.780211178159779,3.9507115099086287,11.602783504726629,3.9526834159825253
4,4,TEI,23,77,11.417413393693039,4.0636717950071,11.446877315396103,3.7441126746222273
4,4,TEI,23,78,8.088545786333647,11.602073129028765,4.0922088290526855,3.630051528640213
4,4,TEI,24,79,4.000237128434694,4.110153987607418,11.60206627061331,4.008588100116191
4,4,TEI,24,80,11.692956615496536,4.028935400471225,11.682244161623704,3.755216074534358
4,4,TEI,24,81,8.211542078208735,11.775430036635647,4.021096089509451,3.6250405954237808
4,4,TEI,25,82,4.123749767537246,3.986340263684274,11.816005632373153,4.001283833535528
4,4,TEI,25,83,11.821596988504943,4.18762261516119,11.403914500120006,3.7380738464289944
4,4,TEI,25,84,7.8744232948974275,11.637040323661656,4.1768222013009675,3.619018178501219
5,5,TEI,0,0,12.075043856180702,12.119111846047407,7.72988341563213,3.2795456276400468
5,5,TEI,0,1,4.287020701322124,0.8089605357248464,5.750533211782773,2.570462582733815
5,5,TEI,0,2,6.12709808129998,0.6791279085366775,0.7313656609075209,1.4652253207597041
5,5,TEI,0,3,14.987641725976072,9.785536673819816,3.517653025047359,2.348350454306818
5,5,TEI,0,4,6.52421328337713,14.61279289888883,13.465164121628233,1.6475906409282417
5,5,TEI,0,5,12.663465564131114,5.886069965021672,7.395345280976139,2.767777332312872
5,5,TEI,0,6,10.150340277465991,0.9120406943708409,8.333941753810851,2.3808545813560853
5,5,TEI,0,7,4.071774067951523,13.194767600023832,0.9632165596828651,2.5105387656365514
5,5,TEI,0,8,10.187722995320474,13.05132753491255,3.409777877413622,3.001190920388761
5,5,TEI,0,9,13.43172359121189,13.082932020365025,0.27775826505316126,1.7082781188553398
5,5,TEI,1,10,0.07870202120335235,14.907320636474285,5.654234055355624,1.2380063732156685
5,5,TEI,1,11,6.027038934894133,14.954061781947381,6.070474447447797,1.7278989297413991
5,5,TEI,1,12,11.890946123943971,14.805820514122503,6.60986223633967,2.1588294972338797
5,5,TEI,2,13,11.90959690029101,12.170862963040678,7.3091927860275945,3.2429233618410818
5,5,TEI,2,14,5.164919358259714,12.120289004310024,7.442571493156608,3.1413479015363137
5,5,TEI,2,15,1.361765215213444,12.986653595050278,2.8459685777010284,2.0046652632889352
5,5,TEI,3,16,14.786379930832073,12.19166891613468,7.639354011589558,2.2771053911892105
5,5,TEI,3,17,7.624830454487896,12.225794276003422,7.446347203633271,3.1099219854127638
5,5,TEI,3,18,0.4927486749706611,12.111165009904074,7.588851294159854,2.44643444120418
5,5,TEI,4,19,12.118240448665654,11.690031136277502,11.75597303127397,3.456652028072611
5,5,TEI,4,20,11.66460064874576,11.768273025766343,6.850097242968768,3.2285204034289103
5,5,TEI,4,21,5.750508107593461,11.834822124099022,3.926783211530596,3.3992560529397484
5,5,TEI,5,22,12.287587320107543,11.89923340738417,11.804809044519235,3.4054354691061555
5,5,TEI,5,23,5.9857403504054805,11.508987045847059,2.876859981473921,2.799755863244049
5,5,TEI,5,24,5.7679246365822125,11.237138649387488,7.910450691460585,3.005124369906757
5,5,TEI,6,25,5.59696871955181,12.142233094218009,9.23349398437246,2.9710326534653353
5,5,TEI,6,26,5.584706154767169,12.184936120398058,14.807646965789292,2.1246951647540424
5,5,TEI,6,27,5.586378260396167,11.99631134403598,0.8273921423167474,2.3487776102266613
5,5,TEI,7,28,6.131416572526106,12.042365698815772,5.00712326729467,3.0431633126991695
5,5,TEI,7,29,11.05502196214628,11.693874964083502,10.009251717432145,3.2748613378854823
5,5,TEI,7,30,3.818740045377676,11.865453734720392,10.460057817330156,3.575340205415441
5,5,TEI,8,31,4.412443781360358,11.811940182434515,7.436080871524609,3.525008865664732
5,5,TEI,8,32,12.538528936688026,11.73789415586486,11.67866690334531,3.346680266525576
5,5,TEI,8,33,11.141579048927014,12.040692295341863,5.881849325366089,3.082275470699989
5,5,TEI,9,34,4.77943448273542,11.54854513458764,4.6428294498547364,3.6651690194246647
5,5,TEI,9,35,4.019116258884613,11.371840088813997,10.302373685241452,3.5899905748725054
5,5,TEI,9,36,11.850442310966148,11.566517130861877,10.835374545143884,3.414712128904317
5,5,TEI,10,37,4.952123260335571,11.758466580589559,4.529158973766843,3.624240282512465
5,5,TEI,10,38,3.8872493147818044,11.995391452582954,10.020407931569547,3.5329682532462297
5,5,TEI,10,39,11.826097075933198,11.069535486519818,12.585035906617806,3.281663978554069
5,5,TEI,11,40,4.69070725948556,10.726547049020674,4.573056148635758,3.64377094658314
5,5,TEI,11,41,3.6029215684943594,11.00570903765488,10.702842101144546,3.4826815207214996
5,5,TEI,11,42,11.532011944462257,11.790609820543375,11.541300457964253,3.4952448324759553
5,5,TEI,12,43,3.7748388027496227,11.199919543787832,6.566312062768228,3.358346090636395
5,5,TEI,12,44,9.939363382492566,11.86741054690915,7.584028760053884,3.1507097553052184
5,5,TEI,12,45,3.674015873704776,12.666169287497969,11.9207416971573,3.453758358428371
5,5,TEI,13,46,4.701875212502596,11.35531379417439,4.507173315925814,3.747973073249344
5,5,TEI,13,47,4.244323116041297,11.66558419518029,10.940353387459957,3.682023733966992
5,5,TEI,13,48,11.824254002377158,11.361293132714042,11.592565558546193,3.48429007933059
5,5,TEI,14,49,3.998487231649754,11.31567201184636,4.014571903798979,3.9901422796089236
5,5,TEI,14,50,4.524603448417396,11.333326975931,11.168057798639976,3.620534358344893
5,5,TEI,14,51,11.713673362046753,11.870819190607339,11.659362607401228,3.49183782686545
5,5,TEI,15,52,3.8152654468168,11.354575877079721,3.835991366690841,3.9273893475075434
5,5,TEI,15,53,4.2559511852883265,11.718684993096955,11.060587538971745,3.6963696467825713
5,5,TEI,15,54,11.596370869730729,11.796278876221262,11.503236588527297,3.4950570368264815
5,5,TEI,16,55,3.9578905856273283,11.581233731442062,4.04384046672122,4.002587379875875
5,5,TEI,16,56,4.260483205478014,12.198904601997855,11.036981900892727,3.6342017471163013
5,5,TEI,16,57,11.747568872061029,11.598270941035949,11.440676508473452,3.494168357811891
5,5,TEI,17,58,3.9769814849082916,12.025291946934322,4.125617270682617,3.9780708683100654
5,5,TEI,17,59,3.9362975240909,11.62375865153866,11.325663151191877,3.7307027991704036
5,5,TEI,17,60,11.602553525817234,12.038509655654506,11.46225894692222,3.4678632791122226
5,5,TEI,18,61,3.9220649689433964,11.53301362368747,4.318913041699737,3.9695902743845624
5,5,TEI,18,62,3.951208029456767,11.50789788746344,11.570485799241325,3.7445170460600354
5,5,TEI,18,63,11.637622031270515,11.692350357217817,11.703551892375017,3.5014709773087045
5,5,TEI,19,64,4.211516830814688,11.611265375372396,4.0124893533469335,4.00207657236808
5,5,TEI,19,65,3.8884641913650375,11.518538123919408,11.69524416634037,3.7338560974927164
5,5,TEI,19,66,11.511722970547277,11.566541483672705,11.512282422721633,3.4967856884133104
5,5,TEI,20,67,4.074797214122489,11.750493859047934,4.152536211983151,4.008606092029056
5,5,TEI,20,68,3.9467966881838024,11.46872246575006,11.573954694457587,3.7420796702009227
5,5,TEI,20,69,11.515769981491074,11.5725526733844,11.798303913724846,3.495037498689006
5,5,TEI,21,70,4.012897723114476,11.857355168193747,3.9868485901144397,3.9960190136527363
5,5,TEI,21,71,4.014761475769719,11.37471690822492,11.774424521531968,3.7409643352387176
5,5,TEI,21,72,11.549282192864178,11.658461787606697,11.674542502599975,3.5011632829409822
5,5,TEI,22,73,4.04772090817653,11.58645081076333,3.9955034327597545,4.007314909187795
5,5,TEI,22,74,4.176954899437232,11.313933553889015,11.492687058385162,3.734350521035411
5,5,TEI,22,75,11.526227374147263,11.482892407672471,11.474676370013913,3.492569758914483
5,5,TEI,23,76,4.093030744769121,12.034002090642828,4.156142770469941,3.981619858886188
5,5,TEI,23,77,4.003287877857643,11.377066062808662,11.755309131633876,3.7410563290327357
5,5,TEI,23,78,11.585024056965707,11.695961672719333,11.659884413969767,3.5016209552720454
5,5,TEI,24,79,4.362137416653217,11.54184805936203,3.9121833591322015,3.9573885042748014
5,5,TEI,24,80,3.9688515896603116,11.307875705410655,11.82931436269454,3.72719457070266
5,5,TEI,24,81,11.612404052059393,11.784580253573816,11.640015630019617,3.498816813378448
5,5,TEI,25,82,4.237550056637288,11.790321537260187,4.032677133675105,3.995799323947753
5,5,TEI,25,83,4.008763488494632,11.555033621501757,11.57007341412124,3.7527523208933915
5,5,TEI,25,84,11.622390120253286,11.823067524451448,11.551368856318652,3.495344287012011
6,6,TEI,0,0,8.072465272079148,5.149063047200077,5.536008596930674,2.9507718178828286
6,6,TEI,0,1,5.617451483818235,14.811674852797,9.49134408910719,1.9821327029073084
6,6,TEI,0,2,10.114858957567403,4.949451830781875,10.198764917460334,3.1277159513464596
6,6,TEI,0,3,1.8445856233078506,0.7759384797566282,12.752870202131806,1.665961369564964
6,6,TEI,0,4,0.13343708303152013,14.68151343277945,12.405045387285805,1.498196762483445
6,6,TEI,0,5,11.778164389895572,0.7212523050381975,3.111588993104621,2.4890947357427744
6,6,TEI,0,6,12.747984466428179,6.487422174825462,9.412019005546108,2.753053153842444
6,6,TEI,0,7,1.8342359821644572,2.7950447801674425,7.459018691122105,2.1646001329260414
6,6,TEI,0,8,11.391998652335026,8.097858065166541,1.603201178535637,2.5692839758633546
6,6,TEI,0,9,12.99279117772314,2.094883643612236,6.5948663626843445,2.1316916253508715
6,6,TEI,1,10,10.776174803733168,5.309844421630409,10.632805222562647,3.096933490440152
6,6,TEI,1,11,10.754947789652821,13.517477983396313,10.698379372537042,2.7344643940541573
6,6,TEI,1,12,8.709256391215984,0.07707210436179945,5.52207479657144,2.166009031222318
6,6,TEI,2,13,9.769239106713266,4.901208890170995,12.728014661976804,3.0765847673482676
6,6,TEI,2,14,9.782458187928615,5.0017158924069856,7.511384054273754,3.0830900375072403
6,6,TEI,2,15,3.786019727059289,4.9415102374078,10.174492290027889,3.5092072239399865
6,6,TEI,3,16,0.6199703288503777,5.4081712630984065,11.83928319115975,2.40505139779909
6,6,TEI,3,17,6.863239984101367,5.2507734086078415,10.78689604890609,2.9650428451788873
6,6,TEI,3,18,2.3923488195831895,5.362857508922312,6.85327565080497,2.3874889560696024
6,6,TEI,4,19,1.6108128791747545,4.896079500226409,10.082933276240766,2.521876240874814
6,6,TEI,4,20,1.740363438268785,4.838763310130101,5.134675632173667,2.6084827223804625
6,6,TEI,4,21,2.872575388641185,4.870779545827839,14.902345371345906,2.1270944932949165
6,6,TEI,5,22,3.9361466841767663,4.894900030433742,14.242545965251328,2.8669244133152167
6,6,TEI,5,23,3.9495346078661377,4.888216129681663,6.156576298124223,3.3799018332928754
6,6,TEI,5,24,3.9524415280252057,5.026536000754227,0.6315872182022209,2.8288922119341375
6,6,TEI,6,25,4.427233334480276,4.836939816735913,9.285572358531768,3.5399313880249608
6,6,TEI,6,26,10.459409675874786,5.150515120292092,11.416605990401345,3.2235677219198244
6,6,TEI,6,27,4.657373349261373,4.914231456981969,3.5003992014791074,3.6710309789014373
6,6,TEI,7,28,4.932975957807313,5.154582271089906,4.046358782628684,3.5901429546138814
6,6,TEI,7,29,3.993762986690366,5.541358025531716,9.737619284100525,3.27236602384345
6,6,TEI,7,30,10.545031398655706,5.234127415482382,14.606624751424457,2.2296801509732256
6,6,TEI,8,31,4.404913233666813,4.907885258056119,3.863422309827191,3.9208668569155822
6,6,TEI,8,32,10.995352842555059,4.9097918586993075,4.0358675908762285,3.6849379576349146
6,6,TEI,8,33,2.0573466599688537,4.936925462325902,10.358781875572529,2.5938653155033435
6,6,TEI,9,34,4.4071806301300755,4.7174898750815215,4.999319688236895,3.7248228507419148
6,6,TEI,9,35,10.727725870684855,4.700642593215941,5.734728487034729,3.159620529496876
6,6,TEI,9,36,3.6145448565540477,4.981277728483532,10.947051619005183,3.5261514864167998
6,6,TEI,10,37,3.7307688745162504,5.711068776760747,3.803052486530949,3.5718775626811086
6,6,TEI,10,38,4.569206416760542,4.102141725923682,11.153764235526904,3.870309765169467
6,6,TEI,10,39,10.971980555881949,4.99719902753731,3.1385920928648545,3.227839796221912
6,6,TEI,11,40,4.286821831368088,4.9226598654102975,5.107259852966268,3.5988042119272285
6,6,TEI,11,41,4.483002045820635,4.101705373322723,11.833637891903525,3.9304018906416958
6,6,TEI,11,42,11.003832658839666,4.90471372178013,3.3235904586677685,3.406078249133932
6,6,TEI,12,43,3.9536445848876767,3.7978276429559275,4.047971069049819,4.213186465548995
6,6,TEI,12,44,4.475446840336757,4.420142186720842,11.752990742289013,3.883133111457227
6,6,TEI,12,45,11.130602937751132,4.273326045586412,3.904629151696674,3.941033005025454
6,6,TEI,13,46,4.077088386570685,4.063243741333922,4.006630226248938,4.264434895841211
6,6,TEI,13,47,11.248445357685103,3.6956415443122936,4.019777568806002,3.9070310596636793
6,6,TEI,13,48,4.390804426026257,3.881150889053972,11.518750805839849,3.942298143194072
6,6,TEI,14,49,4.207712897766989,4.184186090392661,3.9224149165760345,4.241447680832545
6,6,TEI,14,50,11.443150571338528,4.110598284643231,4.005623710825748,4.00321877543619
6,6,TEI,14,51,4.106423676651321,3.954351204305022,11.518629607955093,4.001148610828521
6,6,TEI,15,52,3.9682007823255114,4.260907425308891,4.039614556520931,4.244072424268471
6,6,TEI,15,53,3.9394744881678108,3.868965174146972,11.804857268905927,3.970874052882454
6,6,TEI,15,54,11.666650986016869,4.054431461757239,4.004171389920888,4.008671291667562
6,6,TEI,16,55,3.668054994188947,11.222232487561604,4.007086786302833,3.8916597460946214
6,6,TEI,16,56,3.6763054943379148,5.942275711046668,3.986858239934789,3.5587021426756005
6,6,TEI,16,57,3.68793508562042,0.3164217913110351,3.9814569154392436,3.045766323381074
6,6,TEI,17,58,4.271136885135077,3.979977440068442,4.064144471395334,4.244601537027824
6,6,TEI,17,59,11.739148715256254,4.263625577679713,4.1112095866354155,3.9951612975475896
6,6,TEI,17,60,3.8709434144840453,4.032012650557274,11.376453643987642,3.9757221233352933
6,6,TEI,18,61,4.091147066042115,4.1236672891147315,3.8283266470405444,4.231802403141428
6,6,TEI,18,62,11.604099424758653,4.053932810346156,3.893847591093474,3.992279070190979
6,6,TEI,18,63,4.202456087498608,4.011914389381318,11.339134076277132,3.98947564557355
6,6,TEI,19,64,4.124116921057429,4.235951588880721,4.02152844640029,4.253973904915076
6,6,TEI,19,65,11.903256369212713,3.9500778246260833,4.010229377129587,3.9870055494164536
6,6,TEI,19,66,4.01548109225044,4.035241197700509,11.193449347797097,3.980051134225561
6,6,TEI,20,67,3.625684425714382,6.566113700929435,4.043548914606368,3.581084330277326
6,6,TEI,20,68,4.253079761874558,2.265935214070496,3.8332613471774986,3.2974954748522056
6,6,TEI,20,69,3.8999168587272486,12.595630585299626,4.066176284067404,3.8202340444277842
6,6,TEI,21,70,4.295211660937822,4.049791305050798,3.906008016909461,4.22798393930455
6,6,TEI,21,71,3.5228129820251217,8.49488510352088,4.236908346365568,3.703731273542291
6,6,TEI,21,72,11.43725523071354,4.027570603664834,4.175603336848535,4.000779712684416
6,6,TEI,22,73,4.220722388658651,4.182742071925342,4.097881789440016,4.254444741870245
6,6,TEI,22,74,11.61888049005355,4.095930851343944,4.175971172818881,4.009002352657765
6,6,TEI,22,75,4.290310969248515,3.9523658195179623,11.574803603443334,3.9817667958498917
6,6,TEI,23,76,4.237532260712564,4.008384478638984,4.078762080177532,4.2533586307550015
6,6,TEI,23,77,11.770289447152253,4.166251150239418,4.0275010004047065,4.004869816022061
6,6,TEI,23,78,3.978808486446717,4.002267444949369,11.867318354241204,3.9933858225852683
6,6,TEI,24,79,3.928609927467071,3.975954889874167,3.926350126317776,4.234232789601696
6,6,TEI,24,80,11.501770336276426,4.245983488921003,4.25882674401561,3.982218602938776
6,6,TEI,24,81,4.295200188674936,4.068599082223516,11.815477665115736,3.9853420088964056
6,6,TEI,25,82,4.020008039766168,4.120420814673167,3.902165993076391,4.2469407763086
6,6,TEI,25,83,11.826381084417127,4.019980526925054,4.09329578072239,4.004288292569958
6,6,TEI,25,84,3.9273061663228233,4.134810731987502,11.746591771500023,3.99614186649101
7,7,TEI,0,0,9.376431999070004,13.458207014543632,11.635285353677903,2.767443173429532
7,7,TEI,0,1,3.378107849858878,4.502494273668382,13.103301680943929,3.2965666425518254
7,7,TEI,0,2,0.07897956848362087,12.318426275741494,11.956041431280694,2.4896130174937436
7,7,TEI,0,3,7.0190242926558115,4.545486402289703,4.1763841815116,3.6687845282119675
7,7,TEI,0,4,3.823043814811869,6.676144588239699,7.568223884369299,3.259449306295454
7,7,TEI,0,5,8.302460281117387,14.93250425151589,11.889928788206296,2.3193617400139876
7,7,TEI,0,6,9.33268844161744,14.834402215228273,3.2296304735339842,2.2013370387602436
7,7,TEI,0,7,2.4031805078676682,9.188094064095461,0.6591301194207505,1.8741891642582647
7,7,TEI,0,8,0.5352041816039421,7.723332304070555,6.9930903798793365,2.2597515607734993
7,7,TEI,0,9,13.757516597892783,9.438393817365156,7.711764698992708,2.4851532085194354
7,7,TEI,1,10,7.847057436760566,5.424137102299669,1.9021001966325661,2.3518643618330115
7,7,TEI,1,11,7.707919811079232,5.48485760499917,8.43566506746084,2.952270135339121
7,7,TEI,1,12,8.281918652918579,5.451573595605274,14.76214465123561,2.1029540039873567
7,7,TEI,2,13,7.018825850147298,8.893922180971924,3.720411177660288,3.288115818233073
7,7,TEI,2,14,7.022208280793244,0.3159630061167268,3.7155829395363678,2.567300788875226
7,7,TEI,2,15,7.041381099929861,14.893376635386616,2.681492639058365,1.7656332475485867
7,7,TEI,3,16,7.019335679833073,8.436869541198268,4.427266135161102,3.3282283294919184
7,7,TEI,3,17,3.377972261162504,3.2031177757405587,14.08822268379939,2.5825360966740893
7,7,TEI,3,18,3.822890994409556,13.337989272279962,8.101223760653086,3.0995129515219366
7,7,TEI,4,19,3.3776674401080613,8.373422363337484,13.023901690423752,3.0299199903300593
7,7,TEI,4,20,3.8228144368133004,2.780331018327379,6.936341412972354,3.06305989880335
7,7,TEI,4,21,7.7078618752281285,6.983108637345678,9.24593044337226,2.9296980317501515
7,7,TEI,5,22,3.3785984449894246,3.021921217141277,12.507054504458242,3.1281734061820057
7,7,TEI,5,23,3.8228674477356024,9.97190023482771,8.552334877090331,3.400556452048119
7,7,TEI,5,24,7.019608045283444,11.767845947664886,3.4864503307204697,3.3304569732920717
7,7,TEI,6,25,3.822510981710418,13.23776892290327,8.47027822064351,3.1402543975011366
7,7,TEI,6,26,7.020370883161194,9.66973437309716,2.5055081389225413,2.5084935392490184
7,7,TEI,6,27,3.3778981150317806,1.9396210484083065,11.337151447190186,2.7386332858306828
7,7,TEI,7,28,3.823568750928609,10.364608671033372,8.686530233143824,3.4293459460893967
7,7,TEI,7,29,7.0192786492490695,8.390142076304825,3.365765946609352,3.1298234427182012
7,7,TEI,7,30,3.823898415511296,3.0943090617218703,6.575899076455237,3.2162729738307343
7,7,TEI,8,31,7.01902586442445,3.826729595683192,3.987230323078059,3.730642491845832
7,7,TEI,8,32,3.826141429845853,10.941573633512132,8.823983343078549,3.505462495468198
7,7,TEI,8,33,7.017964938284001,13.376531161490487,4.294132777139104,2.9836884388367233
7,7,TEI,9,34,7.018055495751847,4.118967779042133,3.2186514950087046,3.416817778271093
7,7,TEI,9,35,3.8279367807359943,9.757988952611084,8.168619223603457,3.4040487513626996
7,7,TEI,9,36,7.021176525015028,11.881427150272168,4.118118935340427,3.506277963370577
7,7,TEI,10,37,6.599086224298141,3.7586069636168062,4.343015721307717,3.6084464174261655
7,7,TEI,10,38,7.388588116138428,11.085419860545212,4.300595351087492,3.510720449506969
7,7,TEI,10,39,4.351777712029358,11.66588706461175,9.09084535144215,3.5520766771228187
7,7,TEI,11,40,8.019210011726225,3.9337492159466194,4.020888251747666,3.8689968402989923
7,7,TEI,11,41,5.937223164336338,11.475479123170892,4.051759402519908,3.393319260090168
7,7,TEI,11,42,3.4394020874745532,11.752710911833821,9.156830793070643,3.369634558981126
7,7,TEI,12,43,8.759445365312656,3.707182934463657,3.950088271754164,3.777719932502821
7,7,TEI,12,44,5.819970574934957,11.630558804453122,8.53538946286813,3.0182153862058594
7,7,TEI,12,45,8.537783908055282,11.724821790507637,3.87891886861585,3.5969547928458265
7,7,TEI,13,46,8.012101027972605,3.8904638098403286,4.243371134933485,3.8506044860539164
7,7,TEI,13,47,8.444085244529376,11.70964414531325,4.014065468642014,3.6217625935747035
7,7,TEI,13,48,4.166819503769616,11.44527844968288,8.690549145129625,3.604122118364005
7,7,TEI,14,49,7.976200198905231,3.7052671632954333,3.92236777545036,3.7909717484934093
7,7,TEI,14,50,8.81803956699419,11.669398659715931,4.260838402266817,3.5897276235916262
7,7,TEI,14,51,4.176461572334137,11.573488618889904,8.450693922466689,3.6205511466823364
7,7,TEI,15,52,8.66519340889187,4.712032076935815,4.156969187673989,3.694502890283441
7,7,TEI,15,53,3.907057024073504,11.627764330516174,8.141054774763562,3.613349289005634
7,7,TEI,15,54,8.184926137489938,11.562260126889287,3.9771163625779815,3.623415716959136
7,7,TEI,16,55,8.22146264689962,4.192042032127886,4.014975096368331,3.8774378269310388
7,7,TEI,16,56,8.370765698198001,11.569830436272978,4.144916550862275,3.6255440896643414
7,7,TEI,16,57,4.119825419117737,11.590417228176577,8.358175965639699,3.627452028891174
7,7,TEI,17,58,8.029394466429721,4.204618587631247,4.028560862497536,3.8753548393530566
7,7,TEI,17,59,8.085185022665755,11.600285430094731,4.150131779543134,3.6279614334816683
7,7,TEI,17,60,4.05318825428761,11.733371783728732,8.342847841615438,3.626492916849623
7,7,TEI,18,61,8.391590161383306,4.020601695285436,4.168144467785154,3.8768003264797173
7,7,TEI,18,62,8.377064146556231,11.544057685374444,4.222699894722686,3.6169732243213817
7,7,TEI,18,63,4.212818421380902,11.722186287761918,8.383879717464973,3.6182607862736518
7,7,TEI,19,64,8.256052204201177,3.970788409495185,4.1094589433619095,3.8780228671443187
7,7,TEI,19,65,8.051393301677908,11.692270575708106,4.163132774423588,3.626127602745137
7,7,TEI,19,66,4.1464974556089835,11.651675727397736,8.567714582476452,3.6182636417319536
7,7,TEI,20,67,8.199016886085166,4.085820643003234,3.9374150357552895,3.8739653774731124
7,7,TEI,20,68,8.129398215217497,11.70580144953624,4.1858607966021,3.6248949182863734
7,7,TEI,20,69,3.8637019013418046,11.581699614039419,8.270473724086449,3.602895824792024
7,7,TEI,21,70,8.040856122062902,4.110380488545278,4.233358369587319,3.8733688463680123
7,7,TEI,21,71,4.263195553022242,11.766195086404224,8.276178446705421,3.6113699152749366
7,7,TEI,21,72,8.360940111271516,11.520557429199874,4.22658201739416,3.6160846769397152
7,7,TEI,22,73,8.332935466659153,4.1812990027578785,3.9372620434695693,3.8675393761205985
7,7,TEI,22,74,8.392884205697571,11.803918715940984,4.165514477274605,3.619253815946754
7,7,TEI,22,75,4.175139970064855,11.625938150912912,8.463720989581162,3.620818566863794
7,7,TEI,23,76,7.999395991008809,4.001042738728956,4.087848391983535,3.8794728971460968
7,7,TEI,23,77,8.144413521616855,11.641094957855636,4.032710022046728,3.6291917257246635
7,7,TEI,23,78,4.024027825737153,11.56740600504509,8.218435484586967,3.6277653679034185
7,7,TEI,24,79,8.220445293695288,3.9377068330014904,4.195764237891439,3.8678445474395664
7,7,TEI,24,80,8.542674084574253,11.654654969060989,4.089244998857422,3.6212790356797377
7,7,TEI,24,81,3.99489324882701,11.766623959859501,8.152263595546565,3.623291332516854
7,7,TEI,25,82,8.511315893598894,4.0594877059800725,4.095469623709151,3.877522017590171
7,7,TEI,25,83,8.409289725247396,11.573530820912888,4.073855098894551,3.626029094475986
7,7,TEI,25,84,4.017579435647041,11.610354518710539,8.07209096990194,3.6272609005358127
8,8,TEI,0,0,4.90458414908341,14.809152650068883,4.780662577282751,2.5174152587149257
8,8,TEI,0,1,11.828234037300435,13.04844767544324,5.86627209808791,2.782790386001085
8,8,TEI,0,2,6.568228096841982,5.591233546340296,1.6043039470916154,2.0836786142536226
8,8,TEI,0,3,7.184481812440755,3.6202821762702344,3.857178728266946,3.6582849562760646
8,8,TEI,0,4,2.7709733525162235,2.9079682335646604,12.207415052325315,2.716842037220546
8,8,TEI,0,5,6.344762822163395,3.838807577373391,8.863542776481173,3.2204933625246683
8,8,TEI,0,6,9.064084440876837,9.702870405902818,13.670345706727861,2.4965516469002056
8,8,TEI,0,7,2.2530916794295264,5.570806926635942,4.269309562662189,2.7713084849459655
8,8,TEI,0,8,0.25173078486676104,2.7233090604409425,5.920028719479042,1.821116662723356
8,8,TEI,0,9,5.899660651294863,9.250919166105014,6.783997932407195,2.68300579316905
8,8,TEI,1,10,7.264079732101049,3.5869386844312707,0.44335308273370844,2.5654908669135246
8,8,TEI,1,11,7.329368420941338,3.601066814808056,7.160403521082363,3.228248384354709
8,8,TEI,1,12,7.222085407606008,3.605499041640031,14.421127253636653,2.5051122124344665
8,8,TEI,2,13,7.058183241085784,3.6132132214736257,5.51781693291782,3.124052711718727
8,8,TEI,2,14,5.126260811521045,3.838410739363363,11.675252731553456,3.599525175490915
8,8,TEI,2,15,10.063129574004488,3.605311277573903,0.027274063176863095,2.546502784323982
8,8,TEI,3,16,8.952854712296151,3.8381140620179695,0.6905650362758237,2.7248317432721136
8,8,TEI,3,17,0.5254037040907955,3.6203449364793356,1.928902183433111,2.032069894591091
8,8,TEI,3,18,9.204706991337812,3.6201944762602336,14.056504985024898,2.662234010019534
8,8,TEI,4,19,8.422295510695411,3.5705171592808957,3.727208415349273,3.6744848222434614
8,8,TEI,4,20,5.096310009397954,3.905857684771364,11.451676973243043,3.624235530990508
8,8,TEI,4,21,9.837094679548514,3.7751234271750542,11.553834392486463,3.5159830336133204
8,8,TEI,5,22,1.816840734135463,3.501952352318983,3.8518798989115077,3.032678561773948
8,8,TEI,5,23,14.474837030241956,3.4895653702093545,3.7940078271165034,2.844673273510896
8,8,TEI,5,24,7.17743538411826,3.5341320979515496,3.8594611069753135,3.6142650183866762
8,8,TEI,6,25,8.02876239475048,3.861681703982595,3.6451060812541094,3.754468600881976
8,8,TEI,6,26,6.644562131180586,3.9495465158983194,11.452510973072364,3.4352852425290736
8,8,TEI,6,27,1.4434434206357056,3.8528140386292216,11.328637838267703,2.909393542086256
8,8,TEI,7,28,7.931298864811877,3.8532816472562077,3.7683283942468555,3.7975718886090677
8,8,TEI,7,29,4.872241885273297,3.9728000046317655,11.525952792218181,3.751539721901951
8,8,TEI,7,30,10.95943173418789,3.739516725029116,11.462061733073273,3.6284595896690863
8,8,TEI,8,31,4.728999436557681,4.412863213382398,11.653199355177088,3.7796356791481447
8,8,TEI,8,32,8.233104785311202,4.0560993689062546,4.120533152028831,3.884719238960934
8,8,TEI,8,33,11.588805430966033,3.7818871719120906,11.643512366744789,3.7078596947167055
8,8,TEI,9,34,4.58463560592017,4.177762277906386,12.068307848685642,3.8589521939444587
8,8,TEI,9,35,8.498674429429869,3.9867744446603632,4.157376153726167,3.870573711581458
8,8,TEI,9,36,11.70993168731343,3.8520440399267377,12.014685112148646,3.701169312308589
8,8,TEI,10,37,3.957144726453354,4.15008067086932,11.612752316316143,4.001910718689382
8,8,TEI,10,38,8.245840930236502,4.154120233159118,4.179702386103953,3.8789951714843065
8,8,TEI,10,39,12.012762067634355,3.8463715735048227,11.723632822936088,3.699622615340104
8,8,TEI,11,40,3.6560732766641317,4.194128071127999,11.745238570169212,3.907526306627762
8,8,TEI,11,41,7.990973043018965,4.088294233175931,4.097748697547524,3.883173493460128
8,8,TEI,11,42,12.208058741485228,3.4865999392825238,11.88343178141411,3.5020760154406334
8,8,TEI,12,43,4.071720820838481,4.0235540726102395,11.288297615240309,3.9922848464878107
8,8,TEI,12,44,7.971877109233427,3.987058486200583,4.193705404643111,3.871355031699805
8,8,TEI,12,45,11.658365060254102,4.418241377062667,11.455306527770713,3.698529613871113
8,8,TEI,13,46,4.003976480791155,4.2530354678918485,11.667537068249207,3.99519282648591
8,8,TEI,13,47,8.074887622072161,4.121776388548362,4.137854912858931,3.883330176832528
8,8,TEI,13,48,11.586507253790936,4.127352052923677,11.873718251520376,3.7466323198756704
8,8,TEI,14,49,3.8701138290257884,4.120917818673401,11.250050977187046,3.964837420919687
8,8,TEI,14,50,8.064902475507575,4.338009168693523,4.17813630213548,3.849193675215681
8,8,TEI,14,51,11.82108511075238,4.079033603205339,11.841647319068208,3.7444007098606287
8,8,TEI,15,52,4.201512328629152,4.168638772531652,11.654534620371376,4.002972443731611
8,8,TEI,15,53,8.056582004110796,4.044256874081716,4.338824462566921,3.8520727761873603
8,8,TEI,15,54,11.959697417958074,4.145812919869997,11.810881029591012,3.731828052530409
8,8,TEI,16,55,4.175548946151813,3.902572146369808,11.52420998740254,3.9887231310463522
8,8,TEI,16,56,8.184986472828546,3.9679922264549634,4.178247804101875,3.8741562426255567
8,8,TEI,16,57,11.741373642985337,4.16227153821361,11.502610256255018,3.750190188043513
8,8,TEI,17,58,4.00048952654638,4.07323063205275,11.343550669736423,3.9955721863837588
8,8,TEI,17,59,7.844611031074918,4.019157366848961,4.098769697194479,3.874110529106312
8,8,TEI,17,60,11.618835771365168,4.180351236882996,11.469052114111209,3.7488556644792537
8,8,TEI,18,61,4.184443579190103,4.079186206768147,11.562438314363268,4.007311582581815
8,8,TEI,18,62,8.007743958622655,3.9826924778025274,4.175405794064391,3.8738409863026915
8,8,TEI,18,63,11.68854362098482,4.029299930058649,11.211726690687671,3.7289634060474146
8,8,TEI,19,64,4.2065855519777635,4.251598343066567,11.687124925501085,3.9915859045951185
8,8,TEI,19,65,8.221310271340755,4.186940135628464,4.312313954273317,3.8551840741324988
8,8,TEI,19,66,11.617206685588595,4.198976278859067,11.844661920382261,3.7437610782961217
8,8,TEI,20,67,4.167339996494835,4.0367591434273,11.51075799519922,4.005830996659965
8,8,TEI,20,68,8.0417400580215,4.142150596437698,4.169279819457381,3.879589295460666
8,8,TEI,20,69,11.428332173606599,3.979427043199752,11.627965453059982,3.7446991820791453
8,8,TEI,21,70,4.026265601607607,4.14343303139958,11.555052613580662,4.00838613628592
8,8,TEI,21,71,7.7376780099518925,4.122793026396846,4.1271482906599,3.8679653801811194
8,8,TEI,21,72,11.704862177327698,4.086250326358861,11.847537625909425,3.7492263620338155
8,8,TEI,22,73,4.008001870378285,4.0016843404719,11.481101263031295,4.001832956721
8,8,TEI,22,74,8.018433385697595,4.048325160774163,4.144988609608273,3.8814826776728033
8,8,TEI,22,75,11.539730566128451,4.03501587987949,11.794248804478308,3.7505231435681647
8,8,TEI,23,76,3.9610539811585332,4.064341374311599,11.789350307930917,4.000178292577033
8,8,TEI,23,77,7.824101158568294,4.168847382397513,4.054613530547128,3.8714411699510665
8,8,TEI,23,78,11.64489057548053,4.102444494037765,11.459714671638658,3.7527405210250433
8,8,TEI,24,79,3.954932322177313,4.138188497002111,11.427969734650722,3.995395628435479
8,8,TEI,24,80,8.377795880585158,4.106282305122325,4.049357166971338,3.882023645726852
8,8,TEI,24,81,11.746946184848671,4.089888754220144,11.46748179415492,3.751169157975248
8,8,TEI,25,82,4.188324840397421,4.00503528299358,11.446447440337883,3.9983818458230207
8,8,TEI,25,83,8.055269915740205,3.9446152371542476,4.0698540585345375,3.8737724801390474
8,8,TEI,25,84,11.699873905300647,4.076942126015623,11.413872519411619,3.7492660808918226
9,9,TEI,0,0,13.05373805955127,4.3022581363133305,9.047222250773428,3.2045011981884883
9,9,TEI,0,1,11.663011243802682,10.74111944405348,13.730701807357613,2.7369626718132474
9,9,TEI,0,2,12.905904737743269,13.773564435731435,0.3988160170139582,1.6478530500045454
9,9,TEI,0,3,6.55872000194263,7.274164904659321,0.9773129605516129,2.16397010566593
9,9,TEI,0,4,0.08439076019089387,12.459321554568856,14.749533664292633,1.460469483070271
9,9,TEI,0,5,11.769147790090194,4.734052349674097,10.580005568841807,3.4534922652883973
9,9,TEI,0,6,4.487716097973701,11.11122724313623,4.196208296224305,3.8905142734359295
9,9,TEI,0,7,11.738863729921972,14.81611120341865,14.793578239203576,1.4620730744328985
9,9,TEI,0,8,13.242938504950136,13.69215077675877,10.623103711547587,2.2867633267106227
9,9,TEI,0,9,8.317453158952631,13.848573121053308,1.3459616978146882,1.8443458929636551
9,9,TEI,1,10,6.0890717634789135,11.054679811993084,4.182521944043812,3.34264767370989
9,9,TEI,1,11,12.789955482440337,11.024382845730981,4.357105566033892,3.4223659264974917
9,9,TEI,1,12,0.09202322393112305,11.170227211589074,7.862797440816135,2.4305876607085173
9,9,TEI,2,13,4.0443313274655965,11.058662151252154,3.0900325645773425,3.5212298082493176
9,9,TEI,2,14,4.059197098406247,11.058125739917998,11.19666412883798,3.6828356783706875
9,9,TEI,2,15,13.527063431071388,11.107021280953905,0.9708063643852455,2.061923629682367
9,9,TEI,3,16,3.695557844449233,11.102221989954911,13.280806645685633,3.1697542062028417
9,9,TEI,3,17,3.8393724724323324,11.092130195963202,4.723180617391851,3.760337818347066
9,9,TEI,3,18,12.954233242769504,11.003769739122601,6.477568286364824,2.798489460860494
9,9,TEI,4,19,4.640707424591636,11.144569017016611,4.404153836498858,3.788718147113806
9,9,TEI,4,20,4.269224178932607,10.116609608771611,11.723977594023344,3.5669643330365792
9,9,TEI,4,21,11.861872350297247,5.056783981245944,10.792399443543967,3.317025074264853
9,9,TEI,5,22,3.4808138474024513,10.946934508171879,3.991486677547407,3.759018647818027
9,9,TEI,5,23,10.991997839979334,2.722260628363719,10.033267502423683,2.8293233703540306
9,9,TEI,5,24,3.952820376490816,12.175993977245694,11.174454118001146,3.662705630411198
9,9,TEI,6,25,4.293807220215459,11.201384819439971,3.9376723272731655,3.951559574089937
9,9,TEI,6,26,4.0043371334364695,11.312881738679991,11.30981228390584,3.7216495584826297
9,9,TEI,6,27,12.032073444246645,5.001020307742808,9.813798110229657,3.221387364045681
9,9,TEI,7,28,4.474413553943062,12.525190313978815,3.806652787537767,3.7488869020388575
9,9,TEI,7,29,3.2180135127692506,11.078406112797675,11.425570055063389,3.352076199579333
9,9,TEI,7,30,4.411617577591617,7.738903977063533,3.6553982995447947,3.719560712116742
9,9,TEI,8,31,4.066561130111909,3.343019320774415,4.152644367549194,3.9944443444496516
9,9,TEI,8,32,4.006458808184068,11.252066771206254,4.116353700465128,3.9869433317206155
9,9,TEI,8,33,3.97227635001569,6.034160565862596,11.471898849591412,3.382713213520871
9,9,TEI,9,34,4.035281356716883,7.351876966436016,4.033924805231412,3.82332595996212
9,9,TEI,9,35,4.0391876087640535,12.32242288551672,3.8896362378143245,3.9020850345416482
9,9,TEI,9,36,4.265303506756241,2.2636634815547474,4.127485222063998,3.328228296890485
9,9,TEI,10,37,4.0226654312706955,4.346943493663042,4.079000355652736,4.232177055784977
9,9,TEI,10,38,4.132475516974726,11.597148710315931,4.1365904398519815,4.010584650012308
9,9,TEI,10,39,5.313554741245686,11.46746661866091,11.447181131996878,3.2831192320557845
9,9,TEI,11,40,3.5174932224348368,4.3444807151025255,4.091599363380614,4.068680970493986
9,9,TEI,11,41,4.127540400488953,12.044253427201246,4.276919207142819,3.9633706064644674
9,9,TEI,11,42,4.070941606771707,11.733357240267386,11.835112863137878,3.7491790045548945
9,9,TEI,12,43,4.38612534666776,4.444149412326976,4.341648690679081,4.129062090369776
9,9,TEI,12,44,3.857075384541131,11.585064080381684,4.042190756905742,3.9832029283498365
9,9,TEI,12,45,4.280798228250165,11.423450299995183,11.454849621489192,3.7262330443462917
9,9,TEI,13,46,4.075542355352361,4.670011949402581,3.6331146394449396,4.006978170951255
9,9,TEI,13,47,4.15087104122391,11.652955369085959,4.0762151859979046,4.010948468987694
9,9,TEI,13,48,3.9326627085681185,11.795387985813097,11.604414775586015,3.740494301443534
9,9,TEI,14,49,3.8430142344977836,4.316831219376857,4.761879461525102,4.012650997065883
9,9,TEI,14,50,4.238050199793008,11.547170609561881,4.114490506919102,3.999779712323331
9,9,TEI,14,51,4.202317904746238,11.682322857649257,11.687430413598934,3.750357416829874
9,9,TEI,15,52,3.989807415572027,4.742868892718769,4.287992300849498,4.054903980676303
9,9,TEI,15,53,3.9754125613632456,11.919860665058955,4.311260525331767,3.9665226278262886
9,9,TEI,15,54,4.114205972972065,11.645791255730982,11.5525487428154,3.756386416912803
9,9,TEI,16,55,4.108372953338247,3.926370160671342,4.016127991795496,4.251468736486338
9,9,TEI,16,56,3.927858575492284,11.669060930005207,4.021964784627094,3.997008993308299
9,9,TEI,16,57,4.0058714245752665,11.793426027315746,11.755620790928234,3.7475821956332656
9,9,TEI,17,58,4.162495695334289,3.9221277619884582,4.119759167123954,4.250240917364299
9,9,TEI,17,59,4.014906831811084,11.457793548405673,4.098029395641515,4.005058051228309
9,9,TEI,17,60,4.145641491168846,11.591337394477668,11.445822928204738,3.7499605051824627
9,9,TEI,18,61,4.096935062687936,4.174030966558288,3.7672240884396775,4.209898673813528
9,9,TEI,18,62,4.058902361004434,11.452427972901766,4.194730533353942,4.001251149797189
9,9,TEI,18,63,4.148668052589625,11.576668228551405,11.44487313123836,3.749456727114927
9,9,TEI,19,64,4.16004297341406,4.147568442182301,4.070373461520295,4.263577227719605
9,9,TEI,19,65,4.093855769000717,11.651888536763474,4.147489531533098,4.011223905941926
9,9,TEI,19,66,4.078771699833559,11.701929458014968,11.73899598089137,3.755363061062889
9,9,TEI,20,67,4.203350361882193,4.067441972395967,4.116974238071926,4.260735429965905
9,9,TEI,20,68,4.081096684319306,11.390692082910254,4.201787573434437,3.9967761819283973
9,9,TEI,20,69,4.10090115421767,11.684190843251999,11.613019213644858,3.7573833001984474
9,9,TEI,21,70,4.070555427763497,3.940088143995931,4.196085161588069,4.250439978850692
9,9,TEI,21,71,3.9403063498077624,11.482426877315064,4.106447961031523,3.997455538468932
9,9,TEI,21,72,4.056871599111529,11.927539792157253,11.799794382806732,3.7374287095641705
9,9,TEI,22,73,4.206939754967584,4.163856597981803,3.8749879928209987,4.233800070150982
9,9,TEI,22,74,4.0176618261191255,11.286686745052059,4.026610980725352,3.989847801091819
9,9,TEI,22,75,4.258744893365977,11.569163766469874,11.568242005373598,3.7413724185475967
9,9,TEI,23,76,4.084513619853168,4.210189865956853,4.123528995904176,4.259892174281249
9,9,TEI,23,77,4.055717513898126,11.380620786168183,4.185077131999268,3.9973084723503796
9,9,TEI,23,78,4.098925973553239,11.733111242468667,11.573177598559461,3.7555942466771115
9,9,TEI,24,79,4.009654415834912,3.861142355056404,3.949800922007469,4.227530307505616
9,9,TEI,24,80,4.206507005987891,11.466797323195966,4.130300523699887,4.00018621649805
9,9,TEI,24,81,4.047873432290129,11.685843019314662,11.703812010850571,3.75592105059356
9,9,TEI,25,82,3.9448652929315617,4.067379297523074,3.965368830507029,4.249214132779885
9,9,TEI,25,83,3.9765862257091413,11.79877874422123,4.206352125381508,3.9946242904353477
9,9,TEI,25,84,8.629820585927007,10.364264233652975,5.0158842394981615,3.144053355185393
10,10,TEI,0,0,14.34002564443463,3.115227151187203,12.426673279117962,2.311593111027947
10,10,TEI,0,1,2.239231846230304,7.692069246548472,2.038794060307599,1.94334326022665
10,10,TEI,0,2,10.335547196716966,12.626215864684184,6.382634961074649,2.8227562868328016
10,10,TEI,0,3,14.353890051800493,12.379993595771975,5.07322968707364,2.3936407384758276
10,10,TEI,0,4,8.636408219167704,11.299527970627153,12.406559055371932,3.231554792337795
10,10,TEI,0,5,14.001577062773721,2.1749204240434095,11.183703165659061,1.9913929008349873
10,10,TEI,0,6,2.0902709080173354,13.597931341693902,3.3917165051179117,2.1817652303152024
10,10,TEI,0,7,12.798596248584094,4.594767982981857,14.547455523094825,2.426346416127633
10,10,TEI,0,8,7.767513204253045,4.83711838149092,4.236502757470194,3.625563274933772
10,10,TEI,0,9,9.08797493729514,5.0064668507900745,10.179731602622143,3.0993701324544505
10,10,TEI,1,10,7.756397906482155,3.7356365649213563,8.61425762893682,3.4097528424010237
10,10,TEI,1,11,7.7565478582897365,5.074293155851355,1.9424055293041413,2.5050761305068705
10,10,TEI,1,12,7.783259118385027,1.0710152177761962,14.726091944524253,1.54364718070946
10,10,TEI,2,13,7.806307283896399,7.8733249013462325,4.392240332631347,3.4380923639201857
10,10,TEI,2,14,7.825953620414101,0.8379152578350624,4.3788248830911956,2.7506151240049594
10,10,TEI,2,15,7.675811498475808,14.472269725122656,4.414964777283407,2.616186281561885
10,10,TEI,3,16,7.666169108090931,5.82807608146039,6.584301562713613,2.6869673974620576
10,10,TEI,3,17,2.156459328183313,4.959871581274763,6.915873301580307,2.49779649851893
10,10,TEI,3,18,13.205950841302627,5.480343177877705,5.61541706416015,2.4902208049062446
10,10,TEI,4,19,7.786918526200055,14.640204223502574,4.2336886711196655,2.6236417421739153
10,10,TEI,4,20,7.781613549746616,1.482240879305975,4.124717052641377,2.813888135364086
10,10,TEI,4,21,7.754275344192188,6.191649318154575,8.619729612346418,2.8588787632350723
10,10,TEI,5,22,11.736702780682524,5.9526099533670465,4.218921685211965,3.386674063750812
10,10,TEI,5,23,5.176801343375306,6.039496700707482,4.230685749734471,3.2346325961460574
10,10,TEI,5,24,7.9932205440354585,3.1144266156512024,8.78716186290688,3.049881246319597
10,10,TEI,6,25,8.664189808525999,5.012280092035594,4.223119850605869,3.536710320861357
10,10,TEI,6,26,5.383476201971046,4.28738752958264,8.708704249513712,3.3551050634008996
10,10,TEI,6,27,8.225696885789336,11.361320300258152,12.435413673921914,3.2427120718195086
10,10,TEI,7,28,4.361016371434724,4.024661832368865,4.241896718018757,4.216470201294165
10,10,TEI,7,29,9.795370458684877,3.9683786277723607,4.255270376014445,3.8010172580599555
10,10,TEI,7,30,14.97417739768066,3.659396899399751,4.305928759410226,2.841977192098013
10,10,TEI,8,31,3.3496258531014145,3.406988254864009,4.140972595263143,3.76870497646076
10,10,TEI,8,32,8.8350934470926,3.5201697211564476,4.120780973772501,3.6938430783592935
10,10,TEI,8,33,12.193580298221397,4.206660284760945,8.662870559120371,3.549481636091005
10,10,TEI,9,34,4.598976505514624,4.011134767719965,4.240556393147388,4.131557286438638
10,10,TEI,9,35,10.09115796239563,4.0989884091738755,4.211148408307447,3.8303380318239064
10,10,TEI,9,36,13.621885232895018,4.199704382688409,8.834325654441503,2.973611426135908
10,10,TEI,10,37,2.1420005174277943,4.5458765144851805,4.232485311814996,3.19475858098095
10,10,TEI,10,38,10.385762373078231,3.991559164614574,3.8030459266172367,3.8206869445192257
10,10,TEI,10,39,8.783627976632284,4.404844143501193,8.923896945496068,3.3979220440739804
10,10,TEI,11,40,3.994849165463792,4.28651707986646,4.3536548033330105,4.207977699084341
10,10,TEI,11,41,10.647393399600006,4.2684236185410285,4.21378392674374,3.880351998757651
10,10,TEI,11,42,7.165454887916011,4.245186079011763,8.720341121266502,3.3830600051826885
10,10,TEI,12,43,4.185669924652981,3.8114508835849845,4.095796479367982,4.222685189805743
10,10,TEI,12,44,10.589946618258054,4.231449494949282,4.225693536631402,3.8762791284581635
10,10,TEI,12,45,11.644048519540009,4.750052601842305,9.367254326165709,3.381124057896241
10,10,TEI,13,46,4.068886983427891,4.097328331546511,3.709781593784533,4.192696087558595
10,10,TEI,13,47,10.703506060716808,4.433567619408596,4.094805226092281,3.854919927434711
10,10,TEI,13,48,8.04576694252924,4.023369857384809,8.509897151779334,3.4921862428027723
10,10,TEI,14,49,4.009776475776955,4.199336312982335,4.096935438141439,4.258584744138986
10,10,TEI,14,50,10.498370628084865,3.922585822279772,4.66292479485072,3.719094471042192
10,10,TEI,14,51,7.7461293811869485,8.72799831059682,4.116342946289374,3.4675269384714573
10,10,TEI,15,52,4.051354833758757,4.413770734299469,3.925457599574222,4.200938038413809
10,10,TEI,15,53,11.001650568513794,4.173610182463261,4.1357100670308045,3.9539164114341023
10,10,TEI,15,54,7.201878650340244,3.7963192045963186,8.001805252824107,3.3734932260199333
10,10,TEI,16,55,4.1641077525864825,4.022731748193144,4.1457075567863475,4.26128543597001
10,10,TEI,16,56,11.578388465471914,3.774728099700242,4.101447191517518,3.9604454189324176
10,10,TEI,16,57,11.848412890462813,3.9637405370047905,8.958031641807027,3.579776655879182
10,10,TEI,17,58,4.311504778947298,3.9643949698740832,4.079824522227458,4.234737403172161
10,10,TEI,17,59,11.344525558148753,3.961408363648833,4.061589402771299,3.9909458830484312
10,10,TEI,17,60,11.813318756806694,3.9904792938796936,8.87721443055934,3.5908089435018384
10,10,TEI,18,61,4.079062448898063,3.927188200742136,4.232649774510337,4.243691356965494
10,10,TEI,18,62,11.571388771272094,3.9197331227209102,4.05638643011284,3.9968222721325377
10,10,TEI,18,63,11.80470976372166,3.93636584800301,8.853588807522932,3.5857268948767196
10,10,TEI,19,64,4.063594123998201,3.989931346034396,4.143639649515388,4.261281860135743
10,10,TEI,19,65,11.809994122299207,4.322071577268536,3.9639910905656346,3.9718262601016283
10,10,TEI,19,66,11.744635214765506,4.068330655204175,8.784990984844697,3.605202027333224
10,10,TEI,20,67,3.9875539493817573,4.0722496123712,4.305681046206935,4.2386830408977
10,10,TEI,20,68,11.385239684843663,3.9223798495342894,4.080021382320923,3.9885008355812412
10,10,TEI,20,69,11.38818199790519,4.129384068172303,8.789601119917592,3.596444455684197
10,10,TEI,21,70,4.209319830135526,4.125949651833058,4.270235086382435,4.2428490026414245
10,10,TEI,21,71,11.58541267438778,3.9028919598024716,3.9336443925803772,3.9817737262085062
10,10,TEI,21,72,11.712807716654735,4.151590327779059,8.82869300824233,3.6014677754401365
10,10,TEI,22,73,4.273569645375975,4.086104785054946,4.168952891390686,4.247211806278028
10,10,TEI,22,74,11.644182041820786,4.060286661852107,3.883727317636593,3.9905161303790946
10,10,TEI,22,75,11.854580441599841,4.0896488631895975,8.60407006470409,3.6097291395068134
10,10,TEI,23,76,4.178206920742963,4.140166452736629,4.022666089848085,4.260380888572
10,10,TEI,23,77,11.858891054680926,3.984070248296571,4.023879047936778,3.9964036421067313
10,10,TEI,23,78,11.515348854928714,4.17513115905936,8.553014513532116,3.614417764047726
10,10,TEI,24,79,4.208566351688303,4.243583387485959,4.047988659394258,4.247417764427726
10,10,TEI,24,80,11.552430968246716,4.098420635714202,4.140858311669748,4.0104182929587395
10,10,TEI,24,81,11.77744165808797,8.349102930562948,3.5925820856064012,3.497831353754769
10,10,TEI,25,82,4.295779270692805,3.9172053256350274,3.9890226667780464,4.225540328891549
10,10,TEI,25,83,11.734438965916151,4.103263929523559,4.06759764479898,4.0111420783590805
10,10,TEI,25,84,3.973620083262036,3.879120680677885,9.80015189707402,3.7929862090105404
11,11,TEI,0,0,1.9285530415379943,7.489167936601724,9.022475364350361,2.4096367577753544
11,11,TEI,0,1,0.4303351255791682,2.2188912686618387,13.923165344405543,1.2025493014752686
11,11,TEI,0,2,1.0563086423129526,1.9466092409894697,14.224926799376625,1.0674053653917148
11,11,TEI,0,3,9.328253891945742,5.534896855946865,7.67085032704894,2.8818483097791305
11,11,TEI,0,4,9.942644287751989,4.129632236416939,2.06952109300433,2.8447417201944507
11,11,TEI,0,5,11.820593917559878,10.055408761537256,7.685734702247407,3.1712016345187113
11,11,TEI,0,6,12.251046539544872,8.236129033050394,14.713704589459581,2.3042398340726384
11,11,TEI,0,7,3.067641919950673,8.305955442978417,7.254370453850816,2.9676555537797995
11,11,TEI,0,8,5.299122825906721,8.873929559235652,3.5295184750137083,3.238547029203167
11,11,TEI,0,9,12.033040256677252,13.01000327763622,1.9313950684177654,2.3735708611196773
11,11,TEI,1,10,3.076942945286339,10.574972296209769,4.65703551638324,3.293275586543987
11,11,TEI,1,11,2.78420740167991,5.381104869027552,3.931868919849451,3.109681520059447
11,11,TEI,1,12,6.625097326030368,14.998687911672473,6.164676780689163,1.7757481998923859
11,11,TEI,2,13,0.03017960731378,9.425403670114106,8.033289663217424,2.273340303964435
11,11,TEI,2,14,0.03133870925220217,9.544075404791359,0.03755017726904064,1.4870705756321236
11,11,TEI,2,15,0.14136726107461806,9.722520206429705,14.892603662744238,1.3761195333288847
11,11,TEI,3,16,4.272864932790262,0.8170681346235548,3.265518727782272,2.8439932062954165
11,11,TEI,3,17,4.282873598947053,14.498361466611406,3.202218428791052,2.680456449620348
11,11,TEI,3,18,4.248447558084976,8.542845916566211,3.2593501242888707,3.5362282155423057
11,11,TEI,4,19,4.206715018816826,7.65388584247271,2.07234242832973,2.872680423417142
11,11,TEI,4,20,11.814876656582626,7.901958580161515,7.302974536284574,3.169761210846652
11,11,TEI,4,21,5.255921982753604,1.830427578179904,0.4713161651303477,1.6846459521372794
11,11,TEI,5,22,4.15658790957931,7.525338639162477,4.308334944226696,3.8216163401590997
11,11,TEI,5,23,4.332654357577866,1.5132886956526603,4.5349874917582795,3.086054269782265
11,11,TEI,5,24,11.441111823128688,8.4565864389512,7.620041672909742,3.209587403569996
11,11,TEI,6,25,4.073755595878644,7.571417797656493,4.584936475714075,3.7382225932115105
11,11,TEI,6,26,11.363341366393367,8.351365145400308,7.8278218097904615,3.224154613796614
11,11,TEI,6,27,4.343197518870902,1.5661086351402576,4.631210125856141,3.0458413198608634
11,11,TEI,7,28,4.1984717333304005,7.415837247037342,4.1535356732363375,3.8265622489931426
11,11,TEI,7,29,11.523025265196726,7.3078672035655075,8.064464489789184,3.1793135740729097
11,11,TEI,7,30,4.481152651290216,1.4827478941538956,4.149489101531305,3.13322796015322
11,11,TEI,8,31,4.019215674173764,7.385585674115933,4.1788192628872505,3.8242553380511324
11,11,TEI,8,32,10.702285359435567,10.251125868981346,8.355638191838514,3.1136835567943195
11,11,TEI,8,33,4.066301441197711,13.383014018456313,4.464530311183596,3.429105878650922
11,11,TEI,9,34,4.128056001438894,8.216495718126078,4.154196637340901,3.8827949867642406
11,11,TEI,9,35,4.13794802540005,14.087023772797156,5.036506839735853,2.8602440339217936
11,11,TEI,9,36,4.048673227796112,2.3434512718712446,4.206058196767669,3.368226276404779
11,11,TEI,10,37,4.172999352067432,9.051171230520179,4.1996809260359536,3.8347487184809053
11,11,TEI,10,38,3.6399451510929577,2.9324801344465463,4.095128544138531,3.6082517064919646
11,11,TEI,10,39,11.214911759398204,8.223317447761406,7.797422003242353,3.209768784559837
11,11,TEI,11,40,4.100551268988356,8.549405014147787,3.9354809586006425,3.863732934133636
11,11,TEI,11,41,2.8167859345609463,2.121127159040234,4.069832949611079,2.665633399397338
11,11,TEI,11,42,11.609031290052506,8.486655053158076,8.167691427569666,3.241479371758601
11,11,TEI,12,43,4.00757796479506,9.338147674978151,4.143344751704313,3.8238530813441916
11,11,TEI,12,44,3.4887769574614302,1.1334561988027025,4.249940063493387,3.0034159981491246
11,11,TEI,12,45,11.356625137921936,11.256920945778235,8.64612740397588,3.3266858751634354
11,11,TEI,13,46,3.7379577932849033,4.199898370459004,3.6297035792634436,4.08747534004183
11,11,TEI,13,47,3.8797721351200294,11.696995852710636,4.059227745022463,3.989003568052397
11,11,TEI,13,48,11.664588913900378,11.602307499168438,9.001112899815919,3.3375956025035327
11,11,TEI,14,49,4.096561273048385,4.151102489029679,3.53859312308274,4.11120304518338
11,11,TEI,14,50,3.83047916637456,11.746073596442269,3.922773050928314,3.9612703642234735
11,11,TEI,14,51,11.405035215221874,12.133211058542082,8.525421707461204,3.3124606162672996
11,11,TEI,15,52,4.031997485574388,4.077189714507334,3.445274022793105,4.058850967797651
11,11,TEI,15,53,4.382108669844257,11.872835527245757,4.181033644487734,3.955350092078028
11,11,TEI,15,54,11.343061834871753,11.636609888973904,8.908357677873907,3.3306774262671293
11,11,TEI,16,55,4.024868827686092,4.241283130948857,4.021045934917104,4.251701748635298
11,11,TEI,16,56,4.025785616762866,11.76436410263179,3.9851670485321176,4.002627922515881
11,11,TEI,16,57,11.660714351869297,11.52983641832915,8.732029583038294,3.3535921648002756
11,11,TEI,17,58,4.013794744103515,4.6707629902499175,4.230223948142441,4.1013193373034555
11,11,TEI,17,59,3.959329429158359,12.003982108681932,4.2882038876447,3.95908581021152
11,11,TEI,17,60,11.875549608505457,11.57955403422208,8.704775923806922,3.3464716685923426
11,11,TEI,18,61,4.198285016252557,4.064282896957817,3.9930630516192274,4.256912525486337
11,11,TEI,18,62,4.1600847859728605,11.681502349246607,3.9698897155185717,4.002661333351352
11,11,TEI,18,63,11.581174050898985,11.418244467131258,8.731705749616436,3.347442126466651
11,11,TEI,19,64,4.1172141870377335,4.257788724070276,4.061785089783604,4.252663828244995
11,11,TEI,19,65,4.079768653234349,11.406615806732885,4.1656600897335805,4.001501081122747
11,11,TEI,19,66,11.60002433607395,11.481068816854208,8.555869195850999,3.36130484732304
11,11,TEI,20,67,4.223114520067844,4.132521284114642,4.263240698757063,4.242010801421772
11,11,TEI,20,68,4.169010553398872,11.39904015270444,3.976865299901177,3.994157871819473
11,11,TEI,20,69,11.49297468645449,11.622029372468079,8.374937695765011,3.369262375831487
11,11,TEI,21,70,4.224284895515083,4.459485716090305,4.140236442667381,4.189764011084346
11,11,TEI,21,71,4.310777809654799,11.673224474670832,4.051126926046327,3.986924945455411
11,11,TEI,21,72,11.570960419517624,11.59808772842362,7.582603150246305,3.343799614139582
11,11,TEI,22,73,4.1603936568778295,4.085414325027317,4.208350659654183,4.258042308476702
11,11,TEI,22,74,4.075377866568474,11.565843369684364,4.253806391880416,3.9980350472658825
11,11,TEI,22,75,11.606251728040519,11.631408669369545,8.060003343707368,3.374433601624273
11,11,TEI,23,76,4.268291871549181,3.9082202625303775,4.111119857746748,4.2341301673842615
11,11,TEI,23,77,4.047096052334395,11.764252633326958,3.979610741909609,4.0031732590309685
11,11,TEI,23,78,11.689234884446845,11.585805047100994,8.181763130065836,3.374786126738276
11,11,TEI,24,79,3.9317878034397937,3.880298146382045,4.145370301748661,4.230647914258552
11,11,TEI,24,80,4.0983390405922275,11.580380917453924,4.080059718551804,4.0125114264345765
11,11,TEI,24,81,11.716020369115071,11.659817298738222,8.021194870384047,3.372546008255438
11,11,TEI,25,82,4.061433913733665,4.2945994522524815,4.112988035097439,4.245809368266205
11,11,TEI,25,83,4.069251213045627,11.581098610042133,4.231991488560862,4.001694502042863
11,11,TEI,25,84,5.145505069108237,9.363978497210509,9.48545584185779,2.993669772839361
12,12,TEI,0,0,3.762366871626692,14.201294142891369,2.8398057680964195,2.482869939853861
12,12,TEI,0,1,2.689371156271614,5.248338608939362,3.458118698848589,2.9174226516486903
12,12,TEI,0,2,10.05668614159177,1.7261907318517122,13.444640605570207,1.9957966663713735
12,12,TEI,0,3,12.871957336258633,0.0424054827993009,8.121992425781913,2.1817305483972556
12,12,TEI,0,4,1.6027691103560993,3.869324381414854,6.253440609496541,2.5791051584911577
12,12,TEI,0,5,6.804241827799148,7.02219886415851,13.912750513084895,2.2348144282269815
12,12,TEI,0,6,3.8815663413322565,2.8183531617680693,10.057657110817502,3.1807365710642643
12,12,TEI,0,7,14.199280550279665,13.842163131656271,13.203749998852105,1.496934489652682
12,12,TEI,0,8,0.9653354388542218,14.050441873937006,9.73860553581713,1.6892913188543621
12,12,TEI,0,9,13.073337682879444,6.121477020839764,3.290849017625073,2.717672070454755
12,12,TEI,1,10,2.6710618725884534,12.015308668799587,10.077050403063462,2.8305028436486044
12,12,TEI,1,11,8.802876499405158,1.2143687141537334,10.076172248124525,2.363739323002311
12,12,TEI,1,12,13.581890586302057,13.777692717649938,10.076780247069486,2.028361707787366
12,12,TEI,2,13,3.8886106477552547,4.5821048154946915,5.98149324397452,3.515422578638364
12,12,TEI,2,14,3.888607046407433,10.641003181300821,1.7903160533600975,2.8488167802117403
12,12,TEI,2,15,3.8885334871049904,9.51398758732796,10.628929883207885,3.4360007693931074
12,12,TEI,3,16,4.5008262296472,6.573938305812722,6.408452459221659,3.015774135773709
12,12,TEI,3,17,4.395699626534675,11.252095698137081,11.155446305838773,3.6550882651407406
12,12,TEI,3,18,5.186742801300887,2.1059017692024784,1.6073603940365666,1.8348078089012931
12,12,TEI,4,19,4.3981090007763814,11.32663295953785,12.072894034953856,3.6599525176338514
12,12,TEI,4,20,3.800341940734007,4.760512506094878,5.118088549386394,3.6516518680286048
12,12,TEI,4,21,3.6760599030497954,0.20770587795409856,0.30425689820313684,1.8996783027599036
12,12,TEI,5,22,3.49906773044695,5.424481337294488,6.858880955980799,3.0600225765073867
12,12,TEI,5,23,3.5928542875497933,5.700265430640897,0.429059645761391,2.4380582439105427
12,12,TEI,5,24,4.442690022016367,10.506650295943432,12.730479937855648,3.3434023842454086
12,12,TEI,6,25,3.839085942077365,6.851600188294241,12.836671057674394,3.186748377269929
12,12,TEI,6,26,3.8425502972039216,6.012951641537568,5.925013591926068,3.003842192762953
12,12,TEI,6,27,4.373809194411572,13.37757023193355,9.678671954726024,3.013250571697045
12,12,TEI,7,28,3.8935213818142698,6.515439346098157,14.280956173354241,2.528163386153507
12,12,TEI,7,29,4.402302164695203,10.50288601256439,6.836291680723931,3.3064004165540624
12,12,TEI,7,30,3.790441868171546,4.478152908048008,1.9386798917377723,3.1357350899346454
12,12,TEI,8,31,4.066463870183879,4.533998593203173,4.3413928399856845,4.140719830898938
12,12,TEI,8,32,4.445449295781609,11.977162203060555,11.779693576759007,3.6704312863520387
12,12,TEI,8,33,3.2373781986057795,5.402487675517404,10.84910629378244,3.0951907868068
12,12,TEI,9,34,4.546828536020414,3.4214253173356752,4.353061754291592,3.910808724424709
12,12,TEI,9,35,3.9557632785136794,11.361934117295597,11.622526570803206,3.736772047378222
12,12,TEI,9,36,3.8950728603303615,4.652922187739371,11.565211991536534,3.847018464849433
12,12,TEI,10,37,4.305184570322811,4.653797391591189,3.7879077671973005,4.050656229239267
12,12,TEI,10,38,4.40156325296139,4.09305169436676,11.82485267271782,3.9579225208326747
12,12,TEI,10,39,3.941868775547013,11.645088356852261,11.69511019136689,3.7459992219997567
12,12,TEI,11,40,9.554627166903153,4.152486347824363,3.7359222226516566,3.75450807592863
12,12,TEI,11,41,4.17649768630612,4.097119843671685,3.8400956987856194,4.231500667157234
12,12,TEI,11,42,14.892254275637704,4.043309394845847,3.846374292708883,2.944708780667675
12,12,TEI,12,43,3.976056809499891,2.216656649829114,4.5435301309544025,3.223383505307626
12,12,TEI,12,44,4.198948802596422,4.257105413154497,11.575722331476948,3.991361982191265
12,12,TEI,12,45,4.052339364868381,12.000258037475044,11.90019570664841,3.7205460280180924
12,12,TEI,13,46,4.017979177165722,4.12324813175123,4.1881591174868795,4.2598385316509315
12,12,TEI,13,47,4.5454851778294145,4.765713300470326,11.357392965090758,3.702460407674396
12,12,TEI,13,48,9.605046507563545,4.321358834844332,3.9335428640107373,3.7812210464952947
12,12,TEI,14,49,4.108930560206286,4.05695367877731,4.141826604908415,4.266063296824566
12,12,TEI,14,50,4.1478687147525575,3.615001791351972,11.80759670203393,3.8896413841101207
12,12,TEI,14,51,9.64044878985649,4.698405556633788,4.031385203174887,3.653173577141318
12,12,TEI,15,52,5.848848436388501,4.2066168345966,4.674394369457142,3.498743871062654
12,12,TEI,15,53,3.180657820819481,4.108221812311496,11.704352751012477,3.63098969936351
12,12,TEI,15,54,2.9658584395827132,11.712108954054917,12.245773859784128,3.1551626311219425
12,12,TEI,16,55,4.21342965600728,4.149533877926535,4.398630116030838,4.2101131809315735
12,12,TEI,16,56,9.85178794676389,3.550310725840851,5.166565313070809,3.2765128277069113
12,12,TEI,16,57,4.131956879755236,4.076660858623404,11.631605387299164,4.0120499338891396
12,12,TEI,17,58,4.275482101350614,4.0250514230032755,4.098515273204784,4.248131002975546
12,12,TEI,17,59,4.188148924876419,4.040947989826949,11.365399333300187,3.995171092934557
12,12,TEI,17,60,9.594994270116427,4.1391535335324,4.238677217314221,3.8085510301047396
12,12,TEI,18,61,4.040873742141295,4.057494137940319,4.251455504672159,4.25288414547753
12,12,TEI,18,62,4.1396992825420185,3.970244951809447,11.467856773623403,3.9997181541250697
12,12,TEI,18,63,9.847207115513438,4.0479217252754,4.053395936622283,3.823070595929801
12,12,TEI,19,64,4.298726199057753,4.023731451391862,4.187369106280738,4.2383109284326315
12,12,TEI,19,65,4.127472533222824,4.279381662935091,11.67933561344117,3.993226375523726
12,12,TEI,19,66,9.741438128020883,3.9582847202005302,3.9445046689083902,3.8020930190316724
12,12,TEI,20,67,3.9782167172460987,4.049019418183287,3.978025593917602,4.254701222654571
12,12,TEI,20,68,4.169921576867136,4.106498983387608,11.804126348646268,4.004492598398365
12,12,TEI,20,69,9.631898581596223,4.075759580021109,3.951146842349221,3.8113771666734624
12,12,TEI,21,70,4.019770986604783,4.052767717368682,4.089781807911667,4.265207979484875
12,12,TEI,21,71,4.0445549619489,4.2096024784860795,11.582812406235599,4.003960899157758
12,12,TEI,21,72,9.582834064436357,4.133355510365724,4.086333110480406,3.820715568776185
12,12,TEI,22,73,4.230432334251028,4.248175595602031,4.161530304505331,4.2417414104880535
12,12,TEI,22,74,4.128845229241815,4.299269227999882,11.720135772049742,3.988268266491122
12,12,TEI,22,75,9.711522984592671,3.9496924849072945,4.066551338755461,3.811216136428575
12,12,TEI,23,76,4.160268296306658,4.16188628770097,4.103221427678456,4.26260196938715
12,12,TEI,23,77,4.224062150454934,4.241469417892275,11.93190170798637,3.9755704041715583
12,12,TEI,23,78,9.833359534351477,4.124272456357794,3.9576219728604505,3.8143650158064597
12,12,TEI,24,79,4.210839053950181,4.135195095339741,4.04851099448802,4.258487352738942
12,12,TEI,24,80,4.042809268464589,4.0760127522108895,11.803176847359515,4.007093735986809
12,12,TEI,24,81,9.871006345364687,4.010425695544403,4.209358084343213,3.814556195171294
12,12,TEI,25,82,4.031391453857173,4.213955585839061,3.998115086960972,4.254105071704657
12,12,TEI,25,83,3.8640400284292618,3.9938023062799872,11.767934105077254,3.97872388031477
12,12,TEI,25,84,9.793301444728533,4.0448580099432085,4.115881731139871,3.8215996601459663
13,13,TEI,0,0,12.971963805248798,12.829537723980884,12.165350981765132,2.8604339060572723
13,13,TEI,0,1,3.921695421247149,1.157991865776321,14.19698670669095,2.0757207092867724
13,13,TEI,0,2,9.206875365706528,0.0394613043944958,13.656107670987566,1.773957952510027
13,13,TEI,0,3,14.772052128563331,4.294449062492556,12.204916845584693,2.662888200023712
13,13,TEI,0,4,1.2361191582196236,6.574200709551321,12.265556621172113,2.2992122669063377
13,13,TEI,0,5,6.130999990346605,7.766245607804657,1.755598252125995,2.214755379348739
13,13,TEI,0,6,12.210097788751677,7.468011124987683,3.724187923300079,3.4551661666808915
13,13,TEI,0,7,11.650292340013026,14.68842433784344,8.07514851114435,2.3803958742676885
13,13,TEI,0,8,11.057253339311753,14.89141033272544,0.45191244562985955,1.5586824480153403
13,13,TEI,0,9,8.984664785501568,14.5094291668738,1.760048607649753,1.6062484319979846
13,13,TEI,1,10,12.34691159370583,8.067985498152803,0.19499782027865675,2.387233315044935
13,13,TEI,1,11,12.346543981080632,14.42273473033172,14.016607231772541,1.6924602984210204
13,13,TEI,1,12,12.34642399015808,2.1485985975944972,12.91481169264,2.400835075151521
13,13,TEI,2,13,3.848837959506206,7.43203630998458,3.804456064118023,3.764192878113925
13,13,TEI,2,14,12.52227882314061,7.495289973939785,3.8163370031679578,3.402313113503461
13,13,TEI,2,15,3.7543247733810263,12.784308976168546,11.903845340030932,3.4402718209267413
13,13,TEI,3,16,3.384707432164605,7.212607322229212,3.6404399511961194,3.4556525301717196
13,13,TEI,3,17,9.906765174973193,7.441857759789988,3.590475577218224,3.268828114499213
13,13,TEI,3,18,0.5027654454447245,12.795181601091043,11.608841352494327,2.3962252906231036
13,13,TEI,4,19,4.883949119008638,1.8048865454898793,4.219956910993753,2.96828295859713
13,13,TEI,4,20,4.935397908889327,13.84968399449454,4.174075856110013,3.0018894969676757
13,13,TEI,4,21,4.4773562882690845,8.62096443801866,11.55758054501052,3.5425137528701116
13,13,TEI,5,22,4.046059584287873,1.049905549632154,3.8060613947869233,3.1533161468851993
13,13,TEI,5,23,4.043111781857261,11.215634015968373,3.7757056708653822,3.934113125572011
13,13,TEI,5,24,4.277981973649181,8.412793883418546,11.685100355936411,3.6077781346972797
13,13,TEI,6,25,3.7113274607193047,12.370596611005354,3.8153404707098066,3.796900996953953
13,13,TEI,6,26,5.554769900214723,10.724794839601852,11.755549653678571,3.110705071251414
13,13,TEI,6,27,5.400797395379083,3.4609793314857784,11.737865632773659,3.3144820165142495
13,13,TEI,7,28,4.202349590088163,11.374040924471222,3.47374450586297,3.8043997274887866
13,13,TEI,7,29,4.172347667174422,4.809760776454755,11.864814111012558,3.7791985672984163
13,13,TEI,7,30,4.26159180775738,3.65350594978373,3.581328730087213,4.021118429874071
13,13,TEI,8,31,4.966088312772557,4.602437823968702,3.495209995342173,3.6660095208308503
13,13,TEI,8,32,4.130815479960352,11.754865577393483,3.668462126158674,3.9174190671841527
13,13,TEI,8,33,4.022941600047726,3.047515495784933,11.863047353343276,3.52700113937433
13,13,TEI,9,34,4.200777810788156,6.165734597125413,3.504145982453388,3.470690828600324
13,13,TEI,9,35,4.481223528128979,4.9340998325590295,12.166087033857334,3.601546133011879
13,13,TEI,9,36,4.210830341724234,11.9323699742604,12.334350297659439,3.6422486262298617
13,13,TEI,10,37,4.216277930894994,6.057986218079056,4.2419087557465325,3.628383189053701
13,13,TEI,10,38,3.9601278625083,5.720086987793213,11.536565842140508,3.4151264495568863
13,13,TEI,10,39,3.7554336301116473,12.917397199226107,3.4685287112691565,3.4587575818416565
13,13,TEI,11,40,3.6045342631935915,11.175163376422942,6.936631629858833,3.349962996758233
13,13,TEI,11,41,3.8322547626008014,4.161533221577766,7.574655824289888,3.8167040223620914
13,13,TEI,11,42,11.773492840690123,6.944968024934149,6.035890116977086,2.8817470118233017
13,13,TEI,12,43,4.871648967245019,7.713123401026666,4.719455036330254,3.4387101158285724
13,13,TEI,12,44,3.331929103259696,4.146947474256058,10.873106588260846,3.6593566064921506
13,13,TEI,12,45,1.5184077385496182,2.6318931037268416,2.809942898787632,1.8258288102333846
13,13,TEI,13,46,3.852359394077349,4.358089993815061,3.7689866135623045,4.148139392608139
13,13,TEI,13,47,4.44119436239037,10.897565472503837,3.7262364572936546,3.813104982026493
13,13,TEI,13,48,4.4895711406475485,5.535685766534907,11.898381441004732,3.3794921017978714
13,13,TEI,14,49,3.9080651404686333,4.298897387135897,5.060737793526295,3.880230469478188
13,13,TEI,14,50,4.209053739708965,11.405593478097094,4.832876187035926,3.76446588119431
13,13,TEI,14,51,3.9144590140368987,4.298245258735295,12.143185480134399,3.9266777078615682
13,13,TEI,15,52,3.6922849269421714,4.61253800115294,6.462146560026646,3.4686172205015566
13,13,TEI,15,53,3.6041271103849586,4.563874298394283,14.186046155089322,2.933826000281928
13,13,TEI,15,54,3.960521994673499,11.979487734340069,0.015440272817571765,2.812962246506511
13,13,TEI,16,55,3.8989177137092574,4.265070770912838,3.9800797861041466,4.226981574431653
13,13,TEI,16,56,3.825079468584458,11.510980141449352,4.134848351092989,3.972622969601212
13,13,TEI,16,57,3.766695728914839,4.2786906069472455,11.813283935662131,3.934278702724267
13,13,TEI,17,58,3.8321566413229586,4.067775691221667,3.97699958169041,4.226765486126035
13,13,TEI,17,59,4.128147946073549,11.59096120750601,3.8325833860013314,3.9772437768961915
13,13,TEI,17,60,3.7302172484250935,4.085196129035047,12.100703071509924,3.905548481961463
13,13,TEI,18,61,3.965312978783358,4.243240771228334,4.092337365274092,4.247865631466279
13,13,TEI,18,62,4.161840784182729,11.659749199792119,4.018888786430697,4.007664165041188
13,13,TEI,18,63,3.8453421716281926,4.126557447151226,11.92848829703336,3.9656096137997148
13,13,TEI,19,64,4.076512583439336,4.267698171069397,4.0890582956557235,4.251657531085242
13,13,TEI,19,65,3.9680385179357636,11.688193704792852,4.094891008232732,4.005015686429955
13,13,TEI,19,66,4.080672070795394,4.202450368837334,11.944279082773534,3.989108063841474
13,13,TEI,20,67,4.151433113448124,3.9236786864500175,4.198639955635572,4.245465314661081
13,13,TEI,20,68,4.12924152914287,4.121619985277246,11.892998837184408,3.999822431680869
13,13,TEI,20,69,4.204600385068786,11.537750451322154,3.961934694418719,3.9959801309520877
13,13,TEI,21,70,3.9413922122309986,4.125782692202675,4.002562560057983,4.252268712324307
13,13,TEI,21,71,4.232625862424691,11.872883571681024,4.234742911476588,3.981165801542212
13,13,TEI,21,72,4.108322833574976,3.943193816162871,11.994068594299957,3.978381938937792
13,13,TEI,22,73,3.9588004600194546,4.365455926142944,4.153975113937031,4.218487885553027
13,13,TEI,22,74,3.9417426704687086,11.431640495646231,4.112599046130957,3.9946726772032166
13,13,TEI,22,75,4.093816377906055,3.9377791413067587,12.069201109221227,3.9665083781890074
13,13,TEI,23,76,4.051187259766813,4.040980333613487,4.115507943298724,4.26604599832284
13,13,TEI,23,77,4.070728964529894,4.012928561567215,12.000349704376715,3.9857623575195276
13,13,TEI,23,78,3.865121624515468,11.581098359732271,4.204872438847662,3.9790689113229387
13,13,TEI,24,79,3.93451843675341,4.302097777775076,4.061057640843451,4.232022609172215
13,13,TEI,24,80,4.143127861967157,4.040891682049307,11.700784874838748,4.009666264277836
13,13,TEI,24,81,4.165791869533123,11.567298752465012,4.243483116586871,3.9966647414348717
13,13,TEI,25,82,4.066154158293998,4.012971450347101,4.21910941672321,4.256172744996327
13,13,TEI,25,83,4.043388019444717,4.116711194817537,11.74399338821831,4.009652002785629
13,13,TEI,25,84,4.25046709301414,11.57681327253665,4.098927548195371,3.99884927807193
14,14,TEI,0,0,12.464749783336671,5.414200002513849,10.541089583730823,3.0012571813564435
14,14,TEI,0,1,12.901781799788917,9.61976221182247,8.225448132199709,2.8888108655283147
14,14,TEI,0,2,11.4347013379679,10.744715739600606,7.00753130866278,3.1603273792175095
14,14,TEI,0,3,8.586884072739705,11.194835401369675,0.9534587870879535,2.5143609602086032
14,14,TEI,0,4,9.70314064063311,11.040857143436163,5.98138267691912,2.900458243782964
14,14,TEI,0,5,7.607737954831852,3.43080941645436,9.75291271270783,3.1951801958958317
14,14,TEI,0,6,14.5692639630101,4.480696270870219,6.942461839266503,2.4628633196975738
14,14,TEI,0,7,13.374208500357161,8.271013159462559,6.321971101689447,2.5134740938298705
14,14,TEI,0,8,10.024361187010985,0.4623034710469909,2.306946268288694,1.8110837812612608
14,14,TEI,0,9,13.069850765261243,2.3735976614762926,0.44200258231388234,1.6465263535293826
14,14,TEI,1,10,10.583407729621173,11.461050133255984,9.21336965284031,3.2024418438062625
14,14,TEI,1,11,10.175468927370625,5.448894431898201,9.62454361361925,2.8831600886914703
14,14,TEI,1,12,8.770062283754116,0.16736001143398904,10.68767266610636,2.3558745551776084
14,14,TEI,2,13,12.445771238759807,11.720059750353718,10.849977040535519,3.300678777900467
14,14,TEI,2,14,12.776766062608475,11.596328677658649,5.588303349940193,2.956942655975804
14,14,TEI,2,15,6.542260295795878,3.2766078888325034,12.825310249843772,2.8566796310444573
14,14,TEI,3,16,11.901548174276504,13.618755706671442,11.851495705671836,2.859180386835538
14,14,TEI,3,17,7.417334396661792,5.467131148902935,7.663921747262249,2.9085501063142223
14,14,TEI,3,18,12.095945191049507,7.91508449198056,14.836171103613848,2.3051164145569656
14,14,TEI,4,19,12.028849117252717,11.210360160219023,10.78166748374313,3.360272931153424
14,14,TEI,4,20,6.950382223510533,3.6995446894797626,7.999121878582433,3.295798508148762
14,14,TEI,4,21,13.379908161437923,4.846543955006637,13.382407599253094,2.491116263404582
14,14,TEI,5,22,11.730755678471539,11.4071998459915,13.943943302148458,2.73196937311549
14,14,TEI,5,23,7.343423111024566,3.745811990531357,4.6329535274761415,3.626736873677093
14,14,TEI,5,24,11.808388105943678,11.164514058074166,8.143067522034782,3.3380887191864095
14,14,TEI,6,25,7.3304442650958315,3.8995115839880556,3.3579318578625204,3.5424953846200244
14,14,TEI,6,26,12.84143499170052,11.145308226188956,9.757803494645879,3.0077493875763306
14,14,TEI,6,27,8.565307988991101,3.4371722340081634,8.909860810474731,3.248866678736769
14,14,TEI,7,28,5.060410805633733,11.26857748001499,8.117006236105574,3.2621072757382836
14,14,TEI,7,29,14.91612489948507,11.266561757584462,8.113113139007842,2.3140083562369425
14,14,TEI,7,30,10.769815928035614,11.256395516870034,8.194683551250536,3.2647343341741104
14,14,TEI,8,31,7.331571294362474,3.539094393960215,4.618700386730513,3.538520791813478
14,14,TEI,8,32,11.746083799276352,11.856272064230566,9.083751372801352,3.32186746847732
14,14,TEI,8,33,4.959623107360814,11.164674861470308,8.434929043758332,3.2964951650187992
14,14,TEI,9,34,7.71473343196598,3.9923206647001863,5.661732906637471,3.2869922505788622
14,14,TEI,9,35,11.546951225323708,11.13315412376229,9.492597642945627,3.2755039676975297
14,14,TEI,9,36,4.679435009896087,10.705945093795842,9.437804995004807,3.3132813168737467
14,14,TEI,10,37,6.910303421592786,5.3207507081008965,4.015266504229561,3.282789117405975
14,14,TEI,10,38,11.611870585166454,10.788343435445269,11.358942634323055,3.404266765897676
14,14,TEI,10,39,6.578176028579453,2.871441468761784,8.72080048894769,2.696889555007867
14,14,TEI,11,40,7.073782923594779,4.167891940825772,4.707548220624982,3.6077150961452604
14,14,TEI,11,41,11.524473941878185,10.197021689434866,11.434712911173376,3.328562609307671
14,14,TEI,11,42,12.090693892213132,12.180744878029854,6.4627692162453005,3.074521666293579
14,14,TEI,12,43,7.939873269082277,4.139678843036171,3.9984538404627603,3.8757231384297754
14,14,TEI,12,44,6.952661754726136,4.276217298312959,9.084706953265016,3.316872476923157
14,14,TEI,12,45,11.429416647329372,10.85354981932602,11.274416846142097,3.3996575972564904
14,14,TEI,13,46,8.050065956131252,4.2189990900854015,2.5630661084730066,3.0890386757609485
14,14,TEI,13,47,8.078970979315937,4.289446148732202,8.359668295574835,3.479717099377061
14,14,TEI,13,48,11.904727648394369,11.310747980928536,7.10869401589641,3.2482291516554493
14,14,TEI,14,49,7.935204976950084,4.09553342833177,4.993059171660871,3.5670283540598655
14,14,TEI,14,50,7.933594686073826,9.133596422434994,1.4795836862614657,2.3944615006762477
14,14,TEI,14,51,7.922985457552723,0.4943563340974627,0.3259626604277599,1.6372559695514064
14,14,TEI,15,52,8.324675803648487,4.190652393059846,3.9861484901377082,3.8733618796679927
14,14,TEI,15,53,11.797355546963871,10.934401320256974,11.234025666324728,3.4099569871817055
14,14,TEI,15,54,7.932556599187076,4.285719215235538,9.333372595871245,3.4218370868299455
14,14,TEI,16,55,7.687552791365765,4.188270810656714,4.099951684072451,3.8599589125350784
14,14,TEI,16,56,11.822186376103,11.2469176570048,11.2995059924336,3.456440894083076
14,14,TEI,16,57,8.326780116491129,4.319200881438331,9.41806137418645,3.4145433056793877
14,14,TEI,17,58,7.992243531360305,4.206107579767709,4.193472925143867,3.870204332098897
14,14,TEI,17,59,11.425205101079017,11.637857793341807,11.566394497749124,3.4947482190852
14,14,TEI,17,60,8.729040033092437,4.226965449675108,9.480867894163952,3.411591308405635
14,14,TEI,18,61,8.410936958923632,4.238126292955833,3.932212102099532,3.8573709511134355
14,14,TEI,18,62,11.371567024785772,11.611418728864601,11.478642344441495,3.487496637956231
14,14,TEI,18,63,8.075976419360511,4.1324950031921865,9.328944827280598,3.445193252316764
14,14,TEI,19,64,8.047715266155185,4.357075117674472,3.8255673684647733,3.8116571481070496
14,14,TEI,19,65,11.626778897240486,11.706488321731081,11.561963991918038,3.500969405029254
14,14,TEI,19,66,8.208920448144148,4.205301277403317,9.206227763605602,3.4460664610749143
14,14,TEI,20,67,7.907294159372289,4.250003094655802,4.121936836895835,3.8658111780628204
14,14,TEI,20,68,11.734841382914517,11.661078639231954,11.76431817239556,3.49814842614781
14,14,TEI,20,69,8.479948574656818,4.249791366255399,9.38608556846915,3.424403075834014
14,14,TEI,21,70,7.883526318504673,3.9755313775725423,4.221055572560025,3.862897161033393
14,14,TEI,21,71,11.699148068171482,11.731157657209568,11.517455482435498,3.4981943515142615
14,14,TEI,21,72,8.052710044112823,4.091299993573863,9.653592263567724,3.4378637570123685
14,14,TEI,22,73,8.307730789223951,4.000327362240393,3.908932463393675,3.8635810443730776
14,14,TEI,22,74,11.689285129359645,11.592782770080404,11.68320832334879,3.501597044714149
14,14,TEI,22,75,7.915462830006839,4.105303336328665,9.526912205221633,3.434545846703481
14,14,TEI,23,76,8.423162589988,4.00779804610662,4.085026494960304,3.878107967522228
14,14,TEI,23,77,11.58149500300717,11.415087516738568,11.687707280307162,3.4939467360071865
14,14,TEI,23,78,8.356610239270184,4.13697776712268,9.368030682486893,3.4416119103370817
14,14,TEI,24,79,8.184499471153567,3.9404614544144456,4.182510443848745,3.869821885588421
14,14,TEI,24,80,11.608148743943966,11.536253737364818,11.540820928930081,3.4994015566618026
14,14,TEI,24,81,3.396621182423768,11.045491653091473,8.88182490738636,3.315703252550871
14,14,TEI,25,82,8.320551072610371,4.058749394447043,4.04089312961432,3.882837196674921
14,14,TEI,25,83,11.633962707859315,11.670266343390372,11.580260760414438,3.5020330178580874
14,14,TEI,25,84,8.507309919804019,4.095229461535465,9.269369822397135,3.4419777929402673
15,15,TEI,0,0,10.391150519477286,12.237256670040862,5.16610136689285,3.1472246934359482
15,15,TEI,0,1,0.6725726353562822,8.573958855505964,2.193681400853963,1.8327668148490628
15,15,TEI,0,2,10.781570653132068,5.180347561137596,6.855145134133069,2.994598567712395
15,15,TEI,0,3,14.639068310852629,11.72199041658046,12.656850678959639,2.3224208257805428
15,15,TEI,0,4,8.326715761122903,14.124320438788397,0.27488729062664696,1.6626617216630144
15,15,TEI,0,5,13.337758588377918,5.846377250248704,3.4761019182572106,2.7232939621748398
15,15,TEI,0,6,8.015913408800413,14.170354179791348,4.964974662061009,2.483581355773995
15,15,TEI,0,7,13.629317716330378,7.009974187576284,14.509316471830967,1.682901879258382
15,15,TEI,0,8,11.463404750987774,11.750307714958112,5.422912243961154,3.2443988319179664
15,15,TEI,0,9,8.816819853202484,3.72823739238798,12.002079750194575,3.51255012632752
15,15,TEI,1,10,8.370120182108568,4.781406310757624,11.744577376515775,3.419237174669859
15,15,TEI,1,11,8.328634158091134,14.116559772882802,11.736277623208045,2.5459122911321765
15,15,TEI,1,12,11.511770060342354,14.60061860476178,5.343005159385052,2.305524807839405
15,15,TEI,2,13,5.2960713778483,2.6693153922059527,11.68692782547801,2.8293967081088276
15,15,TEI,2,14,14.322461710695057,2.8171221932534833,11.65784922734747,2.2290908956927242
15,15,TEI,2,15,11.718235778710865,9.560253120655945,5.11145211461765,3.1926965588014795
15,15,TEI,3,16,7.604102403652876,3.727344011464056,11.894225625245788,3.5215924294022565
15,15,TEI,3,17,13.76099631391763,3.7262514308568324,11.78133656348237,2.9999954561763467
15,15,TEI,3,18,1.7929372253590752,3.721387528161814,10.92490403561018,2.8427039344779574
15,15,TEI,4,19,8.647828062470435,3.741130375795499,11.920000968082288,3.5376682939129056
15,15,TEI,4,20,10.540368917087545,11.748210952190922,5.098283323856397,3.2655687413760592
15,15,TEI,4,21,2.6586128013116617,4.808162251506881,12.43161999738793,2.9407117373634417
15,15,TEI,5,22,9.071578216638457,4.179452545920232,10.48111873721825,3.4522995402431196
15,15,TEI,5,23,11.208191751668027,10.832465594891813,4.811055568931057,3.4297700280412595
15,15,TEI,5,24,5.260336294703315,11.711515966297325,5.548615830031604,3.0233772885518992
15,15,TEI,6,25,11.6698814324893,3.671181161360322,11.921255784555722,3.6519608295346258
15,15,TEI,6,26,1.1110295519232012,3.64106574524933,11.96591257541167,2.8193343931938113
15,15,TEI,6,27,0.6335514200985493,10.83211275963597,4.781345831657349,2.628400896415327
15,15,TEI,7,28,11.869600378932207,3.9471413526107195,11.302204717098526,3.720517656343632
15,15,TEI,7,29,11.258240154936487,10.66382930616778,3.717831999420149,3.5587253130845102
15,15,TEI,7,30,7.415369710961308,3.338690890129725,6.901274503479277,3.0437979739313414
15,15,TEI,8,31,11.829852011118245,4.070495360923986,10.938484923446898,3.6877196327352055
15,15,TEI,8,32,11.327882771431188,10.517608457334418,1.2582618326333312,2.551089534240636
15,15,TEI,8,33,7.011015404561542,3.576827176253169,14.833832808078572,2.3553529074298476
15,15,TEI,9,34,11.66765166638745,4.281844324556562,11.367444076656414,3.727132440058374
15,15,TEI,9,35,11.628251465424475,10.82378627558459,3.987952212617398,3.6717799324099536
15,15,TEI,9,36,5.538645375959773,4.82527175009059,11.054692280876727,3.1936722530851878
15,15,TEI,10,37,13.203994005467782,11.128605914545615,3.7184438953647425,3.217948655631178
15,15,TEI,10,38,11.557875628605721,4.12395857679157,11.353518272349328,3.743678934513799
15,15,TEI,10,39,5.477091801433756,5.2464402701874375,11.876534193815617,3.0420911116753047
15,15,TEI,11,40,11.309835372660434,4.075009337769673,11.25627122010063,3.719626943050476
15,15,TEI,11,41,11.459455091521457,11.284811072584343,3.932822207379597,3.721168151633705
15,15,TEI,11,42,5.377703238241166,4.556634134003366,10.041223878757126,3.2408942767748217
15,15,TEI,12,43,11.725129976563021,4.137344959987567,11.584862853916547,3.7548603896939023
15,15,TEI,12,44,11.681913226167541,11.438226471627335,3.9308216705332084,3.7381056505669803
15,15,TEI,12,45,6.167842379929938,3.9899058266620107,9.394635075119114,3.2043329927476454
15,15,TEI,13,46,11.707693385673256,4.175517307286805,11.716050201035356,3.7519952272394796
15,15,TEI,13,47,11.867743605833688,11.326515086719391,3.907008403269168,3.7160564218204937
15,15,TEI,13,48,4.196467552764907,5.694890406613868,8.768434491752078,3.2747994517780175
15,15,TEI,14,49,11.838718599015232,4.208408892274877,11.893795880994478,3.731248817462812
15,15,TEI,14,50,11.515289049456216,11.63677942948769,3.9636700915268266,3.747293594710018
15,15,TEI,14,51,6.178656785086438,4.437995332252694,10.645368385390618,3.228037475900144
15,15,TEI,15,52,11.501305938475051,11.657771287521312,4.011277152578327,3.751737683147087
15,15,TEI,15,53,11.746214720330922,4.088495545779642,11.313879526111752,3.7398072299598932
15,15,TEI,15,54,3.809802127176244,5.349071829582693,9.869715012861551,3.305581581249452
15,15,TEI,16,55,11.612640238801974,11.589480026219618,4.05799598060188,3.7569975227931556
15,15,TEI,16,56,11.377929610154391,4.174701857024549,11.678564121260246,3.7431530852393404
15,15,TEI,16,57,4.332548923656054,5.184920509489444,9.50132739098601,3.3850036884423047
15,15,TEI,17,58,11.664550350454782,11.640275351277282,4.244184452216416,3.7452207476843484
15,15,TEI,17,59,11.393133737780982,4.078182802494399,11.851254620451803,3.7402700691587203
15,15,TEI,17,60,4.3758535212366585,4.424434515287608,8.371626808827678,3.7856992447512616
15,15,TEI,18,61,3.7171942998836425,3.821837313455045,7.474900852267863,3.7326034459667508
15,15,TEI,18,62,11.667981825318837,4.122291543363829,11.652542273261492,3.757126636721408
15,15,TEI,18,63,11.620517585068347,11.677903034449374,4.255510828501333,3.74315725762573
15,15,TEI,19,64,4.075250009920982,4.250011022433189,8.021932753279657,3.8704850946859333
15,15,TEI,19,65,11.55314714909214,4.121300967943683,11.75340228380315,3.7538186295473346
15,15,TEI,19,66,11.51836326867919,11.442812053055997,4.012678368584602,3.7465501638430805
15,15,TEI,20,67,3.6315608416810594,4.497138735329756,7.685876278508838,3.675538535702028
15,15,TEI,20,68,11.63509321936722,4.157672174601455,11.610185429035702,3.755282842450205
15,15,TEI,20,69,11.536727374407867,11.55969871472017,4.047450590628018,3.7544175120820316
15,15,TEI,21,70,4.0525960002205546,3.676942844076118,8.324068967226875,3.795001782455561
15,15,TEI,21,71,11.89325578916771,4.16740621144945,11.644439747357868,3.7427933635459123
15,15,TEI,21,72,11.541630184305934,11.67406613614109,4.299057129547007,3.733459468598451
15,15,TEI,22,73,4.607069664870434,4.105768822268237,7.5158563249839885,3.722455591022995
15,15,TEI,22,74,11.69028705323256,4.03484603897903,11.592427669881129,3.755634980928975
15,15,TEI,22,75,11.57052825470005,11.614767365659356,4.291459702075825,3.7359539809305295
15,15,TEI,23,76,3.991482660639006,4.046448995905781,8.202286208404885,3.880164705856302
15,15,TEI,23,77,11.524683097147145,4.058316035680042,11.746585284074555,3.753301888874187
15,15,TEI,23,78,11.467353384932258,11.643227005064666,4.041405749696911,3.752127162120721
15,15,TEI,24,79,4.055066651859791,4.117037678046557,8.12273295680442,3.8848318817257788
15,15,TEI,24,80,11.737988601674651,4.137579463981821,11.757660824611898,3.7523231605330496
15,15,TEI,24,81,11.776463743151465,11.5040758886107,4.05786731903179,3.7511449291190018
15,15,TEI,25,82,4.120466976945137,3.932930874340212,7.811122164020044,3.8612799226816197
15,15,TEI,25,83,11.48792125579753,4.117213349152914,11.615242532284617,3.7537874051546183
15,15,TEI,25,84,11.671139949229438,11.52092603482842,4.161276389336098,3.7527115720266555
16,16,TEI,0,0,8.503752583190476,6.461162182352783,1.411107381922868,2.227543569383063
16,16,TEI,0,1,5.221193256539932,9.32263557571019,0.3248250477406578,2.2736883457963146
16,16,TEI,0,2,13.119485669183065,12.810742972904134,0.6645632368242721,2.0134547539218595
16,16,TEI,0,3,12.036314442988562,2.771927422302729,10.434358723478912,2.9278455309809552
16,16,TEI,0,4,2.3250038229850007,10.374296339748998,14.379507465966306,1.7994402164774892
16,16,TEI,0,5,14.774774816249215,9.949429004898004,2.4538224348335542,1.7177907535015349
16,16,TEI,0,6,5.923659709135047,4.169928189673522,14.335045429197878,2.4961186781546965
16,16,TEI,0,7,4.49017595249607,8.416154920894945,6.110479427991566,3.1845850965477833
16,16,TEI,0,8,2.080913262011364,5.771122677982829,11.541225807430717,2.435136983607115
16,16,TEI,0,9,6.203990361965557,10.189718808872792,8.727808147443787,2.829437336895726
16,16,TEI,1,10,3.6500433529196235,6.831669314004978,6.485974156555667,3.051792755397397
16,16,TEI,1,11,7.450031286130791,3.1207940562189425,8.172195899008269,3.034310405393021
16,16,TEI,1,12,3.121965238902267,11.49556152498817,6.103041004312008,2.968638710326533
16,16,TEI,2,13,6.736372208897325,8.106583220682031,6.283987659455763,2.7294983957308214
16,16,TEI,2,14,6.7701541323714896,2.9194557141714856,6.269334124139958,2.5527357125790813
16,16,TEI,2,15,6.791103516267862,14.500938409975406,6.265862015148728,1.917380177680537
16,16,TEI,3,16,13.569570623301463,7.551386706569925,6.112989339497657,2.3772750212069136
16,16,TEI,3,17,4.519431120006894,7.552479102313711,6.113174096252625,3.143841104173265
16,16,TEI,3,18,9.65308373348677,3.216836866802981,6.112271769625532,2.846480526414741
16,16,TEI,4,19,8.729351891050568,3.156569622568784,9.588961170100388,3.0215663716631527
16,16,TEI,4,20,4.315699223554373,8.65370315536009,7.049837398871336,3.353682785628297
16,16,TEI,4,21,8.810533635509627,8.373188060881144,11.193212995243316,3.191711063446294
16,16,TEI,5,22,4.56968719065452,8.058899612317767,7.939767542765798,3.388725256939955
16,16,TEI,5,23,9.292245460252515,8.039728520420388,11.330131730360531,3.177490619032892
16,16,TEI,5,24,6.662982745196279,3.429124467172519,9.467042748061173,3.047630124939903
16,16,TEI,6,25,4.60620392446356,9.138819416995936,7.3803193917406755,3.276811632748522
16,16,TEI,6,26,4.598848388849351,10.059386387310319,14.481956162577802,2.5165719904104953
16,16,TEI,6,27,4.611249665836285,7.699213330973506,0.17177419966334595,2.589159990931695
16,16,TEI,7,28,3.115864665301542,8.813592379712363,7.318051653396011,2.987313362376275
16,16,TEI,7,29,8.530219748463837,9.253815268326324,12.747554445968376,2.955450423507184
16,16,TEI,7,30,6.8408452094340495,5.758085826910283,8.995249301220028,2.7264197671702783
16,16,TEI,8,31,4.22050581213656,8.091334205088387,8.129986587984742,3.4939628938901857
16,16,TEI,8,32,7.193663397544968,1.8096685987363026,10.487622952075675,2.3840313248253295
16,16,TEI,8,33,9.118299952684131,8.014651410218926,9.91320004071207,3.0152146250451115
16,16,TEI,9,34,4.075761502018212,8.10913447234768,9.16229617539583,3.455417460193609
16,16,TEI,9,35,9.082654763190922,7.79758571754611,13.152313143328966,2.7860200285371626
16,16,TEI,9,36,7.583018986465634,3.964310920702734,9.470389698544354,3.4028123335913727
16,16,TEI,10,37,4.0144062338871285,8.123592719898385,8.525935017845509,3.491970727857156
16,16,TEI,10,38,7.862323213136185,4.0899371547825405,9.626708760098484,3.4307898822792637
16,16,TEI,10,39,9.16846867510605,8.914119685362293,10.975938553718072,3.110411399534576
16,16,TEI,11,40,4.143661149174288,8.009453116453864,8.399054920619664,3.4961500799234964
16,16,TEI,11,41,7.900369707262415,4.4544536195816615,9.796749407937964,3.3686018775590654
16,16,TEI,11,42,8.859533609295935,8.861523540256279,11.17053611035813,3.1602557758104903
16,16,TEI,12,43,4.1636295259556775,7.995350762361102,8.698524063188858,3.4800459090172433
16,16,TEI,12,44,8.023878557488613,4.04893914936654,8.861849202152143,3.4726181018303617
16,16,TEI,12,45,8.709445332020001,8.33396976869213,11.175621828646442,3.19702863370755
16,16,TEI,13,46,4.10668283966266,8.170210921293238,8.234378818781245,3.5033631313697855
16,16,TEI,13,47,7.973462293232403,4.083439573399403,8.734355868565892,3.4801288338302045
16,16,TEI,13,48,8.429874697196894,8.555132590886632,11.323901030332223,3.2185458902645054
16,16,TEI,14,49,4.188501244115664,8.169704190093821,8.155383258182376,3.4985164922042777
16,16,TEI,14,50,8.004751748437744,4.11801929094202,8.561539768061877,3.4904322149650966
16,16,TEI,14,51,7.917783327458993,8.837662147557712,11.083522047387927,3.173348441763321
16,16,TEI,15,52,4.210105870892534,8.126077790491053,8.342380504238678,3.493746845820672
16,16,TEI,15,53,8.258284711752205,4.332299429386888,7.792594139788574,3.4603827947006396
16,16,TEI,15,54,10.926636275402766,7.4536496448806675,11.460166838726073,3.2594534355574565
16,16,TEI,16,55,4.107477781298905,8.225907017723856,8.335293449764276,3.5014680852176374
16,16,TEI,16,56,8.003292026208932,4.177765887933365,8.24936180852894,3.496704084853134
16,16,TEI,16,57,10.720881012364714,7.647536962243032,11.129753967803111,3.21793393602299
16,16,TEI,17,58,4.146442397548173,8.08637489456417,8.420105772603414,3.496927888353252
16,16,TEI,17,59,7.790295166365401,4.172620149848882,8.219675611797042,3.487099796255431
16,16,TEI,17,60,11.179426107601062,6.5506294896086334,12.343772843042439,3.0557570595681494
16,16,TEI,18,61,4.147555723975524,8.183827566757437,7.991293807729024,3.4991121699649144
16,16,TEI,18,62,8.014225493936836,4.32249941704044,8.015114440070962,3.471584177529599
16,16,TEI,18,63,11.941371092732405,8.060036406392653,12.83919171379046,3.089255954599086
16,16,TEI,19,64,8.02705830152082,4.077805915342209,7.70261088304455,3.482434610916884
16,16,TEI,19,65,4.217932252380959,8.191730422658484,8.279490406714645,3.49419629031401
16,16,TEI,19,66,10.915564550973,7.306901126864263,11.905867978995264,3.2294536962796787
16,16,TEI,20,67,4.061949295911536,8.059612870860294,7.975432112456794,3.4989962711450637
16,16,TEI,20,68,8.143567090164513,4.125673531665558,8.053808807763007,3.501767015253409
16,16,TEI,20,69,11.615495310161254,7.177914275792356,11.432684355769894,3.2823632852381897
16,16,TEI,21,70,4.030657222352023,8.046309783202366,8.147976809226375,3.500641595952752
16,16,TEI,21,71,8.002634217161827,4.003008096563477,8.094477309502127,3.496958455535225
16,16,TEI,21,72,8.320689735650038,3.8760978809192292,12.788892608754301,3.3576209758294047
16,16,TEI,22,73,4.153496362149963,8.244815407143923,8.451622566568012,3.4955910933273
16,16,TEI,22,74,8.24066535515146,4.161771770338185,8.37765161725208,3.497552589127997
16,16,TEI,22,75,8.291590470968512,3.7665356391462708,13.071804131285193,3.204741253499756
16,16,TEI,23,76,8.846221119443076,4.366240005654779,12.100719685872757,3.5245584681853157
16,16,TEI,23,77,4.06203445886164,8.162334251625584,8.119061928070865,3.503196291672325
16,16,TEI,23,78,8.065946353139285,3.9415570090189096,7.533643928811732,3.4551263266456385
16,16,TEI,24,79,8.235763329471702,4.33756988023714,11.854171648123252,3.5906388015535935
16,16,TEI,24,80,4.09018361497378,8.006114877383723,8.414539417237835,3.4971695843625374
16,16,TEI,24,81,8.413615377361301,4.067178108735905,7.2453265723469675,3.4236471581731673
16,16,TEI,25,82,8.26985199865457,4.4476135313896625,12.062863737093943,3.533136937871845
16,16,TEI,25,83,4.155968620874076,8.06674986328938,8.052477394681443,3.49917142139794
16,16,TEI,25,84,8.452218010586355,4.009735569597448,7.493171517663047,3.4538937039584314
17,17,TEI,0,0,12.676121891968522,2.4145963675366042,8.366168210485382,2.5636567147546687
17,17,TEI,0,1,5.521199124964069,3.224129453426526,5.787360563837977,2.779478723694631
17,17,TEI,0,2,6.422467486404127,9.170146627484709,11.045788057699298,2.9394920817633023
17,17,TEI,0,3,0.2293448489506733,3.810613706889589,9.062187818458952,2.6604248021489707
17,17,TEI,0,4,1.2560504203071476,14.966455213844648,12.485191867510558,1.5067392787174776
17,17,TEI,0,5,0.5516603650098723,8.513097197226669,9.140102055676552,2.3427492249636974
17,17,TEI,0,6,0.10389869271402341,2.686258108698518,2.4738332028959356,1.56050358968349
17,17,TEI,0,7,6.929368643007963,8.505054243409388,6.778638357557275,2.827209087869619
17,17,TEI,0,8,13.796635201623943,12.223863103037363,6.017490817499124,2.3742668591068066
17,17,TEI,0,9,3.047423346927461,5.374883077730401,12.930525543560506,2.7422084260140194
17,17,TEI,1,10,1.542665983033023,8.261349322270178,11.149364199899994,2.540934986688062
17,17,TEI,1,11,14.491100971540652,8.331834637992234,11.165872015011944,2.3966090035736327
17,17,TEI,1,12,10.780935301225687,6.8216468672833415,6.530981466329976,2.8142241856914123
17,17,TEI,2,13,6.47571469014103,4.956978373384908,9.666583082823685,2.93758282928775
17,17,TEI,2,14,6.136692786021908,0.14987780732015066,7.175972233640772,2.027985880656744
17,17,TEI,2,15,8.804601187212958,10.418508614450253,10.005750123780063,3.029845835425051
17,17,TEI,3,16,7.648320011527226,4.57911824042837,6.240832317032044,3.135491698730371
17,17,TEI,3,17,8.49846560638791,10.127612889724396,10.959238715207404,3.1359378925001575
17,17,TEI,3,18,5.02516867231012,4.404598404871647,10.278822823948635,3.4759096744507483
17,17,TEI,4,19,7.203144688306649,4.465064542621196,10.267789010377497,3.3207765530664144
17,17,TEI,4,20,14.552855364237333,4.642593323627304,10.276973643498017,2.4984374431447356
17,17,TEI,4,21,0.16825026409008625,4.881635791009714,10.289996390877874,2.449384602381918
17,17,TEI,5,22,5.691053103273969,4.065437322570479,14.56861248282784,2.465366729527612
17,17,TEI,5,23,5.898298702143836,4.082022668760404,10.607127708777636,3.287362775136359
17,17,TEI,5,24,5.433150686632922,4.096405159072046,6.281426556276558,3.148326452427243
17,17,TEI,6,25,5.413176373027094,4.322197737882133,9.7986530668923,3.292347718726481
17,17,TEI,6,26,8.241882886756104,9.946054393747165,11.278735027409772,3.171526124731985
17,17,TEI,6,27,7.3753580619473595,4.3290738996569935,5.733171803078612,3.210140367006108
17,17,TEI,7,28,5.299088026002681,3.8497699232790805,10.156845731493869,3.3552871297799323
17,17,TEI,7,29,8.39391506283936,6.0049819451073985,5.707013624674663,2.679178639789846
17,17,TEI,7,30,5.141608069802818,9.193544604966897,10.143510851311454,3.023019739875202
17,17,TEI,8,31,5.640695999841089,4.348897768288341,10.63586896050198,3.2982857141383355
17,17,TEI,8,32,12.301931875132444,4.3518359887147975,10.552590045539315,3.51750801011052
17,17,TEI,8,33,7.5594042285270895,4.309272877306569,6.037778307094941,3.2087814265318437
17,17,TEI,9,34,3.8050872642384457,4.755140377095495,9.514224412135777,3.5866393720934275
17,17,TEI,9,35,11.35267304487611,4.673240035170432,10.914819533123083,3.523593171984251
17,17,TEI,9,36,4.68350721666594,5.74650080763195,5.604910924864323,2.954203198782421
17,17,TEI,10,37,4.067979950963584,4.541865372469361,10.513036721429852,3.787493703603294
17,17,TEI,10,38,11.905638552686312,4.585808300286018,10.851095825283819,3.55223690632328
17,17,TEI,10,39,8.142497449168232,3.4734626962584163,7.636288330019948,3.287025006144344
17,17,TEI,11,40,3.739570974920159,4.152305257765969,10.890015955239317,3.8760658266402315
17,17,TEI,11,41,11.664330425160076,4.32314597350539,10.792291135506462,3.6440579586775486
17,17,TEI,11,42,7.917994452607212,3.716495394239336,7.6440662720655475,3.4006591417642023
17,17,TEI,12,43,3.873013392341159,4.177704616391241,11.031500648060794,3.934393540237442
17,17,TEI,12,44,11.658634519526077,3.88006752461141,11.867003483919552,3.7253609740615703
17,17,TEI,12,45,8.103040084876149,3.9106351009746247,8.24628569339589,3.4862553127032045
17,17,TEI,13,46,3.952443002567139,3.9177303315675873,12.57720104810495,3.820617112995849
17,17,TEI,13,47,11.40243154342186,3.7505284919441206,11.874265743774872,3.678835159772843
17,17,TEI,13,48,7.573978674247751,4.024160835471028,8.898515729951765,3.4389046979107345
17,17,TEI,14,49,4.096944670367508,3.983991982620945,11.768874296275587,4.0042947275968475
17,17,TEI,14,50,11.911475861693164,3.931075682465205,11.410048776130575,3.7230093361208985
17,17,TEI,14,51,8.480886729374312,4.132060972181612,8.270610686611436,3.4953174841779493
17,17,TEI,15,52,4.070460138470999,4.029554267430968,11.716197703433501,4.010084261765619
17,17,TEI,15,53,11.819710843952858,4.091132132853633,11.741105390771244,3.750116430664273
17,17,TEI,15,54,8.348052788272943,4.081164884973743,8.767488870018813,3.479193017594575
17,17,TEI,16,55,4.00637894135733,4.119231594457223,11.685391634567486,4.0086899560769105
17,17,TEI,16,56,11.672887813701381,4.155988414690809,11.721078976086703,3.754076749501179
17,17,TEI,16,57,8.14363186036711,4.165762384682069,8.217267331942463,3.500434726729309
17,17,TEI,17,58,3.9832902008492272,4.03271204213744,11.751805905715631,4.003393654048299
17,17,TEI,17,59,11.819173919774729,4.1496959965968,11.649467237687906,3.7500244984243434
17,17,TEI,17,60,6.675187018309177,4.385748919719778,2.6159328263192503,2.909600311572987
17,17,TEI,18,61,3.9158910013355093,4.098295954664467,11.41869602524941,3.9897035680038195
17,17,TEI,18,62,11.764075873774056,4.175029130141834,11.704799942632995,3.7503572623499255
17,17,TEI,18,63,8.209349788128531,4.227461350536824,8.147622351801761,3.4935904316012754
17,17,TEI,19,64,3.9483358832949724,4.193942869305814,11.735058713567973,3.9952351027213657
17,17,TEI,19,65,11.53718257716374,4.224332970903003,11.948213761813191,3.7290211570949925
17,17,TEI,19,66,8.001502408202924,4.149546349355727,8.416049874610556,3.4949951019329353
17,17,TEI,20,67,3.92105592365282,4.07296525105875,11.536008062361919,3.9964960751775545
17,17,TEI,20,68,12.032935420622946,4.087054140859607,11.925916046048068,3.7138976754768604
17,17,TEI,20,69,7.92654525981316,4.066104643300658,8.19053272297109,3.498303868112914
17,17,TEI,21,70,4.178124551093848,4.072830974226249,11.517295885827293,4.006408562253808
17,17,TEI,21,71,11.924197637483964,3.9515316460885144,11.780439403229604,3.7294582850902014
17,17,TEI,21,72,8.097303154886873,4.111717619037284,8.270976115853038,3.5023134153412716
17,17,TEI,22,73,4.116389553697193,4.062788511875008,11.626444093055028,4.012361062873562
17,17,TEI,22,74,11.585922458565154,3.9757756992827438,11.48317942179873,3.7469605817049167
17,17,TEI,22,75,8.41009570882387,4.145464145023339,8.122705961106396,3.497754351773062
17,17,TEI,23,76,4.143913026691392,4.152428749414236,11.467078099818146,4.004626782581923
17,17,TEI,23,77,11.743702910594028,4.128591435121388,11.693522594460797,3.754541437287145
17,17,TEI,23,78,8.0455865167396,4.116834305949381,8.04223908775254,3.5005134643971227
17,17,TEI,24,79,4.00497727768115,4.006702273707351,11.680359472582344,4.005659733239908
17,17,TEI,24,80,11.907745364265365,4.099249165386803,11.33852449015159,3.730796288731316
17,17,TEI,24,81,8.45328084844469,4.10551146206462,7.929715209100801,3.4928791051370007
17,17,TEI,25,82,4.29554973921533,4.0294238042979815,11.651049980987564,3.9892794178622566
17,17,TEI,25,83,11.665807745578812,4.135241689306818,11.721594082615137,3.755390808255605
17,17,TEI,25,84,8.130166140710346,4.07996556541124,8.461429147785907,3.4976385232147935
18,18,TEI,0,0,5.989586538263591,10.761220189323241,4.212349920540051,3.2970055466536135
18,18,TEI,0,1,1.2408737699717447,14.546569789392896,8.45890118051928,1.5993581159881853
18,18,TEI,0,2,9.664814432268697,8.653071952539136,7.130414545949041,2.9470033720550486
18,18,TEI,0,3,1.836029847717855,4.703941818348271,11.04312874027488,2.767357707086912
18,18,TEI,0,4,13.610835495724974,13.329029177645817,14.224813228049129,1.530264787535835
18,18,TEI,0,5,0.3810588205746557,11.070578777986816,10.08900114852732,2.413648156697696
18,18,TEI,0,6,9.377814607335326,9.564362818695985,1.8940633729780099,2.361491498316816
18,18,TEI,0,7,9.392491665246641,11.806377160291449,0.11101558986839566,2.4084756207050915
18,18,TEI,0,8,13.815657408215623,1.9594676611959227,5.635591090842819,1.727352190792002
18,18,TEI,0,9,8.2604782032736,9.123831657327319,8.241429132646836,3.075021188552314
18,18,TEI,1,10,11.981226244820085,10.738278663891407,5.532340895937547,3.1000531497727843
18,18,TEI,1,11,3.3565931703076757,10.73421328884002,5.518147053139377,3.117877379843495
18,18,TEI,1,12,7.707578964403576,8.73099152922978,10.268178176159362,3.0512949845559127
18,18,TEI,2,13,1.7409755174232822,10.755424079998388,1.2210320514884003,1.8154485870478085
18,18,TEI,2,14,11.39041494763103,10.783808772705374,1.1757794406323057,2.5937028615839366
18,18,TEI,2,15,8.76598210031051,9.067270999208791,10.254131250374492,3.024588814944936
18,18,TEI,3,16,11.150826921833112,12.997732737196603,3.724286975990809,3.317078305659758
18,18,TEI,3,17,4.3875467723149155,11.821120080160648,4.319123594015743,3.9351399815900896
18,18,TEI,3,18,9.34941497758068,7.675558419380652,9.316509502465323,2.9858472580246165
18,18,TEI,4,19,4.596203029235869,12.24035075669305,3.8743697502846346,3.7998868911022337
18,18,TEI,4,20,4.568789484060984,7.804200353539057,4.741303324597474,3.5782039892436517
18,18,TEI,4,21,11.080189214141281,14.982922131570474,7.2281861835413475,2.201885236444922
18,18,TEI,5,22,4.5375564339959364,11.431241241631115,4.72166452992336,3.732453144897924
18,18,TEI,5,23,4.6320829038958475,11.508388618052575,10.380757059379334,3.474127746572774
18,18,TEI,5,24,4.820382474308232,7.441420454273498,1.8193181799406792,2.5816616208800602
18,18,TEI,6,25,3.3770071154838996,11.981082893868503,4.23345067131092,3.730822874874389
18,18,TEI,6,26,3.4041153270604996,7.509680373423827,4.041225507512165,3.613094853033707
18,18,TEI,6,27,4.837078541065477,12.805266514442037,10.582387978169205,3.151369832604516
18,18,TEI,7,28,4.175405651241151,14.79727958722838,4.349531038105344,2.956717877250794
18,18,TEI,7,29,4.334916516841649,7.561197450388723,9.74747270361747,3.375744657166163
18,18,TEI,7,30,4.209144300400098,2.8822039229104233,9.713468522349899,3.2244240290548194
18,18,TEI,8,31,4.23337745973895,10.74899525976468,4.1229640372847545,3.909200134318758
18,18,TEI,8,32,4.6225360656108085,10.184431830573793,10.114890356974655,3.2864225229452835
18,18,TEI,8,33,4.022670855750424,5.795782789441711,4.250685725053679,3.6522610792413177
18,18,TEI,9,34,3.955338194374619,8.029711148700155,9.133341914448492,3.4464726739659914
18,18,TEI,9,35,4.10803505700096,11.871501704840647,0.7302012693359822,2.9127806231675017
18,18,TEI,9,36,4.075269480681126,7.996713758895708,14.97029301933001,2.5780696284492723
18,18,TEI,10,37,4.193865995120788,10.890283983937273,4.076431256430877,3.936536824492683
18,18,TEI,10,38,4.420084530678753,6.233938066572867,4.454654992576011,3.5343823282708344
18,18,TEI,10,39,4.523217343703488,11.33077806546843,10.601753218852394,3.538085633770507
18,18,TEI,11,40,4.024017284717387,11.41417820556523,4.132138232493213,4.002027349767907
18,18,TEI,11,41,2.991560480873593,5.3299583301482,4.141071552955549,3.2817506089035353
18,18,TEI,11,42,4.194379543834276,11.36617252648007,10.95350058060546,3.6793332812402566
18,18,TEI,12,43,4.043166092416018,11.678371828219033,3.709037981007034,3.936101015794773
18,18,TEI,12,44,3.7979341871194725,7.02827879286241,4.351056724858608,3.694390872593906
18,18,TEI,12,45,3.902751782136182,11.602776294978128,10.84898547464199,3.662504063955688
18,18,TEI,13,46,3.9707882803288093,12.073296073335495,4.300691701607278,3.947465381831349
18,18,TEI,13,47,3.9607342711347213,11.305754294487354,11.927171605640105,3.7172370187128436
18,18,TEI,13,48,3.77759288004146,7.181122468479114,4.232873786514016,3.7380944779256335
18,18,TEI,14,49,4.1198467590248065,11.752385728052655,4.077660819379639,4.0102158967405845
18,18,TEI,14,50,3.9928359421683304,7.282730920424006,3.8738960213944273,3.786927170306085
18,18,TEI,14,51,3.9181461347438455,10.998536483055206,11.615951292576927,3.6878842824100166
18,18,TEI,15,52,4.104889735895073,11.571640778187358,4.004839800071344,4.008605255476023
18,18,TEI,15,53,3.8886250779088383,6.1474555431263385,3.8022218038814226,3.5859036913734434
18,18,TEI,15,54,4.149745957918745,11.542938430546958,11.821964965644234,3.748389823665403
18,18,TEI,16,55,4.08597756858172,11.626961170952946,4.076904154889939,4.013057763062432
18,18,TEI,16,56,3.996080500106705,3.5587564119581936,4.4874236221985155,4.042124452490967
18,18,TEI,16,57,4.121612263311717,11.449181156406633,11.764034745410289,3.7488262741677367
18,18,TEI,17,58,4.028495669914776,3.4245883987115784,4.460047287661116,3.97857148199695
18,18,TEI,17,59,4.138127711823917,11.677579746477589,4.207251834444384,4.004136371486162
18,18,TEI,17,60,4.069039117245481,11.543890257994473,11.321932446194797,3.741007360856303
18,18,TEI,18,61,3.6681709089448256,3.7369706033781562,5.283917674023408,3.658796245439043
18,18,TEI,18,62,4.142178989184519,11.540219659705212,4.059015726428509,4.009597194018543
18,18,TEI,18,63,3.9240822316188115,11.633197007880838,11.757948356416176,3.7410841670460666
18,18,TEI,19,64,4.105104392563822,4.113030055859634,3.8830010868078393,4.245469691180203
18,18,TEI,19,65,4.216555691230634,11.820468055595956,4.158394864283129,3.9959697837946977
18,18,TEI,19,66,4.175836486455727,11.400277219342904,11.700208043629349,3.7443310304258226
18,18,TEI,20,67,4.134015274644585,4.064005029807734,3.8425742436496044,4.2348713496192065
18,18,TEI,20,68,4.047476006341524,11.677063809352282,4.008167376065545,4.008621251752781
18,18,TEI,20,69,4.010105857488023,11.58538534524231,11.4681482767313,3.7496575680683106
18,18,TEI,21,70,3.869749922173658,3.9929849691369226,4.0444108966943935,4.237182662897695
18,18,TEI,21,71,4.203134315531147,11.465184479918271,4.008324973257133,3.9980844283290087
18,18,TEI,21,72,4.020661523530707,11.785599436904745,11.822651488703206,3.745520002835324
18,18,TEI,22,73,3.975521900407176,3.836375929661714,3.8920213346862784,4.207490998031565
18,18,TEI,22,74,4.2421140388415575,11.799927626806662,4.082718054589519,3.996150478123449
18,18,TEI,22,75,3.9733883965069934,11.396875562966873,11.40436266442072,3.73322905957128
18,18,TEI,23,76,3.9656860952512685,4.25106156622172,3.878982860063802,4.223404500960804
18,18,TEI,23,77,4.075104509508686,11.59577981462932,4.226121606721963,4.002876992982479
18,18,TEI,23,78,4.0620695108600415,11.668027370374663,11.709521706947186,3.756523854453323
18,18,TEI,24,79,3.994033245701127,3.9388016646266393,4.030746850587806,4.250066490363144
18,18,TEI,24,80,4.171044911307247,11.889979396954779,4.087730526552308,3.9979905385475116
18,18,TEI,24,81,3.9239017143110217,11.674468562881948,11.45732588770138,3.7381558452737593
18,18,TEI,25,82,4.242680846855996,4.033671522276026,3.9596105648235054,4.245640912522657
18,18,TEI,25,83,3.9071135767214473,11.874927660888806,4.15346111795675,3.983293642263603
18,18,TEI,25,84,3.944255288090992,11.407958346635223,11.664991328014171,3.7384782910579775
19,19,TEI,0,0,6.305681935938913,13.888040172250555,4.108049818474232,2.6667593984216253
19,19,TEI,0,1,0.9007290618378999,4.658151874696679,10.772778868081154,2.6977715734370045
19,19,TEI,0,2,11.714483726522747,8.080497541193894,4.674981267357308,3.4735398894929705
19,19,TEI,0,3,13.745245940837243,13.921132672794862,6.547814635592413,1.7502031266539664
19,19,TEI,0,4,6.145389036232025,9.198678387418612,10.704195981108837,2.8636187333511276
19,19,TEI,0,5,9.301767698495787,6.4944310457420436,6.628471311678256,2.680347383678167
19,19,TEI,0,6,9.689926701613219,13.767956833009872,0.7193523304631838,1.786976138355374
19,19,TEI,0,7,1.3446551785219574,11.423146624157338,6.895460301899329,2.424843286518883
19,19,TEI,0,8,11.65729857134558,8.090895484786092,6.927930221033626,3.1179661960115848
19,19,TEI,0,9,14.312621568202283,5.525663417646697,9.705218274721009,2.133615303528225
19,19,TEI,1,10,11.73605880705772,10.41852054523406,8.935054907514461,3.2004002311103674
19,19,TEI,1,11,11.735844524878882,6.570754450065857,4.119983844592995,3.436848559284343
19,19,TEI,1,12,11.735640060758245,4.246008502185944,9.702265294178178,3.5517725997507994
19,19,TEI,2,13,11.738747203604508,0.20949145955292237,10.694979073635785,2.5100292041072754
19,19,TEI,2,14,11.776755032567605,5.620492309070205,10.848335386347172,3.1113243209545662
19,19,TEI,2,15,11.735828145208197,10.867534234278393,11.120961313644223,3.389098875177691
19,19,TEI,3,16,11.734803957788483,7.415901045851039,4.0233960131870825,3.5761201472850184
19,19,TEI,3,17,11.734658228255405,4.124651187817513,10.516845849923365,3.628686745379035
19,19,TEI,3,18,11.714364328239046,14.155403327393387,9.820060262377242,2.4721838347324363
19,19,TEI,4,19,11.813244143571808,7.640638577212841,1.3234558548069963,2.5368112590006326
19,19,TEI,4,20,11.705877410337324,3.700942183372896,12.490624380241947,3.540063892726753
19,19,TEI,4,21,11.500049427765044,11.06513350317048,13.412776941241887,2.926023610776408
19,19,TEI,5,22,11.737200844443668,3.985256476364925,11.91216603994911,3.7368894931179866
19,19,TEI,5,23,11.723004707173903,7.525197701899859,3.419815392621286,3.3692320359783476
19,19,TEI,5,24,11.735244779699304,11.269773426647413,12.996019460844229,3.144414633943031
19,19,TEI,6,25,11.770531892244499,4.462663636441685,12.545661537100033,3.5297990137721866
19,19,TEI,6,26,11.886466336434848,7.3022320964332295,5.2598138842511215,3.111060305154588
19,19,TEI,6,27,12.150310203887823,11.27493485411218,10.958369048166444,3.373158556969214
19,19,TEI,7,28,11.738036827314422,7.206559391441797,5.266796626871494,3.10257234297027
19,19,TEI,7,29,11.733612017363592,4.019227699970311,12.9136799066795,3.453665872436823
19,19,TEI,7,30,11.727966856916845,10.536255205489665,10.489354658492026,3.246456821821946
19,19,TEI,8,31,11.320398508668122,4.026280399253827,11.469564251060259,3.7359263746785203
19,19,TEI,8,32,11.369872096418865,7.725503367870906,4.2350844078004775,3.5908649588995383
19,19,TEI,8,33,12.180886915637235,11.260687563378418,11.810388984574246,3.4206508109562264
19,19,TEI,9,34,12.254513068176166,4.039154502613036,11.637968884645828,3.684831533533009
19,19,TEI,9,35,10.756337570898989,7.502415683085469,4.114084420017641,3.499355977401806
19,19,TEI,9,36,11.071909816460309,11.460387861659653,11.608854317087575,3.4532406457921727
19,19,TEI,10,37,11.776160654103137,3.9317409171276707,11.334850161944122,3.7273948479199177
19,19,TEI,10,38,11.518752448154322,7.900657810785462,4.030006448855875,3.620374543495563
19,19,TEI,10,39,11.31077942456055,11.453843425682187,11.486020468639488,3.477268826787773
19,19,TEI,11,40,11.535112332771096,4.159616955836927,11.724779719219482,3.752198639698067
19,19,TEI,11,41,11.497602505380518,8.272891392658147,4.147465734222326,3.62510299673694
19,19,TEI,11,42,11.491767290125246,11.489810675206023,11.495996685476658,3.4925104437939654
19,19,TEI,12,43,11.733877663043216,4.174507420641526,11.5462741001566,3.751029509366946
19,19,TEI,12,44,11.780564835946803,8.08218900418529,4.009337850720666,3.6232585673669213
19,19,TEI,12,45,11.546195940115018,11.863097320720668,11.598555351200597,3.491971277333738
19,19,TEI,13,46,11.547033970552922,4.282116763960021,11.519386020186108,3.735007610855904
19,19,TEI,13,47,11.544739646753108,8.255617457367137,4.0250060494074145,3.626869178418775
19,19,TEI,13,48,11.706049407596831,11.654732334210788,11.746122040935209,3.499803475048723
19,19,TEI,14,49,11.712955125636867,3.9248539051929985,11.555219927574349,3.7416699518296
19,19,TEI,14,50,11.58529992096151,8.314440460141125,4.045905459142117,3.628016479764447
19,19,TEI,14,51,11.710556612569222,11.715981294615561,11.74165714719274,3.498830216072988
19,19,TEI,15,52,11.609506188737969,4.06169474435636,11.573411622443526,3.7567821513730824
19,19,TEI,15,53,11.86909617986901,8.114549955116427,4.098589882926611,3.6208500551200924
19,19,TEI,15,54,11.474831945091962,11.85032654725032,11.70103277628244,3.4896314037807423
19,19,TEI,16,55,11.656481609338897,4.0723633101011085,11.447194865510246,3.7519498901960775
19,19,TEI,16,56,11.460901637754075,7.969676511179869,3.979624656929272,3.6160633128985085
19,19,TEI,16,57,11.668756012337136,11.577062180758883,11.722101303852366,3.5007297053745257
19,19,TEI,17,58,11.382192784814226,4.159655483691733,11.525194449485575,3.7429507694529067
19,19,TEI,17,59,11.515927189378944,8.245937625526208,4.091223289062982,3.628075235979985
19,19,TEI,17,60,11.447674228892504,11.491502069226144,11.606119834369318,3.4933560606717453
19,19,TEI,18,61,11.650079379367673,4.118485620106768,11.714439639441574,3.756391718631318
19,19,TEI,18,62,11.309554707569866,8.206997830155723,4.023443998660744,3.6121399613069043
19,19,TEI,18,63,11.642883430050464,11.839410445588669,11.48526273295607,3.4916831131757737
19,19,TEI,19,64,11.687288823378582,4.034814849204845,11.518865034081951,3.7537187096896796
19,19,TEI,19,65,11.67953028721741,8.377901022227709,4.082062497716587,3.6274694182787623
19,19,TEI,19,66,11.656322400108213,11.716672506629926,11.702996376568686,3.500846407121805
19,19,TEI,20,67,11.528959231910697,3.9805572341943867,11.61993639224187,3.749839288355008
19,19,TEI,20,68,11.916832621292121,8.36448260180822,4.063535714962413,3.6136813271964447
19,19,TEI,20,69,11.589042843283877,11.564694812471675,11.531232879971714,3.4996477749044965
19,19,TEI,21,70,11.539623827578986,4.196797746001888,11.642051011369004,3.7502039114717287
19,19,TEI,21,71,11.693608161506305,8.322374788309494,4.053089943726192,3.6280364508154115
19,19,TEI,21,72,11.670378013362793,11.689202352723413,11.483082336711204,3.498238554510496
19,19,TEI,22,73,11.616589903572775,4.000645064143281,11.703531766696756,3.7530690947526457
19,19,TEI,22,74,11.522305439169406,8.00223164039103,4.0551520849802225,3.625637520103889
19,19,TEI,22,75,11.534268188219668,11.613001286261358,11.488757218017223,3.497323139167822
19,19,TEI,23,76,11.487244905777919,4.161988468965513,11.541088078436792,3.74988741495531
19,19,TEI,23,77,11.53290938113504,8.475067108411151,4.065453549157551,3.622289656531483
19,19,TEI,23,78,11.7255305150435,11.5626683732948,11.686248636715504,3.5000591174597826
19,19,TEI,24,79,11.700296526216839,4.116962863803041,11.539569427581894,3.7552389028218025
19,19,TEI,24,80,11.60503283496858,8.15853176864056,4.055786386704749,3.6301458090937375
19,19,TEI,24,81,11.646893329617944,11.831413811151252,11.584183307436977,3.4955406346027607
19,19,TEI,25,82,11.791130633087377,4.096547214177594,11.501570653270845,3.750702749871512
19,19,TEI,25,83,11.828297140166448,8.017247743588932,4.087603137753286,3.6222818151542793
19,19,TEI,25,84,11.626882304423646,11.753025014222803,11.661579436566582,3.500286133622022
20,20,TEI,0,0,4.2011394394523895,6.917200647044132,1.8257953886466283,2.717708018570864
20,20,TEI,0,1,7.839125275783988,6.137526131613074,1.0745932080699738,2.1872086838167673
20,20,TEI,0,2,1.4845001372779771,14.794325459501204,10.4110182353638,1.5414939145492244
20,20,TEI,0,3,6.73032690394678,9.60265212884643,4.057332846817459,3.273563445017652
20,20,TEI,0,4,4.528109504729433,1.1001310132745645,0.7887835668373977,2.0197765427452827
20,20,TEI,0,5,12.112126925317034,12.199580036845244,0.0745741868912686,2.493973916524582
20,20,TEI,0,6,4.950830161462462,1.3363028491644373,7.019203616841655,2.416600049978821
20,20,TEI,0,7,9.265341898200745,8.265720944291333,2.0109280871735846,2.452624927321804
20,20,TEI,0,8,10.536642548776433,9.194541089763723,7.011380364684423,2.9595935204104453
20,20,TEI,0,9,4.456907105158894,13.77590826026294,1.2515954701346983,2.189459232565757
20,20,TEI,1,10,3.684280785394,4.7967544746889805,3.0325662980923966,3.483012147935752
20,20,TEI,1,11,3.640162801941307,14.692964252022357,3.049717735802875,2.439694041486062
20,20,TEI,1,12,7.097754624005949,9.7692804570753,3.7431228536386962,3.277294385337008
20,20,TEI,2,13,3.0756902948713067,4.729922274126642,3.3100580183925903,3.338876038264009
20,20,TEI,2,14,6.9291491764620545,9.91461021226526,4.339280781801117,3.2832599283645516
20,20,TEI,2,15,3.7422861197566863,4.809799139880489,7.822265591943281,3.5912235503380097
20,20,TEI,3,16,2.6687763088538397,5.445944409069139,8.068206425482098,2.6440896794363766
20,20,TEI,3,17,7.203034746692812,5.514877383552147,8.085203311873755,2.883747254901425
20,20,TEI,3,18,14.198663367616568,5.537904922143215,8.0215018525255,2.229960842578144
20,20,TEI,4,19,4.428118581150514,4.778466076754312,12.326341201011047,3.6608313216387978
20,20,TEI,4,20,4.399948775540431,4.748863028013987,7.602176259162761,3.6180066281738794
20,20,TEI,4,21,4.642785137722928,4.754899371951865,2.8919221298287017,3.3507779799103647
20,20,TEI,5,22,4.030590921300381,4.260115560384166,10.63827013236527,3.886939802927534
20,20,TEI,5,23,3.975230281689128,4.184729307245673,5.181237769158415,3.8504350100438645
20,20,TEI,5,24,4.052342538046669,4.7948132770941125,0.0280083824281685,2.885758405988203
20,20,TEI,6,25,3.9337155942253954,3.7151687439941714,10.822974674924895,3.8462003295142217
20,20,TEI,6,26,3.8599785461040463,3.9967164747852935,5.2679721491261375,3.791091952361121
20,20,TEI,6,27,6.8128964497878925,9.876548424272714,3.2772240367820267,2.9777527522941982
20,20,TEI,7,28,7.457497437800545,9.592604413610403,7.319575135431735,2.947287029376698
20,20,TEI,7,29,4.032206909142785,4.1466111321555275,12.083156402914067,3.972748408924815
20,20,TEI,7,30,4.014064008945635,4.271561170613046,6.393115657887682,3.6495302028591237
20,20,TEI,8,31,3.7691814972627036,3.849917738888846,12.246837937706909,3.8590744458440565
20,20,TEI,8,32,3.9799437553069166,4.360759018967372,4.627576832161394,4.090624996063244
20,20,TEI,8,33,7.144336028128683,8.555970692426984,4.747942038704373,3.2111860604784415
20,20,TEI,9,34,4.006978727706432,4.4127636203784535,7.7067168747818435,3.8111253683295434
20,20,TEI,9,35,4.016391844064395,4.399412964389153,13.384639558322217,3.446829941475977
20,20,TEI,9,36,3.8649138600459527,4.42576160063772,1.7229953665635156,3.1436397369064033
20,20,TEI,10,37,4.112846715254687,4.484440848988205,4.397074301310413,4.144151835017921
20,20,TEI,10,38,4.25883109883514,4.187748464035238,11.666588594647967,3.9927656915192475
20,20,TEI,10,39,7.604394992261266,9.397888925443729,4.184822380784901,3.410650907852314
20,20,TEI,11,40,3.9904996394595695,4.340284646434944,8.616457135626732,3.8354979415434
20,20,TEI,11,41,3.981117136949706,4.310064629017191,0.5424088586219655,3.129952865992868
20,20,TEI,11,42,4.112378571456762,4.870297614004072,14.581233657966537,2.7925655424021114
20,20,TEI,12,43,3.9587640382129323,4.066282144178096,3.9875212487977585,4.253841444646404
20,20,TEI,12,44,4.112783819443201,4.157617443286118,11.635699874126416,4.010271182107741
20,20,TEI,12,45,7.447159364959225,9.680702592511363,4.351046843368007,3.3574746991388267
20,20,TEI,13,46,3.976925836126351,0.4271980681744397,4.033246762609105,3.1406850539683044
20,20,TEI,13,47,3.990970312345001,5.785605746820599,4.100458973164573,3.6645843839475774
20,20,TEI,13,48,4.201363683756288,0.6818426795773291,11.457768325555662,2.907042150611747
20,20,TEI,14,49,3.907528416033697,3.8561655684210483,3.934247692287091,4.209812935336368
20,20,TEI,14,50,4.136803138142845,4.278047822999061,11.712239631156228,3.992375534197506
20,20,TEI,14,51,7.737404193338666,9.180090516532307,3.766898069960864,3.3835045765382334
20,20,TEI,15,52,4.174504357792274,4.158507920534208,3.753660665900575,4.202645521002141
20,20,TEI,15,53,4.015911442779434,4.015838004572185,11.808758197815429,4.002395224933555
20,20,TEI,15,54,7.541679321035569,9.341781729520338,4.111978258388352,3.4107894191918975
20,20,TEI,16,55,4.006516887095385,4.092045102641053,3.8952937223156403,4.245030559076568
20,20,TEI,16,56,4.041216432129572,3.99111752994239,11.637257992073605,4.007003763046699
20,20,TEI,16,57,7.652803531703621,9.598678769191661,3.9744320201804735,3.4086058192101554
20,20,TEI,17,58,3.952905054785529,4.1354019813894025,3.895908610165619,4.237795268200378
20,20,TEI,17,59,3.9990320041146425,4.051036726347064,11.731613662813071,4.006661633969761
20,20,TEI,17,60,7.460158436699056,9.371127388335491,4.068558567183222,3.399901644435473
20,20,TEI,18,61,4.035769568079544,4.051864573503407,4.198923693259732,4.259788288219195
20,20,TEI,18,62,4.0637133428819014,4.236331222352698,11.53366882072511,3.9996765429199845
20,20,TEI,18,63,2.714944699643202,8.6688705641073,4.609527721315604,3.0451315506109156
20,20,TEI,19,64,4.141371530046345,3.8299484337723215,4.010845854528521,4.2282703841020615
20,20,TEI,19,65,4.003048806815894,3.980849508043538,11.72860637378396,4.001754625244909
20,20,TEI,19,66,8.175265992508768,9.481923871671007,4.060131804757168,3.441090021754646
20,20,TEI,20,67,4.194707630733671,3.9664046394592924,4.020353503358286,4.252110360363218
20,20,TEI,20,68,4.0613537585674955,4.167178840640374,11.440557659318255,4.0032719734145115
20,20,TEI,20,69,8.20303228662375,9.39853812840626,4.131376090910842,3.443120998793053
20,20,TEI,21,70,4.185145171282453,4.0410711355015785,3.8829850760514786,4.239862492405642
20,20,TEI,21,71,3.963057850339079,4.146521536666461,11.331561839282031,3.9885961369286904
20,20,TEI,21,72,8.176425871691247,9.288116833520066,4.166487681022186,3.4457549260186733
20,20,TEI,22,73,4.2438325024114745,4.147640876758166,4.101588528604239,4.253813873917463
20,20,TEI,22,74,4.464068909201744,4.011787612907744,11.496327608539529,3.9377472456058014
20,20,TEI,22,75,8.601967946790122,9.089904099785825,4.186738317675994,3.4426401610322603
20,20,TEI,23,76,4.096821184812561,4.020158045926255,3.9381937567452026,4.253909646011705
20,20,TEI,23,77,3.9788432252813126,4.14365996012099,11.422432439037408,3.99781740134084
20,20,TEI,23,78,14.917192452272852,14.771908526445378,14.98012884456072,0.3975358337621316
20,20,TEI,24,79,4.003825736467216,4.136502487748237,4.0910338508021935,4.263326721527601
20,20,TEI,24,80,3.934196281646887,3.992099787987317,11.705322400225004,3.9948646660019955
20,20,TEI,24,81,6.857419203750262,10.712834504597417,10.52869308171931,3.0098775912658704
20,20,TEI,25,82,3.966601287145537,4.166742173848858,4.05749235975843,4.2567568926578065
20,20,TEI,25,83,4.055358995027084,4.041784367084673,11.727755961027423,4.010017820389573
20,20,TEI,25,84,14.018259637202515,0.00103353232472847,14.942380239760476,0.7509723027781741
21,21,TEI,0,0,11.716763832262064,9.08770544356452,10.647017856126377,3.223317302256693
21,21,TEI,0,1,1.3364680938331341,9.460716238108565,14.712160533366792,1.5062577780019513
21,21,TEI,0,2,6.351077585396341,1.686046250210134,14.373996680487636,1.4530948653056994
21,21,TEI,0,3,10.139732773825601,2.9578910391741835,10.080888847901806,2.873925457115389
21,21,TEI,0,4,14.891124416048894,3.142282110097428,12.807896977688,2.058338526219041
21,21,TEI,0,5,10.483661778410251,3.325125413651777,2.7715759838289182,2.9357563533434563
21,21,TEI,0,6,14.3123554827077,5.106562914060077,6.620917485291803,2.1839201907101753
21,21,TEI,0,7,9.841310276166057,6.6045285555231645,0.003967559706777868,2.0841170178231585
21,21,TEI,0,8,3.9038380556747083,7.083532420685154,11.419026660671266,3.5027617269498394
21,21,TEI,0,9,9.095795109976418,6.452925439122495,2.8654269515097672,2.650135066453389
21,21,TEI,1,10,0.42445295386386805,7.080924466930366,11.279703968199396,2.3887656155501986
21,21,TEI,1,11,6.996658148428602,7.159052577368313,11.255175706114873,3.0193262274101054
21,21,TEI,1,12,13.435632192888939,6.656509248403654,11.294173260730545,2.6408337471623584
21,21,TEI,2,13,14.015215781631204,3.964301686432765,11.418912858938032,2.9535943824418864
21,21,TEI,2,14,5.236060831939737,7.070327022195532,11.418705821365265,3.087334583658888
21,21,TEI,2,15,6.606750540382843,12.047483937256828,11.418938757749086,3.150879043575248
21,21,TEI,3,16,4.2729917327164415,0.2021625359688034,11.419223708697867,2.8415839207910842
21,21,TEI,3,17,4.674006397415387,4.554696749611232,11.419136550473267,3.7472931495044195
21,21,TEI,3,18,5.173358982866924,8.857660418949411,11.419519811074784,3.1925391319764183
21,21,TEI,4,19,2.51321879511964,6.430851961362957,11.419186813201755,2.598418405316771
21,21,TEI,4,20,14.103564642727804,9.813905128625628,10.646897511908913,2.3836729175839038
21,21,TEI,4,21,2.332434633659058,14.267806663721924,11.418822521861305,1.9756055389044758
21,21,TEI,5,22,4.49173257170819,6.475588654845774,11.348265381434523,3.3332111100842248
21,21,TEI,5,23,4.6264288327151,11.564854790130163,11.54452367839714,3.6220908534308807
21,21,TEI,5,24,11.715778300065717,9.2297800794543,10.560917687424341,3.2022061552581906
21,21,TEI,6,25,4.7641221109842355,10.243210962940754,11.023751916811037,3.347821394155388
21,21,TEI,6,26,4.756113023389529,3.1725156071620315,10.94628408477351,3.369735226923953
21,21,TEI,6,27,11.725529378418134,6.507750992020654,11.265183548777047,3.152218336775061
21,21,TEI,7,28,4.775718424038971,0.11094912886231378,11.800347596662577,2.6465580163509537
21,21,TEI,7,29,4.761075970999175,6.139803298984051,11.725503047142233,3.196905017523977
21,21,TEI,7,30,4.788386734756181,11.80653984708595,11.822509157908234,3.5365019299048357
21,21,TEI,8,31,4.1675133677322815,4.564406017820743,3.8924818699759673,4.13756092195851
21,21,TEI,8,32,4.16706383698512,4.517676286851029,10.20852888289331,3.7568694173358343
21,21,TEI,8,33,4.322344113961714,3.5602150196509452,14.987201181328857,2.7887396543260494
21,21,TEI,9,34,4.167234662272904,11.314085614664357,1.9183183633215957,2.9785139515023094
21,21,TEI,9,35,4.168608372842992,5.834374053537181,2.2035987528855494,2.715686348284099
21,21,TEI,9,36,4.167036880842508,0.020299977305708317,3.349483860090905,2.828332520632996
21,21,TEI,10,37,4.6068461170163495,4.130042418235728,5.972670303029142,3.525504945485965
21,21,TEI,10,38,4.619140371321584,3.969240645318983,0.02518917358220296,2.9616467180929615
21,21,TEI,10,39,4.994596292085966,4.3724282170588085,12.200791849499193,3.597981626729747
21,21,TEI,11,40,4.182839204177942,8.376178180923828,3.92363376182768,3.8639579938532407
21,21,TEI,11,41,4.159216987942884,2.7213826095406053,4.002585176619118,3.567311904712083
21,21,TEI,11,42,4.756930835167429,7.560427893228719,11.3030277806467,3.385806245751562
21,21,TEI,12,43,3.976945477220086,4.142107316502799,4.212698671372804,4.252154672452713
21,21,TEI,12,44,4.456975253004899,4.432439469849573,10.841940313639721,3.8099352502896044
21,21,TEI,12,45,4.060015995602323,9.346770610775899,3.8927607929495784,3.807812038712076
21,21,TEI,13,46,3.7047377280772587,4.162080020336024,4.385414485869196,4.143864957219037
21,21,TEI,13,47,4.364902361560299,9.311531768681625,4.036037453306849,3.790150011121443
21,21,TEI,13,48,4.5669495103886,4.353622554563454,10.961883723830564,3.8094527769074142
21,21,TEI,14,49,4.173466039473234,4.052787942566246,3.823232555976686,4.22659170495748
21,21,TEI,14,50,3.8824704292207985,9.156446162501185,4.076373490117524,3.815898574673419
21,21,TEI,14,51,4.473645702554049,4.414497196798569,10.816063213513601,3.8058471971300696
21,21,TEI,15,52,4.436953489298371,4.066689697382268,4.195518157261478,4.202095297202413
21,21,TEI,15,53,4.071220270346907,9.160169945787377,3.3006807898154045,3.538848224494824
21,21,TEI,15,54,4.577773359221474,4.441407313768781,10.953890738100887,3.7779193242098215
21,21,TEI,16,55,4.121611370107615,4.181256779459591,4.321145303153202,4.235570991268984
21,21,TEI,16,56,3.6727438329613853,10.351545823273788,4.553168827280342,3.6714914318250793
21,21,TEI,16,57,3.939016662455721,3.9449473103219597,11.076407075718699,3.946720598958751
21,21,TEI,17,58,3.9523535034174713,3.9624827488699905,3.90637147792551,4.232607208314862
21,21,TEI,17,59,4.031448467158282,4.102463068115266,11.329412731322762,3.99670068155073
21,21,TEI,17,60,4.219678241305858,9.030010158402296,4.091189453852775,3.8373993568251206
21,21,TEI,18,61,4.0200791134189915,3.9694372810152982,3.9970386284590376,4.2540263137314795
21,21,TEI,18,62,3.985612481559567,4.027034391608037,11.666972637980889,4.00545518261552
21,21,TEI,18,63,4.06654937684468,9.043177368922635,4.165967243426477,3.84211929604021
21,21,TEI,19,64,4.129548041048076,4.220312231032064,4.1263810877334155,4.2575539430096425
21,21,TEI,19,65,3.940283619673324,4.149437250056838,11.69777329282981,3.998910097329454
21,21,TEI,19,66,4.213215636762061,9.122461695067308,4.099126611431486,3.832302751255452
21,21,TEI,20,67,4.056126627928011,4.213355441681753,3.8808622453726556,4.236788574169942
21,21,TEI,20,68,3.924027483425543,4.028255913112094,11.616129156777923,3.9968689471494274
21,21,TEI,20,69,4.042837430973492,9.120335113084124,4.115267581539884,3.83917731463903
21,21,TEI,21,70,4.164581575739671,4.072591004431652,3.974572492901369,4.25829488673964
21,21,TEI,21,71,3.9129430740315447,3.9802202676728844,11.55096010010383,3.9894243992841254
21,21,TEI,21,72,4.010385758117495,8.846079453025277,4.4007425032348575,3.8067627233123993
21,21,TEI,22,73,4.024605471273227,4.35215260678133,4.1158032033042655,4.230612680780929
21,21,TEI,22,74,4.028662920188634,4.107209738783542,11.341017482695722,3.9974696957046945
21,21,TEI,22,75,4.274968567247689,9.249594601923922,4.063426255242865,3.8149403306170524
21,21,TEI,23,76,3.9675323345637326,4.138051673783777,3.9017303941129096,4.240825474160543
21,21,TEI,23,77,3.9968149609147803,4.1776829940290545,11.643175318296668,4.004517098281685
21,21,TEI,23,78,4.117985736815185,8.800942692732628,4.145413331611508,3.859378347950764
21,21,TEI,24,79,3.9702142314714335,3.929383009719059,4.033754969338551,4.246011959576601
21,21,TEI,24,80,4.195552611990565,4.105751449205719,11.761817248914152,4.004206666406718
21,21,TEI,24,81,4.126451727270002,8.559278172847712,4.282913534568745,3.8554594621102165
21,21,TEI,25,82,4.163309530773735,4.00577162476279,4.10539223188571,4.261609065226169
21,21,TEI,25,83,3.9473979862254236,4.095403730293139,11.354465998177671,3.9901308971874085
21,21,TEI,25,84,4.221795172292239,8.693817820559403,4.125242056236415,3.858274660155179
22,22,TEI,0,0,5.4952037314811415,2.989430690626244,1.3283755989191837,2.1586260618858195
22,22,TEI,0,1,9.7978753140138,6.890055671159201,14.815134283203024,2.027313583579785
22,22,TEI,0,2,12.77352104776696,12.554419848555668,0.7715815121288899,2.269873230041228
22,22,TEI,0,3,8.330177330423108,9.11196789529001,0.7521194260962444,2.3684996408705294
22,22,TEI,0,4,7.159919290608433,4.94345713957603,3.2472852268032715,3.172473335620448
22,22,TEI,0,5,11.955250991049661,6.313483346093988,1.5477466279666334,2.3327019355547236
22,22,TEI,0,6,5.536059278253402,13.722666400462666,5.843957321106811,2.1947909432337314
22,22,TEI,0,7,2.8100378836972344,1.0010423257026009,7.682573375919862,2.1531699180088126
22,22,TEI,0,8,10.01333977365762,6.192143764039176,12.724791057359866,2.7393772654071027
22,22,TEI,0,9,7.8673359472017514,11.961514620370984,8.477286052589523,3.2146682124643995
22,22,TEI,1,10,7.899948246088032,3.5062496557208966,8.5029002974829,3.3170190814282656
22,22,TEI,1,11,8.064387455674527,13.718690762060891,8.493660567883614,2.5733958836235438
22,22,TEI,1,12,11.43364081212631,8.073446461886022,8.500399075649408,3.2335264428546915
22,22,TEI,2,13,7.91495719360631,2.3671394263631758,10.787877165528592,2.6566895079007713
22,22,TEI,2,14,7.914919558356593,0.1930767875878603,1.4652447829765651,1.6740096847106294
22,22,TEI,2,15,7.9150149340772575,10.626769205234314,1.6447256538071802,2.465534465333514
22,22,TEI,3,16,13.181621895338482,3.0677177986576742,8.502923711076956,2.7419149631461632
22,22,TEI,3,17,3.4225808114365988,9.066325235297604,8.503126215126592,3.232651013907999
22,22,TEI,3,18,10.161883463883395,8.815499785947974,8.502328870588519,3.046660045663685
22,22,TEI,4,19,7.135999502438916,1.9020391632526479,8.501087689708616,2.3845355592894264
22,22,TEI,4,20,7.310121696730309,8.501485228333408,8.500750416491304,3.0404623548187413
22,22,TEI,4,21,11.969868791538147,4.163252585951421,8.499052178457289,3.600118168450586
22,22,TEI,5,22,6.517506659338349,3.9821842931583533,8.377057407408524,3.2949762339467203
22,22,TEI,5,23,10.951840358090797,3.9947470205244286,8.475287035191853,3.55826770268361
22,22,TEI,5,24,0.5455752633436006,4.0259771696653415,8.443860892152689,2.771862212519343
22,22,TEI,6,25,10.920206450831008,5.01224993822784,8.71056457691228,3.222073748814415
22,22,TEI,6,26,6.166422433464609,4.271376152299437,8.844793023856793,3.224251030281537
22,22,TEI,6,27,2.0152450117048377,10.461991225901425,8.430941481447865,2.495695531589007
22,22,TEI,7,28,13.643747313914968,4.224061118190953,8.811519573498062,2.962235698809837
22,22,TEI,7,29,8.64481014405437,4.072332672475886,9.65766927051439,3.4240648735335264
22,22,TEI,7,30,10.531450211038209,4.620045528013547,4.39074912258951,3.7118162005449618
22,22,TEI,8,31,12.013999289945183,4.548534531723346,4.385773956073323,3.842017667825494
22,22,TEI,8,32,2.3506841111488357,4.453806225482839,4.381570541231136,3.2706200078480463
22,22,TEI,8,33,6.807503940874152,3.8163088952481994,8.483501061596904,3.3060614193398408
22,22,TEI,9,34,11.3232579177948,4.438262922883872,9.604510881845307,3.4908066483414393
22,22,TEI,9,35,11.49015527837221,4.435697978676749,0.21847480120504859,2.8056833562775507
22,22,TEI,9,36,10.957751229855882,4.563909736530326,14.8997885651531,2.55276297557559
22,22,TEI,10,37,12.01974185333149,3.861374064816678,4.54416380582826,3.859919998395163
22,22,TEI,10,38,12.0153579472635,9.752208839202723,4.248077625488849,3.527410037641446
22,22,TEI,10,39,8.634542067728901,3.845809395845693,9.700539066227684,3.393736928874492
22,22,TEI,11,40,14.446961778740055,4.0941488724920365,4.340261514333946,3.0481562235473776
22,22,TEI,11,41,8.904358701536557,4.147881716992028,4.51215858106351,3.7663778779249
22,22,TEI,11,42,12.121505466159695,9.780937411171568,4.225012648208285,3.5140408338105624
22,22,TEI,12,43,11.59554651492818,4.154499323664571,5.329645098975031,3.5396177590323594
22,22,TEI,12,44,12.078690332730146,9.352932196474029,4.797490944769133,3.3221133266983855
22,22,TEI,12,45,7.780132916906793,4.268231230561835,9.05915960645182,3.4320376940954453
22,22,TEI,13,46,11.803863467166925,3.873320087814798,3.526635154151382,3.822249346964136
22,22,TEI,13,47,10.967330257508006,10.046247301021634,4.094940559535835,3.5205419201329655
22,22,TEI,13,48,11.425575459885676,3.956168919941895,9.325380440625914,3.5578798899388095
22,22,TEI,14,49,11.726443546678023,3.8264123663159557,4.0841631631033435,3.9753647919789175
22,22,TEI,14,50,11.843002110177016,9.604384377464395,3.773515605067972,3.5063937638895544
22,22,TEI,14,51,11.350163857790905,4.1713616342554,9.4683269851476,3.5524708796960915
22,22,TEI,15,52,10.31439712921588,3.5111075164117183,4.19089469288283,3.6846681008371807
22,22,TEI,15,53,11.645262394810192,10.046098483663425,4.265641330899527,3.563494228782333
22,22,TEI,15,54,11.262044305539598,3.952482345285939,9.50107623290377,3.537119656917336
22,22,TEI,16,55,12.063321368594375,3.920422136136526,4.120463518056601,3.9639884701242014
22,22,TEI,16,56,7.330809414265361,4.070254041989025,5.529355651374274,3.2818134375443035
22,22,TEI,16,57,11.730656642042693,9.856782543023787,4.253528804475516,3.554035778215434
22,22,TEI,17,58,11.81948302058361,4.065170672035868,4.040868007147062,4.005772047581132
22,22,TEI,17,59,11.591604284177853,4.152981546079586,9.293655694704144,3.573209815253115
22,22,TEI,17,60,11.493678674751632,9.83607390992505,4.065555942531208,3.565367668398876
22,22,TEI,18,61,11.829111971632248,4.102506172434111,4.097581480137942,4.0064022436869715
22,22,TEI,18,62,11.40388774649126,4.0165584266463235,9.28543781146926,3.5648398561729966
22,22,TEI,18,63,11.556859837774345,10.060654413821958,4.120869496907869,3.579137801664038
22,22,TEI,19,64,11.652486744817312,4.013171508492686,4.230076005909721,3.9996774772765145
22,22,TEI,19,65,11.647853755224412,9.990535699448804,4.0460549852972925,3.575152648021202
22,22,TEI,19,66,11.689567592765092,4.2600896999932205,9.326149558627879,3.5585181927784997
22,22,TEI,20,67,11.522176302091335,4.106262361248004,4.082898142990054,4.010771078296731
22,22,TEI,20,68,11.41809645363609,4.0596247006756,9.167758964132666,3.574519862116541
22,22,TEI,20,69,11.584734298837676,10.23112545498909,4.069424230212656,3.5951857521561186
22,22,TEI,21,70,11.64049334001822,4.140140200853577,4.22178738957827,4.002420974293225
22,22,TEI,21,71,11.817242699449071,11.193727754296075,4.076471247014282,3.723308642596632
22,22,TEI,21,72,11.248089200804932,4.086683022218377,9.245606675980621,3.5555520719715266
22,22,TEI,22,73,11.61862985121497,3.9179422954829417,4.030862508260825,3.9959640501019686
22,22,TEI,22,74,12.253910237244215,11.675739647274375,4.109494267951778,3.685731740467318
22,22,TEI,22,75,11.57434578709542,4.2703061452338495,9.041242544052146,3.5727473729461785
22,22,TEI,23,76,11.74854169526577,4.05759804839625,4.103664427192058,4.010345698054122
22,22,TEI,23,77,11.405076275785468,11.667020686004781,4.02433909312329,3.7471020355887585
22,22,TEI,23,78,7.292686467861949,4.258322023777523,4.304184424419511,3.778861752545377
22,22,TEI,24,79,12.000116039393237,4.084484481773541,4.006045092456687,3.985369322521467
22,22,TEI,24,80,7.438318558072689,4.271667161777483,4.3243345394653945,3.792453453925697
22,22,TEI,24,81,11.402402471869896,11.552928439218702,3.896793760920198,3.7285684955770515
22,22,TEI,25,82,11.773103637321086,4.003793464367208,4.124369335414679,4.005420561762542
22,22,TEI,25,83,11.595519596006232,11.802857829810913,4.211302472579153,3.744883522089469
22,22,TEI,25,84,7.369877125738169,4.2954235215336904,4.573241266437361,3.6961511791552533
23,23,TEI,0,0,10.408996209860463,9.621873313173458,1.9296633647645434,2.4115672409604456
23,23,TEI,0,1,1.7056207519699402,9.80018282001881,12.80185658947741,2.2714247788052266
23,23,TEI,0,2,3.026687016606094,3.27027955628604,10.748769538853741,3.1117508649592507
23,23,TEI,0,3,7.060495060039126,6.228328959610671,5.237217070764293,2.7340263598950187
23,23,TEI,0,4,0.9578062971553802,6.819992488673373,4.521799193995163,2.5706127458602923
23,23,TEI,0,5,5.8361512993590265,8.104467290000517,10.253845381083268,2.865242146115233
23,23,TEI,0,6,9.37128565767344,11.140566808328579,0.27326033668120087,2.399387671229925
23,23,TEI,0,7,9.813857245981858,8.130938231331978,12.770115196292824,2.945776406403052
23,23,TEI,0,8,14.085438688440279,0.19234677706261083,12.424924469847584,1.6776470475451721
23,23,TEI,0,9,3.7998583602408065,9.370619845019032,11.466275402773853,3.523516515253408
23,23,TEI,1,10,7.822534961659477,9.349417316695092,6.954868602843296,2.9279978487010903
23,23,TEI,1,11,4.896748781832195,9.349261360206313,13.474719935605457,2.751123979908196
23,23,TEI,1,12,14.954791286038652,9.348488656137269,13.01976112627671,1.9237626726966917
23,23,TEI,2,13,3.9330094814490657,12.632775529941386,11.101517047868544,3.517566872600429
23,23,TEI,2,14,3.9407404181270307,1.6036583551622212,11.188631528550935,2.920620932393939
23,23,TEI,2,15,3.8879071885777354,7.913704741122828,11.162744048793492,3.571223567092357
23,23,TEI,3,16,10.557287599624724,7.913555213963672,10.430216445478312,3.110058294218332
23,23,TEI,3,17,3.278172018175286,12.632745502142756,6.74846866796079,2.9672550175822945
23,23,TEI,3,18,13.732050856463333,7.913395842028886,0.8772038376860586,1.8721514307132976
23,23,TEI,4,19,3.9954091749199576,9.449128626660228,10.095953400955317,3.3904837324695816
23,23,TEI,4,20,3.9140091198996307,14.546497186002767,9.869315295679572,2.5941949048607307
23,23,TEI,4,21,3.577979099869796,4.372368772492504,10.007553058164051,3.657225211306152
23,23,TEI,5,22,3.614511502841919,4.2090615162362495,9.746819207309443,3.6977679565980472
23,23,TEI,5,23,4.009073381150369,9.877396509967442,10.978110019771682,3.5095617089221722
23,23,TEI,5,24,10.54080278342492,8.181900262023406,10.491220520430097,3.1217367106982894
23,23,TEI,6,25,3.8632133417652947,5.2865905961969055,9.386998707628187,3.346870997976343
23,23,TEI,6,26,3.719721631294925,14.935107810690205,11.76105166379602,2.639678787770335
23,23,TEI,6,27,4.109056985431624,0.2626047309162005,8.204319167302996,2.7468597726848962
23,23,TEI,7,28,4.005125173369014,11.421596355647521,13.464380694102424,3.1945765355218807
23,23,TEI,7,29,4.042080465220942,11.42611335298724,7.858869147360558,3.6140680868653163
23,23,TEI,7,30,3.790973562949537,3.8846903006552624,8.700939051809163,3.7990481738780666
23,23,TEI,8,31,3.6907210395115877,2.972765734828411,8.379006281281864,3.272750018820354
23,23,TEI,8,32,3.9214559260424844,10.654255219432025,11.38793116122507,3.626584495495621
23,23,TEI,8,33,4.120551104296483,13.91771670878805,6.857879828284073,2.7373180479517742
23,23,TEI,9,34,4.222974878642452,4.007476717507832,7.526152500914444,3.8360301539854613
23,23,TEI,9,35,3.8074246476335203,11.021703789757561,9.863780102249496,3.476810748295093
23,23,TEI,9,36,3.821080539304511,7.564374392957197,14.17518918997851,2.713137416600879
23,23,TEI,10,37,4.0245200832667845,3.9618385923812327,7.9739116228626115,3.8720681377699284
23,23,TEI,10,38,4.519832728758244,11.82623571543099,9.527511686331296,3.471705535342424
23,23,TEI,10,39,4.563653578338715,11.05481080468287,4.336208727582816,3.8284758981991205
23,23,TEI,11,40,3.9532008184116374,4.08260581227991,7.194584083679749,3.792565308949182
23,23,TEI,11,41,4.40249488895201,11.313282246576353,5.041493014723019,3.6092753160409856
23,23,TEI,11,42,3.7417841846730098,8.506971839539395,10.602611482455874,3.4451037140813705
23,23,TEI,12,43,3.0311102055228565,8.980630072912325,11.014217488103474,3.055799226825431
23,23,TEI,12,44,10.740745162370425,8.984115538458822,10.995513747254654,3.1903608149320846
23,23,TEI,12,45,2.0562597636275983,4.054837115895492,8.102095650664692,2.8987915554771067
23,23,TEI,13,46,3.951114646873173,7.580857329228426,10.619708340044832,3.477849027353609
23,23,TEI,13,47,3.9461287028324348,7.501059849641466,2.986145969273644,3.3174128802611684
23,23,TEI,13,48,3.777179004492897,4.055967489648462,14.629183638965374,2.980818023221156
23,23,TEI,14,49,4.847075616672358,10.486798705997796,3.4035501529650922,3.409252129150116
23,23,TEI,14,50,4.1454312953519885,4.1062365139213135,8.368479207182117,3.8813456907458126
23,23,TEI,14,51,3.866348267931734,11.454528371942446,11.685626194685142,3.7260149925798234
23,23,TEI,15,52,4.098712281867834,4.086116229934335,8.180110184850216,3.8860115456594277
23,23,TEI,15,53,4.509757510490942,11.546904761266086,4.086517711073144,3.926202567098379
23,23,TEI,15,54,4.0013716317115415,11.52946605865969,11.546548735303663,3.750695271526215
23,23,TEI,16,55,4.369799060015022,11.765735920699212,3.590269183589891,3.841947015213485
23,23,TEI,16,56,4.108528297535777,4.025964882401337,8.502990954006053,3.876090297267277
23,23,TEI,16,57,4.345581812856304,11.649500610495483,11.696463896149837,3.7238098721574153
23,23,TEI,17,58,4.964925166389829,11.60693954169971,4.075431242181033,3.7130800986747943
23,23,TEI,17,59,3.9844257397105114,4.128779419146069,8.168548221235142,3.8794985478414095
23,23,TEI,17,60,4.192682902799404,11.784843997855752,11.445636381111264,3.742474693517769
23,23,TEI,18,61,4.09051151658855,11.431959535631568,4.013028434126734,4.003412485395374
23,23,TEI,18,62,4.132771927530346,4.143585390653741,7.840256218913996,3.8737443632441746
23,23,TEI,18,63,4.041171645070423,11.709305637198424,11.691981367102098,3.7553679926775985
23,23,TEI,19,64,4.1296888716856515,11.465355897878583,4.040348550658043,4.006243444649895
23,23,TEI,19,65,4.08030367406812,4.052887639219555,8.29677509609769,3.8842574004738593
23,23,TEI,19,66,4.033660824352243,11.68106123796757,11.669317970521254,3.7558802540901164
23,23,TEI,20,67,3.9522711226665668,11.603252207946413,4.073811362372419,4.003045538596219
23,23,TEI,20,68,4.252657160419366,4.17322057747376,8.165655694463426,3.8682853383164817
23,23,TEI,20,69,4.034641891161476,11.680262375628534,11.72249840177384,3.7548556145154457
23,23,TEI,21,70,3.8845724355016253,11.520491423376587,4.0105390611423655,3.9856896316466837
23,23,TEI,21,71,4.1952195460222415,4.121671923448693,8.488126213736168,3.872401254091767
23,23,TEI,21,72,4.1783706355774655,11.628075547561796,11.5134159900146,3.7511517814240642
23,23,TEI,22,73,4.161895308013706,11.329042481534678,4.048971570812553,3.9948032138878893
23,23,TEI,22,74,4.013633910775281,4.025716043706679,8.099310721609504,3.8806185316137563
23,23,TEI,22,75,3.9519847998463002,11.652360182805904,11.536309470758411,3.746391695895808
23,23,TEI,23,76,4.1239683973428525,11.370173583093854,4.254688009115907,3.9869526607961134
23,23,TEI,23,77,3.991761429120575,4.105379287643822,8.161415513235504,3.880984006263037
23,23,TEI,23,78,4.115734200751855,11.710335014080428,11.459967216473776,3.751536318181224
23,23,TEI,24,79,3.969643194805046,11.613485506797254,4.186342738287362,4.000552323702879
23,23,TEI,24,80,4.110912832751714,4.102371491715596,8.148656997454518,3.8856289690087253
23,23,TEI,24,81,4.041157816281126,11.865777460303754,11.711515127977858,3.746437160367199
23,23,TEI,25,82,4.0285277332798435,11.456070684297778,4.185427761248783,4.001016440142081
23,23,TEI,25,83,4.1821493155108715,3.987084625161106,8.181534160753912,3.876034928746174
23,23,TEI,25,84,4.1269567262386175,11.490029234931868,11.765213237699339,3.750729061268376
24,24,TEI,0,0,4.954032550039731,6.077659734587158,8.62106728990788,2.959019731999189
24,24,TEI,0,1,7.59599650905222,8.463187611453762,8.54530965762603,3.076321404214511
24,24,TEI,0,2,13.111747968611118,1.2964569148645961,11.13712906029844,2.269391801302394
24,24,TEI,0,3,12.305508966521229,10.682401050407483,6.148884107797466,2.953104444118106
24,24,TEI,0,4,14.144306619829239,0.4642370445618099,12.044099531904532,1.7757507147490255
24,24,TEI,0,5,9.030729378929852,0.6168934739540161,4.985991179569478,2.435846535706598
24,24,TEI,0,6,5.674089671083666,2.640679917133206,9.639012705196148,2.4998495187473306
24,24,TEI,0,7,6.5886133899643236,10.737072518728642,5.571556248059411,2.794318598013777
24,24,TEI,0,8,0.8127099880391225,10.735498563402155,10.995679482020854,2.5242190717616872
24,24,TEI,0,9,1.232172035587395,6.981936362815139,6.828090631484789,2.1694904340862395
24,24,TEI,1,10,2.924228935557396,13.974899545865581,8.374409999671553,2.2940004282064628
24,24,TEI,1,11,14.817301889770981,14.019027931303466,8.368594128599833,1.5608413986594956
24,24,TEI,1,12,8.306460289981382,9.976975089749512,8.392845244915215,3.061113149842588
24,24,TEI,2,13,7.986359267538465,10.500282624039869,9.07032436683567,3.074147220890975
24,24,TEI,2,14,7.971969114891685,1.4840034647869038,8.9849950607168,2.40565857091197
24,24,TEI,2,15,4.637282161824028,14.79576018077421,6.755002484774282,2.313918547699644
24,24,TEI,3,16,7.883177063689633,9.316759828039519,9.815613495537585,2.9955651501513154
24,24,TEI,3,17,7.874200243052961,9.277824414441506,4.956299158900262,3.1463127793173244
24,24,TEI,3,18,7.891936883599747,9.155637656896841,14.156459021867661,2.353740373815632
24,24,TEI,4,19,10.008980692761147,9.233400480562171,5.007323374396327,3.076814614356797
24,24,TEI,4,20,7.046694804758922,9.550759747272956,8.90651219684136,2.9174004580686197
24,24,TEI,4,21,12.365632144266781,14.877985706720015,3.2810321322254787,2.3113552907495882
24,24,TEI,5,22,11.446819207011334,7.80461448033687,6.564570316809895,3.0381846487911295
24,24,TEI,5,23,11.560268101355506,8.41493827837431,10.570409611247705,3.2512173470427737
24,24,TEI,5,24,10.859345528181603,7.696111530962659,2.5652916765045566,2.749816955493944
24,24,TEI,6,25,10.261647526300019,7.609397028616936,9.432949589751958,3.0007159318482346
24,24,TEI,6,26,7.0402266719755735,9.100598222823702,3.185095982706134,2.9715429182163247
24,24,TEI,6,27,14.96233943714051,9.33889346420217,11.680360186018971,2.26944676310853
24,24,TEI,7,28,9.879395774511785,8.597281124595526,7.991265885164183,3.0460665164079845
24,24,TEI,7,29,12.11250180519432,8.189861706102569,12.038428056448431,3.3038482964614264
24,24,TEI,7,30,8.571583372872567,9.000552057148099,3.606323471533313,3.3345080974786088
24,24,TEI,8,31,8.602066202506794,7.69256072297133,2.1430562613059245,2.5080487317646423
24,24,TEI,8,32,12.092440021907754,8.265727596443261,11.22473642511626,3.311294100968949
24,24,TEI,8,33,8.589610190237662,7.48542753524535,6.854515304240363,2.924431820923847
24,24,TEI,9,34,8.740677591373204,9.216762857828163,1.3778574992918964,2.370216890983501
24,24,TEI,9,35,12.291828646714539,8.047349616706054,11.018831925527355,3.2416290438331554
24,24,TEI,9,36,8.450428922004438,8.672685423955944,6.321805879522569,2.8754741257964627
24,24,TEI,10,37,10.1710253111502,8.638776341045583,3.943609634347902,3.437210670392735
24,24,TEI,10,38,8.64736067408775,8.372538775438228,11.413021985985603,3.222635007569311
24,24,TEI,10,39,4.874091326237732,8.746345631366127,4.381555685859559,3.5685078578329907
24,24,TEI,11,40,3.4570536313594507,8.727245660848398,4.27246133094156,3.6479971791602512
24,24,TEI,11,41,8.73675675896202,8.792439434085379,4.159650496182209,3.456788744846908
24,24,TEI,11,42,13.987045206772368,8.080829146557473,11.749320941656762,2.59497936713316
24,24,TEI,12,43,3.4508643338423117,8.279947751415742,4.254882130145267,3.6664309140284637
24,24,TEI,12,44,10.772385155722263,8.386740663413057,11.853118356035901,3.2752264366284174
24,24,TEI,12,45,8.964331983113844,7.582086464746925,4.032749440905598,3.435913378143413
24,24,TEI,13,46,3.998373714587114,7.143917908821377,4.1040236044177165,3.789476375973587
24,24,TEI,13,47,9.514084073291661,8.890651004260146,4.009046802478174,3.4070062126667287
24,24,TEI,13,48,4.019121634988995,12.029889366769607,3.9766751421230095,3.9755907734393108
24,24,TEI,14,49,3.7845805036805764,13.142688253711125,3.6026043709062874,3.4391324881721443
24,24,TEI,14,50,3.6389235550928376,8.32423417679545,3.678878833284542,3.6911206138788617
24,24,TEI,14,51,3.5058321852860637,3.44497682485596,3.7097189443209992,3.8121196744510897
24,24,TEI,15,52,3.9134787967710327,12.029835803617072,3.966169422030799,3.960592824972604
24,24,TEI,15,53,7.928572416065403,8.438162242399525,12.363478620070127,3.1384189376109157
24,24,TEI,15,54,9.3912087138029,12.175185997740325,4.056328908725012,3.5167271585021624
24,24,TEI,16,55,5.638214686408869,14.85360110115039,4.130356349803374,2.412772156737193
24,24,TEI,16,56,5.424250879060374,9.924151567452968,4.105256958697669,3.3206383918672504
24,24,TEI,16,57,12.307814110895574,5.056150927056863,3.6827575830344763,3.4959343859815464
24,24,TEI,17,58,4.126122387978763,11.813109287992699,4.00386420569287,4.003111156558139
24,24,TEI,17,59,3.505999173621173,4.145374345848541,3.6359313500087524,3.987122655353459
24,24,TEI,17,60,12.336155735864912,7.483073342281563,4.518928247378177,3.4070349043639845
24,24,TEI,18,61,3.5017534850919407,4.743814971065378,3.2985198648280005,3.6042300653339656
24,24,TEI,18,62,4.198862766960773,11.638519270610358,3.883783110375978,3.984536647300381
24,24,TEI,18,63,7.7962258966671065,7.890085784339808,4.562105087933846,3.3782974882480437
24,24,TEI,19,64,3.6644100121023477,4.307079701565226,4.81122585848232,3.928164922899275
24,24,TEI,19,65,4.0996949713310995,11.647281289506438,4.132481556080358,4.0120064059517215
24,24,TEI,19,66,10.145061285333794,7.920182537014543,4.053310345955053,3.454372579778111
24,24,TEI,20,67,3.485401233465155,4.033288215363861,3.96442535331461,4.074262239517271
24,24,TEI,20,68,4.217046578283947,11.838783098359887,4.127529299010811,3.996398078536537
24,24,TEI,20,69,9.634103849520622,12.309209884184206,3.804510480174244,3.4381328647630784
24,24,TEI,21,70,3.2931952775166176,4.19299611571436,4.081500213487709,3.958334027900791
24,24,TEI,21,71,3.639566200666316,11.523210824786606,4.15297780560422,3.903723370033803
24,24,TEI,21,72,9.216925406596882,12.169174173193015,4.563466414205921,3.4200364716936225
24,24,TEI,22,73,4.500174881702345,4.478522105836876,4.247079826743567,4.099117067955033
24,24,TEI,22,74,4.239400693893705,11.732857274737045,4.078713737545959,3.9996413565784854
24,24,TEI,22,75,11.426099534850643,8.57241110551963,3.8973086144762332,3.593380287924698
24,24,TEI,23,76,4.037388556321087,4.001945139685169,4.162970974760397,4.260100792165968
24,24,TEI,23,77,4.129662537548796,11.71328329845818,4.37637963214013,3.96955019721693
24,24,TEI,23,78,12.54397809497756,8.87061833558264,3.7297510907158133,3.37818169329838
24,24,TEI,24,79,4.279364940091488,3.994073385971336,4.23145668375233,4.234208596929441
24,24,TEI,24,80,3.988891943604827,11.662144847181986,4.12404149664577,4.007132655752818
24,24,TEI,24,81,11.550355041519362,8.464607077936753,3.999302296141688,3.6193523401811856
24,24,TEI,25,82,4.252726439426018,3.9842876086212513,4.058543932296454,4.248167146452387
24,24,TEI,25,83,4.055550517036658,11.888073507639207,4.060712463401989,4.000832973847806
24,24,TEI,25,84,11.50621240061999,8.59174045427788,4.056778082747039,3.615537649107446
25,0,PI,0,0,9.554425309821815,4.046800706458055,0.6146028590429203,2.7211230754625513
25,0,PI,0,1,0.24791453292793642,12.199053588004086,13.691333659165826,1.9029984161106075
25,0,PI,0,2,9.099536636507699,10.942448414759976,8.154374871981343,3.1416117937407844
25,0,PI,0,3,14.026086356816524,12.237803311822983,0.04107750255222142,1.730427052175427
25,0,PI,0,4,12.86106414881354,0.5037836295819653,10.94483169644916,2.3065979853858973
25,0,PI,0,5,2.6348343090383852,12.947683835248299,8.121918303736376,2.569189241093107
25,0,PI,0,6,4.495678358060772,6.340308317964877,0.4247950671819445,2.463791398938464
25,0,PI,0,7,1.8642491474934593,10.059366220404454,9.70784267361375,2.364948863489002
25,0,PI,0,8,9.230776672218807,5.755163313928252,14.958149036838165,1.9371669755366088
25,0,PI,0,9,14.71253008164345,10.28312976721042,9.756889144017244,2.1554302470234137
25,0,PI,1,10,10.326700958564102,5.8338213596865565,2.026447575336168,2.2629933166989327
25,0,PI,1,11,2.267347154206525,5.491776072500975,9.715162883799952,2.3701946002547363
25,0,PI,1,12,10.887455361365475,1.018170415787611,10.693574271603849,2.5128474160529106
25,0,PI,2,13,9.244425097342637,11.994934664830707,0.12079056831163171,2.39812578454664
25,0,PI,2,14,9.381161089904628,1.3145888984737941,8.837983548410747,2.3541909094988487
25,0,PI,2,15,9.565857226153545,4.473367017810482,0.9105419796242231,2.671398431001626
25,0,PI,3,16,8.696374892574626,4.131660460527201,8.188935070348741,3.4848698165976297
25,0,PI,3,17,9.667999957359324,10.933818305590993,0.4936165662546643,2.3898029244225096
25,0,PI,3,18,9.103192900421748,12.966099899178381,8.272599909929491,2.8805090689433657
25,0,PI,4,19,11.257275437057682,3.144953254141554,8.191517957938887,3.2030653665481212
25,0,PI,4,20,12.719869613684146,14.230636646814832,8.201032303400797,2.289508239440294
25,0,PI,4,21,4.147148766980124,6.777049360053809,8.196906808186991,3.344875254975994
25,0,PI,5,22,6.579216235630928,11.273984258015224,8.17623538717932,3.0382063302042206
25,0,PI,5,23,7.984743200664867,3.061883572321436,8.054578843469171,3.034960395851914
25,0,PI,5,24,9.221763354281368,2.975986222353142,0.6376826134629959,2.2116903105193764
25,0,PI,6,25,6.43660605394097,5.359385703318513,8.187943304689735,2.8101269464143823
25,0,PI,6,26,9.043862238163005,12.743978714421491,8.270071120021449,2.9776574525454507
25,0,PI,6,27,11.096391752998397,1.2470985610832725,10.691795322221004,2.5501899783289455
25,0,PI,7,28,8.88238498837153,11.377606599193031,7.940183517646874,3.2035061979297765
25,0,PI,7,29,9.859320988068017,3.4915591738526333,7.893074462782144,3.2550561962182827
25,0,PI,7,30,4.29385828367733,6.740971186877825,8.87437596986644,3.289408813054263
25,0,PI,8,31,12.244775489658851,0.6068403572660525,11.062588452727363,2.5418675036270724
25,0,PI,8,32,7.736945506313505,10.811423106672246,9.063185216841084,3.1073476241855644
25,0,PI,8,33,8.076879731690845,4.126373934655938,8.249435722143682,3.501816946615423
25,0,PI,9,34,9.416254701777193,12.224296090368622,8.38063081252835,3.120303171416494
25,0,PI,9,35,11.370931657878208,1.6930965986480706,10.212613251647142,2.5381705380648882
25,0,PI,9,36,5.072874981095516,6.882541900208005,9.577633734182736,2.9472622856211985
25,0,PI,10,37,11.572356170355086,1.6093299315460297,10.991554125042823,2.650402203040854
25,0,PI,10,38,7.655569206014455,3.9835313690990244,7.294019162301673,3.4061279998493266
25,0,PI,10,39,2.1485515380297255,5.471417501919988,9.532064395266165,2.3382779703885137
25,0,PI,11,40,8.271300103279273,4.79745939990912,7.844145816991402,3.278937524247696
25,0,PI,11,41,8.070495319949545,11.599703982993443,8.284397443899984,3.246570642435234
25,0,PI,11,42,13.12610641151872,0.5115888274773506,11.122650576985377,2.214840075782414
25,0,PI,12,43,11.016700778884974,0.8615732681343813,11.837831092248171,2.617589438679289
25,0,PI,12,44,9.046558126000386,12.193213538915128,9.21974468663236,3.098580302456349
25,0,PI,12,45,6.946933325260628,3.764182570815727,5.168133360363035,3.3038009039912017
25,0,PI,13,46,6.891494430918248,3.9165673391078633,7.613967865361133,3.323928117826148
25,0,PI,13,47,9.903976628760525,11.293863719827643,6.268590300038687,2.9426346784570097
25,0,PI,13,48,12.634103892133986,1.7974357559228904,12.166646836474788,2.484230640882447
25,0,PI,14,49,7.117651831778983,10.623226393452837,10.309948970767731,3.014078687736948
25,0,PI,14,50,10.843967810723566,1.2422246093492144,13.536497939541816,2.0289998505385274
25,0,PI,14,51,8.120953148124672,3.3338533199707934,5.953249774128995,2.992560221764447
25,0,PI,15,52,2.5322002918338278,13.166201112072612,8.204493313080448,2.4138881980422204
25,0,PI,15,53,7.913609643221493,12.50425603824128,8.988224317926774,3.063283866776253
25,0,PI,15,54,8.005701040019014,4.548985141802633,6.479692491390749,3.1953450939042645
25,0,PI,16,55,7.416903080653216,4.996220825588744,7.095380081113342,3.03689027617836
25,0,PI,16,56,9.776076199295897,11.152080401013054,0.3053001191851984,2.399844380962972
25,0,PI,16,57,11.369080077504304,0.7544056521539594,12.083752383977837,2.6212344018823734
25,0,PI,17,58,7.680384776960516,3.973096389692728,8.889389708493287,3.4450668909720297
25,0,PI,17,59,8.058329578020784,12.04982541266693,8.339591858286393,3.2139469719240914
25,0,PI,17,60,12.742991635786145,1.8662240128942802,11.396482182674054,2.495573532565379
25,0,PI,18,61,12.57593582919925,1.2608663305346894,10.710684804869683,2.427615600362069
25,0,PI,18,62,9.49434443567485,12.519035990523449,9.288335215937147,2.9836591672624344
25,0,PI,18,63,5.957304876556623,4.2399016978020505,5.759113416011388,3.0457905989226135
25,0,PI,19,64,9.617549218387726,12.927186752646781,10.246075822909928,2.8445359724918267
25,0,PI,19,65,5.751293460592085,3.50811635602049,7.228723536923548,3.0429417583982854
25,0,PI,19,66,11.119492912430479,1.5221799504587414,11.537374421982083,2.662074644725767
25,0,PI,20,67,7.876756143805375,3.299686056126422,4.571507670655672,3.468523904743802
25,0,PI,20,68,4.477783845511928,6.338204692790526,7.7814629288527035,3.1941350846238517
25,0,PI,20,69,10.912729882396444,0.5366129833097155,12.940870203796075,2.2709096899903045
25,0,PI,21,70,9.263863714211817,10.746306973034,0.5805491753131042,2.3810906926245012
25,0,PI,21,71,7.101871095957664,4.047921106696957,8.647426777164362,3.388576819264758
25,0,PI,21,72,6.825477382595257,12.568214413055303,8.799152890566525,2.9116405811348915
25,0,PI,22,73,8.349914105796907,12.796802081473752,9.479094574883852,2.9330981495715465
25,0,PI,22,74,10.273333585871923,0.4397496459957856,11.033629799381067,2.432565167169887
25,0,PI,22,75,4.783095166212038,4.185858777870194,6.461613235076181,3.4657857084214183
25,0,PI,23,76,6.240024374825866,3.4500035642275013,8.135773083880682,3.0679002296254083
25,0,PI,23,77,9.07564206635249,12.668340364769087,10.46978653614447,2.9992165667168327
25,0,PI,23,78,11.515067014098694,3.2082475570410844,7.351631144775133,3.2066619393314664
25,0,PI,24,79,11.836069019589775,1.8331872389501842,12.883231171578982,2.4350599999141176
25,0,PI,24,80,6.5328480297245095,4.8561862174707136,7.352995797391069,3.0023325194635295
25,0,PI,24,81,8.05497812749626,12.43115431666127,7.326183509948944,3.064380543703547
25,0,PI,25,82,8.566613216221548,13.527582241068185,10.546810901346259,2.6609495227454834
25,0,PI,25,83,8.55810127612935,5.322962707296714,7.883715170006587,3.0180499952299247
25,0,PI,25,84,4.273695084575172,6.265302314944632,9.818060472923085,3.194708137337607
26,1,PI,0,0,7.67732437050385,14.25695544488903,2.162394190794506,1.7775102756007999
26,1,PI,0,1,14.229741707058658,4.677471780157282,6.349896734588635,2.3873855651360736
26,1,PI,0,2,12.415538907306626,6.137987045537419,8.243905315095892,2.897398623730786
26,1,PI,0,3,0.4133866986460255,11.3026966301221,8.072149698289174,2.4918308167423833
26,1,PI,0,4,4.945975747486383,11.826430551426064,4.547922439374675,3.616167873236414
26,1,PI,0,5,6.802468342209773,2.0106254587074712,6.046694796706938,2.1175295842862845
26,1,PI,0,6,3.0518286101422443,3.9347001066277425,11.255470089450789,3.507058399012259
26,1,PI,0,7,4.206131369790599,7.277864616474526,14.71105799701858,2.553399695960673
26,1,PI,0,8,14.424857904956802,10.871849111603005,8.118402833211514,2.3754851506713957
26,1,PI,0,9,4.153368060680562,2.4097801316269027,14.548881198241988,2.1871644079628743
26,1,PI,1,10,0.7637587088107817,4.4052277790182615,11.468628014443059,2.870803295044077
26,1,PI,1,11,8.661193901330275,10.963787691202993,8.015585051782459,3.1709444143621868
26,1,PI,1,12,0.4916300995450179,11.344269171351979,4.718886212822125,2.7110895505855104
26,1,PI,2,13,4.252790101744816,6.08166839949282,14.70824750187348,2.381050456770222
26,1,PI,2,14,4.804059772513243,11.760284143623108,4.6368541130845475,3.654221142878164
26,1,PI,2,15,12.371912518271804,4.031726745861386,8.219531103407805,3.526744178468659
26,1,PI,3,16,12.096755525182052,3.865006848513339,8.31690763893358,3.563597991526549
26,1,PI,3,17,4.47405059975574,11.371194088229679,4.8931172161266705,3.666330221370611
26,1,PI,3,18,4.02805228171293,2.5502961249319096,14.462822565049658,2.2802784854422704
26,1,PI,4,19,13.164206103805927,3.6979552070433286,7.532552827158834,3.101678197516432
26,1,PI,4,20,1.163736151469874,4.16996668833174,11.9003551915104,2.929098261141462
26,1,PI,4,21,8.61246774316421,10.512427568079028,8.640585662112919,3.0933070668822302
26,1,PI,5,22,2.4044310346357607,2.999564807189789,11.581333396050043,2.6384814604715805
26,1,PI,5,23,11.655239071779155,1.9564930128779134,8.630948297426748,2.6084785052852086
26,1,PI,5,24,4.031811277521006,11.20935396970974,4.311691383860728,3.9590127135539186
26,1,PI,6,25,11.523103237138002,4.268467699753592,8.878689157339492,3.5823943349165743
26,1,PI,6,26,4.754624096859466,12.020743907831598,5.431506045198256,3.2829965801101
26,1,PI,6,27,3.0298044909725736,3.833199247578192,11.833402773692058,3.484532969918187
26,1,PI,7,28,12.338885926048306,5.166418672515174,8.473824057858822,3.1318429355671613
26,1,PI,7,29,3.049545282458102,3.7884470333241156,13.440126153775687,2.9511390517910656
26,1,PI,7,30,4.3412042503038855,11.427095763512533,4.966620065572264,3.6729803567241723
26,1,PI,8,31,3.72341299549596,11.375738390580636,3.970052281288617,3.9248516109390676
26,1,PI,8,32,1.5301983933128809,4.16361081164377,12.264521445074083,2.880061125934314
26,1,PI,8,33,8.728430396418057,10.46181737883386,8.241252261445714,3.0939286026120714
26,1,PI,9,34,0.6251081209031517,4.775802417985909,11.31136128982684,2.693649791158472
26,1,PI,9,35,11.107578228633862,4.680694236754469,8.845921556854218,3.4056764989892114
26,1,PI,9,36,4.008975512860414,10.917597486722693,5.642590964304025,3.3718758294187485
26,1,PI,10,37,0.7735725057179726,4.0361859417915324,11.110397948989684,2.88553789281122
26,1,PI,10,38,11.886004742934979,4.252558920867488,7.752113304920981,3.590194176064679
26,1,PI,10,39,3.583904823885457,11.501647076645977,4.651072909505106,3.7339400199232715
26,1,PI,11,40,3.901484914385709,11.77613399837348,2.611769025293153,3.2314395492228747
26,1,PI,11,41,12.572959408522964,4.999997154900451,8.878287611937298,3.1178206213256305
26,1,PI,11,42,3.1650133457941343,3.538947010311018,11.627655791503917,3.466257831586743
26,1,PI,12,43,2.6626118054794876,3.209095634411891,12.35707905861492,2.8233249165875285
26,1,PI,12,44,4.044287317319083,11.34533866941362,5.746021878863777,3.4065885508914406
26,1,PI,12,45,11.623321485156806,2.6720581209975003,8.334109679580484,2.90435253352527
26,1,PI,13,46,3.12204758878343,10.917654759950217,3.85488733302978,3.4954662522892126
26,1,PI,13,47,12.413345050206912,5.430493801739082,9.112684966150175,2.9625500333443577
26,1,PI,13,48,2.3932661171614367,3.4880436607732106,12.164271366321886,2.9075686532910243
26,1,PI,14,49,3.934823686356486,3.6295387816478195,13.070300807468993,3.5213333701622167
26,1,PI,14,50,13.041618651391493,3.5347337466560598,7.309494772901791,3.051215262255549
26,1,PI,14,51,4.409773656071573,12.04754174729648,5.293504735984698,3.474583051562395
26,1,PI,15,52,3.5463017402884796,4.4038724230062405,11.943611300530879,3.7955176182923784
26,1,PI,15,53,11.943671290825366,3.976887557257288,9.019637948667048,3.56822313432332
26,1,PI,15,54,8.992339989682632,11.380007220171048,8.208674607703895,3.2009494158956286
26,1,PI,16,55,3.6789584566022175,2.790009958126021,13.005341374711556,2.933966256281625
26,1,PI,16,56,11.806917592394994,3.277997631780055,9.020277651701994,3.2723303037587357
26,1,PI,16,57,4.213616522549452,10.74874284501056,3.000616364391572,3.4048361485327283
26,1,PI,17,58,4.069004298676301,4.019433307756462,13.283745748555926,3.542204603274559
26,1,PI,17,59,10.62360367479836,3.9421178456291224,8.630007400588651,3.494077548713691
26,1,PI,17,60,5.085430994322985,10.914528923038727,4.839975926213867,3.349624025458917
26,1,PI,18,61,2.6667580086554263,3.682225719293437,10.588255154345068,3.0822630900329897
26,1,PI,18,62,9.976236981543703,3.2068260306815723,8.317327213381414,3.0836579538577844
26,1,PI,18,63,4.710962017698563,11.077265369214466,6.271542781274255,3.186326016756552
26,1,PI,19,64,2.9937798982548487,10.765664406162145,3.226184545377614,3.061205318890674
26,1,PI,19,65,3.343518384809033,4.775821579175787,11.816240210151621,3.532309529433648
26,1,PI,19,66,12.232180933707433,5.032607755548496,8.425050452784841,3.22551129339854
26,1,PI,20,67,3.124254411127046,12.123319488094337,5.826843523250245,2.9440704062150016
26,1,PI,20,68,11.846158166488008,5.248910221917953,7.331126483228761,3.1234848749297774
26,1,PI,20,69,2.2016868727009524,3.583785195711737,12.259489784140332,2.8638482496723867
26,1,PI,21,70,2.5756671695331788,2.957318821346682,12.281293022912047,2.6168876222549278
26,1,PI,21,71,2.86276283580903,12.182307152313362,4.715350085360678,3.180098281266917
26,1,PI,21,72,12.387277703288838,3.7655116667848514,7.702306648374404,3.449589880316436
26,1,PI,22,73,5.602653295420802,11.475354295472687,5.398208032244934,2.9498105926403992
26,1,PI,22,74,11.300417162675522,5.362109922747786,7.699111788616076,3.1099911266721856
26,1,PI,22,75,2.761408667039183,4.497196859531469,12.907206352396807,2.9655937490623945
26,1,PI,23,76,4.0987686800405845,4.463949223800771,12.386069217330553,3.8377143013241866
26,1,PI,23,77,4.434062684986395,11.486843724697371,4.6424407287963545,3.8097181454660043
26,1,PI,23,78,11.781034462519607,4.292098171308449,9.252127472788546,3.552918009271211
26,1,PI,24,79,3.120669323183625,3.0268950334288744,12.907609325064978,2.8031813750574597
26,1,PI,24,80,8.21241299711815,10.550856070553284,7.851443981641879,3.117471557057255
26,1,PI,24,81,12.65936792794141,6.353238637023172,7.725284731947245,2.8130899476282405
26,1,PI,25,82,9.81879084584515,4.395995809430015,8.986289279588963,3.357347965810485
26,1,PI,25,83,5.462682821970465,11.551963741488322,6.507535113550017,2.9082097825065945
26,1,PI,25,84,4.011793441226183,4.6901842818772295,12.668420038375153,3.646919866790464
27,2,PI,0,0,3.924182013739746,4.477367151211849,12.213386108914206,3.862697100551329
27,2,PI,0,1,1.3787391320264537,9.00150788948481,10.92840790217692,2.466308755694291
27,2,PI,0,2,2.8185161004990515,0.8271994099960228,4.124540518590571,2.5521033239275877
27,2,PI,0,3,9.861495223133888,8.43398494170642,2.250933949580042,2.5101474025397272
27,2,PI,0,4,6.489461862071807,10.039459478617804,6.341770099051917,2.644083061618751
27,2,PI,0,5,9.497765989111747,14.51153928740515,10.24597233464438,2.2017835020191097
27,2,PI,0,6,5.874372496200392,2.808788545801471,5.189409983575997,2.6099840782227117
27,2,PI,0,7,7.665989603543656,13.368141142508687,11.633459137090341,2.8453606127902904
27,2,PI,0,8,4.772199009230615,13.863253447602363,7.063648281236363,2.594528343907755
27,2,PI,0,9,10.40638263303345,1.6081096268038209,1.5681533764941225,1.766301027091491
27,2,PI,1,10,3.028611712941755,13.266745105324404,10.197171922268755,2.644056647832466
27,2,PI,1,11,10.24616159125415,4.310004216223181,12.585018422509723,3.4022197551260707
27,2,PI,1,12,4.166998900170636,4.649634904644227,5.046669892021921,3.7799642914261318
27,2,PI,2,13,7.3713096138441605,3.6816074761664206,11.669762599473705,3.4869510655377836
27,2,PI,2,14,5.28564027205556,3.776695436365616,5.787436386916634,3.165314574000565
27,2,PI,2,15,2.4882004213375137,4.783109291617499,13.130780537491155,2.5823639236250453
27,2,PI,3,16,4.496459379447419,4.321813608702927,3.6050467713469962,4.038714905742534
27,2,PI,3,17,6.505872831185226,10.02443559507698,9.303873466381164,2.8118051121584973
27,2,PI,3,18,7.5766028359051525,13.293708737029938,0.05875505955922011,1.96187885228448
27,2,PI,4,19,9.132139302268344,4.524979628919439,13.098518538160514,3.1108159925836203
27,2,PI,4,20,12.449203064910254,4.328986041905128,4.070361982438956,3.858416404527744
27,2,PI,4,21,4.4055319095141305,4.574402621798473,12.823359470007384,3.589894785215827
27,2,PI,5,22,8.93035243893459,4.290332745890416,9.687578421815706,3.385197296385789
27,2,PI,5,23,11.524522350208596,4.260480207977707,1.514187074709693,2.9391175903487134
27,2,PI,5,24,2.6908679416183086,4.458834699387872,13.66124637179377,2.590978512253735
27,2,PI,6,25,4.336802084256515,4.671286900150442,11.758888417268068,3.8253482324237664
27,2,PI,6,26,9.312262914818769,4.604240294599785,12.456172510419284,3.3237406804614773
27,2,PI,6,27,4.035558230313641,4.413785240573671,3.924573411983115,4.200034316397294
27,2,PI,7,28,4.446920006613235,4.71861745137205,12.090237803599134,3.735605981629809
27,2,PI,7,29,9.08501875370419,4.401182839885021,10.06375116932476,3.361919619646916
27,2,PI,7,30,12.035193241921416,4.5426587990507254,3.4904216777792465,3.7040555454104727
27,2,PI,8,31,3.7373552944763144,4.2145857818327945,10.882031826504756,3.867896070495558
27,2,PI,8,32,8.954709701609918,4.825016774501348,11.801989188055998,3.3628049695013855
27,2,PI,8,33,4.693152359507403,4.903267429182039,3.2524453363893184,3.504260374432069
27,2,PI,9,34,4.493399776452958,3.02799660689194,8.856543837130953,3.289950992579099
27,2,PI,9,35,1.3871699887753197,9.120593765383468,10.95352224208015,2.4626658213925046
27,2,PI,9,36,9.158865672758385,4.2500625690657285,4.035005190661006,3.8232750698827225
27,2,PI,10,37,4.54694099563076,3.8177448754111194,9.636142058342665,3.682557365060234
27,2,PI,10,38,11.67686809323548,4.191103523509928,2.607785481077177,3.245290024963932
27,2,PI,10,39,9.03193659383111,4.1808169381641775,13.003055296627002,3.247178417888552
27,2,PI,11,40,4.023387768735669,4.2526290663541735,13.932465074833768,3.2406593877042145
27,2,PI,11,41,4.4018103484051725,4.795311535055254,3.4486054224273026,3.7998766599963885
27,2,PI,11,42,9.452639538865059,4.617466688445093,9.64658886416355,3.2480112649261
27,2,PI,12,43,6.027235110898917,2.582412710719037,5.207019662349,2.455240438199867
27,2,PI,12,44,10.343355410881975,4.76641767742869,11.780332103914576,3.4053648551533353
27,2,PI,12,45,4.249863703978146,4.459741020330924,12.51176795015195,3.7869616743410672
27,2,PI,13,46,4.031463665068097,3.361169100225467,10.915378227854776,3.684784379470217
27,2,PI,13,47,4.241910519754514,5.2347015070463305,3.033457494489216,3.3408811645521665
27,2,PI,13,48,11.86550816509398,4.011124885358503,3.3372916664595333,3.7254723678973827
27,2,PI,14,49,4.578662452768038,3.9526106133819083,13.781978300679409,3.1962177412450883
27,2,PI,14,50,9.632869912193692,4.193128394404223,9.132698081774034,3.3872082280336504
27,2,PI,14,51,4.486517936328505,5.208414881297791,5.540342215674688,3.228014190024127
27,2,PI,15,52,5.812244145219287,3.0291524712071176,5.405893919944143,2.677955967596651
27,2,PI,15,53,11.765978574727692,4.17811044925924,1.7056700419424586,2.9624648017141655
27,2,PI,15,54,2.628518307546817,4.382643737082697,13.639826138133282,2.587412697485493
27,2,PI,16,55,5.092184315928543,3.0002413767175913,4.839778720246764,3.160649095213098
27,2,PI,16,56,8.22601256051138,4.485041786487891,10.08377415406836,3.378781661300287
27,2,PI,16,57,12.357932220911936,4.264460326425779,2.3660933582718173,3.0161854560289627
27,2,PI,17,58,8.649665330573033,4.5864940148455755,9.487884343419976,3.3098448767000277
27,2,PI,17,59,3.607225794082409,4.838757456521077,12.892262150930005,3.366523640132612
27,2,PI,17,60,3.3046704430824585,3.658246384474213,3.389655414353208,3.6332612266516637
27,2,PI,18,61,3.803319832327486,3.3398539017808377,10.630947987245294,3.5863058342194596
27,2,PI,18,62,9.871358054542203,3.8391382954490827,11.340111278904997,3.5236002777680797
27,2,PI,18,63,9.34429101823411,4.035230193449577,3.860271319392326,3.799554625086568
27,2,PI,19,64,8.67659028379495,3.855562116995441,10.49406678682496,3.4553107579365117
27,2,PI,19,65,3.1975171095301302,3.310213193107127,3.2117915937006463,3.2464202703108036
27,2,PI,19,66,10.397608986973005,4.335166775342575,3.146509828074799,3.4342895007837915
27,2,PI,20,67,3.9060972596679155,4.89914303308894,4.039974103189544,3.9832661989662626
27,2,PI,20,68,9.372844288034107,3.7126887596114355,12.774406112609736,3.2560987975437983
27,2,PI,20,69,3.727368205279069,5.164837016724655,12.310568672523095,3.460125041208628
27,2,PI,21,70,9.12354182977349,4.351977849461184,4.381135831156216,3.762319992439639
27,2,PI,21,71,8.638803397612152,3.495631395631836,12.560947865358994,3.276067038719951
27,2,PI,21,72,4.3615662698541655,4.2633100363834995,8.960493278513741,3.7975473599966323
27,2,PI,22,73,4.416326622827142,3.927800573895652,9.159556684531934,3.7712007620961154
27,2,PI,22,74,10.015963168900019,4.201792617981872,11.842125138501276,3.563433014354575
27,2,PI,22,75,9.833801772547636,3.7198783612685995,2.8516554850563223,3.142419744912242
27,2,PI,23,76,7.9324401002960325,4.539156266795433,11.199053661293883,3.50077638983372
27,2,PI,23,77,11.87489432237751,4.462489288168602,3.4365491292692276,3.7214634760247316
27,2,PI,23,78,3.3326563195126253,4.307484017139911,9.29446384713448,3.528189784862442
27,2,PI,24,79,3.2851115944752203,5.1704456053316425,10.600924687823143,3.1875347373180354
27,2,PI,24,80,3.5985156431670884,4.278894850310614,4.068049955775416,4.125050812524211
27,2,PI,24,81,12.253777313678983,4.52147583659232,1.7820605012018738,2.8160409453997053
27,2,PI,25,82,12.560522692478399,5.152654290447477,4.34287789012305,3.4259488569540033
27,2,PI,25,83,3.5806008820491595,4.085222256589257,11.373789328297672,3.8690020022075546
27,2,PI,25,84,10.454593796889107,3.9431566619935063,10.828510439540667,3.531219602591875
28,3,PI,0,0,1.2847375071543654,3.5521575989414957,12.019116978095953,2.773867226816537
28,3,PI,0,1,8.732430540965517,1.4119296336059879,6.496904103547107,2.220139599236889
28,3,PI,0,2,7.1857694721125105,2.3960837195561786,11.018657271138219,2.6244357623575914
28,3,PI,0,3,1.7050802988210512,5.868422857434931,7.751102739320455,2.21779287924058
28,3,PI,0,4,6.459420306212667,8.80197857157211,11.067566809382402,2.971168020912234
28,3,PI,0,5,14.344008822541477,4.2630174562318714,9.728208106197375,2.648525663052725
28,3,PI,0,6,10.443239950052332,4.390811235187307,0.022351252632542562,2.6612213886516622
28,3,PI,0,7,14.60190412149619,4.476018345253135,4.709790030515052,2.79407047872778
28,3,PI,0,8,13.375666056677357,8.77744409836362,7.069644977727471,2.609643234029753
28,3,PI,0,9,11.599155144732245,0.45519011493706796,10.604476434834352,2.527076269530193
28,3,PI,1,10,8.254566566651167,2.282998581031637,5.544498661027041,2.423884480749797
28,3,PI,1,11,13.057575513768311,8.947776365892746,0.01913096773227374,2.0631559582702463
28,3,PI,1,12,11.358965394432854,8.67168439481446,8.94824804804226,3.1858185773001058
28,3,PI,2,13,8.693394118433021,2.4488633204330323,5.181465401422242,2.616882806781511
28,3,PI,2,14,10.14796366204353,7.8302874070326665,7.541235716644255,3.03285797601304
28,3,PI,2,15,1.1630916944563263,7.989709146636535,11.289549381244528,2.541586588632363
28,3,PI,3,16,14.61637997270066,4.885505265471112,4.708062724029468,2.605318856931042
28,3,PI,3,17,8.562215501932924,2.417363228186524,5.411657463974964,2.5133826123271774
28,3,PI,3,18,12.431450061550281,8.930991481697072,7.24539800870886,3.0201289389879973
28,3,PI,4,19,10.215442233299433,8.167607994767192,7.225746401688826,3.00609425413885
28,3,PI,4,20,8.416693731855739,2.482344263716842,4.640613768118018,2.913077282835761
28,3,PI,4,21,14.582488468665206,4.887640561453633,4.390543349228669,2.7380428354284905
28,3,PI,5,22,8.17164062746408,2.479033538068041,5.10572068725976,2.6853629730607103
28,3,PI,5,23,14.557761167307051,8.567508568658416,9.025124125763245,2.235746839280799
28,3,PI,5,24,4.562664618504207,8.97302174121896,7.475777855592549,3.3183362675963206
28,3,PI,6,25,8.390224804862079,2.786672684477152,4.4109801320329485,3.1778107181084554
28,3,PI,6,26,6.145918667331197,8.876371838097423,10.845035463981242,2.9058974596102054
28,3,PI,6,27,13.414836945224726,8.607730560293904,7.014688672233149,2.5918815492482765
28,3,PI,7,28,14.321165531838744,5.053521904852111,3.6951702671826707,2.6921386358173276
28,3,PI,7,29,8.774084499632124,2.445959420076569,4.118136986865311,3.0163723612852915
28,3,PI,7,30,11.557273687583047,8.995035667409136,7.413565903442426,3.159002376200311
28,3,PI,8,31,10.612336862109451,8.414586220322317,6.8118916278657995,2.9804378609527977
28,3,PI,8,32,7.148203006159703,2.367439678324451,10.819712327530196,2.5759936199500872
28,3,PI,8,33,8.350112918443097,3.4635872546400566,4.406450592607126,3.636406912742238
28,3,PI,9,34,10.9932657886781,8.983259050087373,7.4059918920095065,3.104429848435891
28,3,PI,9,35,8.624727316989068,3.6458343853467716,4.279867694107083,3.7511637998416103
28,3,PI,9,36,4.445924758832334,8.955219056485316,7.597452252910047,3.376820240484615
28,3,PI,10,37,7.55336769889427,3.8149277789298655,4.908192869193905,3.541523909325619
28,3,PI,10,38,11.259951356505454,8.875829006235488,7.103187975560914,3.098703849521568
28,3,PI,10,39,3.9414834803322654,8.946591056577457,7.699820514150975,3.4385197436239325
28,3,PI,11,40,4.876785005802137,9.087554346717564,7.82302906877842,3.194931267458741
28,3,PI,11,41,7.165462023308111,2.38503348674356,11.24127930156418,2.6445554435027985
28,3,PI,11,42,8.487336485961336,2.869165809175525,5.143595888957984,2.892071620691623
28,3,PI,12,43,8.940392648311597,3.5174191357397695,4.193988929905567,3.680036469418671
28,3,PI,12,44,10.76875550845727,8.823846516338728,8.466660761903599,3.127147541808271
28,3,PI,12,45,14.785593497982802,4.6747381919029465,4.591722280493968,2.723654101397922
28,3,PI,13,46,8.128975122384928,2.8834873910806853,4.544104519067401,3.198278234659627
28,3,PI,13,47,10.583544900730496,8.78841914352915,8.545514724970147,3.0979513452844483
28,3,PI,13,48,4.210721942363906,9.269398421158197,7.151399088384841,3.351141563837633
28,3,PI,14,49,8.260140434000343,3.925844196085264,4.691417515210106,3.7082914516963394
28,3,PI,14,50,14.198693484602867,4.960528118888124,3.700892890330157,2.7815396076268373
28,3,PI,14,51,3.2656841343448253,8.976232123168021,8.08839179947164,3.1443730322487764
28,3,PI,15,52,3.5496338526327067,8.679160364541483,8.246405218959566,3.337371188365519
28,3,PI,15,53,11.716514100416608,8.432785077975929,7.397262186103426,3.1892379419854993
28,3,PI,15,54,9.087314077325662,1.8451318690632523,4.012027207839777,2.812616684312838
28,3,PI,16,55,10.473558540394114,9.161381850076861,8.112762351597498,3.067512623661087
28,3,PI,16,56,9.641215734787027,3.442675823234411,4.060035339174861,3.611667863575457
28,3,PI,16,57,3.1700287791839363,8.343313203012567,8.411670428157336,3.108956146939936
28,3,PI,17,58,1.2793305423504346,3.6126994762807483,11.883392254951392,2.8199396378442065
28,3,PI,17,59,10.07687600742708,9.386872294482407,7.458056953017554,2.9680616955504524
28,3,PI,17,60,8.186837210201277,4.509076974680783,5.0372454723094675,3.464313570625994
28,3,PI,18,61,8.265841130923086,5.026357088511481,5.000298499422115,3.236680758816905
28,3,PI,18,62,11.754910174887279,8.809780370062082,9.277469891499505,3.1668256150407794
28,3,PI,18,63,3.7637385450519103,8.981457663921827,6.773091210580262,3.253891142979999
28,3,PI,19,64,14.437218316641081,5.0465559668502715,4.5061371736946265,2.657821357543099
28,3,PI,19,65,3.3606631246192804,8.812101098964586,8.097956996971835,3.2180296918756763
28,3,PI,19,66,10.11674211702618,9.788352635485534,7.520161405008522,2.9748013816555465
28,3,PI,20,67,10.227243826282205,3.0318490203799313,3.717852898025166,3.2925784263103313
28,3,PI,20,68,3.201550079579096,8.088000792312076,8.6738101885196,3.1199622154321824
28,3,PI,20,69,11.878939160026569,9.697539749446275,7.900537498603701,3.1671103011916864
28,3,PI,21,70,8.059274685045471,3.6925975924452246,5.840313681775781,3.196734720773349
28,3,PI,21,71,10.846581793389744,9.460241497936298,7.320996310712458,3.0453541719529396
28,3,PI,21,72,3.6083236709723,8.679179789585959,8.794087542085657,3.3432325722672283
28,3,PI,22,73,10.310082594285443,9.17757680368519,8.874760927425784,3.0169036191250687
28,3,PI,22,74,8.208801692214543,3.378713824077057,3.706988970089165,3.5608842902603217
28,3,PI,22,75,1.3714373516360523,3.7656347323841013,11.457185871028948,2.890796872450128
28,3,PI,23,76,10.204123851489845,7.8642527713657335,7.166569166843546,2.987077269490407
28,3,PI,23,77,8.159833176690237,4.009311907668228,12.031768724646595,3.598852611185174
28,3,PI,23,78,4.530152997298253,9.007580742947251,9.166749190270414,3.323990548267761
28,3,PI,24,79,10.067195910056912,10.27120248866058,7.999092758117953,3.0385317835790313
28,3,PI,24,80,8.476689294598756,4.45795243072395,12.335680218577206,3.464945021514688
28,3,PI,24,81,4.228101330803407,8.451181475260015,6.954556887621229,3.362833410182358
28,3,PI,25,82,7.393629507227271,3.2718029273818683,11.61829629294679,3.2583562675902096
28,3,PI,25,83,3.686576369551638,8.427909611899846,7.161343761611362,3.3250981244856033
28,3,PI,25,84,9.591699117895299,3.656748807429701,4.683415769843969,3.5648225671256664
29,4,PI,0,0,14.145841583585515,7.669913292215424,14.643655585615562,1.5325889358041664
29,4,PI,0,1,1.2125403584340328,9.110337479925445,5.647298765659088,2.202218450261405
29,4,PI,0,2,12.028518104787109,2.617917242160427,13.074529112814846,2.6018403449745593
29,4,PI,0,3,8.159121011452473,13.533226195739825,7.157302857588094,2.574686016188033
29,4,PI,0,4,6.4574441659411965,11.834200763164942,14.762294998966821,2.149858153272225
29,4,PI,0,5,5.5458868897864315,14.533993039743523,13.935395816481291,1.4977455727903766
29,4,PI,0,6,2.6653887864297165,9.132774252668213,10.572971183471138,2.737279575329577
29,4,PI,0,7,14.142055186937508,9.984861254486301,2.0009363317753968,1.7413125982127977
29,4,PI,0,8,7.468013981780617,7.404297509341723,7.503392840231188,2.985138117558773
29,4,PI,0,9,14.378734291638708,5.249060997333822,3.3565672016732395,2.4006240851002634
29,4,PI,1,10,7.472928902011894,11.887665580641242,11.220435955730338,3.2951151398409126
29,4,PI,1,11,7.463975479519276,3.233730880796072,12.532083428382624,3.0899264496762973
29,4,PI,1,12,7.471883995327002,5.276634849747923,1.6622326144636164,2.3462409855881687
29,4,PI,2,13,12.022834589049712,0.5362808400760621,12.555709220231135,2.4628590871971303
29,4,PI,2,14,7.468240464443766,2.125379960239642,4.035431890205667,2.8725334279198655
29,4,PI,2,15,2.659685141372956,8.100606007053635,11.833721705212168,2.8915784307191013
29,4,PI,3,16,8.160688279026637,8.79190366104896,7.026296289444306,2.985179362599073
29,4,PI,3,17,7.475446830853381,14.84057028293473,4.431284985482801,2.5029848656322735
29,4,PI,3,18,1.2137715264205506,0.3942372353718254,5.41792083270083,1.5739135568132823
29,4,PI,4,19,7.473847768486336,1.0675950764753668,11.942138083744773,2.4993223229617456
29,4,PI,4,20,7.464209883711038,12.325367385244311,10.6272993477101,3.130597757923188
29,4,PI,4,21,2.6669893680458423,8.478769422878567,13.239887834390077,2.448775698651688
29,4,PI,5,22,7.47573293553093,8.931147627797444,12.555521771259077,3.012529301524079
29,4,PI,5,23,7.469526610326494,2.6983240950383927,3.214483017342036,2.7757194994591248
29,4,PI,5,24,7.476432553637751,14.965295063577372,6.804561273531512,2.004133522747417
29,4,PI,6,25,10.077597311037316,11.647698135739873,10.696217703619455,3.226403550970028
29,4,PI,6,26,3.189241300487573,13.605331102825033,7.265581955620496,2.56646521816464
29,4,PI,6,27,7.387696403137856,1.8621192472821269,12.571418178264873,2.386356049915422
29,4,PI,7,28,9.24205614702985,8.928686801941314,12.215686936011494,3.10027377322779
29,4,PI,7,29,1.6854504047077463,11.36277866444648,10.661176293414089,2.595078137347552
29,4,PI,7,30,5.049941521690242,9.006993333537054,5.975736755468684,2.88810701466723
29,4,PI,8,31,2.8509580105619707,5.2591055404984015,1.7909961836063881,2.1820774716562177
29,4,PI,8,32,3.333816315021127,12.353202145777665,10.05490267816027,3.205817391791782
29,4,PI,8,33,10.230845796624033,5.269332653166882,3.7136948447615623,3.331379270680559
29,4,PI,9,34,8.264516811336,2.5302812951589706,3.108112124807731,2.649134549880371
29,4,PI,9,35,4.008980985152009,8.490489340460016,13.243096324966103,3.171085125148462
29,4,PI,9,36,7.636101901342686,8.334963892668243,7.189654196958611,3.009482228363618
29,4,PI,10,37,8.124701558186823,1.8014799885440742,4.084433955915234,2.8528915103301777
29,4,PI,10,38,7.319194984475985,11.815760946537159,11.733085843907437,3.303932414912122
29,4,PI,10,39,7.541313265784229,14.658178606170658,4.401592666107865,2.5590726942301
29,4,PI,11,40,10.075778585586123,10.904101465087372,10.651568291977211,3.1509159892331446
29,4,PI,11,41,8.125782824733541,1.844660389794171,3.743550898650583,2.796032168043105
29,4,PI,11,42,3.3295916195051105,12.830671320856549,10.337682941950387,3.0625438416227917
29,4,PI,12,43,5.033239153295027,9.064014409164512,13.460004409595026,2.704305050148319
29,4,PI,12,44,8.910369424746994,3.0306281965288284,3.1436017445057574,2.960670036851468
29,4,PI,12,45,7.442023351734118,14.599769846104532,4.725669524008421,2.43053987228267
29,4,PI,13,46,8.021820453225546,13.01522070669695,7.677872403593854,2.8801838813414467
29,4,PI,13,47,3.0929331953221277,11.755040340528264,9.109932473307957,3.1409546250267963
29,4,PI,13,48,7.233090636552193,3.1205138631341667,2.2045761682904135,2.441495743358261
29,4,PI,14,49,14.492240950434061,5.64155084065063,3.2813697772847523,2.1844760419696945
29,4,PI,14,50,8.478729880863987,9.568492607506997,11.885831237938811,3.1667037207707187
29,4,PI,14,51,2.910739242018315,12.367037561613458,8.113624768318697,2.959501515787813
29,4,PI,15,52,8.368829999934206,8.48613128459725,12.34476834241644,3.1439914718623063
29,4,PI,15,53,14.505305014439559,5.340162574480141,3.582387211457476,2.456738066112748
29,4,PI,15,54,2.8114757417317877,11.751160354505924,10.221796577763795,2.955736722373726
29,4,PI,16,55,3.698832387987095,12.643709119749978,10.493192059173737,3.3567638250135037
29,4,PI,16,56,7.889698139327577,8.574933554242342,7.31618711933971,3.038531217135996
29,4,PI,16,57,7.937520730570497,14.610566039705626,3.7601246456894173,2.5931409427614565
29,4,PI,17,58,8.52054902323449,9.451533502484965,11.875620066468457,3.168425298345829
29,4,PI,17,59,2.6019493074161977,12.660510354547988,8.360107148394182,2.665452275397901
29,4,PI,17,60,7.2118309357859065,14.347851031039,4.324351590608432,2.617968028151001
29,4,PI,18,61,9.413382081599822,4.575261106072171,3.75598777080429,3.6559467792135347
29,4,PI,18,62,4.067640870558435,12.705928156574037,10.956983743146646,3.4822250061653945
29,4,PI,18,63,8.056242148091057,3.81572451216746,12.544374207887548,3.4343309078942648
29,4,PI,19,64,8.50580831056077,3.405666663056462,12.713420457225341,3.1735411938588056
29,4,PI,19,65,7.298799719213418,12.278403386910425,11.143536585721364,3.1956214666389178
29,4,PI,19,66,2.7058477898650306,9.162244327585853,10.550379062107561,2.756714881357846
29,4,PI,20,67,8.203016411166242,10.468340028439203,10.65242082239094,3.134965852099001
29,4,PI,20,68,7.388754337710746,2.538297838344599,3.995827634655767,3.026910278689738
29,4,PI,20,69,3.0287244208729747,11.215892037095845,9.848465750161264,3.0552027842730043
29,4,PI,21,70,3.544051337189279,12.452943374351225,8.41577402612206,3.3482280781248557
29,4,PI,21,71,9.695338947617929,11.446207212464413,11.083498990431382,3.262488756530395
29,4,PI,21,72,7.088717256824817,3.373412317752172,2.9114598713631374,2.962890665830156
29,4,PI,22,73,2.8993471183047252,12.281608200786575,9.901784442950632,2.915126583343551
29,4,PI,22,74,8.609744889027546,2.2639958125526967,4.111476310402192,2.949814854362643
29,4,PI,22,75,10.538558000468074,11.667773654354226,10.596564121425567,3.263384443644692
29,4,PI,23,76,6.930038569290196,3.835509163485466,3.4360270295478843,3.5092525323950214
29,4,PI,23,77,3.381333169266751,13.157334642784203,10.484280859567988,2.970033850414688
29,4,PI,23,78,8.521052899871858,11.319532370278184,11.695785977629912,3.351029923667697
29,4,PI,24,79,3.993596123523962,10.901042578341087,9.513979898621344,3.493991487144352
29,4,PI,24,80,9.83853619678259,9.808311439869303,12.061200309366415,3.0908145210741385
29,4,PI,24,81,9.256309986886547,3.794204832551627,2.571506577698562,3.004808725342044
29,4,PI,25,82,6.820625481000507,12.572662571923608,11.702559390993365,3.0599161997299276
29,4,PI,25,83,7.4960570448938455,5.112513696832824,3.61111839090284,3.3534761050013127
29,4,PI,25,84,7.771595146192233,14.509730657617613,4.0421170133250355,2.665529751376946
30,5,PI,0,0,12.075043856180702,12.119111846047407,7.72988341563213,3.2795456276400468
30,5,PI,0,1,4.287020701322124,0.8089605357248464,5.750533211782773,2.570462582733815
30,5,PI,0,2,6.12709808129998,0.6791279085366775,0.7313656609075209,1.4652253207597041
30,5,PI,0,3,14.987641725976072,9.785536673819816,3.517653025047359,2.348350454306818
30,5,PI,0,4,6.52421328337713,14.61279289888883,13.465164121628233,1.6475906409282417
30,5,PI,0,5,12.663465564131114,5.886069965021672,7.395345280976139,2.767777332312872
30,5,PI,0,6,10.150340277465991,0.9120406943708409,8.333941753810851,2.3808545813560853
30,5,PI,0,7,4.071774067951523,13.194767600023832,0.9632165596828651,2.5105387656365514
30,5,PI,0,8,10.187722995320474,13.05132753491255,3.409777877413622,3.001190920388761
30,5,PI,0,9,13.43172359121189,13.082932020365025,0.27775826505316126,1.7082781188553398
30,5,PI,1,10,10.61243351005766,0.017995253802429723,7.550459483304967,2.3136825235418974
30,5,PI,1,11,7.306832567348873,13.96182160987443,1.153457462158597,1.728345384163987
30,5,PI,1,12,8.912900476768469,14.96986690989934,9.58563445389132,2.102448540130143
30,5,PI,2,13,10.272143901061206,6.18767460601393,10.015080222933388,2.8036363187127447
30,5,PI,2,14,11.878024826138187,13.926387404206476,14.4088777716652,1.816633987900444
30,5,PI,2,15,10.184052710844773,6.056178514970656,0.09259525971715421,2.066970646162687
30,5,PI,3,16,12.858574003016175,6.412802568502222,6.9896067226837495,2.6390624334742068
30,5,PI,3,17,4.071481596634098,0.7717283769573369,5.751260823150336,2.587859614945456
30,5,PI,3,18,10.055025677062318,13.524307112156942,4.072361354928409,3.000362756206658
30,5,PI,4,19,12.175000743742789,4.738990039794654,7.3529009687957405,3.331127762279624
30,5,PI,4,20,10.472573653305115,12.320437273436069,3.389533071196771,3.2947875574493377
30,5,PI,4,21,3.5843517826229663,0.31145187243658445,5.498429153082883,2.472155487388977
30,5,PI,5,22,11.604626591410442,6.555362446394418,6.733607890471307,2.889572463706461
30,5,PI,5,23,8.180778753240736,13.787489946064479,3.628369086467349,2.8241852615247884
30,5,PI,5,24,1.7208523966854976,0.7975759109768416,6.153800601572489,1.5233137867712063
30,5,PI,6,25,12.61496657678468,11.390533244459585,7.5408208405345825,3.149848221851988
30,5,PI,6,26,12.04360863435303,1.2097636364299218,8.30945945644421,2.5323198474348776
30,5,PI,6,27,4.5605350238866,9.619619222392895,5.600638549497324,3.1548373226434054
30,5,PI,7,28,12.240616687061058,11.362827121530568,7.912009218880832,3.2894287205072987
30,5,PI,7,29,7.845872874445615,13.799072585079339,3.9299152968174274,2.906845117493967
30,5,PI,7,30,3.4804172953262453,0.21111903600833037,5.906329642045708,2.3232308426902746
30,5,PI,8,31,11.704651275524602,11.471390629266383,8.796146849623705,3.34627189659916
30,5,PI,8,32,10.65829915850645,12.467885520013123,2.7687136766376352,2.8562157401955486
30,5,PI,8,33,4.353368799320834,1.321192442087027,6.287866461063357,2.5599113134063716
30,5,PI,9,34,9.86141191550938,13.980241379020873,4.392465033994805,2.748487871222186
30,5,PI,9,35,12.025006920964831,3.876526698203306,7.137396033426863,3.4860536782059164
30,5,PI,9,36,3.7750038468154568,0.496272782164382,4.134328955157801,3.10329742440021
30,5,PI,10,37,10.423586084359643,6.354632144824729,9.807972341382369,2.8257056654319443
30,5,PI,10,38,8.941965843860306,13.83029976446942,4.234637206146827,2.871370892211515
30,5,PI,10,39,3.8062814799285825,0.5707791098977877,6.504449594276645,2.537832111703635
30,5,PI,11,40,11.835259311469377,5.837910731074002,7.751109372865652,3.002546952687073
30,5,PI,11,41,9.840033110347715,13.8001683367794,3.4699707336126373,2.6739933219580863
30,5,PI,11,42,3.122810599773818,0.15627756505904644,6.303097468177896,2.086471826920853
30,5,PI,12,43,3.491372422835153,0.7309143648716293,4.685485125516512,2.8366936254501938
30,5,PI,12,44,11.869291120113164,6.093549123372417,7.669734770789009,2.9797437441200163
30,5,PI,12,45,8.503652692450594,13.857497208209983,2.9582311753105235,2.359964971831716
30,5,PI,13,46,9.875525830408247,13.309126605756454,4.635870636606277,2.952526734023576
30,5,PI,13,47,4.793431002429936,1.6106068671473939,6.274915499870486,2.394012539432607
30,5,PI,13,48,11.214847953871502,5.850916932408988,7.929396488868613,2.992201245393464
30,5,PI,14,49,11.57422081952781,3.113796766472979,6.7553008111526704,3.0413047716565673
30,5,PI,14,50,3.5736736505954525,0.8468598342398997,4.658803017071572,2.9014326180463446
30,5,PI,14,51,7.563703161578025,13.369016368925694,4.040485906029877,3.0887175432800604
30,5,PI,15,52,9.104826083367826,12.465889217526136,3.4546747874489903,3.253925280230983
30,5,PI,15,53,11.077105374834403,6.963244203881805,8.335263428643271,3.079374556840194
30,5,PI,15,54,3.5200562900398795,0.9416724123132142,4.2909136215404855,3.0055846821996264
30,5,PI,16,55,8.583006447090199,12.244334664970035,3.216732389377237,3.19370482763306
30,5,PI,16,56,4.1734478523921315,1.7963802920427985,4.518431175468645,3.142017222385924
30,5,PI,16,57,12.175669431347675,11.604236806526005,7.51119213821915,3.282253544235779
30,5,PI,17,58,11.287085836558816,12.191903180555604,2.8684752793860078,3.0826631240967632
30,5,PI,17,59,11.691553508242572,7.479180955059846,8.716895520478369,3.1861771205827645
30,5,PI,17,60,4.148359319657589,2.787340810705245,4.496968517075244,3.532989299005073
30,5,PI,18,61,10.40167868917927,7.480806619638464,8.732836256460384,3.04352443315227
30,5,PI,18,62,4.6933467199111245,0.40993859718390646,3.7474915498598693,2.9214091526327115
30,5,PI,18,63,4.739773638526329,10.059928638371842,5.534428586334764,3.106760776869161
30,5,PI,19,64,9.085346557158974,13.099033724395438,4.78543883969137,2.99612665931688
30,5,PI,19,65,3.252434053524654,1.015564231590954,5.074578280406915,2.50836879134272
30,5,PI,19,66,12.078057950939465,7.289110835641713,8.629415749411233,3.129522119359366
30,5,PI,20,67,3.410063360632305,2.5836574983252687,4.777254871177087,3.0590055569283603
30,5,PI,20,68,11.658194901084327,4.612851778752809,7.680854525681527,3.4818263741587154
30,5,PI,20,69,10.011893123286422,12.305473514947524,3.2855222636817527,3.183630562090201
30,5,PI,21,70,9.888844527597763,7.19423248717533,9.091319218781104,2.9341030307032208
30,5,PI,21,71,9.34378758502441,13.925713820030767,4.782515412186383,2.612548835854608
30,5,PI,21,72,4.546705445535939,0.5953355999937759,6.840654842431561,2.5384307706151725
30,5,PI,22,73,10.34362631501421,13.201927280558156,3.997140115633257,3.173823665061046
30,5,PI,22,74,10.221037388520129,6.351638212314555,9.459861265248366,2.802792645403887
30,5,PI,22,75,4.65435261324253,0.6640383367818409,4.038100563619457,3.0251858756404397
30,5,PI,23,76,11.397206479422389,3.8332858538226864,8.522191487686555,3.578680778795808
30,5,PI,23,77,3.390976919557669,0.839211760362058,7.261140951698751,2.4893840317740157
30,5,PI,23,78,10.039319691832885,13.031494514067132,5.119361944732796,2.8502132388169548
30,5,PI,24,79,11.958237248699648,12.269076512362552,3.725343027944499,3.5943444118251766
30,5,PI,24,80,4.6793470008836575,10.351422778125626,5.668189463763683,3.129765755718218
30,5,PI,24,81,11.716470489624534,4.790818990206903,7.355410683143628,3.3591207355104538
30,5,PI,25,82,10.409600326381824,5.208178042732886,8.612027560887354,3.057777870065138
30,5,PI,25,83,3.547217995194921,0.22459116653229028,6.564731174302276,2.3993197509868676
30,5,PI,25,84,13.054245786743408,11.906474652727589,6.946702451080053,2.8735267697993216
31,6,PI,0,0,8.072465272079148,5.149063047200077,5.536008596930674,2.9507718178828286
31,6,PI,0,1,5.617451483818235,14.811674852797,9.49134408910719,1.9821327029073084
31,6,PI,0,2,10.114858957567403,4.949451830781875,10.198764917460334,3.1277159513464596
31,6,PI,0,3,1.8445856233078506,0.7759384797566282,12.752870202131806,1.665961369564964
31,6,PI,0,4,0.13343708303152013,14.68151343277945,12.405045387285805,1.498196762483445
31,6,PI,0,5,11.778164389895572,0.7212523050381975,3.111588993104621,2.4890947357427744
31,6,PI,0,6,12.747984466428179,6.487422174825462,9.412019005546108,2.753053153842444
31,6,PI,0,7,1.8342359821644572,2.7950447801674425,7.459018691122105,2.1646001329260414
31,6,PI,0,8,11.391998652335026,8.097858065166541,1.603201178535637,2.5692839758633546
31,6,PI,0,9,12.99279117772314,2.094883643612236,6.5948663626843445,2.1316916253508715
31,6,PI,1,10,8.80274210166696,4.787242535946131,6.270812488258351,3.0410208700161623
31,6,PI,1,11,11.75430895381219,13.746088691455535,3.100928199133248,2.639687571972735
31,6,PI,1,12,12.885051467188607,14.089770771736417,10.61171503569088,2.2852046583317307
31,6,PI,2,13,12.154785399310258,2.4438974636573123,5.9124609646482575,2.5024777573606727
31,6,PI,2,14,13.623654027901043,5.55807651636689,11.445813752768517,2.577509977727994
31,6,PI,2,15,14.66795805743754,8.185139226614078,2.5783257800584494,1.8626542267606851
31,6,PI,3,16,11.096497551224038,2.7318562641241857,2.895892035781975,2.703878727733634
31,6,PI,3,17,13.316522439560387,3.439702181177544,10.579415870479913,2.9453999807559326
31,6,PI,3,18,12.29289889007472,14.317523087690745,6.797900897165858,2.246985560647669
31,6,PI,4,19,13.289158354119921,6.315766107555817,1.0608741119291354,1.8640643784413058
31,6,PI,4,20,11.521178844044861,3.506784243985739,13.979668125729082,2.8085046975212746
31,6,PI,4,21,7.320052090720806,5.368417341597301,9.083625004013,2.9101411565214823
31,6,PI,5,22,13.582926514089328,6.479542653423856,11.305193784649866,2.5470165093665456
31,6,PI,5,23,7.945399742202484,5.139090824330543,7.551137407210792,3.078637818662797
31,6,PI,5,24,11.986439982648614,14.541005759061322,6.51813209195918,2.195174738804531
31,6,PI,6,25,8.650774411998686,7.351366042456292,8.278909227727627,3.0456675596215366
31,6,PI,6,26,13.157026097397623,4.165758525210565,11.559259218633041,3.344381296834338
31,6,PI,6,27,10.596277228728677,5.988814442269589,2.8713748011612257,2.6831739052131476
31,6,PI,7,28,14.008004693886253,6.322778165410757,10.63813886927678,2.256695443002804
31,6,PI,7,29,8.60993313637293,4.336090979381716,7.491552476791235,3.418419239739671
31,6,PI,7,30,11.332356586961259,2.9086723270447203,2.338144439104093,2.533004637710884
31,6,PI,8,31,7.421099931573936,4.895881593798529,9.690677005685815,3.1244547618438276
31,6,PI,8,32,13.081742641020057,4.2841484822897815,10.879805307705878,3.2910863995258333
31,6,PI,8,33,12.03881606194606,13.976082947391436,4.676294392418421,2.7984729741675407
31,6,PI,9,34,0.3711441577747049,8.122226754246572,2.2224835191546397,1.8222886811077093
31,6,PI,9,35,13.007625643869122,6.540134689175397,7.155045729499655,2.620365613432226
31,6,PI,9,36,4.430200565769672,4.38605198793062,7.192811141910681,3.699777894172613
31,6,PI,10,37,11.97406298067765,2.501248646374343,4.720885606069413,2.9958594747949236
31,6,PI,10,38,10.266788173631955,4.804092343060741,10.465712090272163,3.2475759729147136
31,6,PI,10,39,3.646739402374168,4.352603784869928,8.918697279274367,3.716672048361815
31,6,PI,11,40,12.712303203835058,5.348390409654362,11.112019752596233,3.0233022550831263
31,6,PI,11,41,7.586307815435155,4.656074624089005,6.568193305951958,3.134231104331837
31,6,PI,11,42,11.541615730687461,2.9093669671935016,2.6846687562442444,2.7235711507536475
31,6,PI,12,43,13.683265551989628,5.254623490722042,11.425054707887494,2.660022982796327
31,6,PI,12,44,8.92535004327466,7.161091176472809,8.065677019973844,2.998515393604835
31,6,PI,12,45,10.679216322607378,6.172451974133036,2.8510200477566805,2.682559787698671
31,6,PI,13,46,5.38510892564306,4.503702376521856,6.86894032674957,3.169575077214226
31,6,PI,13,47,10.509205669184166,4.903750740251791,11.359415298216597,3.349351009336674
31,6,PI,13,48,11.609713404008085,2.897545396381576,3.0354840673974817,2.950654955260813
31,6,PI,14,49,13.658931076477126,5.715730649692588,11.615864190109557,2.5304239492623797
31,6,PI,14,50,7.889873619757854,4.5460619295990865,6.441004149767335,3.1867781674374664
31,6,PI,14,51,11.773754051771872,13.796790271934858,3.630889605131107,2.9451773359809392
31,6,PI,15,52,7.419781403030125,5.710521794844598,8.593928151652069,2.855479597472926
31,6,PI,15,53,11.206833039554974,2.962539908920074,2.550480644604281,2.657938830286814
31,6,PI,15,54,13.568028445370576,5.536059180699801,11.93724005939266,2.5984442445751705
31,6,PI,16,55,12.912276448326006,4.066334956186703,10.66179091252115,3.3524937663260923
31,6,PI,16,56,7.4385722546367985,5.410563520537147,8.243219131924524,2.95358452042078
31,6,PI,16,57,11.566465841697008,3.0407418054085413,3.194650885854913,3.161381495994916
31,6,PI,17,58,10.880431427424815,3.0202940924145247,2.553744885209622,2.6552006500446463
31,6,PI,17,59,7.298222237049597,4.467356087587466,7.789373374454459,3.3531265521122444
31,6,PI,17,60,12.050913214470967,4.936317219915475,11.539497073733346,3.4394803699109966
31,6,PI,18,61,7.695115409430879,5.612240828009801,7.358087879453155,2.8607726087053083
31,6,PI,18,62,14.054211579783018,4.681639561727037,11.615544608966788,2.795844048036983
31,6,PI,18,63,12.073195090822205,3.0787511928890563,3.4075510090288903,3.2945447205529637
31,6,PI,19,64,9.59307026302168,5.431475400870408,9.777896576174655,2.866552042832254
31,6,PI,19,65,12.264104783880203,2.946341251207427,2.462367056870269,2.554827159342062
31,6,PI,19,66,3.9140546469863944,4.381301544174562,9.089681070233905,3.7834153496667007
31,6,PI,20,67,4.66870843051229,4.238673277164829,7.388608409767362,3.6670823260973835
31,6,PI,20,68,13.364326801735908,6.44291039207534,10.910269427126408,2.5920155345337355
31,6,PI,20,69,11.521112024316722,3.117964899878562,4.087981290779322,3.5858486383980637
31,6,PI,21,70,7.413964188979813,3.9827183008346116,6.295141293874028,3.2203038236854855
31,6,PI,21,71,10.529136297018466,5.140796899677465,12.022179025865597,3.2182737125493226
31,6,PI,21,72,12.583362535500267,3.0805180121588815,2.911974286822357,2.8229186211665307
31,6,PI,22,73,13.125191217168895,4.907492168008376,12.236832931722878,3.024992082834353
31,6,PI,22,74,11.661349069557119,2.9038986220200123,4.446687438776661,3.375055944012739
31,6,PI,22,75,8.128322684024681,5.016213073758796,9.70591047463128,3.113301327781871
31,6,PI,23,76,5.963363856924958,4.343055331432383,9.54146136713457,3.173118986339197
31,6,PI,23,77,12.357010744949001,6.074441480086647,10.457856032111618,2.905578222016458
31,6,PI,23,78,11.638273406912,2.875234017252856,3.733973834438747,3.3526067019721966
31,6,PI,24,79,11.562425911388173,3.6836525280681465,10.16116531464892,3.502195704651933
31,6,PI,24,80,5.5372486232244595,4.052100877821097,6.766335831630924,3.182771527171552
31,6,PI,24,81,12.31211343607438,3.098255548353335,2.0433851674481955,2.498638780517819
31,6,PI,25,82,10.833462061868092,3.490764187054986,10.215674669748733,3.3335791068891125
31,6,PI,25,83,5.509181476400288,4.457064949948769,8.627521159762717,3.2702617746716856
31,6,PI,25,84,12.554311280700645,2.5713738700793605,3.2096285023032847,2.7104034641653953
32,7,PI,0,0,9.376431999070004,13.458207014543632,11.635285353677903,2.767443173429532
32,7,PI,0,1,3.378107849858878,4.502494273668382,13.103301680943929,3.2965666425518254
32,7,PI,0,2,0.07897956848362087,12.318426275741494,11.956041431280694,2.4896130174937436
32,7,PI,0,3,7.0190242926558115,4.545486402289703,4.1763841815116,3.6687845282119675
32,7,PI,0,4,3.823043814811869,6.676144588239699,7.568223884369299,3.259449306295454
32,7,PI,0,5,8.302460281117387,14.93250425151589,11.889928788206296,2.3193617400139876
32,7,PI,0,6,9.33268844161744,14.834402215228273,3.2296304735339842,2.2013370387602436
32,7,PI,0,7,2.4031805078676682,9.188094064095461,0.6591301194207505,1.8741891642582647
32,7,PI,0,8,0.5352041816039421,7.723332304070555,6.9930903798793365,2.2597515607734993
32,7,PI,0,9,13.757516597892783,9.438393817365156,7.711764698992708,2.4851532085194354
32,7,PI,1,10,6.980029031055407,8.445589465901296,1.4399500061107813,2.318030906089351
32,7,PI,1,11,7.0476221773927765,14.83377335344792,4.364086537743629,2.458638156286082
32,7,PI,1,12,3.702250788035146,1.6528148807691583,11.149864103696192,2.852600877316246
32,7,PI,2,13,9.942454314660608,13.72538992652512,0.718397270411395,1.812398156202457
32,7,PI,2,14,5.955214212395585,5.180147326215766,2.526040413331268,2.4400726482757182
32,7,PI,2,15,5.995660422854573,4.273182022044303,13.132439516207452,2.9796085013455915
32,7,PI,3,16,8.695491326341912,4.601297227773383,1.0098369888014624,2.6720906815194936
32,7,PI,3,17,4.502204209739936,4.5165142910840945,14.618371616047503,2.8642928850201694
32,7,PI,3,18,4.287006148036859,6.718132493620051,6.251363500527957,3.0861036266348862
32,7,PI,4,19,4.187483964985725,4.546037462565004,12.559872283158628,3.747005405914007
32,7,PI,4,20,8.60357612253204,4.631365101355976,4.450657586695695,3.673165810026835
32,7,PI,4,21,0.9456648809854806,4.633334618228947,1.1364981621006987,1.9863843495004716
32,7,PI,5,22,1.9977651908224199,4.670392977157689,12.104606580642102,2.8192736197278565
32,7,PI,5,23,5.3700059442378585,4.672038853541115,4.2864250628625955,3.607152899823028
32,7,PI,5,24,11.632454584147712,4.58192444864612,4.560939192441352,3.793076713951889
32,7,PI,6,25,8.771499489672937,4.645344879498226,3.880173679630125,3.6984754268227666
32,7,PI,6,26,3.629922168167992,6.666251212430155,7.10177917578478,3.118728222996658
32,7,PI,6,27,6.514240285165117,4.516218063040187,13.1085237385558,2.9554442070202933
32,7,PI,7,28,13.228074627796683,9.735953770460448,7.6477307524843505,2.7177535370639556
32,7,PI,7,29,5.846765628018798,3.2207290344893993,4.000153303847459,3.304107921291245
32,7,PI,7,30,5.072275581096639,6.627233255370845,12.917944475622177,2.7922525160410725
32,7,PI,8,31,3.8068713375765117,4.870308309761319,12.182351107715068,3.663891391018008
32,7,PI,8,32,9.146525206053811,4.840285932856773,3.68000771807526,3.5153321664949626
32,7,PI,8,33,14.208315603815821,9.685559370725759,7.719791442365898,2.3075279267235085
32,7,PI,9,34,2.23422025710946,4.876067801313533,12.137591554633213,2.7783007019756214
32,7,PI,9,35,5.085558200311148,3.76052963969361,4.313270735202816,3.8252934124676803
32,7,PI,9,36,11.010085080821739,4.165958006793558,4.4403981541606505,3.8958822094549754
32,7,PI,10,37,6.180663626661417,3.8423740392170243,4.191397651857004,3.6140971852263926
32,7,PI,10,38,2.9711408193974504,4.669936653859141,13.613420144378262,2.711270412570691
32,7,PI,10,39,12.325413465038224,9.76466766692375,7.837372704057571,3.0854836086847977
32,7,PI,11,40,7.37244287161112,4.255082373127523,4.516287947747405,3.7267982142744405
32,7,PI,11,41,3.275888916975357,5.340773879832698,11.553141261238654,3.2207725191606693
32,7,PI,11,42,13.456798647105913,9.979339826670081,7.804049957132801,2.6324717363557513
32,7,PI,12,43,5.8853862005629525,4.174763817716448,4.984421129424174,3.3438883488152022
32,7,PI,12,44,4.535060391264568,4.169669322129886,11.9836097397944,3.892324455525734
32,7,PI,12,45,13.316873971087782,9.683130198685092,7.020051084062698,2.586702651875826
32,7,PI,13,46,3.269032836337404,4.619098447467299,11.13394358572615,3.5262149776416836
32,7,PI,13,47,7.480159638271785,4.406052544000848,4.856477544429811,3.5486682548167714
32,7,PI,13,48,12.723367238315012,9.884549800225646,7.639288334370301,2.9417045271125897
32,7,PI,14,49,6.440596753255,4.863544894301272,4.902120004811073,3.1597763923929794
32,7,PI,14,50,3.88537268296937,5.110870349105212,12.540198572397584,3.4639165125115836
32,7,PI,14,51,12.289611736837754,4.90797264298949,5.102704738443878,3.2931564140054235
32,7,PI,15,52,3.268341222109959,6.8670373555253175,6.653716935321416,2.86355650668765
32,7,PI,15,53,10.327956789021156,4.159446318321929,4.26858737089931,3.8422607750352427
32,7,PI,15,54,12.579674892231566,10.174075360489677,8.301477431808054,3.0385663817151416
32,7,PI,16,55,8.522960358053698,4.589339480561211,4.402705981429348,3.7106851796021645
32,7,PI,16,56,5.439157165275521,3.438385921850461,11.98120142311377,3.2674341949331613
32,7,PI,16,57,13.821624408060599,9.896975181728774,8.331429813253461,2.476232330166998
32,7,PI,17,58,12.582966423228712,9.551488207145216,6.8336643921085045,2.868490942230572
32,7,PI,17,59,4.516487594094096,5.137264522952183,11.329388712880304,3.5248505791839095
32,7,PI,17,60,8.63624820227384,4.602390932149555,3.217163860123302,3.392709155008566
32,7,PI,18,61,6.328813804572648,4.639900339055308,3.936374964372786,3.5109521450305885
32,7,PI,18,62,2.3593580413661535,4.609998065446207,12.540502284956645,2.8467194177863355
32,7,PI,18,63,12.440249759429193,10.688209814545528,7.223796298010191,3.0725478290461896
32,7,PI,19,64,3.4021929321142315,3.15964843917114,11.69293567332858,3.382854648684548
32,7,PI,19,65,5.612502477086656,2.9242111603458962,3.5959737077205682,3.017717664227858
32,7,PI,19,66,13.511950491864148,9.57327731896321,7.023158954928561,2.49723607416179
32,7,PI,20,67,11.546121294358576,9.21500620705714,6.827087985404485,3.04811190175747
32,7,PI,20,68,2.12996424794132,4.129453225254381,13.061370067807642,2.6799615220708066
32,7,PI,20,69,5.809413432862941,4.176743466271976,3.1986821939032617,3.2935277149237896
32,7,PI,21,70,4.708624014005769,3.5080220202748267,12.309400852612868,3.5846846231792204
32,7,PI,21,71,5.421787683853991,4.880508480319447,3.9679881401020505,3.4979357160618223
32,7,PI,21,72,12.272046761579903,4.858173407981329,4.177842275615625,3.68748551634187
32,7,PI,22,73,2.901578553526604,3.475526852275255,12.348281453576003,3.1509407277039916
32,7,PI,22,74,12.937347003759658,9.476904023620001,7.038028394358698,2.765611298371246
32,7,PI,22,75,8.95897440398973,5.4077051030069025,3.6336934587977394,3.24243737606466
32,7,PI,23,76,8.862558266618619,3.550716620807102,4.085160333625298,3.7089572640269113
32,7,PI,23,77,3.1378527891595214,2.8303515891860096,11.178772321572678,2.9470708822469582
32,7,PI,23,78,12.731738825492556,9.043232266872426,7.866835319256884,2.9750797753201708
32,7,PI,24,79,9.45976079779216,3.80133155841027,4.12947218104342,3.779831835750386
32,7,PI,24,80,4.386398016061479,4.217697363536364,13.903744074951197,3.215160693168407
32,7,PI,24,81,12.035084824573211,9.098474714391516,7.887861054945364,3.168283437408828
32,7,PI,25,82,6.848464173726506,3.893394605842543,5.589447174542707,3.1633984847500103
32,7,PI,25,83,11.520085818550902,9.032843825858068,8.742930315369033,3.18573283888012
32,7,PI,25,84,2.2816660809550586,5.234130879752252,11.242414114014988,2.6431068934050224
33,8,PI,0,0,4.90458414908341,14.809152650068883,4.780662577282751,2.5174152587149257
33,8,PI,0,1,11.828234037300435,13.04844767544324,5.86627209808791,2.782790386001085
33,8,PI,0,2,6.568228096841982,5.591233546340296,1.6043039470916154,2.0836786142536226
33,8,PI,0,3,7.184481812440755,3.6202821762702344,3.857178728266946,3.6582849562760646
33,8,PI,0,4,2.7709733525162235,2.9079682335646604,12.207415052325315,2.716842037220546
33,8,PI,0,5,6.344762822163395,3.838807577373391,8.863542776481173,3.2204933625246683
33,8,PI,0,6,9.064084440876837,9.702870405902818,13.670345706727861,2.4965516469002056
33,8,PI,0,7,2.2530916794295264,5.570806926635942,4.269309562662189,2.7713084849459655
33,8,PI,0,8,0.25173078486676104,2.7233090604409425,5.920028719479042,1.821116662723356
33,8,PI,0,9,5.899660651294863,9.250919166105014,6.783997932407195,2.68300579316905
33,8,PI,1,10,7.460894411145796,3.6994874264453648,11.916464995167669,3.4922257088467044
33,8,PI,1,11,11.697393082656687,13.096157514971237,12.92458566282349,2.8158127117738054
33,8,PI,1,12,6.573829426375224,5.583781175000672,4.46337902723127,3.0692269299767103
33,8,PI,2,13,7.764280938923273,12.671227292905971,12.191236510398715,3.1018705229013923
33,8,PI,2,14,6.60235398000291,9.047227799561343,4.416403824372449,3.2227963262002097
33,8,PI,2,15,11.684213184451162,10.433650986137764,5.681543087976173,3.039334850393685
33,8,PI,3,16,11.331108651358667,13.694000738570708,5.67600126533647,2.5085332628264156
33,8,PI,3,17,7.505229146317927,13.736107621111547,12.063500722588717,2.6279450132463147
33,8,PI,3,18,7.630326462694225,2.1844875343791887,4.164257631958464,2.906801878163672
33,8,PI,4,19,7.487581699294216,11.433536720932427,11.909813433349276,3.3138489533226485
33,8,PI,4,20,7.208660675461918,4.224238970300473,3.885621810134554,3.77309313191433
33,8,PI,4,21,7.142473934689584,14.095458325709902,3.8533327258767542,2.6905284402285448
33,8,PI,5,22,8.266126559910346,11.291417514296407,11.905468879870263,3.3438160085353794
33,8,PI,5,23,5.967107827227216,3.4039627267243624,12.012627810057065,3.137737605005162
33,8,PI,5,24,11.649186957818607,10.377284543446425,5.663746505125456,3.0362920807943565
33,8,PI,6,25,7.526315926119641,11.036614479353457,11.802984350940314,3.2844590617452614
33,8,PI,6,26,7.340851180448795,2.0494596661843083,4.273807786278344,2.8191049870881617
33,8,PI,6,27,11.157317785513083,10.181799238446194,5.333091101216877,3.0854569250632062
33,8,PI,7,28,4.816175771018283,5.770964835232934,4.4358236830635684,3.3881862971600025
33,8,PI,7,29,2.529537473344294,4.005271983933747,11.788317258499962,3.200765865514408
33,8,PI,7,30,14.1985852767992,12.703866730737854,12.024996088997502,2.405944185920995
33,8,PI,8,31,8.442335176030138,2.5664441193048444,3.8628049361834833,3.0688462198147426
33,8,PI,8,32,7.30838638227791,12.58524358176769,12.276160268736952,3.0623868730924713
33,8,PI,8,33,2.1236568196523513,3.8524550576072563,11.60365787940426,3.0149883488968476
33,8,PI,9,34,5.98729441455334,5.1512972967067885,4.130904978239806,3.2576253392290604
33,8,PI,9,35,7.1721339978600005,12.042769017681543,12.278919343382896,3.1800227327113384
33,8,PI,9,36,11.570940937163762,10.796856882477202,5.439327583169251,3.1600278200120053
33,8,PI,10,37,6.23477234525649,5.061825728137781,4.14319470391583,3.304576222933844
33,8,PI,10,38,8.725283736159492,11.550167273977836,12.252477412478065,3.2833708631879075
33,8,PI,10,39,1.8257336657092087,3.9264121893293757,11.313658437130268,2.953397967524274
33,8,PI,11,40,6.934794268793004,12.388548660922723,12.34380670691271,3.045318178528756
33,8,PI,11,41,5.512425313678505,4.816489800104458,4.477284247951522,3.434154102596242
33,8,PI,11,42,3.4453979260723617,4.119583484591828,12.403388318419662,3.6935827085580053
33,8,PI,12,43,10.728360186593944,10.55266493392418,4.615803652815906,3.411740560610526
33,8,PI,12,44,7.565743930050784,12.227578270648648,11.647911063108598,3.277349084611538
33,8,PI,12,45,5.3858294769757435,4.784704257074662,3.861798802516459,3.539874570484775
33,8,PI,13,46,8.275618451742186,4.302542893831981,4.458357415011566,3.794700392858453
33,8,PI,13,47,11.920072965472196,10.844476587310252,6.1442567090431925,3.047751454571225
33,8,PI,13,48,6.4806579445287085,11.901535748338834,12.175298167442786,3.1036864888075533
33,8,PI,14,49,10.91955210657458,11.245449831072385,4.201059020733171,3.6620640415403543
33,8,PI,14,50,7.963053467207977,12.071304798933756,11.233091640157753,3.312640611610459
33,8,PI,14,51,2.5685622174787444,4.658600096391703,12.074202287050815,3.0458380207355793
33,8,PI,15,52,1.9989282807454494,3.626050015394223,10.854166946731748,2.8261897089579353
33,8,PI,15,53,4.726041294331087,5.314309837994527,2.9978153848359,3.114293713131993
33,8,PI,15,54,10.371126447898272,10.222871899663707,4.43356014068723,3.389890633102527
33,8,PI,16,55,4.209233619113474,5.579081043504179,2.80713982191953,3.065544847367217
33,8,PI,16,56,12.223155865475471,11.184036440847102,5.569569556265054,3.110541898504229
33,8,PI,16,57,4.387241928579841,3.817299813195839,11.943425465434965,3.912383311531274
33,8,PI,17,58,7.359759891370533,11.525384846631946,12.022964240088227,3.2875911275367162
33,8,PI,17,59,11.851430459840357,10.286612166854948,5.9554915272558455,2.9775458525915544
33,8,PI,17,60,6.5316147636245985,3.211454952798292,11.920813047217901,3.0587430341604036
33,8,PI,18,61,8.733255723647343,4.602489314651808,5.0063456138029885,3.4219092416335473
33,8,PI,18,62,5.2956863278683075,4.092185442581377,12.160528730010176,3.50491914250458
33,8,PI,18,63,7.30393498781893,11.600423663342895,12.462541526393393,3.1794704491502963
33,8,PI,19,64,6.687771535156916,11.556873936107946,11.589831316602748,3.201620940777691
33,8,PI,19,65,4.368557051578313,4.600321706657783,3.369851462132706,3.8523964705921285
33,8,PI,19,66,6.230935026852784,3.130614386064059,11.735751741289151,2.981548251841282
33,8,PI,20,67,6.336121231171702,11.53600664864429,11.236321423307789,3.1274653518180693
33,8,PI,20,68,11.418912288129782,11.669194942441917,3.9893678206536287,3.7450132518978334
33,8,PI,20,69,9.178014314494611,4.615298145211732,5.0410875827702775,3.370161121935297
33,8,PI,21,70,6.134607981164099,5.4108428075428225,4.159616316570186,3.14527026761543
33,8,PI,21,71,8.452716674360886,10.762107412264813,11.51926104490636,3.2774307717473397
33,8,PI,21,72,4.449673373522386,3.473999266539395,12.408705977525594,3.6451526135817565
33,8,PI,22,73,3.8453734725708086,4.471195506311989,12.244546764654169,3.8407570745792965
33,8,PI,22,74,12.396012358142489,12.391727239351216,5.513435041180692,3.004294583272725
33,8,PI,22,75,7.04915307442358,4.000944754117246,3.228524389667623,3.425564703844363
33,8,PI,23,76,5.782889492586664,11.541954031633935,10.563346466422,3.0379404739169518
33,8,PI,23,77,2.100965687518404,4.055811869305334,12.018664330287297,3.0110591612952735
33,8,PI,23,78,7.885997917493622,3.5649567214376483,11.330823580629742,3.4680447571130872
33,8,PI,24,79,4.536431351787556,5.532536625838377,4.976348822765297,3.324557448908525
33,8,PI,24,80,7.6263728423176955,11.883385666267431,11.048497155955832,3.2907563850837818
33,8,PI,24,81,3.9980136833855773,4.297225627424304,11.8505560728208,3.978321108551893
33,8,PI,25,82,4.511827617985117,3.750467876540431,11.22126008977218,3.8408695841246487
33,8,PI,25,83,9.234776974180397,11.36354070445129,12.566170130214127,3.1484260920058587
33,8,PI,25,84,6.854747833506228,2.178580375340498,4.240935944203866,2.7787733123815754
34,9,PI,0,0,13.05373805955127,4.3022581363133305,9.047222250773428,3.2045011981884883
34,9,PI,0,1,11.663011243802682,10.74111944405348,13.730701807357613,2.7369626718132474
34,9,PI,0,2,12.905904737743269,13.773564435731435,0.3988160170139582,1.6478530500045454
34,9,PI,0,3,6.55872000194263,7.274164904659321,0.9773129605516129,2.16397010566593
34,9,PI,0,4,0.08439076019089387,12.459321554568856,14.749533664292633,1.460469483070271
34,9,PI,0,5,11.769147790090194,4.734052349674097,10.580005568841807,3.4534922652883973
34,9,PI,0,6,4.487716097973701,11.11122724313623,4.196208296224305,3.8905142734359295
34,9,PI,0,7,11.738863729921972,14.81611120341865,14.793578239203576,1.4620730744328985
34,9,PI,0,8,13.242938504950136,13.69215077675877,10.623103711547587,2.2867633267106227
34,9,PI,0,9,8.317453158952631,13.848573121053308,1.3459616978146882,1.8443458929636551
34,9,PI,1,10,8.527752534753454,4.3367378923965925,10.044603996540586,3.4124033279674695
34,9,PI,1,11,7.410928480996274,10.474002294558987,14.034493005288404,2.395361275834765
34,9,PI,1,12,0.8072108912754805,4.390878745185219,8.099915196239733,2.755198966907143
34,9,PI,2,13,11.346351217898636,6.9538923728572275,10.498116223778826,3.107685732479407
34,9,PI,2,14,1.9774005540224626,5.284779292347931,10.791275466122714,2.4709301769991754
34,9,PI,2,15,12.226425465060714,13.2418291216535,4.328170625086025,3.214627246593179
34,9,PI,3,16,4.935518128351639,11.022308706658473,4.23156279755481,3.666413769353568
34,9,PI,3,17,4.343839557668731,4.298061763345899,9.258711644646679,3.7771183997482747
34,9,PI,3,18,13.291993634357299,13.274786767543775,4.923413700213151,2.5431368812094055
34,9,PI,4,19,4.308915770299797,8.703159230382079,4.124180625134437,3.842176804804032
34,9,PI,4,20,10.09234671838175,6.448452736548515,10.623384034782383,2.8800718375125536
34,9,PI,4,21,13.146218082486769,14.851112061299068,4.271002215622833,2.307757895660177
34,9,PI,5,22,4.636529162405348,8.412019580306977,3.703064117967058,3.6658080879570294
34,9,PI,5,23,12.51651879167167,3.3990516616921864,9.491460594271167,3.1857898117945487
34,9,PI,5,24,12.001039343153712,13.205155006479178,4.522272497437221,3.211600084753692
34,9,PI,6,25,4.213901528529508,6.862279710944513,5.720472240334523,3.1482921450332837
34,9,PI,6,26,13.091042922664284,13.775225989865948,10.61004668830952,2.3189540819343653
34,9,PI,6,27,12.605938796199515,4.365617508144039,10.503563136213831,3.4129694785453584
34,9,PI,7,28,12.31425523733043,6.019424261312813,10.446645359512326,2.916151772361829
34,9,PI,7,29,3.3829480360457724,10.929059697461096,3.739290295366671,3.6380692761242157
34,9,PI,7,30,0.631401731567186,3.979784182335165,8.004230210983009,2.7787716386742307
34,9,PI,8,31,4.239505777938703,4.109844242438354,8.666231379989826,3.857800897976834
34,9,PI,8,32,4.256621072991264,11.24917317328384,4.978867890814925,3.6690090711358088
34,9,PI,8,33,11.54924190243327,5.879810060045096,10.31485767767188,2.993477745836601
34,9,PI,9,34,4.235388212716447,11.255507287574218,2.9223677806542394,3.417884270386045
34,9,PI,9,35,12.508551118307711,4.431488069017499,9.372156545309354,3.370046814166753
34,9,PI,9,36,4.161954681633843,6.984038787486097,7.863770607039128,3.372676533951216
34,9,PI,10,37,5.154533208571694,8.543051145182675,3.123725276389187,3.06175169672326
34,9,PI,10,38,11.59381218467186,13.089087633512685,4.941011757663998,3.091794107164196
34,9,PI,10,39,11.442651468384469,5.89965993226725,9.955832974365492,2.956001438315031
34,9,PI,11,40,9.655315808773254,6.702839908315193,10.688716271017924,2.9122983070408512
34,9,PI,11,41,4.426163814461473,8.599825962979823,3.226082537362396,3.4674139889255837
34,9,PI,11,42,0.5139353081719522,4.2805280382243325,8.208963388894098,2.756868436864539
34,9,PI,12,43,4.782595341631742,11.543079724483608,4.755152794607439,3.6104957182507924
34,9,PI,12,44,0.7761113463848734,4.698899903764636,8.114503014648317,2.6322093413204897
34,9,PI,12,45,13.343472069204102,3.5702391008156913,10.344092362891654,2.9738252666982485
34,9,PI,13,46,5.42569892772381,11.317558627040041,4.043416081448845,3.4889634477333544
34,9,PI,13,47,1.9336064382638911,4.138473631354317,7.90058304376057,2.8657624292996347
34,9,PI,13,48,11.21580915036002,6.740540576366479,9.625716426328646,2.9942541642565352
34,9,PI,14,49,5.000250732527642,11.066640604296138,3.356988611901449,3.387864538137605
34,9,PI,14,50,11.746959527960522,6.486403933059581,10.923203521501065,3.1035708950840593
34,9,PI,14,51,4.723519525580341,4.192969027257494,8.5913766146254,3.689842375156569
34,9,PI,15,52,3.344853362191196,9.71229208708724,4.627449005339866,3.4173592145939784
34,9,PI,15,53,11.415499146527964,4.893686460636267,9.66218501873819,3.2949111597631804
34,9,PI,15,54,4.01866132291096,4.489068346519737,9.91124695333869,3.7466117023290844
34,9,PI,16,55,3.4906450948604317,4.22007394020927,8.105886178421677,3.695241383835362
34,9,PI,16,56,4.1256465065235535,10.287191269987948,4.107330082512962,3.856079638793824
34,9,PI,16,57,11.773384468410008,5.419903063387572,9.601241842785443,3.0578068120831996
34,9,PI,17,58,12.993425211709429,5.058326122185014,11.053268380225871,3.0289819129814624
34,9,PI,17,59,3.8839347883648885,5.160287846495589,9.193400846293423,3.4176803237418945
34,9,PI,17,60,3.499415803662291,9.50303288406911,4.949890224216298,3.354624305047037
34,9,PI,18,61,11.569598437606956,3.586093805101283,10.187192201921961,3.460212449249309
34,9,PI,18,62,4.4431498151366995,12.186290140156927,3.9953857968301354,3.8900126608472627
34,9,PI,18,63,4.622376232458539,3.826267158924443,7.829773303017696,3.70760494642594
34,9,PI,19,64,10.682262357777912,6.357253109105852,9.26061712919155,2.8722408267007262
34,9,PI,19,65,4.281492753082262,13.20308083844677,4.198927009873879,3.556829574803414
34,9,PI,19,66,4.697826486904792,7.162931411443166,5.40647064821671,3.1303182005745027
34,9,PI,20,67,11.73903326766483,6.74579330165918,8.930229200627654,3.0511823044757556
34,9,PI,20,68,4.445372960527753,4.728899225033757,8.703092581001794,3.6239302246548233
34,9,PI,20,69,4.0201789421024845,13.490961175345323,4.259310158664449,3.431017063577266
34,9,PI,21,70,4.5006342470912095,10.74788618305232,4.838477709314539,3.6030726204994954
34,9,PI,21,71,11.68914983332314,7.607160129106303,10.427247250437079,3.207786668672746
34,9,PI,21,72,3.6738217284688597,3.696805970294232,9.033748405172808,3.675582258526778
34,9,PI,22,73,4.133390808115403,10.5617098325894,5.112014089213394,3.5182153630176956
34,9,PI,22,74,9.697765742813454,7.410386038137457,10.595204380999656,3.01684633081337
34,9,PI,22,75,3.5072865923707255,2.945030845453758,9.113846238423262,3.1225238423651174
34,9,PI,23,76,12.687984887189437,13.678709573948568,3.826550672992122,2.864325430102677
34,9,PI,23,77,3.623391720146016,7.987005159300597,5.035574103756193,3.435009188718372
34,9,PI,23,78,11.20141119115852,5.522344815837193,10.559538154001565,3.0700312475537124
34,9,PI,24,79,3.8881264689625357,9.245000462879693,2.5248719544324976,3.0050400466682192
34,9,PI,24,80,11.359225948724275,5.006294647429507,11.420223224195126,3.4175359899146076
34,9,PI,24,81,4.610892593638985,3.801579968390667,9.774036148912804,3.6522534705154728
34,9,PI,25,82,4.291137080393117,11.153109996735676,3.084744382982544,3.50982514101626
34,9,PI,25,83,12.128503420400708,5.684797937671075,9.03191583326949,2.965359150233924
34,9,PI,25,84,1.8814628769953607,3.7497019591893936,7.5189664024823815,2.7660316581512028
35,10,PI,0,0,14.34002564443463,3.115227151187203,12.426673279117962,2.311593111027947
35,10,PI,0,1,2.239231846230304,7.692069246548472,2.038794060307599,1.94334326022665
35,10,PI,0,2,10.335547196716966,12.626215864684184,6.382634961074649,2.8227562868328016
35,10,PI,0,3,14.353890051800493,12.379993595771975,5.07322968707364,2.3936407384758276
35,10,PI,0,4,8.636408219167704,11.299527970627153,12.406559055371932,3.231554792337795
35,10,PI,0,5,14.001577062773721,2.1749204240434095,11.183703165659061,1.9913929008349873
35,10,PI,0,6,2.0902709080173354,13.597931341693902,3.3917165051179117,2.1817652303152024
35,10,PI,0,7,12.798596248584094,4.594767982981857,14.547455523094825,2.426346416127633
35,10,PI,0,8,7.767513204253045,4.83711838149092,4.236502757470194,3.625563274933772
35,10,PI,0,9,9.08797493729514,5.0064668507900745,10.179731602622143,3.0993701324544505
35,10,PI,1,10,9.005517306538787,3.929745839558006,2.2412235087148242,2.903533017899144
35,10,PI,1,11,9.218142418157047,11.69366764875231,5.619088096167115,3.013401027263397
35,10,PI,1,12,8.72842878295374,11.485414795872481,13.789198770884475,2.65482170011779
35,10,PI,2,13,14.343646007137375,11.60492320796854,11.749072939175218,2.598166905686592
35,10,PI,2,14,8.97533122712648,4.171108052742104,1.5304349448918257,2.790583205618708
35,10,PI,2,15,8.606618251027333,12.986094711149956,5.9093148884865325,2.6733680609199215
35,10,PI,3,16,7.277089214818294,4.092751141959921,4.747076792850136,3.6253785281113604
35,10,PI,3,17,9.480885150316716,11.8166516021876,5.91493916328372,2.949570999887082
35,10,PI,3,18,8.671201946192683,11.44714901531771,13.599168364119443,2.739545836993627
35,10,PI,4,19,8.278778718300169,4.632625141910001,3.651067780449141,3.6490282483139556
35,10,PI,4,20,8.697551416617216,8.069321605277938,11.162726782046489,3.1971672247785303
35,10,PI,4,21,9.475236329549244,11.70620506335735,5.730191661529459,2.978406102292208
35,10,PI,5,22,9.227995269533462,7.052512492114114,9.902855666691185,2.9026237196160216
35,10,PI,5,23,10.254279798601504,12.259372864552882,5.76363021329901,2.9299853512159224
35,10,PI,5,24,8.996036748914488,6.014787969997984,2.3915997141053555,2.3587694066932707
35,10,PI,6,25,7.806169629337351,11.1465180663199,11.408840946765908,3.321098144472563
35,10,PI,6,26,8.034596335929294,4.525004477561864,3.96400815464167,3.784851163417283
35,10,PI,6,27,12.170252425349235,12.305561936452396,5.939290359749558,3.005219879643864
35,10,PI,7,28,7.330198772479913,4.138826657729067,4.279278688370249,3.8030854891653028
35,10,PI,7,29,10.656932922007353,12.004074281232578,6.339783661300027,3.0223357625588463
35,10,PI,7,30,8.828068688239705,7.876238441816029,11.022736721307426,3.163552677163513
35,10,PI,8,31,12.142400452873682,11.301037716950779,6.023277623685951,3.0743103299839154
35,10,PI,8,32,8.61646907259367,3.3610653356634024,4.622475743568597,3.4810741557556746
35,10,PI,8,33,8.01985340872911,10.839418135781457,11.75254512021932,3.292896413398306
35,10,PI,9,34,8.084053595692218,5.404725313484158,2.8837386388529707,2.796995994512619
35,10,PI,9,35,10.685082590218753,11.829104284219897,6.962377975710608,3.143157830875338
35,10,PI,9,36,8.752283918060142,11.345651323128497,12.71237940855283,3.1238037473992155
35,10,PI,10,37,10.731170347527224,11.566729462689969,5.112669825889638,3.288368276710951
35,10,PI,10,38,9.323939793256475,3.0228496390541943,4.154599772053854,3.3351042343149935
35,10,PI,10,39,9.334852980267907,11.33098164944348,11.748926003599205,3.3019740508248825
35,10,PI,11,40,14.653359552891875,11.558717842546836,11.642575768123049,2.5154108970384774
35,10,PI,11,41,10.767726015622584,11.75840975404929,6.35051896756962,3.0625414570772675
35,10,PI,11,42,6.895482118088165,10.570938364266272,11.606460284187872,3.120538136473461
35,10,PI,12,43,12.296976806170896,11.730292710288579,6.026787286935032,3.0554177215138054
35,10,PI,12,44,9.395164854383594,2.821128525126116,4.902146189751836,2.928289111967061
35,10,PI,12,45,9.913063921295336,10.625083505823316,11.681357166235992,3.205283270349396
35,10,PI,13,46,8.560752620574268,8.933156904570493,11.33673499746733,3.190962180158878
35,10,PI,13,47,6.9260991745849845,5.103444070686079,3.842669786640292,3.3545401695282946
35,10,PI,13,48,11.730114626366392,10.669707251659192,5.206280127242792,3.234203643636274
35,10,PI,14,49,9.708711947030444,11.799381645962288,6.678271671318941,3.0052473907096138
35,10,PI,14,50,9.612823514043411,3.6751191147593993,3.8592348949003688,3.7041835523038737
35,10,PI,14,51,6.079720275220756,11.194154854483287,11.402142911849033,3.1012625747369276
35,10,PI,15,52,8.310256064786818,12.008533857644203,6.233537621502513,2.9905771757404844
35,10,PI,15,53,10.821912545230758,11.136896611651283,11.293239949693138,3.3678306889945504
35,10,PI,15,54,10.471449867941335,3.403100175057146,3.554395203296706,3.4999410701731244
35,10,PI,16,55,8.759250850416823,10.656267866047909,12.662845282451983,3.048990573714007
35,10,PI,16,56,6.770495792004762,4.316097026524992,3.6274609188713036,3.5907699893673906
35,10,PI,16,57,9.064122951240975,12.526763360895936,5.952022278075468,2.8231512503673573
35,10,PI,17,58,8.244671155914865,12.21173564938541,11.620558984615046,3.3132132679547337
35,10,PI,17,59,11.615484844938356,11.5893297428905,6.427091138729515,3.1630442880895373
35,10,PI,17,60,9.299328949622442,5.275468589027065,4.09844927050964,3.3822613138282875
35,10,PI,18,61,9.823799271025564,11.33917704106666,5.748396199802882,2.96213583396175
35,10,PI,18,62,8.953886017396126,9.699846097046297,12.463020817815723,3.0200513232831634
35,10,PI,18,63,10.175418199746678,2.8919783433268567,4.401228925677433,3.213776588684924
35,10,PI,19,64,9.714068184243388,9.21724184313799,12.349817807428401,3.0368989262055504
35,10,PI,19,65,8.161459975841073,11.069449507711774,5.5053798971446275,3.0521918933637995
35,10,PI,19,66,12.637546093691054,12.678180587889408,5.196246709798108,2.9515937637748006
35,10,PI,20,67,8.697455320827402,11.540299559605208,5.756095459891759,3.017326115503185
35,10,PI,20,68,8.38501500854637,4.553064789855698,3.2449479653126567,3.443487631296998
35,10,PI,20,69,9.742860983936513,11.834045388228102,12.365630539178753,3.204154508329409
35,10,PI,21,70,8.768939472294965,11.89141232962112,6.8428971498433375,3.0692188292483515
35,10,PI,21,71,5.532373927599693,11.81048736657497,11.508647955215457,3.207680612632366
35,10,PI,21,72,11.189533833766003,2.9216503932199323,2.9718579675982175,2.893389713533135
35,10,PI,22,73,9.151099522921783,11.800326961202646,12.828846654631503,3.0594948907324913
35,10,PI,22,74,9.821293533269406,11.738628958267498,6.142892056519256,2.9486960274119225
35,10,PI,22,75,10.651299526228334,2.895674354293737,3.486106012495393,3.1415008118597276
35,10,PI,23,76,9.74933911164406,9.095909477776946,11.178098419568686,3.1101061567466415
35,10,PI,23,77,11.36828288563143,3.5297439261296057,3.5971934370851963,3.7170412675349014
35,10,PI,23,78,13.688814334628413,11.72495186917919,11.831098322535627,2.8408757788450183
35,10,PI,24,79,8.400639239867122,5.524546334647012,4.899791088625923,3.075840650636426
35,10,PI,24,80,12.731815322353905,11.612260654607686,11.730269554446519,3.2762407152551787
35,10,PI,24,81,8.762489621032724,11.777000690292207,5.434286306078016,3.0949704341699062
35,10,PI,25,82,6.693361395129316,5.350770495449961,4.29585303182466,3.212991747756406
35,10,PI,25,83,9.834484724591261,10.614719550331108,5.709660173074687,2.8705647539014043
35,10,PI,25,84,7.648522409764275,11.058284367709629,10.605887223268965,3.1911444680901027
36,11,PI,0,0,1.9285530415379943,7.489167936601724,9.022475364350361,2.4096367577753544
36,11,PI,0,1,0.4303351255791682,2.2188912686618387,13.923165344405543,1.2025493014752686
36,11,PI,0,2,1.0563086423129526,1.9466092409894697,14.224926799376625,1.0674053653917148
36,11,PI,0,3,9.328253891945742,5.534896855946865,7.67085032704894,2.8818483097791305
36,11,PI,0,4,9.942644287751989,4.129632236416939,2.06952109300433,2.8447417201944507
36,11,PI,0,5,11.820593917559878,10.055408761537256,7.685734702247407,3.1712016345187113
36,11,PI,0,6,12.251046539544872,8.236129033050394,14.713704589459581,2.3042398340726384
36,11,PI,0,7,3.067641919950673,8.305955442978417,7.254370453850816,2.9676555537797995
36,11,PI,0,8,5.299122825906721,8.873929559235652,3.5295184750137083,3.238547029203167
36,11,PI,0,9,12.033040256677252,13.01000327763622,1.9313950684177654,2.3735708611196773
36,11,PI,1,10,7.006098101074067,4.157173388005565,1.246754966028636,2.701901510506719
36,11,PI,1,11,5.430504420181991,12.671464482231528,5.199824042849552,2.887565286132195
36,11,PI,1,12,12.411015807882736,11.628776528268446,8.63247455826618,3.247872390586114
36,11,PI,2,13,2.1205836736135693,11.723096714968323,11.196583825267027,2.7588865530892157
36,11,PI,2,14,10.18044637552142,4.793995880321798,4.172663518190794,3.6292443979889653
36,11,PI,2,15,12.339177779906695,11.225643760461566,10.375710594716852,3.2386649382543924
36,11,PI,3,16,7.334579753798581,5.194002613743809,5.801421266030908,2.810743860052548
36,11,PI,3,17,13.762649320819163,10.315321867917834,9.339309089631236,2.4796469798828014
36,11,PI,3,18,9.615779095644083,13.155133807783725,3.7414756776157243,3.0943096312519076
36,11,PI,4,19,14.107530556096107,8.753316778796943,9.014809156793449,2.3655134582699695
36,11,PI,4,20,7.497276956466286,4.644072073366928,4.190798084289921,3.6985567693407755
36,11,PI,4,21,5.398117521491565,8.373107240248103,8.935222015369748,2.9700796134145846
36,11,PI,5,22,5.581117346192516,9.426560188542858,8.697349055162903,2.869193863515341
36,11,PI,5,23,5.0442206744595595,14.618275466065494,5.121954307767488,2.3171455867059114
36,11,PI,5,24,12.274718685617922,9.185647010618297,14.755664818472635,2.240380355220154
36,11,PI,6,25,0.3954637687057483,4.248998685912574,2.62174758362041,2.3777735164588196
36,11,PI,6,26,6.6078981215474855,4.566269475191637,4.360551028307549,3.5549268838686605
36,11,PI,6,27,14.938338726671425,11.215870399417563,9.433511358301242,2.244001436130208
36,11,PI,7,28,9.875419980689518,4.744347525377456,3.8343268076454313,3.6028038631181367
36,11,PI,7,29,5.547022135443658,7.1298394291324305,9.433086616783614,2.801885347372015
36,11,PI,7,30,10.202373286353513,12.65313686260274,3.471989014800897,3.206098486198292
36,11,PI,8,31,13.159508162885777,11.70228872270349,10.285085256325436,2.9351416117674862
36,11,PI,8,32,6.626020666978697,5.625259808264046,4.080728383400665,3.1358160912909465
36,11,PI,8,33,4.317045641072131,9.144589653717913,8.591098228458602,3.4182455280423794
36,11,PI,9,34,5.629342219280638,8.783877085439421,8.597978007908482,2.8998288888011525
36,11,PI,9,35,6.667867973696407,3.239448968692696,4.826530286100339,3.1401821109665953
36,11,PI,9,36,11.418386299175635,10.806580233799929,10.222030708322038,3.2485853093414345
36,11,PI,10,37,10.151618260638596,12.301659212999589,3.156659013993408,3.1068042363746815
36,11,PI,10,38,7.145320414064508,3.1655447919714614,4.583970310067076,3.2871836177778473
36,11,PI,10,39,12.569536781020272,10.700948210994348,9.642289266925337,3.046646858274531
36,11,PI,11,40,9.686475772434807,8.232056510982105,3.7180738715027486,3.3667571189448307
36,11,PI,11,41,11.915853169481137,13.881736503612998,7.603347236741657,2.5970497318683994
36,11,PI,11,42,11.668226247746311,0.7484615443766685,7.691339253825516,2.5214000747885126
36,11,PI,12,43,4.944002890472768,9.27850509660328,8.5149475849258,3.1520500718756947
36,11,PI,12,44,9.362576255391701,13.344269404065765,3.5536310865694527,2.9291066450357395
36,11,PI,12,45,7.214649929703554,4.7828349950901385,4.218027336434731,3.589235008585413
36,11,PI,13,46,8.027615375406244,3.8631750263335407,2.9329168375056422,3.3024976831342254
36,11,PI,13,47,12.86892999145249,10.905444125234354,8.610474565092053,3.0132755580480546
36,11,PI,13,48,12.117341906253223,13.120960487642336,2.052595244703801,2.335011701421385
36,11,PI,14,49,12.78779851589986,11.615634578193283,9.335370474192986,3.071262408825907
36,11,PI,14,50,4.7402561624654735,7.755331127800618,9.455423383813901,3.24037005629409
36,11,PI,14,51,8.95866974020737,4.086186793396647,3.516971474348005,3.684426584118939
36,11,PI,15,52,12.665572679942304,12.423332707398375,9.74040416629906,2.9949325596321676
36,11,PI,15,53,8.770195965005161,4.170469911569613,5.156413787350821,3.4653848364078823
36,11,PI,15,54,3.739977677071797,8.239778282740724,9.589832342278838,3.3751212536407866
36,11,PI,16,55,11.672133998155505,12.851834455290907,8.743270861503982,3.080889756801758
36,11,PI,16,56,6.449691343400979,4.154508596735452,4.366793639799988,3.635436761411917
36,11,PI,16,57,3.6497325270829544,10.10903649365574,8.593905212643378,3.3448372337805976
36,11,PI,17,58,14.63452347462726,10.631963753124053,9.532117920739541,2.220222648248626
36,11,PI,17,59,9.059322204511515,13.01338897243799,3.2250043736956617,2.8948368826981463
36,11,PI,17,60,5.138230549646168,9.793998227770691,8.26255018487226,3.0541887437193243
36,11,PI,18,61,11.85646614128478,11.248671034625877,8.531921586063966,3.335416188102974
36,11,PI,18,62,0.37308238398377214,4.243501828360613,2.900618837848372,2.5530942319775614
36,11,PI,18,63,2.8606800057970796,9.03642488571441,9.541953783817997,2.7959300133524736
36,11,PI,19,64,10.786560234922764,11.565590676024579,9.217140937259634,3.2371559482691805
36,11,PI,19,65,5.041428378353646,10.153374933611282,7.858009379505734,3.1141236753616592
36,11,PI,19,66,9.370142707115162,3.995107752823537,1.9130698749009778,2.8067366607937996
36,11,PI,20,67,9.825123477234888,5.688759401307561,3.519912162032031,3.0772646935357995
36,11,PI,20,68,12.39451711648483,10.231709463521218,9.224531463992895,3.053344412018535
36,11,PI,20,69,3.5233180891853264,10.232671413808392,8.361702489094926,3.30306419081123
36,11,PI,21,70,3.9763076919278784,9.409847670927816,9.406921609695262,3.377172267568668
36,11,PI,21,71,11.158200095565919,12.718011751175961,8.883407581573053,3.093184494887886
36,11,PI,21,72,8.4667554683324,4.33196721783058,3.3671632753867433,3.593780362370657
36,11,PI,22,73,13.459665994587386,12.417499444350875,9.311730036058892,2.6540790466761806
36,11,PI,22,74,8.124055156938269,2.5030986252708476,4.628685745024238,2.93294463649156
36,11,PI,22,75,4.831366862751442,8.44555611148993,9.395346589997134,3.207146465332321
36,11,PI,23,76,12.184843173008112,12.16204477720294,11.319135696022423,3.3793405699529733
36,11,PI,23,77,3.330806735564771,8.524330763679327,7.507483402348242,3.176399426487307
36,11,PI,23,78,10.911843510483703,4.2923283503892184,5.135744487933887,3.5395690978754573
36,11,PI,24,79,11.369927245947581,10.3775813440349,11.034474440579174,3.296620653951593
36,11,PI,24,80,6.092511590472978,9.35193505803872,7.633394343968637,2.8011803750976583
36,11,PI,24,81,10.873809819468296,4.510205733712156,2.954317366792289,3.3141569991031723
36,11,PI,25,82,6.625340822205961,10.05154389913618,8.353402744963294,2.8853236957494177
36,11,PI,25,83,9.728228639576988,6.426067856170532,3.040536691026377,2.7475884848736074
36,11,PI,25,84,12.537740028918082,9.50760896440921,10.179850918379223,2.9918164169403907
37,12,PI,0,0,3.762366871626692,14.201294142891369,2.8398057680964195,2.482869939853861
37,12,PI,0,1,2.689371156271614,5.248338608939362,3.458118698848589,2.9174226516486903
37,12,PI,0,2,10.05668614159177,1.7261907318517122,13.444640605570207,1.9957966663713735
37,12,PI,0,3,12.871957336258633,0.0424054827993009,8.121992425781913,2.1817305483972556
37,12,PI,0,4,1.6027691103560993,3.869324381414854,6.253440609496541,2.5791051584911577
37,12,PI,0,5,6.804241827799148,7.02219886415851,13.912750513084895,2.2348144282269815
37,12,PI,0,6,3.8815663413322565,2.8183531617680693,10.057657110817502,3.1807365710642643
37,12,PI,0,7,14.199280550279665,13.842163131656271,13.203749998852105,1.496934489652682
37,12,PI,0,8,0.9653354388542218,14.050441873937006,9.73860553581713,1.6892913188543621
37,12,PI,0,9,13.073337682879444,6.121477020839764,3.290849017625073,2.717672070454755
37,12,PI,1,10,7.083236038129272,6.968689675272392,13.682814459105836,2.372213433273142
37,12,PI,1,11,5.758408564073913,2.9571852661812787,8.103144590126872,2.753211750827777
37,12,PI,1,12,14.506002957658831,14.13046936801035,1.3216702746573499,0.9140369743720169
37,12,PI,2,13,1.216697479755116,3.858864433528258,12.065091823333196,2.8848096992655874
37,12,PI,2,14,12.907753932456869,6.061542984992536,2.245104255879019,2.166584070901441
37,12,PI,2,15,1.7190491167409365,3.8934019854178805,1.0915556226221494,2.1356118963000217
37,12,PI,3,16,14.01961450680668,5.5741077464545326,3.0596037068704223,2.2025312241624473
37,12,PI,3,17,5.773335845792033,5.272426048899394,2.2337073788275723,2.2906939445244756
37,12,PI,3,18,2.382736530799889,3.3041654629713086,11.547012957829072,2.8395493220825134
37,12,PI,4,19,12.171448940072079,6.428265704147629,2.2966144949511067,2.4546099873551013
37,12,PI,4,20,1.4464265528960818,3.1592921353338337,11.003747141212564,2.503691385254558
37,12,PI,4,21,1.7589478008897852,4.963922112289707,3.8586204575555714,2.9029736934088755
37,12,PI,5,22,1.9953527469169448,1.5536060998144046,4.3812810602639045,2.170432740881588
37,12,PI,5,23,13.422097041055071,7.8142837799761615,3.531536581534211,2.9281416279922476
37,12,PI,5,24,1.8011300448461232,6.822564459624712,10.755541734906608,2.35756872660124
37,12,PI,6,25,13.907191911392342,6.510734133260102,3.463124447988436,2.48668804068785
37,12,PI,6,26,4.540180070994095,2.487931143800062,9.933627868793488,2.9048165970756967
37,12,PI,6,27,0.9259143823314431,4.618472017292147,3.9558517136147167,3.051492751032813
37,12,PI,7,28,1.1222142112604394,8.377757548938861,12.214242837290413,2.4958835797121113
37,12,PI,7,29,1.085433950643696,5.438985087333496,3.902650202851803,2.6674027905389615
37,12,PI,7,30,5.70451294211877,12.349597070824842,2.2018432510216552,2.3877989353053986
37,12,PI,8,31,0.3688456838145876,12.44375929990771,3.4565210295988846,2.5624173720601178
37,12,PI,8,32,7.453924055755442,9.597064179787617,2.2472839926537924,2.4644548458719293
37,12,PI,8,33,1.9298215398469605,4.924933889673206,3.9374356976189313,2.9636251093984454
37,12,PI,9,34,2.0665381283307664,2.8182181789340155,10.162593140963063,2.228233643203423
37,12,PI,9,35,3.085082078839795,5.131092079982718,3.990279879605312,3.4324594262954653
37,12,PI,9,36,4.523792435739805,14.242664168563024,2.8136035865679663,2.416824516549802
37,12,PI,10,37,2.384975296679766,5.253144726027187,3.89277096241924,2.9349943165110854
37,12,PI,10,38,12.888888277747762,6.036438081256572,2.2567992953546163,2.1791235405991487
37,12,PI,10,39,3.8038517345396947,3.051426351702027,10.273808880325436,3.3406956235477465
37,12,PI,11,40,13.806254769668762,6.1395813935518255,3.4625026229947315,2.4929404497808294
37,12,PI,11,41,2.398281409787848,4.70326561119902,3.4412427226477615,3.0209014798443476
37,12,PI,11,42,2.39400885731784,3.6273316848135018,11.800199926318985,3.0274039940934383
37,12,PI,12,43,2.193455735950076,5.1128275808206975,4.547308536547913,2.8471257726496653
37,12,PI,12,44,13.444891539165704,6.3416799040974885,3.563129597326879,2.723440094688212
37,12,PI,12,45,1.9984636646276388,3.101180454485734,11.505105938619177,2.573790015296254
37,12,PI,13,46,12.558684395959359,6.196019946035428,3.0018128404424105,2.729582340708002
37,12,PI,13,47,2.0804340827847243,5.362879904909174,4.524919296699635,2.712734337417508
37,12,PI,13,48,3.215257143430251,3.2882264790119504,10.937381539788541,3.2848250060851036
37,12,PI,14,49,3.0437617552155523,4.158914412149429,11.67475299409353,3.5328801928431326
37,12,PI,14,50,2.5832276074661733,5.435149882529171,4.946470159210797,2.6913908204576495
37,12,PI,14,51,12.93687075996198,6.818828833861124,3.77733709569879,3.1198729793243807
37,12,PI,15,52,4.573873153978364,2.806731158746522,9.888822784971318,3.0751332099833406
37,12,PI,15,53,2.4410365421598224,5.806208573212979,4.954967234301478,2.5231658566651975
37,12,PI,15,54,13.729504470050081,7.088716303280574,3.7561535410037736,2.799405676969468
37,12,PI,16,55,3.116977039237092,4.053504105775703,4.282832572450567,3.8224801002746602
37,12,PI,16,56,13.579408924203626,6.652787557478479,3.9866281033130946,2.8419214224439573
37,12,PI,16,57,2.3493930159056093,3.4088760970923238,11.897585934422366,2.881509808378061
37,12,PI,17,58,1.2093114199705362,4.585458796632943,3.592350771804595,2.958402628339978
37,12,PI,17,59,2.425489453008574,3.3128650504288855,12.093297629990158,2.827220297025482
37,12,PI,17,60,13.570766703210147,6.615147070645026,3.7499423810677595,2.7846335586281317
37,12,PI,18,61,0.89786910147723,4.598259183407397,4.272640331834811,3.05050879709891
37,12,PI,18,62,2.975597027380717,3.4675863501555053,11.880154530914982,3.2826531517149653
37,12,PI,18,63,12.703470498237122,6.925486558894066,4.329812921024267,3.256932248628309
37,12,PI,19,64,3.4705512309078665,3.4390545419820135,11.5604720487736,3.6077829957713288
37,12,PI,19,65,1.1194552390067463,4.5668127910516,3.5854635574405047,2.960036139147876
37,12,PI,19,66,13.10046970577896,7.4534840137579845,3.5060492038217523,3.0287496496332613
37,12,PI,20,67,4.044799897885168,4.281249916130559,4.444104672238644,4.185882172283269
37,12,PI,20,68,1.515063893106079,3.3683761089387105,11.2700324859086,2.681038601865975
37,12,PI,20,69,12.812774674661672,6.821907275423433,3.384867441830011,2.9795433118204553
37,12,PI,21,70,2.7236950860740166,4.795221216396205,4.219250633459543,3.3527050609215747
37,12,PI,21,71,4.1838351293678935,3.038651427015618,9.964966891541499,3.3440309969805777
37,12,PI,21,72,13.206298992809469,6.873554716126221,4.190886753701378,3.053363205503522
37,12,PI,22,73,4.271488104396359,4.458436495613488,4.077941305714353,4.183843540689812
37,12,PI,22,74,3.443891904684725,2.9134284750726263,10.40243609769105,3.0939928893386037
37,12,PI,22,75,12.727588161625873,6.9346506921810995,4.437921811579641,3.218554488955446
37,12,PI,23,76,12.86863653737922,7.638575768602544,3.932642927586581,3.3118946742017803
37,12,PI,23,77,3.1897472492227323,4.563062383611026,3.8086860118108063,3.745509183383111
37,12,PI,23,78,3.2363664486511,3.9685274070533727,11.31556243100572,3.6469943335179327
37,12,PI,24,79,3.961799075264096,2.9380443626133323,10.23305410195666,3.2914293948535303
37,12,PI,24,80,13.726847492072352,7.583105327642131,3.637808279775323,2.823720232254074
37,12,PI,24,81,2.3878462409522596,5.1676896826281595,4.210721211347434,2.987495973241809
37,12,PI,25,82,13.021819594937663,7.44547533794038,4.619462215053754,3.105576637264246
37,12,PI,25,83,3.9755446906415477,3.7269432271525558,10.115116062669635,3.7646782496014977
37,12,PI,25,84,3.4259523472679385,4.519893047435875,3.278316639174612,3.6453342508941926
38,13,PI,0,0,12.971963805248798,12.829537723980884,12.165350981765132,2.8604339060572723
38,13,PI,0,1,3.921695421247149,1.157991865776321,14.19698670669095,2.0757207092867724
38,13,PI,0,2,9.206875365706528,0.0394613043944958,13.656107670987566,1.773957952510027
38,13,PI,0,3,14.772052128563331,4.294449062492556,12.204916845584693,2.662888200023712
38,13,PI,0,4,1.2361191582196236,6.574200709551321,12.265556621172113,2.2992122669063377
38,13,PI,0,5,6.130999990346605,7.766245607804657,1.755598252125995,2.214755379348739
38,13,PI,0,6,12.210097788751677,7.468011124987683,3.724187923300079,3.4551661666808915
38,13,PI,0,7,11.650292340013026,14.68842433784344,8.07514851114435,2.3803958742676885
38,13,PI,0,8,11.057253339311753,14.89141033272544,0.45191244562985955,1.5586824480153403
38,13,PI,0,9,8.984664785501568,14.5094291668738,1.760048607649753,1.6062484319979846
38,13,PI,1,10,12.010787533418801,7.253089892397348,4.026870217418097,3.5287134286355606
38,13,PI,1,11,13.315172864137047,13.355959199353611,11.272344819267573,2.497768218972293
38,13,PI,1,12,14.781170520934722,4.501118843695205,12.918471525071263,2.358763455049452
38,13,PI,2,13,13.427705995541475,4.6826654683432265,12.895007537041574,2.771364783105631
38,13,PI,2,14,13.673710602852243,5.0966118703088235,3.946318043117945,2.9894488048679646
38,13,PI,2,15,14.521713753486864,12.445908358289309,12.63545995515685,2.237114068168546
38,13,PI,3,16,14.343769693113853,4.225476243228988,11.897773634298582,2.8336126158037063
38,13,PI,3,17,11.457459502152101,7.243823909548413,4.2024718315206275,3.542887216712418
38,13,PI,3,18,13.236590279404966,11.592823465651477,11.651213426718282,3.056118914565163
38,13,PI,4,19,13.12339318379725,12.53001077023574,12.047266898924786,2.926611966412492
38,13,PI,4,20,13.7695664598005,4.152800969450068,4.32597107238239,3.293329345981034
38,13,PI,4,21,14.039358367754943,5.2977045676980605,11.748323581202266,2.5002093505386678
38,13,PI,5,22,14.838323836386465,4.79738491845266,11.425533729531129,2.5099775992696887
38,13,PI,5,23,12.745376923423912,11.410773323203806,10.62033208819121,3.152467669869017
38,13,PI,5,24,12.747867242438492,7.821725398294327,3.157760990925265,2.9917319717854625
38,13,PI,6,25,13.739694052431961,4.217721498260895,6.031876681087054,2.709546711747143
38,13,PI,6,26,13.286436703765267,11.362111198950066,11.01870818730841,2.9696708541627963
38,13,PI,6,27,13.522117961582932,4.643255946768615,13.578387210947621,2.4334879192630083
38,13,PI,7,28,11.539940625003496,6.936460090072764,4.384142313432584,3.456996001196359
38,13,PI,7,29,12.252875781917941,13.211631898527575,12.59390686218004,2.8234011670652297
38,13,PI,7,30,14.004521824100793,4.558973307677112,13.689144388536695,2.214568398946099
38,13,PI,8,31,12.783384577129915,10.876563847686782,12.084319246498186,3.147345860974097
38,13,PI,8,32,13.601983818340498,4.908893124976541,4.109550264087449,3.1265167657598987
38,13,PI,8,33,13.04543576866029,4.0669235148513785,12.079445273903888,3.362987252219261
38,13,PI,9,34,4.261284180598878,4.127003383239101,4.591959289473262,4.133453710296585
38,13,PI,9,35,10.374781520427456,3.8584928873735254,12.187573876543741,3.5273042225386044
38,13,PI,9,36,3.804924420508367,13.16530509814627,12.439105840632173,3.1801670116496794
38,13,PI,10,37,12.858978523675448,11.566546718895651,12.568580150054409,3.0608235995085145
38,13,PI,10,38,14.239002827088813,3.7693597745830165,12.19424949815486,2.777182024262374
38,13,PI,10,39,4.476546223033852,4.273175516119513,5.028435316746211,3.8452791718941928
38,13,PI,11,40,12.938187590456529,11.261832679441516,11.221058351571028,3.1451075362222833
38,13,PI,11,41,14.635685470653636,4.254336104066521,11.682273490360831,2.7612107060577857
38,13,PI,11,42,3.9688350228447806,4.471658698855108,4.48964505108494,4.110925451191243
38,13,PI,12,43,10.289405344467687,3.8375407502248633,10.633683193953093,3.4588354117589564
38,13,PI,12,44,4.794221303818186,4.318115159776913,3.060447666044978,3.562657533511546
38,13,PI,12,45,13.590695690456943,11.617250268847483,1.3360206191764157,2.0846856150838793
38,13,PI,13,46,14.8474012813036,3.6897495775205686,12.264104310953716,2.5725279080320846
38,13,PI,13,47,11.811066757044767,7.991170207500245,3.3839601987920425,3.3773538320377616
38,13,PI,13,48,3.940109648418054,4.343111962379139,3.33646118750845,3.948100136899175
38,13,PI,14,49,4.275911370722337,4.8767285268534515,3.906724286567904,3.9779184555371083
38,13,PI,14,50,12.105680594128863,4.6340406171875905,12.764655326140929,3.3421854333454113
38,13,PI,14,51,12.277032719009263,7.222836301227247,3.667090727356572,3.381397300492794
38,13,PI,15,52,12.525152667808351,4.345576695915264,13.256612670688579,3.1193246818972784
38,13,PI,15,53,4.5833248058075995,2.934591415629563,4.457179583369938,3.532954227419003
38,13,PI,15,54,12.504575455977278,10.380084587296611,10.989470102804951,3.1589896521411935
38,13,PI,16,55,14.022722822721137,4.735556817688432,11.501597831629553,2.7791667112573304
38,13,PI,16,56,3.714390371263763,3.3735329061662918,3.551006301372887,3.7944051001072303
38,13,PI,16,57,12.393663291519843,11.81558546340625,11.182922699758318,3.3584969959354085
38,13,PI,17,58,5.2819813705442344,4.998682531353031,4.2019842294895975,3.4934322143898955
38,13,PI,17,59,12.637605363063122,3.768199059422099,11.587608709461191,3.5143374319225757
38,13,PI,17,60,12.124615015139327,11.663039284767942,11.14891642152768,3.4240730235835253
38,13,PI,18,61,11.886612276655157,3.9931993632306604,13.767337743064665,3.0540415222385415
38,13,PI,18,62,11.138368449461389,7.115280313760413,4.88776299287343,3.2378478478786077
38,13,PI,18,63,3.7918500877016337,4.809132544315878,4.972742074302895,3.697390833272199
38,13,PI,19,64,11.892066195996138,6.3882748109825,4.839996635707894,3.166108864632412
38,13,PI,19,65,11.77872695299101,12.226038061302969,10.949745141716278,3.372190173140239
38,13,PI,19,66,14.071147299833397,3.4637111573578707,12.172308754275763,2.697722356468321
38,13,PI,20,67,12.660147272686807,4.897042740756704,5.048737963536892,3.208424474610818
38,13,PI,20,68,10.989925718380395,11.732240361267555,11.956853906817681,3.4266440863297483
38,13,PI,20,69,3.6423674567186715,4.749520180828012,5.016958243904739,3.647241507231402
38,13,PI,21,70,12.536852293834245,4.733504974827906,4.222758286385279,3.6669842064331077
38,13,PI,21,71,11.08150156947281,11.383404732467717,12.47503913960374,3.316383625141162
38,13,PI,21,72,10.247321561329146,3.93380699295896,11.121944639597407,3.5471750313264905
38,13,PI,22,73,12.155062507224589,6.668061685982176,3.893257022662113,3.3845372844372292
38,13,PI,22,74,11.736926302846431,3.990773817605393,11.290173106792956,3.732858858935592
38,13,PI,22,75,11.452620820668288,11.619408032220045,11.7862937376414,3.493283232479221
38,13,PI,23,76,11.775275594427434,4.187667807469567,3.7072412765136864,3.9281970079150286
38,13,PI,23,77,13.065281863258855,11.85815968494163,10.76807755959698,3.0371832984509766
38,13,PI,23,78,11.404341021562846,4.353970887651835,14.081136800580541,2.9003340850544173
38,13,PI,24,79,5.344931444172355,3.9929450297240936,4.3162072494693655,3.760020201614381
38,13,PI,24,80,13.277470630967228,3.151762472926531,11.852998630809125,2.882932547183148
38,13,PI,24,81,11.88458905356458,9.778836052584227,11.730090262184769,3.299738748850488
38,13,PI,25,82,10.808411258068467,6.515386355035611,3.85457248834264,3.3185409002812416
38,13,PI,25,83,11.012392474416753,12.018241297976262,12.023865425794153,3.395800682175083
38,13,PI,25,84,4.6469740834103535,3.7114782302955933,5.557380909022457,3.5013911755752805
39,14,PI,0,0,12.464749783336671,5.414200002513849,10.541089583730823,3.0012571813564435
39,14,PI,0,1,12.901781799788917,9.61976221182247,8.225448132199709,2.8888108655283147
39,14,PI,0,2,11.4347013379679,10.744715739600606,7.00753130866278,3.1603273792175095
39,14,PI,0,3,8.586884072739705,11.194835401369675,0.9534587870879535,2.5143609602086032
39,14,PI,0,4,9.70314064063311,11.040857143436163,5.98138267691912,2.900458243782964
39,14,PI,0,5,7.607737954831852,3.43080941645436,9.75291271270783,3.1951801958958317
39,14,PI,0,6,14.5692639630101,4.480696270870219,6.942461839266503,2.4628633196975738
39,14,PI,0,7,13.374208500357161,8.271013159462559,6.321971101689447,2.5134740938298705
39,14,PI,0,8,10.024361187010985,0.4623034710469909,2.306946268288694,1.8110837812612608
39,14,PI,0,9,13.069850765261243,2.3735976614762926,0.44200258231388234,1.6465263535293826
39,14,PI,1,10,13.279318195624105,6.192465356970917,8.914175410246775,2.5167368706110955
39,14,PI,1,11,9.267655748980516,1.0539533351677988,1.680604113106161,1.714789552552443
39,14,PI,1,12,9.60330025027532,6.543456888985705,9.258973780942373,2.8077450373212414
39,14,PI,2,13,12.37178421361607,3.539910170745059,8.779314950644231,3.351222798733252
39,14,PI,2,14,8.886648535825843,10.307259442592386,0.7046893322395803,2.354600548767579
39,14,PI,2,15,6.500876441649038,2.216540746844396,9.911190930764167,2.3029379578309315
39,14,PI,3,16,14.676057019693188,4.97535839251904,6.663499677566654,2.1573923758782727
39,14,PI,3,17,7.273478997157913,1.6075033161725742,9.268258252796645,2.327297301599281
39,14,PI,3,18,12.228572270920656,9.386104788873961,8.20944103359589,3.1235317720291205
39,14,PI,4,19,5.846938732574378,10.554660142311413,7.198842248069647,2.819485349114167
39,14,PI,4,20,11.426199273385208,5.454867505246595,9.885057513320849,3.046103394059038
39,14,PI,4,21,0.19212549221814423,4.26090689297783,7.353008079778544,2.6634489719960595
39,14,PI,5,22,12.918306652240043,11.582245110889684,7.925406310725908,3.067740315205688
39,14,PI,5,23,12.432993390608361,3.523704440214957,9.306998198203896,3.2919587896147524
39,14,PI,5,24,7.583958953084534,6.3197873048607605,10.96473655216973,2.9340998834145475
39,14,PI,6,25,10.140894879330725,3.370345210872766,9.396795649456237,3.1466686551303487
39,14,PI,6,26,9.015326847915158,10.507569843601948,7.525161793152964,3.0444607695064
39,14,PI,6,27,5.038591399944962,3.4680608020576265,9.423565046056911,3.29407907331149
39,14,PI,7,28,7.775747726235613,9.448164512958408,7.713179074954901,3.0277647979215283
39,14,PI,7,29,2.4372965114103593,3.725367190375711,8.762404933579381,2.9440830925784627
39,14,PI,7,30,14.171039704106745,4.96422335341247,6.378425381494942,2.267808253178319
39,14,PI,8,31,11.838457047906125,9.436170596111705,6.722443604398546,3.013760671528381
39,14,PI,8,32,13.412859803811132,6.299778214868602,11.141291928132004,2.585979847586548
39,14,PI,8,33,0.7249058855777046,9.349673489433851,7.855591188745452,2.3466892012506513
39,14,PI,9,34,6.453823703343802,3.357529925499923,9.559654016170715,2.9690375611647037
39,14,PI,9,35,12.155003536240198,9.789809230265115,6.876979728053801,2.996113101083706
39,14,PI,9,36,13.539265310113269,4.0290750627907,5.6873967308958715,2.843366976914317
39,14,PI,10,37,6.595377865245641,10.077046622804504,7.893954385200667,2.878023173933136
39,14,PI,10,38,12.81723022323923,10.33009893565062,7.423970487061565,2.915329080563149
39,14,PI,10,39,7.830676221315179,2.601668684014966,8.780480307609999,2.704948061849005
39,14,PI,11,40,12.79666460365823,8.534171658418687,5.823303605692593,2.7669352569911396
39,14,PI,11,41,6.7847540711264385,10.74245705503602,6.987602003295387,2.8802428915503224
39,14,PI,11,42,13.658376894575493,5.9905497095107645,9.587466222108375,2.3085171074584427
39,14,PI,12,43,13.188341317659212,6.711425703113304,7.171756636451201,2.568621527477702
39,14,PI,12,44,5.386433474804099,9.968267706046289,6.930394056732564,2.8251156818305634
39,14,PI,12,45,7.795681714776392,2.2481619029218862,8.917707483687979,2.530455333921246
39,14,PI,13,46,11.958433461683596,8.453187326351003,6.908788623842222,3.0906701111045063
39,14,PI,13,47,5.271149114372139,9.44267660591354,7.721644828007814,2.9781968503841556
39,14,PI,13,48,13.266140656559106,4.218396404225707,11.178818394270717,3.258501898072245
39,14,PI,14,49,10.015601812937188,10.877396602739683,6.092058656923268,2.885927366606224
39,14,PI,14,50,11.59246915617657,6.662536349681176,8.239348271291169,3.0710747390473117
39,14,PI,14,51,7.064273898447637,0.9790129080690657,9.570696755482984,2.2590156827715426
39,14,PI,15,52,5.760196521757265,10.681810743802064,6.273072790360584,2.7052156603252007
39,14,PI,15,53,13.374562294329039,5.6558381085577345,8.935440381815058,2.512453660966341
39,14,PI,15,54,6.963420974192445,4.043340109665923,9.224649516285169,3.3275929639408024
39,14,PI,16,55,10.42893002435935,11.44498709919424,6.730452025566384,3.065634759835823
39,14,PI,16,56,3.7971453796620818,3.2796647708373246,9.05777458148728,3.486412505354919
39,14,PI,16,57,9.042570535885169,10.910328264840636,2.188851556500566,2.5739720543585825
39,14,PI,17,58,2.9712063111730282,9.407432374111538,7.687927944522648,2.894804283550303
39,14,PI,17,59,13.636341743920328,3.5544239337695007,10.316946112768829,2.8280141764406297
39,14,PI,17,60,4.361657850612129,6.321141671464115,10.804404248046035,3.2853212421191778
39,14,PI,18,61,9.442301233769845,6.727269451705615,9.763014325656457,2.8308578381718927
39,14,PI,18,62,10.972648869214328,4.095876645189215,6.569589438226226,3.3804812327916443
39,14,PI,18,63,14.389687336633395,4.438006817442693,11.829296379351767,2.7748959670935536
39,14,PI,19,64,12.14381850617892,4.871359870807471,5.782214919390257,3.1149461360220743
39,14,PI,19,65,14.073185937914026,4.817156026999298,13.251756494325107,2.269560417236214
39,14,PI,19,66,5.8196258317668645,9.085844952598375,8.982709122273153,2.820588783896155
39,14,PI,20,67,4.071165837442338,6.334757808179255,11.536132261856977,3.4063220569625283
39,14,PI,20,68,13.435370327273278,7.108365106819537,6.590258268840675,2.4228020974975273
39,14,PI,20,69,10.766989630593743,4.862747915202218,9.695199262838681,3.2290479628442674
39,14,PI,21,70,10.611517717100075,4.513123991309734,10.579267138156654,3.4399639198314684
39,14,PI,21,71,9.865641473421807,11.416306616750566,7.962944290354787,3.176184209774523
39,14,PI,21,72,13.511767832572824,4.7197061444904,6.457170823674799,2.671816493928647
39,14,PI,22,73,3.405858696197929,6.103266207400379,11.14738235145646,3.128071347046606
39,14,PI,22,74,11.864790259007373,4.247984000107199,7.218793938901132,3.5284362416204154
39,14,PI,22,75,8.990743275663622,10.028429501651503,7.086999298109571,2.930233484604863
39,14,PI,23,76,12.653432802316017,3.9916474839076783,12.085258380148701,3.5208497525351135
39,14,PI,23,77,4.886733540712696,10.730394192516433,7.7653094500842945,3.2612011269130354
39,14,PI,23,78,4.523196600543435,5.3646453607049995,10.471594851499894,3.3045337356919724
39,14,PI,24,79,7.9239984971762025,4.143752457059464,8.465960065723747,3.4906614455272766
39,14,PI,24,80,13.321043558501252,6.100318827223983,7.094127596079637,2.4255685694960905
39,14,PI,24,81,5.1022567197182545,10.962237076885467,9.081651556058208,3.15935594500131
39,14,PI,25,82,5.347646197460703,10.216430690303536,9.40539800439159,2.929266064861243
39,14,PI,25,83,9.36052048685323,5.434859864681432,8.671414858180023,2.9185788758196
39,14,PI,25,84,10.512375954791976,12.34697879129995,6.8329025117164,3.005653276735806
40,15,PI,0,0,10.391150519477286,12.237256670040862,5.16610136689285,3.1472246934359482
40,15,PI,0,1,0.6725726353562822,8.573958855505964,2.193681400853963,1.8327668148490628
40,15,PI,0,2,10.781570653132068,5.180347561137596,6.855145134133069,2.994598567712395
40,15,PI,0,3,14.639068310852629,11.72199041658046,12.656850678959639,2.3224208257805428
40,15,PI,0,4,8.326715761122903,14.124320438788397,0.27488729062664696,1.6626617216630144
40,15,PI,0,5,13.337758588377918,5.846377250248704,3.4761019182572106,2.7232939621748398
40,15,PI,0,6,8.015913408800413,14.170354179791348,4.964974662061009,2.483581355773995
40,15,PI,0,7,13.629317716330378,7.009974187576284,14.509316471830967,1.682901879258382
40,15,PI,0,8,11.463404750987774,11.750307714958112,5.422912243961154,3.2443988319179664
40,15,PI,0,9,8.816819853202484,3.72823739238798,12.002079750194575,3.51255012632752
40,15,PI,1,10,8.458809838109133,2.451375772068776,11.561911832054491,2.7801819112694526
40,15,PI,1,11,12.26811875974089,14.520836068642012,4.882664000214008,2.4719178877939862
40,15,PI,1,12,9.709497933958886,10.340738156129271,12.53325207840743,3.009084440651609
40,15,PI,2,13,12.04785199409727,11.526023534218357,5.931342162815973,3.110240657616507
40,15,PI,2,14,7.7141100100588105,3.095351322248905,12.021212057669889,3.144159698141903
40,15,PI,2,15,2.9081866414518314,11.218164912817869,5.21351388007934,2.9942326492981164
40,15,PI,3,16,0.9195807879173662,11.013850788260237,5.106178036239342,2.5123664755243738
40,15,PI,3,17,3.937985824438593,5.372421883594621,7.473013326183626,3.3428340899045748
40,15,PI,3,18,10.74915105490495,11.764992582561472,4.582029244890642,3.5483268044159813
40,15,PI,4,19,11.40203147184848,11.038817659619609,4.78013819659557,3.494140191120855
40,15,PI,4,20,1.028817098385268,11.938493364001603,3.5438872866939644,2.771727397866189
40,15,PI,4,21,2.799027830041456,3.9099522156378153,11.49028175816947,3.347740128379088
40,15,PI,5,22,2.591710377737775,4.460114180137811,10.937914717522004,3.1108321921785898
40,15,PI,5,23,5.585038267465206,12.563120035185504,3.762349878461145,3.237523107392128
40,15,PI,5,24,10.93276628629833,3.1173533028025338,11.373173841720476,3.2572091805459475
40,15,PI,6,25,4.200155100796627,11.215113434825053,3.6175815349514466,3.8650338723094526
40,15,PI,6,26,11.503635372600737,10.816357367888664,4.512687344508686,3.5863506817294395
40,15,PI,6,27,7.670502531691553,3.924040728549965,10.360002264412335,3.446685143991112
40,15,PI,7,28,8.302603211681008,2.5217288742724495,12.147196347909798,2.772228802931448
40,15,PI,7,29,5.652878716334288,12.71678256696792,4.251879341140569,3.206519196445843
40,15,PI,7,30,11.473444279106207,10.983040333360861,6.351923012585218,3.093513956492176
40,15,PI,8,31,8.460951885830399,12.720356282721378,4.71714949643224,3.2290803334589526
40,15,PI,8,32,4.957294546352843,4.143507270809103,11.342503052005883,3.7021013623200303
40,15,PI,8,33,1.6909844977316864,11.44633047946662,2.7609113433707977,2.2928305725555673
40,15,PI,9,34,10.18101568728764,11.383552625077163,4.470153136912783,3.509559755804334
40,15,PI,9,35,2.0209932775533064,4.724004792964775,11.103060705688126,2.799663290131849
40,15,PI,9,36,9.461721957130425,3.5801331814784376,11.807099411529942,3.4305196027402656
40,15,PI,10,37,6.386208246229781,12.739512015234999,4.325503012266644,3.1571757675321694
40,15,PI,10,38,9.141535148906454,3.4540915988424734,12.199330024222169,3.322272949717709
40,15,PI,10,39,12.634921635229404,10.653274021317573,3.589952253207158,3.3343899749991617
40,15,PI,11,40,6.906594345148562,3.4253111877212508,10.933140526528152,3.2130385529258305
40,15,PI,11,41,11.888318876451361,9.959057900874683,3.2347234078957965,3.2191250915540253
40,15,PI,11,42,4.7926092009603645,11.619603828864193,4.30131561979892,3.777535097065795
40,15,PI,12,43,2.7835469200300444,3.958557497525285,10.574845507721658,3.23058905621987
40,15,PI,12,44,11.284895107592693,10.557344769099616,6.365197428358363,3.0162036650907282
40,15,PI,12,45,8.662219318286231,2.494530894705529,10.825194872688225,2.7116514998673624
40,15,PI,13,46,11.661035932434947,13.120722443107399,5.119794401888966,2.988050736829879
40,15,PI,13,47,4.9260099875934396,12.68339488951967,3.124235927096916,3.1063587601910765
40,15,PI,13,48,2.8429866451864347,4.842283737296481,10.783226419286189,3.0727682815979613
40,15,PI,14,49,10.42602512546382,12.012869713062392,4.201109813533618,3.5860716900834086
40,15,PI,14,50,3.5314905303973405,5.249401392538011,10.729979639975129,3.321999806280327
40,15,PI,14,51,13.387454358212175,5.573905421453929,3.4407547404798495,2.732025149781875
40,15,PI,15,52,11.977893140145621,11.148947978859374,4.7029191385362505,3.5337908186311067
40,15,PI,15,53,3.5892150321140424,4.319865999529994,12.12385453627788,3.8126874390949546
40,15,PI,15,54,3.4396321133314207,11.782528219997033,4.600816932233066,3.675878859216495
40,15,PI,16,55,8.408864866011898,3.4776605966108716,11.62988175144271,3.438015213043866
40,15,PI,16,56,11.314888386288123,11.684450346347642,6.637589041280442,3.178286522193834
40,15,PI,16,57,1.9454514681226553,12.150317892901576,4.233158779929205,2.9426532453767784
40,15,PI,17,58,10.630528318995623,11.675285122842038,7.384452331329099,3.209927588613443
40,15,PI,17,59,9.293840639664083,4.486112943842078,11.705934915105793,3.4980826094347806
40,15,PI,17,60,3.527535433968249,10.391023183746439,3.518406582669318,3.542556180454032
40,15,PI,18,61,5.582385787531044,3.584331490195816,11.86445596939295,3.316154583261884
40,15,PI,18,62,11.27792280565446,13.30084526051421,5.167207298093538,2.8624579929704392
40,15,PI,18,63,0.8276373898001471,11.014602660685156,4.644559150129952,2.735877635589386
40,15,PI,19,64,10.832629679659627,11.61771225653386,3.343853183249008,3.407493018975626
40,15,PI,19,65,7.097455848060523,4.503429037968228,11.612358881302166,3.447486607347596
40,15,PI,19,66,4.622366443635634,11.440688918735253,4.742117188973977,3.687695872131285
40,15,PI,20,67,4.48470493130076,10.938975622751295,3.397789680546336,3.636751285217513
40,15,PI,20,68,6.75248633541144,4.153144958781379,12.52279223201125,3.31852109407575
40,15,PI,20,69,13.772135718393166,11.49718561363808,4.987581539008329,2.7534277632099338
40,15,PI,21,70,6.957174436771562,3.524955378183758,11.362557035263356,3.33199104086027
40,15,PI,21,71,4.294825611759575,12.305835446624522,4.41058324349337,3.85509251956422
40,15,PI,21,72,12.362852160774198,11.911817971276708,5.756468070732945,3.0504272991980637
40,15,PI,22,73,10.101770452845503,12.78182511648882,5.729169387877077,2.7497456388614108
40,15,PI,22,74,7.774365633580046,2.5627894778652625,11.321604726269058,2.8146358525683093
40,15,PI,22,75,1.839989829498025,12.718576185127002,4.120203491786146,2.76509525326591
40,15,PI,23,76,4.9933388759742865,4.727234784993259,12.307556380511468,3.433616171599871
40,15,PI,23,77,12.287349466469696,10.609247153504619,5.167405523368346,3.1647717030479856
40,15,PI,23,78,1.1011747291293505,11.108641256053025,4.227603309682681,2.8936170659544143
40,15,PI,24,79,5.4851595213458335,10.695571863892917,3.8064513270591442,3.3429142315654445
40,15,PI,24,80,2.7428414544126305,3.2615876861022346,10.04070279617146,2.8280099204105564
40,15,PI,24,81,12.45168664725901,12.70663501307838,4.634388500416,3.279887327358331
40,15,PI,25,82,8.039752498222152,3.5103453633563113,10.80946635469894,3.37596320797351
40,15,PI,25,83,9.222538651217238,13.059299433221398,4.87530145815273,2.960717944355884
40,15,PI,25,84,0.566852689939441,10.707141524519932,4.810110940670522,2.5885393679164626
41,16,PI,0,0,8.503752583190476,6.461162182352783,1.411107381922868,2.227543569383063
41,16,PI,0,1,5.221193256539932,9.32263557571019,0.3248250477406578,2.2736883457963146
41,16,PI,0,2,13.119485669183065,12.810742972904134,0.6645632368242721,2.0134547539218595
41,16,PI,0,3,12.036314442988562,2.771927422302729,10.434358723478912,2.9278455309809552
41,16,PI,0,4,2.3250038229850007,10.374296339748998,14.379507465966306,1.7994402164774892
41,16,PI,0,5,14.774774816249215,9.949429004898004,2.4538224348335542,1.7177907535015349
41,16,PI,0,6,5.923659709135047,4.169928189673522,14.335045429197878,2.4961186781546965
41,16,PI,0,7,4.49017595249607,8.416154920894945,6.110479427991566,3.1845850965477833
41,16,PI,0,8,2.080913262011364,5.771122677982829,11.541225807430717,2.435136983607115
41,16,PI,0,9,6.203990361965557,10.189718808872792,8.727808147443787,2.829437336895726
41,16,PI,1,10,5.373708613746297,10.053420858644063,0.326136342099243,2.2159935251928986
41,16,PI,1,11,5.8261852912268814,5.729551191879975,11.298566402856983,2.801981272963733
41,16,PI,1,12,8.281202175606326,9.919800298292463,8.297299701238398,3.0609636558191617
41,16,PI,2,13,6.644340870265092,3.5992340527957776,14.322314348023827,2.4313143757772955
41,16,PI,2,14,1.6584553920760625,9.484166586366257,6.283297250076863,2.166329761984472
41,16,PI,2,15,9.988921728565506,7.63659537162029,6.928350167435817,2.911288577697234
41,16,PI,3,16,7.548916160810409,10.207637964170956,8.447696503047327,3.0441147020592583
41,16,PI,3,17,4.121977100670157,6.525305637134375,5.727426248538451,3.097771217588526
41,16,PI,3,18,12.670671011261996,2.808657120364751,10.51552939352435,2.790829271487041
41,16,PI,4,19,3.8787470856351014,1.0434949743769888,5.907527228344593,2.560209559198527
41,16,PI,4,20,5.6311367252717455,5.842398168445466,8.110519290577281,2.7108193656861643
41,16,PI,4,21,4.884015545520411,14.70214437317085,5.875428686366876,2.1472866815613227
41,16,PI,5,22,6.978809577907349,8.553014882835695,8.245776583290699,2.9902289751275237
41,16,PI,5,23,12.448412788663568,1.3290259140621363,10.442451579566413,2.432683467326174
41,16,PI,5,24,3.926765580310106,1.0783819692631451,6.103940574369291,2.5647373941206606
41,16,PI,6,25,2.9473520387489853,9.102975245715715,5.806567439729831,2.6951880018444254
41,16,PI,6,26,10.623993529332713,7.995929559124883,6.486999306958995,2.930396927479736
41,16,PI,6,27,12.756094082261516,4.298025173711838,10.92678062495007,3.435706715221374
41,16,PI,7,28,6.4396081216442465,8.563815017922533,9.834117806366072,2.838430939612108
41,16,PI,7,29,3.620235336646726,7.900768211787815,3.7144084817008767,3.69207578265294
41,16,PI,7,30,10.855760070640926,3.4428454436605587,11.094010388179392,3.4314436066232563
41,16,PI,8,31,3.905211807267488,8.04791604420007,4.399580812559356,3.8186108642482326
41,16,PI,8,32,2.2392240867153266,5.71626772034461,11.480473375783106,2.4903618857152763
41,16,PI,8,33,7.134988725566024,8.46441952654491,9.553750244917303,2.9578976606207656
41,16,PI,9,34,7.558086516305696,8.118428492224831,8.161932639075653,3.087733134080497
41,16,PI,9,35,3.639547830250276,7.142679142551051,2.978098744529698,3.165127478711611
41,16,PI,9,36,11.768352748002458,3.062365133979606,10.358964598333511,3.142933918298068
41,16,PI,10,37,4.068948874325057,8.539621153344244,13.875887161224279,2.8878730000972106
41,16,PI,10,38,4.184886394226201,6.263420499450236,4.608568997419683,3.526305324288219
41,16,PI,10,39,11.261821409497145,3.2886029290542056,5.054810977228702,3.339432007925719
41,16,PI,11,40,4.778392944052341,5.937985119558217,4.6922954197106,3.28448489752721
41,16,PI,11,41,6.9452190708206905,9.606695845518132,7.99425125705355,2.927404033528295
41,16,PI,11,42,11.649288686318924,4.065435199411515,10.308563925611763,3.60396730756695
41,16,PI,12,43,8.353174537169508,7.558437939282757,8.550246182238968,3.075728087659394
41,16,PI,12,44,12.319153252154242,4.09584736857162,10.48325438606849,3.538365220834085
41,16,PI,12,45,2.636647482782341,7.832639308946983,4.900463365287754,2.8635989457666575
41,16,PI,13,46,4.0581776532627485,6.94296713324945,4.688930290620752,3.596232493567479
41,16,PI,13,47,8.12420729113999,8.990664282139086,8.211583372063513,3.084174732161885
41,16,PI,13,48,12.110475061904117,3.0441619404748077,11.064683573883785,3.193802624276673
41,16,PI,14,49,11.232542536122896,2.7737143741423838,10.13706301853186,2.901133197020372
41,16,PI,14,50,6.24799075996648,8.791304868728101,9.27343132850671,2.813319449281916
41,16,PI,14,51,3.7015381577531343,6.907276848775074,4.246924158815686,3.660661032731186
41,16,PI,15,52,12.32299939426773,0.8486285466803284,10.373219691143566,2.4410570971055456
41,16,PI,15,53,4.708450411781351,8.901447258847837,6.454643551674327,3.092797639548668
41,16,PI,15,54,10.894000971742217,3.4253744802023216,4.976142456894019,3.4177576056353365
41,16,PI,16,55,5.269402657960835,8.833831232704851,6.6340664924477935,2.849780010089882
41,16,PI,16,56,11.048215710246579,2.711124609758546,5.128489499161915,2.88339992282683
41,16,PI,16,57,10.908310307040374,8.273181203985423,6.639865064827494,2.9992408968706075
41,16,PI,17,58,3.2783402963572867,8.974783528974024,4.54386549373614,3.43707426045309
41,16,PI,17,59,10.370883361261276,2.921953757857889,4.834787716339458,3.070962010275518
41,16,PI,17,60,11.943566583903726,4.550525199057386,11.290656130066862,3.6210950645186815
41,16,PI,18,61,10.044481955731635,7.69859424354409,6.764904433379286,2.8912412048183604
41,16,PI,18,62,12.923385982013077,3.6881882642138253,11.346783138487705,3.356436196469936
41,16,PI,18,63,5.910660501616991,6.084329000250587,11.48937318126545,2.777474316652091
41,16,PI,19,64,3.8378288670079463,8.099129713423668,5.9320037445737155,3.237783827806587
41,16,PI,19,65,12.047545057762132,5.095200727574647,10.377227270994778,3.2161892256245252
41,16,PI,19,66,8.644639765304467,9.521223906294493,8.78933917090913,3.0196579902637777
41,16,PI,20,67,3.417582770088688,9.167873267279363,5.8770348022511785,3.0033603449041237
41,16,PI,20,68,9.947763149114266,3.7785297254521617,5.033881078575792,3.443362310838249
41,16,PI,20,69,7.921428985046806,8.545535488991623,8.974646160307154,3.0703882692753117
41,16,PI,21,70,5.104659377784744,8.488086460945514,5.715067012972408,2.9225238959050928
41,16,PI,21,71,10.56488928296092,4.050899011149044,11.379388214412414,3.6267404473305302
41,16,PI,21,72,10.3619434040312,7.211328514625686,6.835670316636769,2.8735434976394916
41,16,PI,22,73,4.503394041837916,6.591428560004587,3.868277913469083,3.5886372085624476
41,16,PI,22,74,11.611461641473937,2.768391719237445,10.451632018556836,2.9571783867396677
41,16,PI,22,75,11.305794389073396,4.424629249197708,5.298153419403824,3.482340607402264
41,16,PI,23,76,8.801394096886899,9.069626488879818,8.971068329731493,3.019040159662501
41,16,PI,23,77,3.7702061525241595,8.18591571447265,4.488098835258378,3.7549716537171154
41,16,PI,23,78,10.610347868945803,4.750056726813278,10.547342153520693,3.330692373759184
41,16,PI,24,79,8.629610674217508,9.63283763022725,9.028896312627175,3.0032375246512837
41,16,PI,24,80,11.967057630320193,2.327559928508414,9.792764257196183,2.649363478395485
41,16,PI,24,81,10.553551457717196,4.13494220092198,4.881162917978822,3.6332563450333644
41,16,PI,25,82,12.188746559895723,4.438467593776496,11.449463744948806,3.6347183113556754
41,16,PI,25,83,2.609510414717567,7.974691109886535,4.3071549147928705,3.097155089959829
41,16,PI,25,84,7.229969153775141,8.078845072260762,10.031682472180007,2.990505110910954
42,17,PI,0,0,12.676121891968522,2.4145963675366042,8.366168210485382,2.5636567147546687
42,17,PI,0,1,5.521199124964069,3.224129453426526,5.787360563837977,2.779478723694631
42,17,PI,0,2,6.422467486404127,9.170146627484709,11.045788057699298,2.9394920817633023
42,17,PI,0,3,0.2293448489506733,3.810613706889589,9.062187818458952,2.6604248021489707
42,17,PI,0,4,1.2560504203071476,14.966455213844648,12.485191867510558,1.5067392787174776
42,17,PI,0,5,0.5516603650098723,8.513097197226669,9.140102055676552,2.3427492249636974
42,17,PI,0,6,0.10389869271402341,2.686258108698518,2.4738332028959356,1.56050358968349
42,17,PI,0,7,6.929368643007963,8.505054243409388,6.778638357557275,2.827209087869619
42,17,PI,0,8,13.796635201623943,12.223863103037363,6.017490817499124,2.3742668591068066
42,17,PI,0,9,3.047423346927461,5.374883077730401,12.930525543560506,2.7422084260140194
42,17,PI,1,10,0.5102044586148158,0.8610695017721492,7.89627354617274,1.687774650878376
42,17,PI,1,11,3.2429190968504846,1.1786583366549692,13.547117944747335,2.0171089170864187
42,17,PI,1,12,6.172329803827426,1.9310975873130476,4.431130679422688,2.580302475253523
42,17,PI,2,13,6.609874534383943,2.3638009665921893,7.148918686846938,2.3433784464371445
42,17,PI,2,14,1.1415186322820814,3.944147945668566,2.339744334900594,2.295077481058805
42,17,PI,2,15,5.552379376225994,9.06604563800732,8.817913287581915,2.888188585516847
42,17,PI,3,16,6.230120763029092,9.485377006005576,13.391145722984334,2.4363619625345523
42,17,PI,3,17,5.591181167745638,2.779297888052587,7.769256135317687,2.6553170197
42,17,PI,3,18,6.273515153937732,8.563450333239732,4.767890642373613,3.064847249719239
42,17,PI,4,19,5.502746567218829,3.2311124402095053,14.645765064013588,2.1491665053406614
42,17,PI,4,20,6.342537533837327,2.3599073218719813,6.952666513006612,2.271170739134631
42,17,PI,4,21,7.253270346413689,8.915641808169042,11.28834109249968,3.123563013749465
42,17,PI,5,22,6.346279592754221,8.98783973663046,7.082548875879508,2.760482030923913
42,17,PI,5,23,5.180440326202329,3.229398866614621,8.331030148625135,3.1309086544873637
42,17,PI,5,24,0.5661858843161621,8.589706292385165,9.101056332215075,2.342859614412461
42,17,PI,6,25,5.521607408218068,2.841585358517298,8.239758678295074,2.729831671883535
42,17,PI,6,26,7.906459264388035,8.75127886709567,12.708287631729968,3.0054486546384496
42,17,PI,6,27,2.5795919831722145,5.382599596427521,13.348895419041487,2.2450880128330573
42,17,PI,7,28,6.065692630712631,8.889221831710275,12.04464248838125,2.9506972986927456
42,17,PI,7,29,5.583239695899179,3.8656046224811775,5.300038509358126,3.226694063929291
42,17,PI,7,30,12.610197503795488,2.3607017566800708,8.839770752704016,2.5400123582265284
42,17,PI,8,31,7.17126114702464,8.590913844686733,10.779516938494183,3.061343768599084
42,17,PI,8,32,6.024387646778786,8.888262490791496,4.783601379857683,3.029291756132092
42,17,PI,8,33,5.2714320675189335,3.1017031807767212,8.488337504390795,2.9958222233018024
42,17,PI,9,34,6.1941953769426465,9.100336006466353,8.710648089677806,2.8249513737727954
42,17,PI,9,35,5.866262085946369,3.7703404735955184,6.116491684502918,2.987259060452468
42,17,PI,9,36,12.951415735166043,2.6580400775670205,7.128452550038663,2.48658403516544
42,17,PI,10,37,4.639330694975925,4.14295305163977,6.106639340068334,3.5085165994801337
42,17,PI,10,38,5.894862816790976,8.764103227789239,10.510059151218105,2.869304123936516
42,17,PI,10,39,0.15517849848652954,3.689239454939242,9.856680253553122,2.588953408705839
42,17,PI,11,40,5.13054890472591,3.109811825862182,7.72523631028626,3.0553223769871933
42,17,PI,11,41,6.597680860314339,8.681334556077196,7.317042033645909,2.8521886014319113
42,17,PI,11,42,2.9414051095579903,5.404494996654843,13.144850860856248,2.5606130655375328
42,17,PI,12,43,4.29586966930156,4.704581905614161,8.257311351789667,3.694030554811878
42,17,PI,12,44,6.30222769306746,1.5946376558838478,4.3266138683046655,2.5791746519773957
42,17,PI,12,45,7.303849821657766,8.58851000208052,11.108273829653065,3.1305535726528166
42,17,PI,13,46,5.590026110730803,3.3674253773947935,8.696951739708071,3.0539787722412317
42,17,PI,13,47,5.9747825274413815,8.938581381393371,10.70559160043038,2.881280317316853
42,17,PI,13,48,6.667923298228131,8.238228096854016,4.633311168139176,3.1908930450320074
42,17,PI,14,49,5.300769582893744,8.904458250841234,8.770086310971736,2.990932262196778
42,17,PI,14,50,5.186719986367453,4.172862405695178,5.863751089487933,3.2471649049888995
42,17,PI,14,51,0.07993560623469287,3.715616434802956,9.34712149951149,2.5935152271176727
42,17,PI,15,52,3.7389847256667412,4.536313791066568,8.42436806227659,3.721279164511625
42,17,PI,15,53,6.2291503008539815,8.566714216103518,10.408861231092263,2.8648553733002178
42,17,PI,15,54,6.2196394784255125,8.834199725977024,5.022806711189361,2.915807999659318
42,17,PI,16,55,4.243727187353149,4.238251399750483,7.179319470509232,3.7755442442752534
42,17,PI,16,56,5.33992899224127,9.328188034740204,4.488010635917195,3.2767548154387094
42,17,PI,16,57,6.253724469402458,8.469195976297433,10.583523174974264,2.8951630776088773
42,17,PI,17,58,3.9069959079560506,5.082539401152296,8.297556239389838,3.50854511529138
42,17,PI,17,59,6.232146480520832,2.500248779501775,4.633976841331929,2.69797923244108
42,17,PI,17,60,5.468525926553621,8.452484303640809,3.7802821602236008,3.308089556939275
42,17,PI,18,61,7.559334137019117,8.03181580461757,4.475115378122018,3.395754695989312
42,17,PI,18,62,6.333246592379295,3.5423697041171747,7.921259874808385,3.1224772256304374
42,17,PI,18,63,6.937000467217429,8.169372064540134,10.921788389826897,3.0543106503144277
42,17,PI,19,64,7.795213432701964,9.270608493587375,11.235227923615295,3.1581123338478805
42,17,PI,19,65,4.580169334429039,5.149424077878384,9.482834316877932,3.318779216767098
42,17,PI,19,66,4.8908054037366275,4.431744733604818,4.560723341852971,3.8424742220961834
42,17,PI,20,67,4.036610248022993,4.412016135825841,4.13024372803407,4.213908584272927
42,17,PI,20,68,5.030381942800558,4.900530513945816,9.36133069080498,3.227979146538498
42,17,PI,20,69,7.524965522359775,8.486907444953843,12.890827245070302,2.91398067201089
42,17,PI,21,70,4.143184680545818,4.490641271208815,4.2263514981487935,4.178300149086684
42,17,PI,21,71,7.575357823449414,8.022684499772339,10.999866434777362,3.1605629503215154
42,17,PI,21,72,3.653443522511603,4.751893248823928,8.854053609414631,3.5670232342245685
42,17,PI,22,73,4.551073088284878,4.679361265979824,6.614432449611184,3.441938614884905
42,17,PI,22,74,5.181546855536246,8.663672783593839,3.8279414608980673,3.427723840521877
42,17,PI,22,75,6.127903084336049,8.946584167423525,9.350853006207666,2.7934708523849086
42,17,PI,23,76,4.243699539729889,4.825011730633705,9.53520135538284,3.581439573126231
42,17,PI,23,77,4.120432217019549,3.849676429721563,4.389858743126295,4.192069960653588
42,17,PI,23,78,6.316938193145443,8.939602383307836,12.389098493239272,2.8832762853494422
42,17,PI,24,79,5.087433363558073,3.1313495538800096,5.798977217638407,2.8907146840442755
42,17,PI,24,80,6.119572817712045,8.292680389273599,4.807125831600993,3.0467607393944762
42,17,PI,24,81,6.064382223197359,9.352679575544345,11.177626029114673,2.9231690399813135
42,17,PI,25,82,3.33714955054091,5.007684273898581,8.852872614012181,3.261386340554579
42,17,PI,25,83,5.672226018562108,4.071676079142669,4.9638133914673634,3.3909106436711447
42,17,PI,25,84,5.609935191099965,8.738777945135705,11.10348294754405,3.006776739229948
43,18,PI,0,0,5.989586538263591,10.761220189323241,4.212349920540051,3.2970055466536135
43,18,PI,0,1,1.2408737699717447,14.546569789392896,8.45890118051928,1.5993581159881853
43,18,PI,0,2,9.664814432268697,8.653071952539136,7.130414545949041,2.9470033720550486
43,18,PI,0,3,1.836029847717855,4.703941818348271,11.04312874027488,2.767357707086912
43,18,PI,0,4,13.610835495724974,13.329029177645817,14.224813228049129,1.530264787535835
43,18,PI,0,5,0.3810588205746557,11.070578777986816,10.08900114852732,2.413648156697696
43,18,PI,0,6,9.377814607335326,9.564362818695985,1.8940633729780099,2.361491498316816
43,18,PI,0,7,9.392491665246641,11.806377160291449,0.11101558986839566,2.4084756207050915
43,18,PI,0,8,13.815657408215623,1.9594676611959227,5.635591090842819,1.727352190792002
43,18,PI,0,9,8.2604782032736,9.123831657327319,8.241429132646836,3.075021188552314
43,18,PI,1,10,1.8004352208521757,12.813891303783015,2.254080879833807,1.7954721403959983
43,18,PI,1,11,8.242787171775067,7.867821183627978,1.0619809494812105,2.42396480471631
43,18,PI,1,12,1.7678845451645997,3.4406600597246833,8.211837610621092,2.638428952948898
43,18,PI,2,13,9.573859617937272,11.165954817618244,0.4597795922001796,2.4186907330662217
43,18,PI,2,14,0.3786428851122503,9.973945791231632,10.122986922351684,2.277823441694552
43,18,PI,2,15,8.27799616669047,8.081288989789227,7.772669132096943,3.1059729390754933
43,18,PI,3,16,9.025598306809876,8.671843249102814,8.351689008355352,3.063345941686129
43,18,PI,3,17,1.8921470501556403,4.890926256169504,10.348635749214127,2.5823641257200793
43,18,PI,3,18,0.17679921831252443,11.792765907141053,9.962834195399957,2.4206257700785416
43,18,PI,4,19,2.280576808328971,4.510026807776976,12.060633240025398,2.977398383837749
43,18,PI,4,20,5.720024259447179,11.223077445592624,4.277918257715233,3.3815800290483073
43,18,PI,4,21,0.5828221518181492,11.407044493752185,10.261962822621491,2.487465822599788
43,18,PI,5,22,1.3527915926229332,3.6926443446205126,12.915980818634468,2.567135583386883
43,18,PI,5,23,7.874827294214887,7.071227422527774,7.555173686515376,2.9753586332091935
43,18,PI,5,24,4.898553144818233,11.970343664892187,3.4085826877269914,3.4969191434238684
43,18,PI,6,25,5.604481073752748,11.314013305440835,4.64998984199891,3.290879297359724
43,18,PI,6,26,1.8545082278630265,5.505617435194392,11.235811834691988,2.4293877273067475
43,18,PI,6,27,0.04938192919126616,10.696199774122588,10.248837571353626,2.3314843952775197
43,18,PI,7,28,0.6007505641392008,11.436767614162735,10.745875779098505,2.5571974732895026
43,18,PI,7,29,5.369279136810418,10.776760133704979,3.2006384724671832,3.0712582867917986
43,18,PI,7,30,7.746477141617383,6.586080471078247,6.9130845623940615,2.7835142358605514
43,18,PI,8,31,5.417438733544714,11.940512718703951,3.3138718284849182,3.20142355723741
43,18,PI,8,32,2.1318307200150737,4.9412517017501125,10.938274318749654,2.695808174046312
43,18,PI,8,33,9.486942781620339,8.63197230642257,8.886521101492914,3.0147814152943813
43,18,PI,9,34,9.377641001882637,7.515873563878104,7.728214131188778,3.00696672644177
43,18,PI,9,35,6.411606591266671,10.506213088531158,3.6941105652555106,3.206754464547898
43,18,PI,9,36,0.060425635429576796,11.161476572194946,9.855594167165604,2.3726216266064633
43,18,PI,10,37,6.653393493971775,10.214474022285943,3.386294058396821,3.0447917322905242
43,18,PI,10,38,8.754114493482172,8.776332295387514,8.969567999335178,3.041500170719177
43,18,PI,10,39,2.0057592502465926,3.453653989993341,11.05490711698829,2.765669182881405
43,18,PI,11,40,5.1902068734512525,10.70048029179691,4.376115091034359,3.4613595133620656
43,18,PI,11,41,8.611814083058004,8.683824961364081,8.506864623517034,3.0833929357291003
43,18,PI,11,42,2.449607787132255,5.46814589564595,10.894656223499979,2.576373711332345
43,18,PI,12,43,7.76048013926103,8.412220846450621,7.649331870686014,3.078209923109085
43,18,PI,12,44,3.77561336938548,11.084539657168346,4.072172642307329,3.918652954279157
43,18,PI,12,45,2.3978695191253756,4.802284151139592,12.626838812591034,2.7422789501664324
43,18,PI,13,46,2.9712722956996522,11.306871487131122,3.7506636760371137,3.4079776468821827
43,18,PI,13,47,9.353873337095402,9.094939714653915,9.092237434386966,2.9761878550702474
43,18,PI,13,48,1.8137108775393473,4.446596414303085,11.702277444225473,2.917876818439516
43,18,PI,14,49,2.403787389735914,4.838542441606894,11.38966893256619,2.9020877002397496
43,18,PI,14,50,4.920051160278332,10.829243156808136,3.910033734220306,3.63936009469108
43,18,PI,14,51,7.963843323343704,7.884607459231156,7.429378579894688,3.0614756967830874
43,18,PI,15,52,7.396895090431837,8.494465349034057,7.726334440867087,3.0432095503910075
43,18,PI,15,53,3.68270284288605,10.268460064729368,3.8810058333636825,3.7458443103557153
43,18,PI,15,54,1.7400903706093924,4.478383564792704,11.91873672594358,2.88457904039181
43,18,PI,16,55,7.147577439805354,7.713888962578871,7.153123735509192,2.9207555451559255
43,18,PI,16,56,3.6366352562523474,11.153671822826567,4.543956772532482,3.7742526506088443
43,18,PI,16,57,2.4045945732348866,3.828646522752069,11.49972274509595,3.108674409622062
43,18,PI,17,58,3.402770223289551,12.357851480251863,3.613985039563527,3.564232731479373
43,18,PI,17,59,1.665554150024409,4.967816971240754,11.002862293323279,2.610801992364587
43,18,PI,17,60,9.227223190211362,8.902191132755817,8.889013770338257,3.0084263822303843
43,18,PI,18,61,3.267782316163743,11.247753453793278,4.573366849878311,3.5583417988791926
43,18,PI,18,62,9.155596820179351,9.553067772269621,8.791177858006872,2.9862886361974437
43,18,PI,18,63,2.047007830440357,4.277475782683819,11.77816228262899,3.0026919332741238
43,18,PI,19,64,5.312541470003239,11.46180685458716,4.595365768415654,3.42416398955792
43,18,PI,19,65,8.605063025503107,8.96304807523902,8.505712632579495,3.065750351312081
43,18,PI,19,66,3.246287414834308,4.587338412354239,10.925265688111608,3.495187878758329
43,18,PI,20,67,8.15832832761374,8.38713238029245,7.7736575291128975,3.104199067111849
43,18,PI,20,68,0.9466292614781202,11.580995676251947,11.086282317402201,2.638608190036471
43,18,PI,20,69,3.6034532091369935,4.345161157043817,10.088301992645402,3.68268058937827
43,18,PI,21,70,2.4857520690032664,4.308730176746279,13.0991385510379,2.7784232187460365
43,18,PI,21,71,4.239996353258631,10.98658290820965,4.059188493540634,3.944392644758174
43,18,PI,21,72,1.0425730966786433,11.746111088862314,11.486711387560371,2.6800245521001114
43,18,PI,22,73,2.685591031931996,4.298194301770566,12.678786673835583,3.0697304928889078
43,18,PI,22,74,3.9345076680423325,10.186319846352083,3.1121201509267733,3.404851020979149
43,18,PI,22,75,10.166725540523425,9.186317559514684,9.548896648328043,2.967073864567621
43,18,PI,23,76,4.1739999006775514,11.239312303199922,5.317929095682818,3.5194982135660715
43,18,PI,23,77,9.130905119655155,9.261879506026405,7.633784026145859,2.9962466368924208
43,18,PI,23,78,3.1470725411950005,5.222356729999063,12.609640937162267,3.0046307618814043
43,18,PI,24,79,3.612635678053564,10.752917657761511,5.607932856120482,3.2408381782987856
43,18,PI,24,80,1.706025284239732,3.9598537961528346,13.021252088065813,2.6133934646950774
43,18,PI,24,81,8.0138375940962,8.460920072263386,8.567116612078712,3.102668953405378
43,18,PI,25,82,9.26882689123724,8.553796785205027,8.557910906524054,3.0473031041443956
43,18,PI,25,83,4.374063111485097,10.729554265045373,5.126083163921777,3.4966293687348626
43,18,PI,25,84,3.913877922970532,3.7367776075307213,10.282308616977716,3.775156761649632
44,19,PI,0,0,6.305681935938913,13.888040172250555,4.108049818474232,2.6667593984216253
44,19,PI,0,1,0.9007290618378999,4.658151874696679,10.772778868081154,2.6977715734370045
44,19,PI,0,2,11.714483726522747,8.080497541193894,4.674981267357308,3.4735398894929705
44,19,PI,0,3,13.745245940837243,13.921132672794862,6.547814635592413,1.7502031266539664
44,19,PI,0,4,6.145389036232025,9.198678387418612,10.704195981108837,2.8636187333511276
44,19,PI,0,5,9.301767698495787,6.4944310457420436,6.628471311678256,2.680347383678167
44,19,PI,0,6,9.689926701613219,13.767956833009872,0.7193523304631838,1.786976138355374
44,19,PI,0,7,1.3446551785219574,11.423146624157338,6.895460301899329,2.424843286518883
44,19,PI,0,8,11.65729857134558,8.090895484786092,6.927930221033626,3.1179661960115848
44,19,PI,0,9,14.312621568202283,5.525663417646697,9.705218274721009,2.133615303528225
44,19,PI,1,10,11.681867335524128,13.700491097789854,6.988942402691325,2.5973115989973063
44,19,PI,1,11,6.213062109856961,9.264297183947239,10.781773838848718,2.875101027487749
44,19,PI,1,12,6.342500912903704,8.83257309743949,4.117922400712663,3.2548571485773197
44,19,PI,2,13,6.3433187764032635,8.875404860132567,3.3335033548827875,2.9749495206974927
44,19,PI,2,14,6.469807267845759,9.0860335713531,10.53216463108108,2.874047764256015
44,19,PI,2,15,11.788584685754264,14.050599989111129,7.220142416587318,2.489907531647074
44,19,PI,3,16,11.714462290476135,8.223364197477471,6.564734392286901,3.054686592387444
44,19,PI,3,17,6.102973193337016,8.226642272819682,4.412362300906951,3.214714708370134
44,19,PI,3,18,6.5111544756561575,10.433418730256552,10.585601601331577,2.9196612882901563
44,19,PI,4,19,11.717855479282887,10.228864595326582,7.049606731333806,3.10382900062847
44,19,PI,4,20,5.951665789069317,8.390743610556232,10.189666769177188,2.8453841950971377
44,19,PI,4,21,6.2734022913237215,8.694656171571069,4.778675655592314,3.052253871969632
44,19,PI,5,22,11.548754085209632,12.291408704044423,7.466751288618892,3.249215228545391
44,19,PI,5,23,7.103083927158312,9.19757650273164,3.958564098353735,3.3457770554753736
44,19,PI,5,24,5.93833064863594,10.274941667629133,10.25755549487491,2.826175439640215
44,19,PI,6,25,6.741977739830926,10.635705673628376,10.759908008223128,3.0121840271828484
44,19,PI,6,26,7.726471117490626,8.665877968393158,3.74254805272444,3.407049315163447
44,19,PI,6,27,0.16425713383680318,4.775763893718669,10.88705739489631,2.5868302576373265
44,19,PI,7,28,8.830980739054382,8.375609437463996,3.7622061656054613,3.4181401350215457
44,19,PI,7,29,6.787517620072198,8.753015056266728,10.681866000756012,2.969377041216143
44,19,PI,7,30,11.166404288192563,13.464262188124419,6.8406597678660965,2.6456417603488256
44,19,PI,8,31,11.984068151394561,7.32789844949365,7.45141950074038,3.117121362259889
44,19,PI,8,32,8.172533184215578,11.152172687479911,11.329672563854954,3.3272432864672132
44,19,PI,8,33,11.080592996475724,13.148454921874906,7.3778184654288195,2.87102344832436
44,19,PI,9,34,5.82107856061329,10.956838047690509,9.674271439790516,2.901885075417848
44,19,PI,9,35,9.686964193425172,8.2182978031977,4.319048664570485,3.411920013858336
44,19,PI,9,36,12.181459118157058,12.757621894160255,6.57009198771254,2.8931059514578554
44,19,PI,10,37,7.698505979391147,10.494551100042232,3.9770601851440404,3.474495753119732
44,19,PI,10,38,7.039939928718964,9.257857843122174,11.751851388641056,3.082946288210106
44,19,PI,10,39,11.755432620447053,6.531574219234751,7.636895506333642,3.0229848063306815
44,19,PI,11,40,6.1619549778714875,8.280419401152901,9.637400301117571,2.8209167741619634
44,19,PI,11,41,11.681419512996463,9.90833940781701,6.500689654146596,2.9869115136515743
44,19,PI,11,42,7.264512897314749,10.742852135739207,3.9442998958304845,3.453868625620102
44,19,PI,12,43,7.048568455969458,7.458513968333918,10.113112080762924,2.921643120002707
44,19,PI,12,44,12.796322124058397,12.057645705822626,6.48681842917713,2.8879617371868216
44,19,PI,12,45,7.089278602466634,8.734754452466133,3.9718794841760503,3.374889269613682
44,19,PI,13,46,9.532572533103409,8.649251264237684,3.591636775000376,3.297405616137588
44,19,PI,13,47,10.99844289442345,11.428967330436043,6.842595442508649,3.1687442425911794
44,19,PI,13,48,11.30480238424098,5.610877910803584,7.6916086340898495,3.029813834808644
44,19,PI,14,49,6.384991061687792,7.030786345880865,3.5378697897263383,3.019475768792126
44,19,PI,14,50,6.515928074558198,7.9384836600966295,9.854241715299564,2.855469775502013
44,19,PI,14,51,10.21678388643622,9.393752717515346,4.288201308375002,3.3873189772612826
44,19,PI,15,52,11.96264299509148,9.29833717540609,5.854547472370023,2.94858206278223
44,19,PI,15,53,11.26166647299883,12.705474475130359,8.287632199927433,3.1388585670574156
44,19,PI,15,54,5.248814885104751,10.004515226336503,10.365681150203917,2.993255199315425
44,19,PI,16,55,5.34726464185665,9.91793835198206,11.530313226709724,3.092375836414576
44,19,PI,16,56,11.963245516081951,7.970751020447913,7.70300811254558,3.2062118945678444
44,19,PI,16,57,9.044191986566178,10.477339428732822,3.534202082955024,3.300577531448689
44,19,PI,17,58,6.627256412318018,12.101318797729828,10.283937465785892,2.996371292490961
44,19,PI,17,59,9.959942705661746,9.158922247977536,3.671586057551655,3.3085235100326242
44,19,PI,17,60,6.403229062593249,11.561772659749215,4.689503337652708,3.252471494534691
44,19,PI,18,61,8.24861550695943,6.373971501079632,10.348926188179192,2.8807344502253827
44,19,PI,18,62,8.78486124525349,10.963405169938484,4.310679267754139,3.522430803925439
44,19,PI,18,63,5.151802503717217,10.291303361373945,10.019818170687422,3.0298552912290404
44,19,PI,19,64,7.742560253257845,6.803455936652601,4.389038502956551,3.2899159778520746
44,19,PI,19,65,13.405199601388745,12.70606141582288,6.235230577470537,2.404786586026046
44,19,PI,19,66,7.211958883969688,10.09129965456244,10.331478154934397,2.9688105209410236
44,19,PI,20,67,5.930504270345435,13.172833487038474,6.489659678988901,2.3959363363992434
44,19,PI,20,68,8.597176223222608,8.807574680831411,3.5317151322371805,3.307913441054536
44,19,PI,20,69,4.153499673713149,9.191941187868672,11.742175805371184,3.577004321959874
44,19,PI,21,70,7.678491152869285,11.595053507752514,3.229727600290835,3.261793942235367
44,19,PI,21,71,13.083491516948172,9.146470322251428,5.119405542852443,2.8312664486804096
44,19,PI,21,72,7.3522425052091,10.789476980959888,10.072736976128386,3.0536199877878696
44,19,PI,22,73,11.369086435373658,6.238139252400679,7.010657234640051,2.891157453242102
44,19,PI,22,74,6.503534036173125,8.429280015424084,11.496786050174379,3.03878211061131
44,19,PI,22,75,11.080231673584294,11.424401046791905,6.575246858649574,3.134165559367328
44,19,PI,23,76,10.223471758357828,10.980485513319444,4.8168043422053515,3.313350626380828
44,19,PI,23,77,8.099833789172704,6.781383501535364,3.740279685570949,3.283135708144661
44,19,PI,23,78,4.4087605356906225,9.803806677720885,11.454634325930028,3.511600643442933
44,19,PI,24,79,11.997105292531645,6.886986561960302,7.864149527901229,3.0791660002995282
44,19,PI,24,80,8.837291900833057,11.252942780849816,10.81637367726715,3.244697077752888
44,19,PI,24,81,7.965057329065855,8.686671017961295,4.236213835460335,3.4713765236958607
44,19,PI,25,82,7.871556190415868,12.548122889414717,3.127082628971624,3.047065457058404
44,19,PI,25,83,9.286762925898534,10.853454678256028,9.861522864905695,3.0565379175766276
44,19,PI,25,84,6.034806093340902,7.36687184636054,3.881456243227925,3.186867429493857
45,20,PI,0,0,4.2011394394523895,6.917200647044132,1.8257953886466283,2.717708018570864
45,20,PI,0,1,7.839125275783988,6.137526131613074,1.0745932080699738,2.1872086838167673
45,20,PI,0,2,1.4845001372779771,14.794325459501204,10.4110182353638,1.5414939145492244
45,20,PI,0,3,6.73032690394678,9.60265212884643,4.057332846817459,3.273563445017652
45,20,PI,0,4,4.528109504729433,1.1001310132745645,0.7887835668373977,2.0197765427452827
45,20,PI,0,5,12.112126925317034,12.199580036845244,0.0745741868912686,2.493973916524582
45,20,PI,0,6,4.950830161462462,1.3363028491644373,7.019203616841655,2.416600049978821
45,20,PI,0,7,9.265341898200745,8.265720944291333,2.0109280871735846,2.452624927321804
45,20,PI,0,8,10.536642548776433,9.194541089763723,7.011380364684423,2.9595935204104453
45,20,PI,0,9,4.456907105158894,13.77590826026294,1.2515954701346983,2.189459232565757
45,20,PI,1,10,5.0637482655814035,7.172040735788906,2.094176805002273,2.472356397210058
45,20,PI,1,11,10.875189953355358,11.774947245329002,7.261390582944202,3.226145936868427
45,20,PI,1,12,5.36732101330864,0.2437161497215845,2.04547897210844,1.6524251832194905
45,20,PI,2,13,10.641877696411079,9.445309829384502,3.0714970779405686,3.003139346084547
45,20,PI,2,14,2.2792600223725423,9.549117314746564,6.558450782916578,2.329001445524739
45,20,PI,2,15,3.8919591772612434,9.60326057574337,0.9901258231534055,2.7267726336301754
45,20,PI,3,16,4.3952164676611,4.39926214138191,4.557443094907106,4.068783701373517
45,20,PI,3,17,4.104146434971891,13.176525220331568,14.094372181492858,2.5211921438392033
45,20,PI,3,18,4.797336307140867,2.724390166325346,10.048188253044321,2.927767547213019
45,20,PI,4,19,4.85921497697762,4.558670199978575,7.408704421222601,3.483576861671473
45,20,PI,4,20,10.850945503430962,9.163547951558076,7.914783611036057,3.118140907141332
45,20,PI,4,21,10.1908478339354,9.53978663904501,0.275595521196782,2.2638040317965324
45,20,PI,5,22,4.7070103451119785,4.4148875002835695,5.008689969367318,3.722720556504012
45,20,PI,5,23,10.725244239091754,9.392946385461007,3.456720501446494,3.2744645935890855
45,20,PI,5,24,10.897135322402338,9.099376301844778,9.580696943692839,3.070611211875236
45,20,PI,6,25,4.590577998721265,4.406258253793688,1.6928749185477727,3.0552906080422093
45,20,PI,6,26,10.662571251056297,9.439062817164922,11.080836821476494,3.1659658292787975
45,20,PI,6,27,4.930141524208072,4.5782353337759405,12.578747922590498,3.450380502891657
45,20,PI,7,28,10.62713596971291,9.26108358419214,1.2730505873273668,2.4016486041848504
45,20,PI,7,29,4.4261563226448555,4.539489485867604,4.593616401076773,3.99544651478744
45,20,PI,7,30,4.39252092383969,4.271956125933739,11.77661651726083,3.946067264520817
45,20,PI,8,31,10.932314475094525,11.768297547024131,7.743126095145964,3.2920641985234895
45,20,PI,8,32,4.084223875588263,7.086934699137185,1.9213056509207265,2.769407219031336
45,20,PI,8,33,4.75958351136375,4.2833747941777345,12.48961793298867,3.6597252520143964
45,20,PI,9,34,4.749161447764597,3.9626460166903703,10.232402524411729,3.6518950647791986
45,20,PI,9,35,10.892424745322817,8.696428108229927,3.9937789366642544,3.5378745923636234
45,20,PI,9,36,10.442645335382405,9.607443604024178,11.867992980597043,3.164556894750734
45,20,PI,10,37,4.636047048676742,4.587474300037758,9.692641912092345,3.5669286530453745
45,20,PI,10,38,10.608070513700651,9.177376145195675,2.9981224541476466,2.958868117670941
45,20,PI,10,39,4.534077802293093,6.554394052418853,1.7124039276636949,2.5539551336510513
45,20,PI,11,40,4.791284604296477,4.301355551365847,10.615220843790077,3.6655947020157704
45,20,PI,11,41,4.237792035212793,3.913659887687357,2.1456605895894816,3.278467597399277
45,20,PI,11,42,10.511682555057844,8.693710643454859,4.805848400477906,3.2665525129166806
45,20,PI,12,43,4.360536139193562,4.223961114274342,3.140441154433704,3.812099151741905
45,20,PI,12,44,4.789251498460003,4.685246504616295,10.956253556065855,3.5813318848621822
45,20,PI,12,45,10.967564345705142,8.215055666152411,4.512456172041425,3.485016081532633
45,20,PI,13,46,4.81395244911286,5.273705932082303,5.267663080252895,3.152693542481132
45,20,PI,13,47,10.701105715124317,11.440340343545419,7.526274506477725,3.23263935714055
45,20,PI,13,48,4.293689387427936,3.763191619309014,13.463568759558404,3.3836951329746836
45,20,PI,14,49,10.240915596168037,8.98468911106984,4.505451683537324,3.3491235110321576
45,20,PI,14,50,5.176890035221123,4.7471160177397556,10.662649817755177,3.3134783916672808
45,20,PI,14,51,4.588314033174072,3.272465143098682,4.210091879754316,3.8253828228940465
45,20,PI,15,52,2.881826741586258,4.300192938696058,11.256464465429689,3.378525744820619
45,20,PI,15,53,9.961863919739342,9.485256371680881,3.4964831163890304,3.2068812004282465
45,20,PI,15,54,4.167802773623835,3.7297140044146615,3.621533208406014,4.083826189635051
45,20,PI,16,55,4.230836467013656,3.1507760632445887,11.986155707923226,3.5782135362118384
45,20,PI,16,56,11.298594858957324,9.03671837192741,4.352209055220362,3.5380735500770677
45,20,PI,16,57,5.001692993939722,3.161246390874065,3.4724831114320316,3.363336429706443
45,20,PI,17,58,5.126302750162491,3.5540655085311497,11.864804395665159,3.4767461810519915
45,20,PI,17,59,9.460782311936413,9.221935036870601,4.188855718227988,3.3853984824397516
45,20,PI,17,60,4.67602427691002,3.7261623064233107,3.0802013056726736,3.5914752863761166
45,20,PI,18,61,6.3854976770496545,9.432839547159036,3.772211762456611,3.1728845836566304
45,20,PI,18,62,10.826640920505717,7.937456317556644,5.159983720680126,3.149384408173101
45,20,PI,18,63,2.9245122863131794,4.816250242034693,10.985925746621342,3.171859336155391
45,20,PI,19,64,9.65858909559669,8.58445076834132,3.511106174183873,3.257544070136932
45,20,PI,19,65,4.440373651667734,5.270552985501209,11.243947279811186,3.482675434031713
45,20,PI,19,66,3.333107184030169,4.023627861886585,4.106437371092536,3.988065421094965
45,20,PI,20,67,12.04369992270179,9.041007501645918,4.003988090231536,3.556211481488319
45,20,PI,20,68,4.393404809126289,5.465964910570024,11.409045794166541,3.437066224001911
45,20,PI,20,69,3.1475591773992058,4.400000684736596,4.155922092062292,3.813168620866774
45,20,PI,21,70,4.553516404332322,3.285511351276085,12.558752789973873,3.4401947705476448
45,20,PI,21,71,5.069830056531815,4.116662965990092,3.8427951254556554,3.8832507778600416
45,20,PI,21,72,10.084487237346327,9.756173384027699,6.748851025767694,2.8473650150617513
45,20,PI,22,73,4.367706882948196,4.904370167876298,9.723873107568775,3.513574955294375
45,20,PI,22,74,10.47185455046258,9.484776321225228,5.901069491919963,2.8232130752645626
45,20,PI,22,75,4.519990061871789,4.593273172874768,1.6401854394822657,3.0106686967583616
45,20,PI,23,76,10.597654210851836,10.730447850225344,6.121234747204603,2.928878327316931
45,20,PI,23,77,3.25155076423517,4.985403923589774,11.511730069132582,3.3680148273034334
45,20,PI,23,78,3.3193162613844116,2.9939918413110673,4.620658427244138,3.338030967122675
45,20,PI,24,79,9.502512288217979,8.17996307347284,4.552313411606086,3.3387907872855536
45,20,PI,24,80,3.8050737214430526,5.346400090587323,4.735935415416582,3.5637424829189746
45,20,PI,24,81,11.191247947057084,9.480138682476442,10.01209435616057,3.1038203077885362
45,20,PI,25,82,10.374329508977414,7.440824409676299,4.686741328047606,3.276405041166404
45,20,PI,25,83,10.86522689568519,12.0577907033364,6.84661342259521,3.1237964926435366
45,20,PI,25,84,4.1623183648456505,7.548577566603706,1.8734905790318228,2.825801052512192
46,21,PI,0,0,11.716763832262064,9.08770544356452,10.647017856126377,3.223317302256693
46,21,PI,0,1,1.3364680938331341,9.460716238108565,14.712160533366792,1.5062577780019513
46,21,PI,0,2,6.351077585396341,1.686046250210134,14.373996680487636,1.4530948653056994
46,21,PI,0,3,10.139732773825601,2.9578910391741835,10.080888847901806,2.873925457115389
46,21,PI,0,4,14.891124416048894,3.142282110097428,12.807896977688,2.058338526219041
46,21,PI,0,5,10.483661778410251,3.325125413651777,2.7715759838289182,2.9357563533434563
46,21,PI,0,6,14.3123554827077,5.106562914060077,6.620917485291803,2.1839201907101753
46,21,PI,0,7,9.841310276166057,6.6045285555231645,0.003967559706777868,2.0841170178231585
46,21,PI,0,8,3.9038380556747083,7.083532420685154,11.419026660671266,3.5027617269498394
46,21,PI,0,9,9.095795109976418,6.452925439122495,2.8654269515097672,2.650135066453389
46,21,PI,1,10,1.2435820649532507,9.709492970994445,11.516367580877468,2.498316063531261
46,21,PI,1,11,12.968352371005588,5.0283304751744184,10.706730460362886,3.0031493275653007
46,21,PI,1,12,10.315140214126696,11.742718388222144,10.761185048105418,3.2573981117885378
46,21,PI,2,13,1.3098166204322748,11.361740197635473,11.585858006169774,2.681775068426654
46,21,PI,2,14,11.326474763007218,0.32580762258957396,10.24090643162973,2.450676445382186
46,21,PI,2,15,4.092085548850701,6.506035337333934,11.69745847221729,3.428747914826473
46,21,PI,3,16,4.688316683687462,10.640948501856284,11.26498247159993,3.4664879613216684
46,21,PI,3,17,4.637125145777615,4.923719025832481,12.049991497880642,3.564505343646357
46,21,PI,3,18,12.63653198408839,4.464460659062354,10.543707118564951,3.377041841447397
46,21,PI,4,19,2.47813224725796,13.280679449063394,11.492784782024238,2.4568514478614736
46,21,PI,4,20,9.696349846254131,10.81286417894265,10.071602394077042,3.0522481392789294
46,21,PI,4,21,11.848821141823635,2.0012421572133743,10.48388288838776,2.6194548519694028
46,21,PI,5,22,1.5212595832936227,0.46409214829384093,11.548602338975172,1.840141304594449
46,21,PI,5,23,12.231487332439698,0.0788804351997674,10.729645490957168,2.4341381316063524
46,21,PI,5,24,10.084290157026782,5.434024351540819,2.7945083431664615,2.6794502442545727
46,21,PI,6,25,4.329570773347976,8.663299656626814,11.228644915465688,3.5605191164683916
46,21,PI,6,26,11.83171820302531,8.708164292234116,10.523119454182751,3.224286150365245
46,21,PI,6,27,12.195482250625616,1.4634971036292355,10.742363710633047,2.5472191478778967
46,21,PI,7,28,11.32119557926206,3.3173999858740966,10.304086693932803,3.3001852627193706
46,21,PI,7,29,10.528908220638002,10.398033050118798,10.856350038649873,3.1588717245866826
46,21,PI,7,30,10.41863071905284,4.480367130324276,2.8167014151769667,3.1647235267174683
46,21,PI,8,31,11.828477629094076,8.944614965573924,11.05848871314939,3.2889795670609203
46,21,PI,8,32,12.486808365522732,2.4598177366241987,10.035885756579884,2.602248524362433
46,21,PI,8,33,3.0971688198508773,10.064188414824958,11.282823251797593,3.122255544125135
46,21,PI,9,34,6.384704753352791,2.5053215940886995,2.8626386121016347,2.2487187166278035
46,21,PI,9,35,11.721051118071617,1.5634795420512808,10.241678624496704,2.54165055719735
46,21,PI,9,36,10.032052289164387,7.51394096710608,2.821721139326013,2.783009003116711
46,21,PI,10,37,0.9110689248389575,9.641402048982755,11.243683155404403,2.464770017901815
46,21,PI,10,38,7.977725716363594,3.2884963331794155,10.495771665034203,3.1904072451204857
46,21,PI,10,39,11.738162550684482,8.105692284766244,11.051432596149912,3.3263640138137642
46,21,PI,11,40,5.649429357790245,5.273792376092657,12.250275465747649,2.921667482819458
46,21,PI,11,41,11.369477914051782,11.467611301263284,10.829593376467967,3.4069140860711427
46,21,PI,11,42,9.631845505827226,5.013665831565893,3.234230026466025,3.1527333114332983
46,21,PI,12,43,9.671245268731766,10.186549467324367,11.440383133320289,3.138248247512715
46,21,PI,12,44,6.453682905014667,4.4345314644024345,11.171501079687717,3.331496813635116
46,21,PI,12,45,1.945073776281641,9.521962102013264,11.802778505736677,2.552339152878008
46,21,PI,13,46,11.932746311960955,4.442330808908683,2.306854455780025,3.0287563713697416
46,21,PI,13,47,11.067954816534607,10.977188485856322,10.961897265883525,3.3401763437009864
46,21,PI,13,48,12.524661321148901,3.3482147392286317,10.964538794690846,3.2809238740007425
46,21,PI,14,49,5.278247353821885,11.131236445864669,11.088931432560146,3.2298700189064635
46,21,PI,14,50,9.722676508557527,6.73222527750987,1.3169813037304823,2.210865714019159
46,21,PI,14,51,12.957953433805349,2.472194306179609,12.361629596923263,2.50526986252419
46,21,PI,15,52,10.876419642586152,2.276879740956775,11.467762954318921,2.7622805028854245
46,21,PI,15,53,10.807033922096757,10.768472551294888,12.458570178567925,3.2019678207217117
46,21,PI,15,54,2.6824962888292587,9.66921346217695,10.107866149574813,2.6743777605017005
46,21,PI,16,55,8.056088288932127,6.038316947078513,3.5260400750757177,3.1042033455584335
46,21,PI,16,56,13.036292738648156,4.94228579566774,10.304577603102986,2.9612290857662362
46,21,PI,16,57,5.657565338846603,10.671082420414601,10.739046778828609,2.985009637635826
46,21,PI,17,58,5.1598528450631385,8.113935026712939,11.769339859546424,3.2312559254928797
46,21,PI,17,59,9.601475963793249,3.128930209374558,10.134604376996071,2.977795103761191
46,21,PI,17,60,10.378986815773615,7.891838325393193,3.3888007918035346,3.2365108059648353
46,21,PI,18,61,4.97992171287107,10.938053256007715,11.402148763710496,3.3782235813995385
46,21,PI,18,62,11.391597922972764,1.8115547358037598,10.077259494705878,2.5408255667208213
46,21,PI,18,63,11.205219147481396,10.187919049022613,9.94419456915634,3.1244450890103073
46,21,PI,19,64,3.0945363926467566,7.330146201242381,11.975383772032892,3.1054950701488027
46,21,PI,19,65,9.153438821477808,7.402646710432965,2.8072682096676527,2.7640954280583294
46,21,PI,19,66,11.100923660487048,8.989355265892602,8.92311594454303,3.1386291924630214
46,21,PI,20,67,12.13330538294755,1.0918828193291081,9.82818515678294,2.4524657306416007
46,21,PI,20,68,3.593376033891632,8.439660245592401,10.908373829757462,3.4308875996120713
46,21,PI,20,69,10.039009565898446,11.96303748520582,9.693765310530353,3.112997459831269
46,21,PI,21,70,2.763238959078267,7.910023510359513,11.04255039058248,2.908401561225701
46,21,PI,21,71,10.811863678719606,3.5076569341787573,2.0217277947526697,2.7641815920619335
46,21,PI,21,72,12.990679670961566,5.497330073401495,11.718955983232632,2.891402826138658
46,21,PI,22,73,11.87607526129623,1.6782932020429846,10.211199393756873,2.5375725621629837
46,21,PI,22,74,6.017745253040038,11.142189260586381,11.916118730848158,3.0902140803464606
46,21,PI,22,75,9.917634623173633,8.44683147805663,5.042746456770223,3.1005340992794492
46,21,PI,23,76,7.479169955014942,2.9390363102603962,10.380473662571534,2.8924252970794386
46,21,PI,23,77,9.025540043667574,6.201096999005506,3.31341202574378,2.940367858968668
46,21,PI,23,78,2.5898830226348366,10.703219916997579,12.281162548894482,2.808176705807892
46,21,PI,24,79,11.94841990281288,8.197810090673531,9.577605905237254,3.166723059596521
46,21,PI,24,80,10.252988598095547,7.411052688888001,2.3460584925350387,2.5285548388218766
46,21,PI,24,81,10.879779838732176,2.291525778774306,11.198781233441856,2.7447677194481264
46,21,PI,25,82,9.434856151894964,9.862199704065235,12.324460488777378,3.0373222392313934
46,21,PI,25,83,6.421883490847548,4.322233008495785,10.520873812924798,3.2638485653904947
46,21,PI,25,84,11.658878928247919,0.9844787221347451,9.625286679982482,2.4915582078586165
47,22,PI,0,0,5.4952037314811415,2.989430690626244,1.3283755989191837,2.1586260618858195
47,22,PI,0,1,9.7978753140138,6.890055671159201,14.815134283203024,2.027313583579785
47,22,PI,0,2,12.77352104776696,12.554419848555668,0.7715815121288899,2.269873230041228
47,22,PI,0,3,8.330177330423108,9.11196789529001,0.7521194260962444,2.3684996408705294
47,22,PI,0,4,7.159919290608433,4.94345713957603,3.2472852268032715,3.172473335620448
47,22,PI,0,5,11.955250991049661,6.313483346093988,1.5477466279666334,2.3327019355547236
47,22,PI,0,6,5.536059278253402,13.722666400462666,5.843957321106811,2.1947909432337314
47,22,PI,0,7,2.8100378836972344,1.0010423257026009,7.682573375919862,2.1531699180088126
47,22,PI,0,8,10.01333977365762,6.192143764039176,12.724791057359866,2.7393772654071027
47,22,PI,0,9,7.8673359472017514,11.961514620370984,8.477286052589523,3.2146682124643995
47,22,PI,1,10,11.77119956678332,12.506984055420885,8.397098580630914,3.22534696597524
47,22,PI,1,11,7.405712205495306,11.99156481040051,12.709453297049116,3.0842207990059727
47,22,PI,1,12,11.440860413455534,0.387726019381478,3.176440842903447,2.4988680375598715
47,22,PI,2,13,9.227215721586974,5.2488758279441985,1.7829851123899538,2.362311484659169
47,22,PI,2,14,3.666585771432647,5.142573385938039,1.437373257571088,2.727317304663607
47,22,PI,2,15,6.825318918915667,10.978926775505318,8.694716003402785,3.0248530157258857
47,22,PI,3,16,4.83114285702587,10.47777157843981,8.67380404932085,3.25031753435809
47,22,PI,3,17,8.688908012276455,4.412350448866981,3.1694329513974457,3.4274267860152428
47,22,PI,3,18,8.934277857711718,6.332623978631075,12.918137150179177,2.690288117969457
47,22,PI,4,19,3.9550457130206813,4.9941636842726504,3.244839217039392,3.6073682180947757
47,22,PI,4,20,10.077753964273402,10.993470222477304,8.736682030376826,3.124039634127432
47,22,PI,4,21,4.508896761622421,11.426563659959422,8.508504061585436,3.5305631856607356
47,22,PI,5,22,11.494255479946762,4.97326415253411,4.534405413852784,3.6106648382366604
47,22,PI,5,23,13.65636352088185,11.9819736303515,12.171648567287665,2.78795739331267
47,22,PI,5,24,4.538113231600607,6.176401091742533,13.068858412590608,2.930836944408826
47,22,PI,6,25,3.4410495513754418,12.075800241064576,8.340267463986178,3.3828353787937413
47,22,PI,6,26,14.042666209412381,12.024738808573245,12.15695973202535,2.625467130946963
47,22,PI,6,27,9.210984383662382,3.544066635872198,3.611674345461726,3.56518291987615
47,22,PI,7,28,12.17061379042547,5.3081992227986845,4.651997857336214,3.352649486307737
47,22,PI,7,29,6.837306907782026,5.004527844068097,3.500255362262047,3.243847345278095
47,22,PI,7,30,7.038823352026028,11.839345382661818,8.468061912712223,3.1248069943217156
47,22,PI,8,31,8.886137469507549,3.9892170606649024,2.7888982991561577,3.199198453975566
47,22,PI,8,32,13.104645627500243,12.65644354686381,12.258721860601682,2.8485762116702964
47,22,PI,8,33,8.063425100438298,11.77190156315574,8.840622725773391,3.2173123204572667
47,22,PI,9,34,13.515571140632936,12.507268303198021,12.242382927560149,2.7142754726078326
47,22,PI,9,35,6.117726021982794,11.408970475910047,8.43419501527773,2.9989536654982345
47,22,PI,9,36,12.763779530002497,6.098693504758249,4.832881564128977,2.923975813711702
47,22,PI,10,37,3.6656041031897564,5.560418915653054,3.0135018887835407,3.12580450812359
47,22,PI,10,38,6.535309921490791,11.977498794063052,3.4713158026522595,3.2200101728250243
47,22,PI,10,39,11.918159676095144,5.47522916016066,4.7468537405793505,3.2846895806418455
47,22,PI,11,40,8.086104885594377,12.51995247121223,8.339203298179893,3.0981479311533464
47,22,PI,11,41,9.299936840182857,3.1417818975626197,2.8739369709047002,2.8271303951528193
47,22,PI,11,42,4.001758923695192,6.436079844703949,13.066235886606488,3.048065411016945
47,22,PI,12,43,10.55717141332514,4.111836288724852,3.5693776780171005,3.7527720773061652
47,22,PI,12,44,7.735610006115924,12.285711494919507,9.352598581270318,3.0945531353528315
47,22,PI,12,45,3.290660903885931,4.683099686714732,3.6487410723064535,3.7021400600396643
47,22,PI,13,46,5.5470219529525595,4.944884949697175,3.2752674065003418,3.115987512032361
47,22,PI,13,47,7.821156546706684,12.085939446720175,8.199268252340271,3.2003698301416397
47,22,PI,13,48,10.857290683192197,5.4471739345994035,4.527189525838668,3.3302578693370752
47,22,PI,14,49,9.210094624221847,4.825894789774182,3.05900477625641,3.139701564403923
47,22,PI,14,50,5.88642586088718,11.241859253913127,8.587352137205247,2.984895874095935
47,22,PI,14,51,2.788538401606717,5.31930137703873,3.498911284950954,2.9730690107281488
47,22,PI,15,52,4.129244798717907,14.883132768567858,13.146542860713923,2.3178620138042687
47,22,PI,15,53,3.833590906882236,6.698695051463025,3.634066349673946,3.5733322298230363
47,22,PI,15,54,8.033320512256585,11.98382923312417,9.18638739518869,3.1755503062494017
47,22,PI,16,55,5.830353758473955,4.880636282841712,3.860599726591458,3.379248964274656
47,22,PI,16,56,7.938742162391233,10.918603864760781,8.40256920695972,3.173623240076553
47,22,PI,16,57,10.250602817101205,6.216337722268356,12.268198877974442,2.9080743602170225
47,22,PI,17,58,8.091844640287594,4.8144866682975955,2.291770575959795,2.74962637804641
47,22,PI,17,59,8.294728126155462,12.102039510455798,10.702362355215904,3.2348792501654904
47,22,PI,17,60,3.3348361774683455,11.359559937762642,8.580635893642022,3.3306363786877
47,22,PI,18,61,6.3265618680199545,12.427938621154492,3.8808280460817413,3.2658627970696443
47,22,PI,18,62,14.414483664507305,10.703527367741907,12.139306504134847,2.4328842141959344
47,22,PI,18,63,4.512318377502911,1.1579292258051643,3.680243876940112,3.026269062700866
47,22,PI,19,64,12.919855506215747,11.746006534269123,11.824954813559634,3.1915705859053256
47,22,PI,19,65,4.248028710843969,4.306923373233545,4.41809109464904,4.176720225856676
47,22,PI,19,66,10.724428841935914,3.6632846351941373,3.9403556726737303,3.81087078563658
47,22,PI,20,67,4.768324274535197,4.9245984744573805,4.0585755129184795,3.788341305910265
47,22,PI,20,68,10.756424248618847,4.2217360458835405,4.302176891313408,3.8892434529465127
47,22,PI,20,69,7.133603334159368,12.044850880054152,8.102387074864533,3.1235396794771617
47,22,PI,21,70,10.86746928346966,3.827496730541053,5.020441308816978,3.5749279890698986
47,22,PI,21,71,4.460816013818556,3.7326510894638236,4.084008221237527,4.13366457763174
47,22,PI,21,72,7.7719317624701905,11.882172271378053,7.903312515719511,3.217409062858347
47,22,PI,22,73,7.742355314955397,10.927871907880455,8.992551650945085,3.13010335910025
47,22,PI,22,74,4.749640784012011,4.1261251929381615,4.4007506166497015,4.0277500508061275
47,22,PI,22,75,10.509997461448165,3.355531079779104,4.143666024723962,3.62027838677598
47,22,PI,23,76,5.2785882568883995,5.427174138295602,3.680347624993227,3.2233994418924006
47,22,PI,23,77,10.525605092839399,3.6246078831195816,3.961953748955684,3.767101618000466
47,22,PI,23,78,6.0517684750273695,10.807725494125599,8.703859267576302,2.910077744285989
47,22,PI,24,79,11.414590459202973,4.081231570706727,3.3243632403300483,3.721620848278769
47,22,PI,24,80,4.163268450410028,5.67890789186056,3.133123025028764,3.2714995502671944
47,22,PI,24,81,3.797125076997649,12.31853947830363,8.546978470135953,3.4883801245763255
47,22,PI,25,82,9.842613066246976,4.162079701812233,4.533328366463164,3.726873876291462
47,22,PI,25,83,5.901283175983718,12.049690938328077,8.416923529348326,2.982901632802501
47,22,PI,25,84,4.43411420376399,5.51540392459998,4.845969595563079,3.4330144888574354
48,23,PI,0,0,10.408996209860463,9.621873313173458,1.9296633647645434,2.4115672409604456
48,23,PI,0,1,1.7056207519699402,9.80018282001881,12.80185658947741,2.2714247788052266
48,23,PI,0,2,3.026687016606094,3.27027955628604,10.748769538853741,3.1117508649592507
48,23,PI,0,3,7.060495060039126,6.228328959610671,5.237217070764293,2.7340263598950187
48,23,PI,0,4,0.9578062971553802,6.819992488673373,4.521799193995163,2.5706127458602923
48,23,PI,0,5,5.8361512993590265,8.104467290000517,10.253845381083268,2.865242146115233
48,23,PI,0,6,9.37128565767344,11.140566808328579,0.27326033668120087,2.399387671229925
48,23,PI,0,7,9.813857245981858,8.130938231331978,12.770115196292824,2.945776406403052
48,23,PI,0,8,14.085438688440279,0.19234677706261083,12.424924469847584,1.6776470475451721
48,23,PI,0,9,3.7998583602408065,9.370619845019032,11.466275402773853,3.523516515253408
48,23,PI,1,10,6.819338903573167,11.566055355046945,6.062677899301427,2.8613276566093147
48,23,PI,1,11,3.172821164391988,4.6882604675672575,10.20778329252392,3.3002988190264713
48,23,PI,1,12,3.7036961361392384,0.2940367780906289,14.772090291035584,1.7875521343507064
48,23,PI,2,13,10.13363270103843,8.07568402443701,6.471709127121107,2.870145853306391
48,23,PI,2,14,12.740152369630422,4.7001742714270325,11.576482095827195,3.361790349019533
48,23,PI,2,15,0.04810040203245769,9.467650848058698,6.039875128980373,2.0392631021038317
48,23,PI,3,16,3.617219905049353,9.398549355849802,9.818671444019293,3.266353964449597
48,23,PI,3,17,9.492855592582327,0.2953795518222274,0.6986626716417449,1.5957474183430416
48,23,PI,3,18,3.672890744567634,6.825190879616587,1.8623234479083084,2.622665967589106
48,23,PI,4,19,5.58899636595186,6.7989492501831,14.058291426490955,2.1147266027554568
48,23,PI,4,20,8.47412144993334,8.052438883381809,3.7773298547646643,3.444904904311993
48,23,PI,4,21,13.23075943273135,9.323677852420447,10.129171422699487,2.703865830900882
48,23,PI,5,22,1.856820693752712,8.113512666115064,2.001403000388706,1.8614833375577806
48,23,PI,5,23,6.23394353673346,4.679863591913178,14.432538078677975,2.3131263669828637
48,23,PI,5,24,8.715083160919084,9.32424087446905,5.7324229900107975,2.8382877385243517
48,23,PI,6,25,9.336155036353857,9.325315048647115,11.294705010714575,3.117045760980549
48,23,PI,6,26,2.844820982677204,3.269040966079357,1.1068460068059265,2.263313854512412
48,23,PI,6,27,2.8502383191903395,8.052350116867794,7.130995092514729,2.7970493258428215
48,23,PI,7,28,10.108317761174568,7.40312856800906,6.482878075926177,2.817773911698939
48,23,PI,7,29,1.6872211682276244,9.30730598427319,12.82130282089405,2.26888490467445
48,23,PI,7,30,9.22169356995514,11.715817750680891,10.994621679191585,3.268050530233471
48,23,PI,8,31,3.5550582686140437,3.696963554050962,10.129528431004136,3.614650817566555
48,23,PI,8,32,3.2216567490556587,14.163928927157592,10.225875419804382,2.3994423274109846
48,23,PI,8,33,3.6231321381116532,13.672951555430854,1.9670675440196472,2.2475602720228585
48,23,PI,9,34,8.692518276165547,8.414819965729835,3.3048295195869293,3.185370817698827
48,23,PI,9,35,3.189641030405161,13.918780547558187,10.481525699619752,2.5004379952645257
48,23,PI,9,36,12.954204881626527,7.23335152178209,10.788718514983533,2.8940483577409437
48,23,PI,10,37,8.700655012322137,9.285021698906494,4.1877969110537885,3.4257446216736223
48,23,PI,10,38,12.713856552464929,4.890967234464514,5.060753078103563,3.185043363007167
48,23,PI,10,39,8.654909945183705,8.02932740434639,13.783432656870815,2.5365744653893523
48,23,PI,11,40,12.915510974310102,2.5298201306430808,11.937095985925984,2.6360821517287554
48,23,PI,11,41,8.348126589880604,7.461296946021141,4.930910740009093,3.174092550917834
48,23,PI,11,42,3.885996127780465,0.49124593875919387,10.329024989123514,2.7276033796632735
48,23,PI,12,43,11.914773383495884,8.260944242273155,11.203305720634818,3.333475838482885
48,23,PI,12,44,5.327158666157512,11.611968371019465,10.694323601161228,3.1872148255504777
48,23,PI,12,45,12.04840229124117,5.911707374676397,5.045620317438474,3.0282207736378615
48,23,PI,13,46,7.776727309714574,6.5769766981710704,4.66139722103322,3.149929447606496
48,23,PI,13,47,12.769908973512415,5.878743929808163,11.655318938278148,2.907712097844537
48,23,PI,13,48,3.2175903319289607,5.069727902713624,10.524044116445136,3.1790963319798253
48,23,PI,14,49,2.977797208587336,5.746997210579435,10.867512667199255,2.822834161821281
48,23,PI,14,50,9.221218525576923,9.338303433769497,11.331449456951148,3.1256480154265533
48,23,PI,14,51,8.531182584533006,8.060527211210509,4.822184237747095,3.266576145904339
48,23,PI,15,52,3.893388551531272,9.046875396171009,9.822893633061891,3.380597380104622
48,23,PI,15,53,3.5250144096353915,3.7237898101846185,10.140795981656472,3.6100951048159438
48,23,PI,15,54,8.545261461771362,10.217720212390638,4.787802723368057,3.2477801298461006
48,23,PI,16,55,2.981286211653489,5.39494543803691,10.40782108465438,2.854065713141397
48,23,PI,16,56,8.299755016271943,8.77104511788808,4.622618880859062,3.348179047189557
48,23,PI,16,57,11.302861187398753,8.287831577388392,11.730565273053147,3.356094812182514
48,23,PI,17,58,7.759015995628219,8.537283295213,3.661048148541975,3.383964834745422
48,23,PI,17,59,12.990774523896226,8.384369700773288,10.970141819300924,2.979706114214892
48,23,PI,17,60,3.9212049669478137,3.9457572635874816,10.778347687206724,3.8997338405335675
48,23,PI,18,61,7.740893854994976,8.887047655465153,3.1292419687069946,3.040105163958888
48,23,PI,18,62,10.277286063761071,9.05756430504403,10.859678759068707,3.101680388192599
48,23,PI,18,63,3.924113217046004,5.145486568340068,11.08951778565721,3.5674506302726314
48,23,PI,19,64,7.615155294248751,8.481688145192098,3.4580826606601938,3.2692663703950453
48,23,PI,19,65,4.376256458946334,3.1511714033141547,9.593763653896639,3.378302048383319
48,23,PI,19,66,12.077385557399165,8.208188435955659,10.89353448862209,3.2694529791175744
48,23,PI,20,67,8.882516127570293,8.472619539897671,3.4097882066858807,3.238282592866537
48,23,PI,20,68,3.1172201604377885,6.057659971044708,10.75535514609178,2.877013154889015
48,23,PI,20,69,12.611923901248046,4.814854308278905,5.411273903362496,3.107789911796764
48,23,PI,21,70,12.796214909503945,5.2005292522004085,11.25315635682614,3.0699452941326975
48,23,PI,21,71,8.170050104951352,8.016150742107131,3.6535762603596975,3.402914479547447
48,23,PI,21,72,3.303478418523009,9.409240197944856,10.98457467196538,3.2168059045507764
48,23,PI,22,73,3.4794246321912157,4.848057021936826,11.70168024222886,3.584410961327377
48,23,PI,22,74,12.471411618160523,7.990423354187978,11.253602865056452,3.2186994119590393
48,23,PI,22,75,8.079854101306841,9.757548878899675,3.2599783359666166,3.1126773137290815
48,23,PI,23,76,12.99114751467066,9.484980755982297,9.827285055900253,2.7899554123214965
48,23,PI,23,77,9.381118533149388,8.344767827434488,2.981205130148049,2.9213550209037367
48,23,PI,23,78,3.8344060682215386,8.893761812224158,10.099672449526937,3.391900612677124
48,23,PI,24,79,4.51506924989785,9.636989471208478,9.803009218059962,3.288708203790371
48,23,PI,24,80,12.46323562533657,9.169061882186684,9.839292188247672,3.0090020483405895
48,23,PI,24,81,6.915887929279782,8.215865726753082,3.3246875125756334,3.0881237284212175
48,23,PI,25,82,6.913198914244003,7.664633898484685,3.544119914449879,3.1962714289900314
48,23,PI,25,83,4.901694704702651,3.074078579363867,9.586003764115219,3.0982284083228855
48,23,PI,25,84,11.42923750633054,8.528839161649508,11.486758965152845,3.356191373243094
49,24,PI,0,0,4.954032550039731,6.077659734587158,8.62106728990788,2.959019731999189
49,24,PI,0,1,7.59599650905222,8.463187611453762,8.54530965762603,3.076321404214511
49,24,PI,0,2,13.111747968611118,1.2964569148645961,11.13712906029844,2.269391801302394
49,24,PI,0,3,12.305508966521229,10.682401050407483,6.148884107797466,2.953104444118106
49,24,PI,0,4,14.144306619829239,0.4642370445618099,12.044099531904532,1.7757507147490255
49,24,PI,0,5,9.030729378929852,0.6168934739540161,4.985991179569478,2.435846535706598
49,24,PI,0,6,5.674089671083666,2.640679917133206,9.639012705196148,2.4998495187473306
49,24,PI,0,7,6.5886133899643236,10.737072518728642,5.571556248059411,2.794318598013777
49,24,PI,0,8,0.8127099880391225,10.735498563402155,10.995679482020854,2.5242190717616872
49,24,PI,0,9,1.232172035587395,6.981936362815139,6.828090631484789,2.1694904340862395
49,24,PI,1,10,4.990757563997631,12.752846704796584,11.031757881368398,3.161856568000985
49,24,PI,1,11,1.710895761596929,5.453058633326567,8.609144263148536,2.3131794056220114
49,24,PI,1,12,9.212369639145614,14.319212364589678,5.4909276677538985,2.1559628985868513
49,24,PI,2,13,5.385999693970355,6.079901581023048,0.18650840703487936,2.00789527707225
49,24,PI,2,14,9.157440435451212,11.940056854906747,1.8437788488056128,2.5392707206248906
49,24,PI,2,15,7.805311976902626,5.425796271454159,12.29447782070975,3.0299748987584527
49,24,PI,3,16,7.419780314715688,1.87715909872613,7.317460344082172,2.3665252001246664
49,24,PI,3,17,6.412853401513105,9.073305121542997,6.259908055431078,2.6357379801246728
49,24,PI,3,18,4.627451633270224,13.246550278576073,10.562051247158378,3.0525720598865655
49,24,PI,4,19,7.599870639171678,4.456652786714362,6.59864285999281,3.2207882739740428
49,24,PI,4,20,5.017398883930556,8.958941881563398,11.611965285842274,3.2693682006859115
49,24,PI,4,21,9.204092174306279,11.727932513761685,4.710202420437078,3.4069482155432667
49,24,PI,5,22,5.6965811041714245,9.07486347755472,11.166688251656222,2.973182353093386
49,24,PI,5,23,5.918367810085438,2.4791986630147056,9.450393161117475,2.38076859337608
49,24,PI,5,24,10.092221762521588,11.98224571591662,4.572678376670277,3.4508434082916173
49,24,PI,6,25,13.237173923026978,11.92524386662469,4.302251014347717,3.2729022851219836
49,24,PI,6,26,0.786655362472542,13.483218916466008,10.469515353816538,1.9774505856292097
49,24,PI,6,27,8.931771793099841,13.089637964090663,10.827153965669346,2.8837454369439173
49,24,PI,7,28,9.034341095913364,11.861467853002988,4.410630702431943,3.530238677724537
49,24,PI,7,29,4.973631640149325,5.911752926791677,8.74759638277666,2.947702527766945
49,24,PI,7,30,4.438093932132655,12.332611801895576,11.328325065471232,3.591328384492881
49,24,PI,8,31,5.3145333756436415,6.122654255030173,8.62202759864968,2.7890681862354567
49,24,PI,8,32,4.247708505329062,12.464275360589237,10.384164988591555,3.4703821234977164
49,24,PI,8,33,9.052475567084876,11.8256568814929,4.359212900510528,3.546399548991433
49,24,PI,9,34,9.59132333750356,12.204554787793668,4.40933853247563,3.4547642354879553
49,24,PI,9,35,4.970685723245914,5.193113096543559,9.010027859304511,3.1332153109207033
49,24,PI,9,36,4.733576145538306,13.067760773396127,11.615027914048786,3.2060215549770232
49,24,PI,10,37,9.932282176626952,12.235235660198791,4.6889823165423286,3.343453955626005
49,24,PI,10,38,4.182425019605203,6.162850057710116,8.400959817926015,3.260277160138868
49,24,PI,10,39,5.230561553124957,11.907350022206804,11.509458820894697,3.3133312680360874
49,24,PI,11,40,4.897371661002861,6.71832222563433,7.794267152939009,3.0585698694570755
49,24,PI,11,41,4.566903429913186,12.59584659847491,10.924079024365767,3.4103243142263486
49,24,PI,11,42,8.618009094902487,12.027956005544635,4.5073558541037375,3.504606051916468
49,24,PI,12,43,7.171483715712846,8.387987356751553,7.8974358665566315,3.0239784109549994
49,24,PI,12,44,9.406122365033827,0.5993461936232392,5.104872907985975,2.354658341703021
49,24,PI,12,45,8.079099553892712,12.72290442407637,4.401320996842853,3.359864835502663
49,24,PI,13,46,3.6663300239879506,6.096876383975531,7.4938844917109835,3.1328242117399103
49,24,PI,13,47,8.114769453321754,12.722096386875863,4.54674597683433,3.309539842762466
49,24,PI,13,48,5.451899890110583,12.647237311938966,10.340257410240133,2.898857978578719
49,24,PI,14,49,7.842975989826167,5.724880726102583,11.71242452331178,3.0318753493296637
49,24,PI,14,50,7.044323645452903,12.503382622513062,3.913207801434382,3.362997134317571
49,24,PI,14,51,4.7461119156043345,13.062723950179556,11.528008275935985,3.2003371988492004
49,24,PI,15,52,9.250012871276207,12.685350502452236,3.444990511757362,3.1631568875540887
49,24,PI,15,53,7.597264329930342,3.878704098299109,6.58384010454208,3.261381029857647
49,24,PI,15,54,3.180815193516005,12.432128755356223,11.210813644363842,3.230202942204234
49,24,PI,16,55,10.673304040752196,11.215502244140291,4.9377682775408696,3.341786469173054
49,24,PI,16,56,5.54580002923878,3.3451909867331633,9.9496088948205,3.0127849362516828
49,24,PI,16,57,9.858546721226045,0.5980951635537696,5.493743172536936,2.192870646976009
49,24,PI,17,58,8.409491326928164,12.87896464779652,4.681668418613421,3.1828654874241478
49,24,PI,17,59,4.216029059941758,6.574347127732719,9.054973980392608,3.262782627091812
49,24,PI,17,60,7.222134487872085,1.8152037569871777,7.747175774713517,2.377313107310508
49,24,PI,18,61,7.234664313878686,11.778171941798403,2.8827753398828957,2.9607653338440825
49,24,PI,18,62,6.986217726338505,1.9871403426157248,8.788757159410391,2.3585411932779667
49,24,PI,18,63,3.242484309703161,11.59238418069291,9.678491522237074,3.227412713754426
49,24,PI,19,64,9.61605688916383,13.422364974295146,3.419189828329625,2.809974275757057
49,24,PI,19,65,4.133707829556657,5.106627550203553,9.201007926609524,3.4640300362093677
49,24,PI,19,66,5.426635909625927,12.129675052178467,9.300277461937673,3.022436231745783
49,24,PI,20,67,6.96746258778435,10.290336645300583,5.18557012236828,2.943944040936313
49,24,PI,20,68,8.08840681004705,0.4340642908876108,4.990848017223915,2.4537062440969213
49,24,PI,20,69,3.712156240993947,7.2333857565333375,7.6084513010218675,3.323509902386342
49,24,PI,21,70,9.497689491359182,12.137395189093253,5.037982273794897,3.1846264598533778
49,24,PI,21,71,5.80374231586347,3.205260731121263,9.720766025781536,2.8563792479639805
49,24,PI,21,72,5.742116612082962,11.297021620187547,11.210329555589784,3.121790953518593
49,24,PI,22,73,5.2105228299042645,3.1086412063544215,9.758318925817946,2.970926283522179
49,24,PI,22,74,3.3558488969791496,10.91414690213704,10.246604371291774,3.267176053690136
49,24,PI,22,75,10.694964567981986,12.723656999700944,4.306982922595417,3.411177167937407
49,24,PI,23,76,9.805966372371412,0.5971036246650963,5.61323769592192,2.157178108023629
49,24,PI,23,77,7.868963025579184,11.89077446296586,4.835590380472427,3.3773316744845836
49,24,PI,23,78,4.717158889537719,13.018385003145882,9.961726730223509,3.0527480299221956
49,24,PI,24,79,4.456470557600439,13.101476407511564,11.101663895993745,3.2672695585118716
49,24,PI,24,80,8.498691043401532,12.896468564642031,2.770683804269138,2.6672598395190303
49,24,PI,24,81,5.4810879964648604,5.124355310642269,9.814693582920071,2.9179606632683233
49,24,PI,25,82,8.293876729083216,10.959852396687493,2.5612188481173774,2.7816955087480313
49,24,PI,25,83,4.577261680161164,11.209215446516962,11.13839342641425,3.582955127155757
49,24,PI,25,84,5.598115536988797,3.6352992476672554,8.192694349718138,3.2185849915650193
50,0,UCB,0,0,9.554425309821815,4.046800706458055,0.6146028590429203,2.7211230754625513
50,0,UCB,0,1,0.24791453292793642,12.199053588004086,13.691333659165826,1.9029984161106075
50,0,UCB,0,2,9.099536636507699,10.942448414759976,8.154374871981343,3.1416117937407844
50,0,UCB,0,3,14.026086356816524,12.237803311822983,0.04107750255222142,1.730427052175427
50,0,UCB,0,4,12.86106414881354,0.5037836295819653,10.94483169644916,2.3065979853858973
50,0,UCB,0,5,2.6348343090383852,12.947683835248299,8.121918303736376,2.569189241093107
50,0,UCB,0,6,4.495678358060772,6.340308317964877,0.4247950671819445,2.463791398938464
50,0,UCB,0,7,1.8642491474934593,10.059366220404454,9.70784267361375,2.364948863489002
50,0,UCB,0,8,9.230776672218807,5.755163313928252,14.958149036838165,1.9371669755366088
50,0,UCB,0,9,14.71253008164345,10.28312976721042,9.756889144017244,2.1554302470234137
50,0,UCB,1,10,9.468364434673013,11.120881026224383,8.32330521265192,3.147181441226062
50,0,UCB,1,11,0.34573895768336416,11.118573701066625,3.5086879039730396,2.6748555452445317
50,0,UCB,1,12,3.9545401625348604,11.113018979634385,14.40287195891463,2.7895818568940665
50,0,UCB,2,13,14.797832574781177,11.038243165328407,0.6299698128573633,1.5921670252034703
50,0,UCB,2,14,14.84195001509591,11.02789396155854,14.993941077126351,1.3715223691685843
50,0,UCB,2,15,11.206427936497763,10.961008278436982,7.649792725686842,3.264066947516935
50,0,UCB,3,16,10.091895454827615,1.137056323955639,5.268643340636293,2.3240873846543626
50,0,UCB,3,17,10.099753217306976,13.399966990238525,5.2658742732083414,2.61709415721708
50,0,UCB,3,18,10.058538182978682,6.756468893742137,5.348949544899368,2.814240299949677
50,0,UCB,4,19,10.39133092761156,6.6685108848868015,8.04005534199724,2.9275160702270044
50,0,UCB,4,20,5.906847520885124,14.914849980799652,12.51087738034548,1.9601086824070675
50,0,UCB,4,21,11.811600766943716,14.924086349761874,7.748750750877164,2.312405229187748
50,0,UCB,5,22,10.507210995617227,10.62289866559576,2.223067914749464,2.5807655750394427
50,0,UCB,5,23,10.472726140830677,10.634949073883638,12.671581702738527,3.058378402091864
50,0,UCB,5,24,12.371284308162606,6.510758519449252,7.348465428258154,2.8854537715677506
50,0,UCB,6,25,11.057585182336204,9.190502322169252,9.011790345225617,3.1142449903189093
50,0,UCB,6,26,5.607827564362067,10.633024300549526,4.864957971676881,3.091399042514997
50,0,UCB,6,27,6.209260524078339,9.588978150318791,14.134495069702158,2.118785557704565
50,0,UCB,7,28,3.3062633088065208,10.656413468374378,10.120477877495475,3.183473287505184
50,0,UCB,7,29,3.2381061139816945,10.656428523282454,2.498024775524022,2.744276044387016
50,0,UCB,7,30,10.015203416280709,10.659219113153585,1.3188181530030758,2.4079722081095194
50,0,UCB,8,31,1.1682286701545563,10.627499140260785,14.872150922362325,1.546695949632028
50,0,UCB,8,32,1.554636078346228,10.966519710980135,1.0303758342772762,1.8266632990811922
50,0,UCB,8,33,14.147982387628119,11.151227034533203,13.749107883541988,1.9512362434600674
50,0,UCB,9,34,4.232016476599205,9.8796604887306,7.383264805079887,3.377425521997693
50,0,UCB,9,35,12.425741345162756,10.45050036976208,9.21122152829354,3.0709412342980786
50,0,UCB,9,36,4.84687963576531,12.089402400335883,0.5092349882035696,2.624903886948134
50,0,UCB,10,37,3.79844262084372,9.924568331760367,7.62138938842183,3.3740070272230156
50,0,UCB,10,38,11.683390706467428,9.88813496090315,7.605575496641775,3.159744592495578
50,0,UCB,10,39,2.138346608476731,13.29441744628669,0.6088740751659194,1.4749666710896157
50,0,UCB,11,40,4.216715675597853,11.573118858644323,7.722747364172448,3.6037555259238676
50,0,UCB,11,41,0.0005825727221281385,7.067554672238893,3.7754748773429476,2.5570877196197666
50,0,UCB,11,42,7.271512952884212,7.725809899260387,4.341962968499145,3.3819657645334456
50,0,UCB,12,43,1.3655887631197188,9.200751981533049,7.771997067902079,2.3772824228914944
50,0,UCB,12,44,10.093180809798396,9.19481227391034,7.771952440947853,3.0099777525695277
50,0,UCB,12,45,14.678875966884153,5.672023819048777,4.42927989715897,2.3854106067145375
50,0,UCB,13,46,7.163410191066722,4.760675022729195,0.21383708111944844,2.4556441194628627
50,0,UCB,13,47,7.080548149929402,3.609371945469053,6.993148170452111,3.163351178250668
50,0,UCB,13,48,6.53366306506279,0.15267873008904365,1.1117575619622955,1.4663584201472573
50,0,UCB,14,49,14.477192043519441,10.699062312328419,9.272576981600116,2.28038358486842
50,0,UCB,14,50,3.888689574958381,11.416002426797439,6.444903726472276,3.392041385722848
50,0,UCB,14,51,11.540389067853129,7.868944994257983,2.9301559346390214,3.06453592969302
50,0,UCB,15,52,7.646611127176042,6.550219365013522,7.838748327798833,2.892373863669488
50,0,UCB,15,53,11.977286096106642,4.424603498763194,0.024928339885175177,2.767089119086693
50,0,UCB,15,54,4.5196258364181405,13.732274899292186,8.00796866697566,2.866404847709729
50,0,UCB,16,55,6.0111455361968,2.543270564489326,11.653287083764162,2.59728707085138
50,0,UCB,16,56,7.452769127686391,9.74507680080224,1.9072558439469678,2.3764894409167456
50,0,UCB,16,57,4.692284273387664,11.266612178117066,9.366928097065863,3.388123375595684
50,0,UCB,17,58,2.032245610624293,11.573462497606053,8.877033459626805,2.6086958212747273
50,0,UCB,17,59,14.38899955271171,11.569590881208624,6.802297971864804,2.3064048516696376
50,0,UCB,17,60,5.400677324434095,7.72850372821878,3.0828725725077906,2.9205376964435272
50,0,UCB,18,61,6.508760917220993,5.782990277610177,5.265105217831287,2.6427881502249826
50,0,UCB,18,62,11.716655069621483,12.548494156009916,12.930132636600662,3.036983078720613
50,0,UCB,18,63,4.808142693689847,11.549210729274384,7.137682097476091,3.316262297847241
50,0,UCB,19,64,6.78570730493956,8.844287216906265,6.412116641848692,2.7246508137892222
50,0,UCB,19,65,7.992142820511702,2.3891511910637337,8.946028086553566,2.5944018694511906
50,0,UCB,19,66,3.912113253817781,12.516152041122258,10.788950144245511,3.5087563726345525
50,0,UCB,20,67,8.024907480650505,7.113383978135149,2.3153932233501946,2.501174930299051
50,0,UCB,20,68,4.000165961153231,11.747065601896557,9.06264566080275,3.5828880946653543
50,0,UCB,20,69,8.805203781899,11.674243226733374,13.641618186454286,2.71777105892882
50,0,UCB,21,70,6.563160861645213,7.933698785097166,0.3917854102118512,2.1823795503246917
50,0,UCB,21,71,3.5629485712488695,14.243561966932432,13.873212983951365,2.0131944237784536
50,0,UCB,21,72,11.771238175790195,10.468797773484908,13.703858038915595,2.7056320453683105
50,0,UCB,22,73,4.140747334879751,11.563473165009484,12.972506148540885,3.429728575566411
50,0,UCB,22,74,4.2235539037513,11.596473479364139,5.749824404785721,3.4103778301103564
50,0,UCB,22,75,7.2163807935485575,7.713957787946902,2.258253557560477,2.4798760329890364
50,0,UCB,23,76,8.426517804168816,9.08208440774982,4.951308108083641,3.163239759945479
50,0,UCB,23,77,4.369828780529482,10.566543713557747,11.883446775337493,3.5873619075822765
50,0,UCB,23,78,4.822792694659315,13.24530015605885,3.74095120754879,3.2716777429508452
50,0,UCB,24,79,8.077312213325037,5.574135266007344,5.432520164866911,2.821360254910074
50,0,UCB,24,80,4.5638675836831,10.414412692473162,3.572859605087622,3.6283615373061306
50,0,UCB,24,81,6.237650959649788,0.8876345797678004,7.138710193146438,2.1001491289825704
50,0,UCB,25,82,3.9896615831331688,9.36754833398613,4.406299540357472,3.7721640029447774
50,0,UCB,25,83,3.65297217007026,11.008534799517392,11.973512517414278,3.584988867847495
50,0,UCB,25,84,11.114573776297021,11.894291741069601,10.577795953167685,3.33402200641536
51,1,UCB,0,0,7.67732437050385,14.25695544488903,2.162394190794506,1.7775102756007999
51,1,UCB,0,1,14.229741707058658,4.677471780157282,6.349896734588635,2.3873855651360736
51,1,UCB,0,2,12.415538907306626,6.137987045537419,8.243905315095892,2.897398623730786
51,1,UCB,0,3,0.4133866986460255,11.3026966301221,8.072149698289174,2.4918308167423833
51,1,UCB,0,4,4.945975747486383,11.826430551426064,4.547922439374675,3.616167873236414
51,1,UCB,0,5,6.802468342209773,2.0106254587074712,6.046694796706938,2.1175295842862845
51,1,UCB,0,6,3.0518286101422443,3.9347001066277425,11.255470089450789,3.507058399012259
51,1,UCB,0,7,4.206131369790599,7.277864616474526,14.71105799701858,2.553399695960673
51,1,UCB,0,8,14.424857904956802,10.871849111603005,8.118402833211514,2.3754851506713957
51,1,UCB,0,9,4.153368060680562,2.4097801316269027,14.548881198241988,2.1871644079628743
51,1,UCB,1,10,5.376720778853174,14.965493042892577,5.129542511910918,2.0926988273987868
51,1,UCB,1,11,13.656874255498419,14.849466814841609,5.135580987275635,1.7052660821780408
51,1,UCB,1,12,14.818475442066706,7.875640564581642,4.105507617502615,2.6008558507451403
51,1,UCB,2,13,7.263369709967705,12.165420752290146,8.891846454199323,3.0929731007091736
51,1,UCB,2,14,6.87580339139638,12.16569950840721,2.9680006528658827,2.9086568648499886
51,1,UCB,2,15,9.080903351459519,12.1557924977322,14.994829544961403,2.2282800783582846
51,1,UCB,3,16,14.83801738436839,11.824622201631744,6.224332405919993,2.1115001618516827
51,1,UCB,3,17,0.11879760211999768,11.830875614069685,7.3299487875524125,2.4043712512505846
51,1,UCB,3,18,8.022706264051939,11.828520424323811,7.208178391539158,3.1585251213057934
51,1,UCB,4,19,4.251041945523203,11.556949198200286,1.673325418660439,2.9519759128454375
51,1,UCB,4,20,4.285619224003653,11.449436023530676,9.607443596152876,3.540692105511803
51,1,UCB,4,21,2.5917273631310818,4.626554988552936,1.059124473040638,2.2921309736730766
51,1,UCB,5,22,14.842262556376882,11.961072619968776,4.489256817998932,2.6339179176955003
51,1,UCB,5,23,0.0026394730736417626,9.961535000580083,4.666591950535699,2.506222275411322
51,1,UCB,5,24,14.47857921621086,2.3083390077991153,4.479966467392583,2.090669420207225
51,1,UCB,6,25,3.653002413412842,11.451508004521916,5.7045957886732745,3.323860661260624
51,1,UCB,6,26,5.6329867545783525,11.447705076948793,14.18261982048076,2.3334558592538603
51,1,UCB,6,27,3.272860624097758,3.9364458173824666,0.7268535068908766,2.847717745144309
51,1,UCB,7,28,4.936063908611532,12.104427006891438,6.794275702713126,3.151136412629118
51,1,UCB,7,29,2.5090731870554093,4.647858204891426,10.560636167656057,2.9340444243851476
51,1,UCB,7,30,4.039127513316686,2.7891726093681197,0.029496604457614484,2.4473700918639687
51,1,UCB,8,31,4.742475197065511,10.692638528421055,4.2935237641123685,3.7029201686978013
51,1,UCB,8,32,4.834762768764188,3.880775523011808,4.315247196168674,3.9857072696179876
51,1,UCB,8,33,4.3684603502998485,14.011025707273278,11.309660866487276,2.914984844573648
51,1,UCB,9,34,4.86713925233063,4.750809641906758,2.963767024449935,3.293248727661505
51,1,UCB,9,35,4.078466402644889,11.120492462204066,7.724196429200935,3.5752397507076155
51,1,UCB,9,36,4.158334025368301,1.1338392525973096,8.250259260147073,2.8141188340345353
51,1,UCB,10,37,4.8790669576362,1.5982204674030043,5.65755100606861,2.3856076785380593
51,1,UCB,10,38,4.702207724100775,8.49513911245193,5.589900039258641,3.152053622765002
51,1,UCB,10,39,3.9492780694424767,14.663353453748933,9.475753136061918,2.5698259646226678
51,1,UCB,11,40,11.98563938439031,9.996080747202397,4.322866259830498,3.5261597401185822
51,1,UCB,11,41,13.617727615233683,1.7014049931485347,4.303233178854501,2.3233619570319095
51,1,UCB,11,42,3.906370688991643,12.09351211104117,4.327551743640092,3.9277501653358953
51,1,UCB,12,43,2.0683225094407156,12.556707616998086,3.6427848886856937,2.7660696540309377
51,1,UCB,12,44,6.794652273800913,3.933919821953116,3.6958541120531563,3.638572916021393
51,1,UCB,12,45,8.26733822572246,10.215724339208297,5.306451623944865,3.005117728905367
51,1,UCB,13,46,0.08784277456207967,4.228965899460269,4.31492614637389,3.0709847908259382
51,1,UCB,13,47,6.602026353908431,1.9732589707682724,4.341407384749794,2.661888350864645
51,1,UCB,13,48,7.51228381118532,9.488682004715695,4.341463909667402,3.370067824967488
51,1,UCB,14,49,5.151927094479111,3.455316971508991,3.5467284810148985,3.5233440948830896
51,1,UCB,14,50,3.409497355639895,11.272446923778984,3.677371542549603,3.6750638031042526
51,1,UCB,14,51,5.208542869151726,10.531133415135217,8.974068802927048,3.0512358900389263
51,1,UCB,15,52,5.8410331022245146,4.369267355688203,5.122050244569653,3.244347047032059
51,1,UCB,15,53,4.465082872509225,12.722032379426334,4.312814971579312,3.6969217137295733
51,1,UCB,15,54,10.448128480822826,9.481870871020837,3.6894949151859118,3.3487374569434607
51,1,UCB,16,55,3.98134948686594,4.4345838954281,4.855374641277889,3.9591569088573517
51,1,UCB,16,56,4.307932555755755,12.017230238322092,3.4617190517611136,3.763835935671217
51,1,UCB,16,57,3.20711223728404,10.784552454127327,9.006144810555803,3.143114096378145
51,1,UCB,17,58,4.656220829720876,5.054549916217023,5.0572605121254615,3.4298901409912776
51,1,UCB,17,59,4.035365073365237,3.3052459790092454,10.586321326430216,3.598561335022443
51,1,UCB,17,60,3.5679547230924684,13.560359560276478,3.6919858360242657,3.1946689236162538
51,1,UCB,18,61,3.091547946815927,3.472024698519917,4.589944702833317,3.514833910082041
51,1,UCB,18,62,3.0434075719699134,2.347965860431444,11.428445794180686,2.638381130877614
51,1,UCB,18,63,4.06588825784413,12.207293212262089,8.448252254710535,3.5640698655313496
51,1,UCB,19,64,4.868550564053508,4.108608441281933,11.286817384766305,3.7436186459216048
51,1,UCB,19,65,4.161059330820483,3.7104377788299097,5.545806759458466,3.6442409520073173
51,1,UCB,19,66,5.502709990182405,9.627759410377049,3.4301307903462,3.0714195103290844
51,1,UCB,20,67,8.339992946350133,4.16375089871072,2.6530940716183893,3.145157027434764
51,1,UCB,20,68,5.707711326355282,3.7367486228524136,10.054864808530814,3.1850640051011583
51,1,UCB,20,69,12.21344270879495,10.340448477701509,2.581424411566748,2.768774859559546
51,1,UCB,21,70,3.906102715998621,4.143566423789667,4.156683515204106,4.246614289990897
51,1,UCB,21,71,11.31915121809207,9.11741645473503,5.450316778771155,3.0540720384402604
51,1,UCB,21,72,4.068364323191955,4.2472400021809475,12.363022071126608,3.9000158185264104
51,1,UCB,22,73,3.979935202011022,3.7391327361393363,3.794218077852655,4.151987962032645
51,1,UCB,22,74,4.011512234782494,4.730938243976238,11.350568109114779,3.815194325531933
51,1,UCB,22,75,11.381702239239425,11.18508537666857,5.061638644801357,3.3692516220069155
51,1,UCB,23,76,4.119571086617514,4.118450968995145,3.980190068624224,4.261137080510169
51,1,UCB,23,77,4.664893888241278,5.121453432664222,12.519917336878985,3.3365390351390203
51,1,UCB,23,78,8.576316640325205,8.687649793041597,2.740487763665419,2.792646178502345
51,1,UCB,24,79,3.729322111518194,4.2665781259750855,3.9483849780581055,4.17362311226361
51,1,UCB,24,80,2.751570311524546,4.765566083934621,12.911524742191245,2.8394417518958965
51,1,UCB,24,81,5.838733222746753,9.904317463842535,6.0119556045640214,2.6026079270294185
51,1,UCB,25,82,4.034909940112571,4.211665070365218,4.096135414742081,4.25885375738587
51,1,UCB,25,83,4.140974469544326,3.6916475386640406,11.929896419821848,3.913455899298374
51,1,UCB,25,84,9.440969035136062,13.383244127308647,8.23851808765291,2.6725360531451603
52,2,UCB,0,0,3.924182013739746,4.477367151211849,12.213386108914206,3.862697100551329
52,2,UCB,0,1,1.3787391320264537,9.00150788948481,10.92840790217692,2.466308755694291
52,2,UCB,0,2,2.8185161004990515,0.8271994099960228,4.124540518590571,2.5521033239275877
52,2,UCB,0,3,9.861495223133888,8.43398494170642,2.250933949580042,2.5101474025397272
52,2,UCB,0,4,6.489461862071807,10.039459478617804,6.341770099051917,2.644083061618751
52,2,UCB,0,5,9.497765989111747,14.51153928740515,10.24597233464438,2.2017835020191097
52,2,UCB,0,6,5.874372496200392,2.808788545801471,5.189409983575997,2.6099840782227117
52,2,UCB,0,7,7.665989603543656,13.368141142508687,11.633459137090341,2.8453606127902904
52,2,UCB,0,8,4.772199009230615,13.863253447602363,7.063648281236363,2.594528343907755
52,2,UCB,0,9,10.40638263303345,1.6081096268038209,1.5681533764941225,1.766301027091491
52,2,UCB,1,10,1.4678260727409231,5.324818359175254,4.520119424521427,2.6511916288723985
52,2,UCB,1,11,1.298129828711307,5.324802569914838,10.585333028929865,2.362937358957293
52,2,UCB,1,12,13.941583531289613,5.325038281590667,8.463255489089955,2.3958608903176484
52,2,UCB,2,13,3.740027000786286,13.475180830210943,0.5221746890961393,2.2825721857500887
52,2,UCB,2,14,3.737395755719672,2.0255413351342804,4.065307582254059,3.2095268514167534
52,2,UCB,2,15,3.736462775830045,8.129099942479986,9.304259711421528,3.3827209728691265
52,2,UCB,3,16,3.7478051247725253,0.4295114709548786,14.490002280556997,1.887905080802332
52,2,UCB,3,17,4.082092468797892,2.4298637502594804,8.946886637098416,2.997856872743893
52,2,UCB,3,18,4.070990055816449,8.18563457853298,14.57315548088968,2.6640329731592476
52,2,UCB,4,19,0.9155403167202164,4.472492680705968,7.388222211638877,2.6813897781385645
52,2,UCB,4,20,8.006678377821489,4.490981481555945,8.694113533910341,3.4050182831445026
52,2,UCB,4,21,13.223984997455567,4.459111076950859,10.864233106463368,3.1755145936460885
52,2,UCB,5,22,0.3876011121026879,4.498451608314652,13.193955906810327,2.3812897338218306
52,2,UCB,5,23,12.562946847849556,4.498374184913475,13.70077013367779,2.855179765224781
52,2,UCB,5,24,6.191757197338398,4.494395203368901,14.168344392269258,2.4726141465059155
52,2,UCB,6,25,7.65224222990595,4.490787565262056,9.959033446869835,3.344694045105349
52,2,UCB,6,26,3.3463365563694145,8.129297788380006,6.402031865119624,3.019067112656666
52,2,UCB,6,27,7.237639185681528,13.368603144101243,2.800040605765105,2.4017678200425747
52,2,UCB,7,28,3.733412648807699,4.456843609668204,13.968129388732224,3.1097251606621903
52,2,UCB,7,29,3.530334550564021,4.495747569059261,7.57422617569478,3.614475427102044
52,2,UCB,7,30,4.134496866142416,4.478654727150522,1.2814418064648065,3.128336076873862
52,2,UCB,8,31,4.025281854209023,4.497954520940526,14.898175704877238,2.8924697424833097
52,2,UCB,8,32,4.0391612317502,4.479435022995914,6.538421764100181,3.613613201079558
52,2,UCB,8,33,7.30726980510566,4.503768611939605,0.37284732213720806,2.610772477825407
52,2,UCB,9,34,3.141110151379831,4.484315605515414,11.444543114952975,3.522152307613447
52,2,UCB,9,35,3.4430378694975,4.484781433108338,3.089972395326149,3.5380607070588592
52,2,UCB,9,36,8.210389127980214,4.471152141923389,8.88845301882863,3.4019308231384455
52,2,UCB,10,37,2.772335956773638,4.4780304251558976,14.050587830038646,2.474873490493414
52,2,UCB,10,38,10.425620323427118,4.477970497359909,13.025697257775448,3.195180524230253
52,2,UCB,10,39,3.871576231549618,8.128449929468161,9.003061634449097,3.440813233255664
52,2,UCB,11,40,3.6151301932931745,4.480024073558273,10.2977940623547,3.6671520724900497
52,2,UCB,11,41,7.547005769264066,4.472745686808471,2.767878745000284,3.114046827752725
52,2,UCB,11,42,8.478127721912337,4.477433928724569,14.58405346967206,2.581021973170385
52,2,UCB,12,43,3.336975806857185,4.49394139482853,13.45956576142345,3.107972072118301
52,2,UCB,12,44,8.140031613623048,4.471719128246652,1.215927448051049,2.7477587696255537
52,2,UCB,12,45,2.954787975156542,4.491797607864863,4.786655668038286,3.440325242673547
52,2,UCB,13,46,4.605991254106327,5.86657199853314,10.909150927662203,3.211775112664408
52,2,UCB,13,47,11.40961652191245,2.6627242035006216,10.381082092413049,2.874586702196851
52,2,UCB,13,48,4.2785969655577984,5.215986983034013,3.7851458781111087,3.778865512000542
52,2,UCB,14,49,4.297495347140462,3.7007774627429284,11.505284782937865,3.908920746797156
52,2,UCB,14,50,5.559470583381681,5.604351364145561,4.680905207831388,2.9979034414969026
52,2,UCB,14,51,5.43347423889402,8.771656406695797,10.127529002783405,2.9262528281051696
52,2,UCB,15,52,3.852820194143751,3.637743427017309,11.791701838895861,3.873594900847852
52,2,UCB,15,53,4.1844380818207885,6.839156745014526,3.0417591028504014,3.256444573630491
52,2,UCB,15,54,8.191207584707971,1.739866984406497,9.251715238329524,2.4107100622625603
52,2,UCB,16,55,8.325245748378784,6.86577363717821,9.296011569569066,2.9234228364219037
52,2,UCB,16,56,3.718635879306029,5.978065372009478,7.31719487961144,3.13218852306696
52,2,UCB,16,57,14.488212720751852,2.071695217878529,11.90062979459591,1.818712133261711
52,2,UCB,17,58,4.616530770452484,4.264147437378226,11.479021795719616,3.863895617576331
52,2,UCB,17,59,3.5253550097676327,5.5567232348980315,3.5576909546954054,3.4120020597548866
52,2,UCB,17,60,11.244543279070157,4.915593255212127,10.270124155141449,3.3022673899529895
52,2,UCB,18,61,4.386993899092039,4.087546269475087,3.903660856070037,4.205578640444408
52,2,UCB,18,62,3.73338030136027,9.99497982566278,8.104085468941198,3.3824533926611196
52,2,UCB,18,63,9.359237147453555,4.845704921232215,5.4965454233426385,3.057724597325276
52,2,UCB,19,64,4.816620216396315,3.5075783616052716,2.796135791147578,3.225208239204533
52,2,UCB,19,65,11.949467453088658,7.279529358999715,11.739086494779691,3.285664335215037
52,2,UCB,19,66,2.9878688461249086,8.492804923138852,0.261055627717825,2.2230467770947926
52,2,UCB,20,67,3.853075241678718,3.727794179759835,4.9300509196117,3.8884328373949852
52,2,UCB,20,68,4.372237855650326,3.5838848093732762,12.647455658043912,3.648365736837427
52,2,UCB,20,69,10.213112573827072,6.585696147845037,12.589135875807196,2.85077779846194
52,2,UCB,21,70,4.808099318874625,4.387299872248872,4.297087479298793,3.981175931530426
52,2,UCB,21,71,2.548317227760003,11.101818304605297,6.992589222556543,2.677359381218047
52,2,UCB,21,72,13.042238592186806,8.58213350381652,11.517514816261041,3.0048411192957127
52,2,UCB,22,73,4.381966674916343,2.810204594095146,14.718206238960095,2.331093152419726
52,2,UCB,22,74,4.381351395982885,4.5139557782136865,0.0871195634088473,2.9771585189756413
52,2,UCB,22,75,4.38313746832721,5.538613940403667,7.611797624308708,3.2705566201146885
52,2,UCB,23,76,4.320524007723255,4.4061981494113915,4.461856835060178,4.122234948227456
52,2,UCB,23,77,3.9340280252726356,4.167943768317453,11.446817930708912,3.9913442567621233
52,2,UCB,23,78,11.457584976115436,7.593884988205547,8.851667045384433,3.185880827783064
52,2,UCB,24,79,4.148243715324831,4.232877006911478,3.8594509663153254,4.227757355713575
52,2,UCB,24,80,4.229482110675395,11.284372185774204,10.342869401928905,3.5790055996722243
52,2,UCB,24,81,10.486853832671281,9.775195112077446,10.401472652827033,3.03873702907494
52,2,UCB,25,82,4.202894829916705,3.9836677115238777,3.9418787230084797,4.244316709342272
52,2,UCB,25,83,3.976704781183332,11.828528024012268,12.749464043483764,3.5129530756830825
52,2,UCB,25,84,0.03433813935197816,14.709078331656807,14.004130089997625,0.8068118769214243
53,3,UCB,0,0,1.2847375071543654,3.5521575989414957,12.019116978095953,2.773867226816537
53,3,UCB,0,1,8.732430540965517,1.4119296336059879,6.496904103547107,2.220139599236889
53,3,UCB,0,2,7.1857694721125105,2.3960837195561786,11.018657271138219,2.6244357623575914
53,3,UCB,0,3,1.7050802988210512,5.868422857434931,7.751102739320455,2.21779287924058
53,3,UCB,0,4,6.459420306212667,8.80197857157211,11.067566809382402,2.971168020912234
53,3,UCB,0,5,14.344008822541477,4.2630174562318714,9.728208106197375,2.648525663052725
53,3,UCB,0,6,10.443239950052332,4.390811235187307,0.022351252632542562,2.6612213886516622
53,3,UCB,0,7,14.60190412149619,4.476018345253135,4.709790030515052,2.79407047872778
53,3,UCB,0,8,13.375666056677357,8.77744409836362,7.069644977727471,2.609643234029753
53,3,UCB,0,9,11.599155144732245,0.45519011493706796,10.604476434834352,2.527076269530193
53,3,UCB,1,10,14.747662757479963,14.884791457964841,14.01592563777393,0.6713834710565796
53,3,UCB,1,11,7.31619885663099,14.943525945487501,14.592874857295175,1.2936353479024358
53,3,UCB,1,12,14.921772720285404,10.719500099730416,14.1333825893353,1.5319230941230244
53,3,UCB,2,13,14.934660081658588,12.045666085427001,1.2572341293719813,1.617834758666638
53,3,UCB,2,14,8.124749214104051,14.11784916039856,0.5180014115494136,1.6942522682763335
53,3,UCB,2,15,0.6478570970830139,14.823876504580651,0.09987407198275677,0.7334052927454007
53,3,UCB,3,16,0.40788356657781466,0.07674489530324125,14.806505431802726,0.7094044239214089
53,3,UCB,3,17,8.130473492334557,6.862662313567475,14.978845798378579,2.055217802539798
53,3,UCB,3,18,0.10012228634916576,0.05735322004608412,6.872214713011821,1.4220168320095934
53,3,UCB,4,19,14.111460789101304,8.914215103008033,14.983992107803266,1.4669423825424526
53,3,UCB,4,20,1.9086739048304842,8.913694469567961,14.899503461773199,1.5443142531924594
53,3,UCB,4,21,8.240555508566933,8.911152168352722,8.492407749984906,3.08219882018731
53,3,UCB,5,22,4.181713456069779,4.354402806708672,5.4356697942602565,3.717049521134611
53,3,UCB,5,23,13.355771561898717,4.366786843655862,6.522221661237509,2.890844430849041
53,3,UCB,5,24,4.000933081858416,3.4384575275933194,13.849524845604876,3.074737400679408
53,3,UCB,6,25,5.56485803282761,4.260433877582143,4.6742603412703385,3.5462408352633505
53,3,UCB,6,26,13.847068121313368,4.288849528996092,4.281364955454826,3.2517934063005933
53,3,UCB,6,27,0.3801653275303124,8.798388525508894,9.425056291761065,2.2940368144237775
53,3,UCB,7,28,14.892380492350256,3.6602505411987925,3.841611501559497,2.848642802674058
53,3,UCB,7,29,3.3475455890863386,4.274816727585257,11.000319900342244,3.67232374948604
53,3,UCB,7,30,0.19924374534259603,4.322342879794689,2.839441150539186,2.475312890847534
53,3,UCB,8,31,4.883224518595319,4.689128890090049,10.096211570996386,3.418423739832433
53,3,UCB,8,32,7.845271223643303,8.392374112868259,4.298081238370177,3.468396520851978
53,3,UCB,8,33,14.087450997102662,4.03144212884653,0.10275240652761086,2.036811282075595
53,3,UCB,9,34,0.023763503898078797,4.529007481220718,8.699629155907404,2.60597753656658
53,3,UCB,9,35,7.0829083614364965,8.176642903928384,8.605289251365038,3.006239068157403
53,3,UCB,9,36,8.992132595747059,4.001926150686833,14.721733905539176,2.58787667932962
53,3,UCB,10,37,1.7584174240390404,4.484153575856959,11.164671133036816,2.8665875017058196
53,3,UCB,10,38,13.730835359357595,4.480924022893347,11.052024114363288,2.9637042554703816
53,3,UCB,10,39,7.6497449726371745,8.289415009763236,5.346728556286766,3.000869123423442
53,3,UCB,11,40,11.504191135855498,4.110580034706875,11.560553285260402,3.753806445720273
53,3,UCB,11,41,3.206343950594201,4.120405259546262,11.5211530609201,3.6470479760974834
53,3,UCB,11,42,3.446274202921952,8.221356299300725,3.708544031870476,3.602868042893392
53,3,UCB,12,43,14.854550567762418,4.247599136161966,12.238899606958604,2.647359031387614
53,3,UCB,12,44,12.662010958649907,8.400288720686715,2.850638061403785,2.8181452908795586
53,3,UCB,12,45,3.6933011172231653,4.892616473479558,9.373002621473097,3.482561908001293
53,3,UCB,13,46,5.897815511453072,7.481389067660235,1.6966542163205367,2.187366600141845
53,3,UCB,13,47,3.767629192358837,1.0819739391480843,10.465657326441232,2.754127539578552
53,3,UCB,13,48,10.433310831432744,6.704937493744941,10.476271116286743,2.9352137736353088
53,3,UCB,14,49,14.308937146919881,4.0176238572597125,10.945412558939026,2.801523270548644
53,3,UCB,14,50,2.465870984252556,4.093085666389068,5.552885760086734,2.8832506711944785
53,3,UCB,14,51,9.471573226642956,7.9818600759384,4.351397236948194,3.4036495707797085
53,3,UCB,15,52,9.040312563343317,9.112816126120087,1.7829617185466144,2.383257826047629
53,3,UCB,15,53,11.928563032510594,3.132527538935928,13.885383981435705,2.590391120396791
53,3,UCB,15,54,4.71495102204443,1.8076639906403265,3.736768839492499,2.9965861009027
53,3,UCB,16,55,4.201642281924627,10.312587221774473,5.044852906504785,3.5129532165912822
53,3,UCB,16,56,11.263008622101976,1.4719747276237027,3.637871090023752,2.8277333411071166
53,3,UCB,16,57,3.9184780471991094,8.68244743326402,11.886007805365116,3.587316484157765
53,3,UCB,17,58,3.9622032897837434,10.271690477018547,10.025360615204445,3.412074875997702
53,3,UCB,17,59,10.74834155837903,7.5223978082571366,12.389134474110886,3.1384404437287543
53,3,UCB,17,60,9.910321723317374,1.5078645803209867,12.506318162062778,2.3716616972561653
53,3,UCB,18,61,14.8770147795707,3.9295123975451975,12.367389077799873,2.6100434311355976
53,3,UCB,18,62,5.59200722333511,3.9613054421629474,12.254523346363131,3.3738669654749924
53,3,UCB,18,63,0.18043223357576632,8.841979097124295,12.427337400691963,2.336136122516491
53,3,UCB,19,64,9.020758733107158,14.238548372624406,4.360323473442719,2.685956124934279
53,3,UCB,19,65,5.05868686925217,7.6763270050481,4.282482398368011,3.4977800996310475
53,3,UCB,19,66,4.846066523826132,0.04606617740480767,6.398797437123248,2.2650270730101463
53,3,UCB,20,67,8.26911878844598,4.1823953149336255,3.4810525807846875,3.6938831178481824
53,3,UCB,20,68,4.187691443729721,8.464406286149428,6.8285954707351,3.3446524020938426
53,3,UCB,20,69,7.482767722101355,14.978231924182342,8.842652920987456,2.1277006348264846
53,3,UCB,21,70,8.40728396417351,6.18771302976645,0.12367101363158883,2.1095460547447056
53,3,UCB,21,71,8.397263150840475,6.173305671501279,9.31246287000235,2.827228749853609
53,3,UCB,21,72,3.708005931799025,9.492775684470583,12.976471644443285,3.1645863844517157
53,3,UCB,22,73,2.175618347284379,14.408527907184016,4.910264537919086,1.8665594848834193
53,3,UCB,22,74,11.976020362566317,7.312650267206963,11.524221805691859,3.28712678878401
53,3,UCB,22,75,3.489536398068533,7.379048357016891,5.077347571376521,3.291776106511676
53,3,UCB,23,76,4.270089787513362,12.062917180689688,2.825809178660239,3.335114382808116
53,3,UCB,23,77,2.743306813532941,6.212397440065732,1.3289654419674495,1.9093596387264644
53,3,UCB,23,78,13.651449178119561,0.016884440644433507,4.661139344467045,2.0567572534354133
53,3,UCB,24,79,11.760781916867408,5.623049816365853,4.669365770360741,3.2907499185912883
53,3,UCB,24,80,8.320395447902857,0.16377234758382542,2.0639712218575235,1.7488857638924546
53,3,UCB,24,81,4.328506174193759,6.178856718805555,12.105765102501792,3.3262760025474467
53,3,UCB,25,82,10.76128502015372,4.836240015441893,2.6224856777195744,2.9347898856285246
53,3,UCB,25,83,2.2130015883958225,10.248897407327958,3.0315433157631357,2.426038503968871
53,3,UCB,25,84,5.066551046390997,4.4854097219225535,6.892397406732757,3.3220242595863025
54,4,UCB,0,0,14.145841583585515,7.669913292215424,14.643655585615562,1.5325889358041664
54,4,UCB,0,1,1.2125403584340328,9.110337479925445,5.647298765659088,2.202218450261405
54,4,UCB,0,2,12.028518104787109,2.617917242160427,13.074529112814846,2.6018403449745593
54,4,UCB,0,3,8.159121011452473,13.533226195739825,7.157302857588094,2.574686016188033
54,4,UCB,0,4,6.4574441659411965,11.834200763164942,14.762294998966821,2.149858153272225
54,4,UCB,0,5,5.5458868897864315,14.533993039743523,13.935395816481291,1.4977455727903766
54,4,UCB,0,6,2.6653887864297165,9.132774252668213,10.572971183471138,2.737279575329577
54,4,UCB,0,7,14.142055186937508,9.984861254486301,2.0009363317753968,1.7413125982127977
54,4,UCB,0,8,7.468013981780617,7.404297509341723,7.503392840231188,2.985138117558773
54,4,UCB,0,9,14.378734291638708,5.249060997333822,3.3565672016732395,2.4006240851002634
54,4,UCB,1,10,7.505565968149699,13.904841427026648,14.383453380465955,1.676630269749292
54,4,UCB,1,11,7.5067462078689555,13.571653215713695,5.817733582774813,2.3868320736110187
54,4,UCB,1,12,7.506502825001277,2.898445982682307,7.063898300019639,2.7799424151349013
54,4,UCB,2,13,1.2398260924084192,0.1630175209866619,7.664921236717471,1.6461370519201772
54,4,UCB,2,14,13.364067919550578,0.32010520698286526,7.677102613699755,1.9715048293347501
54,4,UCB,2,15,0.3603552385261838,6.330137650395131,7.644717185779836,2.128771845681784
54,4,UCB,3,16,5.33519129497117,8.181270039343177,7.168102239707837,2.942504478483634
54,4,UCB,3,17,7.93271374688446,1.1935427401968752,7.683392375693871,2.4105629088665923
54,4,UCB,3,18,2.680069517581586,14.382726605091866,10.133428750750541,1.9527357485087335
54,4,UCB,4,19,7.297726867964464,10.130170703250702,9.147964560223397,2.9622004151959267
54,4,UCB,4,20,7.3107261473571565,5.505925137803018,4.145747901030607,3.284410717544888
54,4,UCB,4,21,6.141014983292005,3.7673715255978415,12.020342296477574,3.3135175690745045
54,4,UCB,5,22,7.506582384259634,0.9466922612609874,0.7969681591180044,1.6848696913084003
54,4,UCB,5,23,4.8483404497961855,2.9605508756069727,14.969299044441023,2.1871803410812793
54,4,UCB,5,24,0.9081670230067984,1.7687701424432452,0.010436715861870671,0.9822509819964229
54,4,UCB,6,25,5.57546907710207,7.53069082452866,11.695659144025937,3.0391951447237
54,4,UCB,6,26,7.520182720935675,14.688596839705022,12.150584455263607,2.294062268036389
54,4,UCB,6,27,4.922260267500413,0.07897179148380673,12.211483956685218,2.511111356749729
54,4,UCB,7,28,8.228854474813462,4.0062096546761765,10.629021681397385,3.516529905512869
54,4,UCB,7,29,13.321280454582658,14.763275976183731,10.272457930630349,1.848387474992437
54,4,UCB,7,30,2.129913469617131,4.346627005096494,11.365675085297031,3.0011657939165626
54,4,UCB,8,31,5.729122064796587,4.5613351514639575,10.140824513021837,3.1472528565715505
54,4,UCB,8,32,6.578492369525154,7.8543154415704555,2.8371021171480497,2.6844876954868933
54,4,UCB,8,33,0.06619628870274952,8.192855318958237,14.911555623487322,1.4274279960856238
54,4,UCB,9,34,11.13291523390754,5.80480591785646,10.886090978660164,3.048927013494957
54,4,UCB,9,35,8.062688460026738,2.3859728567218736,4.679518743903943,2.853455807366555
54,4,UCB,9,36,1.944234892364588,3.717254689669258,4.520722005037267,3.0955126170700678
54,4,UCB,10,37,9.496819797895855,4.877415718277526,3.6673993041838235,3.475450352441433
54,4,UCB,10,38,8.901864379651617,4.905639242250286,14.636365638667764,2.3478965680962958
54,4,UCB,10,39,6.008371678193918,6.264954074498132,8.844795638030272,2.62918912043766
54,4,UCB,11,40,6.18134629003179,2.1268879719019056,3.2783741833617492,2.370120730013139
54,4,UCB,11,41,9.767838068203101,1.6896339342887186,11.262478501036192,2.5011365045954124
54,4,UCB,11,42,0.17437896221021487,0.4600118353121396,3.633529241547844,1.894756786443251
54,4,UCB,12,43,8.315005225287806,4.89773481331128,1.9214308296996223,2.6043212174441215
54,4,UCB,12,44,7.940301213859403,5.030490013135715,11.707172151146786,3.2923263550594397
54,4,UCB,12,45,9.789113974647861,9.388936180064508,6.864166222351332,2.8576144253216302
54,4,UCB,13,46,10.450531756402166,4.899171010521167,5.367957294516141,3.1248774252947946
54,4,UCB,13,47,14.661523812173243,4.125672535958264,9.989212326485225,2.587030071923202
54,4,UCB,13,48,5.6516481842932516,3.0042710214524027,10.465987345561693,2.800605999608151
54,4,UCB,14,49,7.475439684201615,4.151827168815931,4.293065034890045,3.8192041562281647
54,4,UCB,14,50,9.762670836415692,8.621505093610393,10.439253339886761,3.033784675674361
54,4,UCB,14,51,0.09106128454277884,5.221478535007008,3.886878771328477,2.661702874606437
54,4,UCB,15,52,6.7168794063547335,4.177656909896625,3.646897487901713,3.61248838116975
54,4,UCB,15,53,10.266309786191847,3.9033329151873373,11.418592448122663,3.573768074018135
54,4,UCB,15,54,12.942153824467159,3.546168221678418,4.493892584084106,3.469952537753273
54,4,UCB,16,55,9.627073048043108,3.9689053281697637,4.067360233414478,3.8136756675829444
54,4,UCB,16,56,14.151850378487568,8.280421013658499,8.568081226096309,2.398122008229637
54,4,UCB,16,57,7.652285674661765,8.402568200436512,8.92641676939241,3.0609459761767694
54,4,UCB,17,58,8.99638839343888,3.926496006092824,4.4919115547905655,3.7557693942725736
54,4,UCB,17,59,0.09900735723733678,8.186895834813054,0.047592983955525026,1.5606625439533812
54,4,UCB,17,60,0.7763073756028999,14.997660335708785,0.2129813503701644,0.7266952480021307
54,4,UCB,18,61,7.1275232421494925,4.47796623581313,11.6770065568216,3.4617084441309913
54,4,UCB,18,62,9.106839300060198,2.8991817472670385,0.4239005835894577,2.1435763956553617
54,4,UCB,18,63,12.38234504929249,4.813172276041071,6.839775940172908,3.1571290908787804
54,4,UCB,19,64,11.972146594709505,10.253532645748411,12.042269048317472,3.292123181533601
54,4,UCB,19,65,8.389576435408546,4.194786962399399,4.231541970437309,3.8660166609468165
54,4,UCB,19,66,0.312803353586521,10.666293823238288,8.06659430026197,2.3921084051095614
54,4,UCB,20,67,14.68946426694573,8.689723059233875,11.877779060922425,2.35305165335639
54,4,UCB,20,68,4.418550655891116,9.926345646805505,12.395092828688549,3.409576742488932
54,4,UCB,20,69,8.230367078489408,4.169355669193741,4.169718050648933,3.878874998318172
54,4,UCB,21,70,7.143448535495844,11.365549919966908,11.733463200620607,3.270244717588334
54,4,UCB,21,71,14.729132586467479,11.90086395408086,12.72954018431748,2.2626475297393327
54,4,UCB,21,72,14.961378362955632,14.950597021756998,3.388432484301,1.4201909226731357
54,4,UCB,22,73,7.302264899105521,9.62485878553745,11.698930762563126,3.1163501535470957
54,4,UCB,22,74,13.66411586464244,10.884844151913342,10.74842398375948,2.695883539382817
54,4,UCB,22,75,0.2676504225651377,10.563555627498074,2.966661762703047,2.223170863202225
54,4,UCB,23,76,14.822289558615243,6.958756664404443,6.265505505243647,1.872247156425436
54,4,UCB,23,77,0.14119848402473378,11.346308167438885,12.425932807218686,2.4726929351990257
54,4,UCB,23,78,7.797622338292785,10.738991144656259,12.692458747874781,3.0598581400881546
54,4,UCB,24,79,14.643796465769018,2.1713752022828854,2.5679709801322432,1.2906367292340377
54,4,UCB,24,80,10.883427191666204,4.094693894343615,9.435554954865896,3.4981853986568385
54,4,UCB,24,81,0.196498254499336,0.0069249303296009534,14.414482842381776,0.7714213141178539
54,4,UCB,25,82,11.891407215542035,3.656046689413284,8.311907870015075,3.520077835726271
54,4,UCB,25,83,0.19228119879133754,8.023116575786783,12.563475463858593,2.318772536296851
54,4,UCB,25,84,4.783225822169477,3.187818910474049,8.615933900303201,3.2889262626443148
55,5,UCB,0,0,12.075043856180702,12.119111846047407,7.72988341563213,3.2795456276400468
55,5,UCB,0,1,4.287020701322124,0.8089605357248464,5.750533211782773,2.570462582733815
55,5,UCB,0,2,6.12709808129998,0.6791279085366775,0.7313656609075209,1.4652253207597041
55,5,UCB,0,3,14.987641725976072,9.785536673819816,3.517653025047359,2.348350454306818
55,5,UCB,0,4,6.52421328337713,14.61279289888883,13.465164121628233,1.6475906409282417
55,5,UCB,0,5,12.663465564131114,5.886069965021672,7.395345280976139,2.767777332312872
55,5,UCB,0,6,10.150340277465991,0.9120406943708409,8.333941753810851,2.3808545813560853
55,5,UCB,0,7,4.071774067951523,13.194767600023832,0.9632165596828651,2.5105387656365514
55,5,UCB,0,8,10.187722995320474,13.05132753491255,3.409777877413622,3.001190920388761
55,5,UCB,0,9,13.43172359121189,13.082932020365025,0.27775826505316126,1.7082781188553398
55,5,UCB,1,10,11.135782350643241,14.947417355221631,7.944087261062375,2.2891098245282757
55,5,UCB,1,11,11.178309702023935,14.975911852105668,14.935318428050781,1.377072481788834
55,5,UCB,1,12,11.141527252416894,14.629944689816016,1.2014398307390606,1.6751360007273475
55,5,UCB,2,13,4.294540527200927,12.302653985620957,5.565112120900222,3.355992902560984
55,5,UCB,2,14,9.723509576231615,11.789503266018022,5.615535808911282,2.997578177883941
55,5,UCB,2,15,14.970354454404657,12.26797546337809,5.829061490574526,2.0281775815809677
55,5,UCB,3,16,4.2974886897226,12.99413372825946,11.188242869843696,3.3706498054461482
55,5,UCB,3,17,4.297834241620096,0.21854613661921096,10.898423423716503,2.776832966190061
55,5,UCB,3,18,4.299509905374628,6.09829500210353,4.198535418679916,3.6200924888763746
55,5,UCB,4,19,4.318753207657762,8.820705479882648,4.659530672168781,3.684779199415578
55,5,UCB,4,20,4.318177058587546,8.298394375754002,12.071132371629869,3.5678592001531793
55,5,UCB,4,21,4.319778122659216,2.4463595309527864,0.017411569366097557,2.224932858593092
55,5,UCB,5,22,4.3257593106031935,14.938338957934628,9.94548754535816,2.500303775735808
55,5,UCB,5,23,4.3274579523924785,13.86382259614341,0.419978542352365,2.135277672077676
55,5,UCB,5,24,11.109325917799893,14.448192865658436,13.192393400069191,2.104549325853772
55,5,UCB,6,25,3.9669122568730586,14.941986966350157,3.9075234980906526,2.94279259868494
55,5,UCB,6,26,3.8588228544038228,14.5084718217823,12.62278282384324,2.5966294794173534
55,5,UCB,6,27,4.848151909957327,6.616694214821579,3.9170874396290674,3.445775581145707
55,5,UCB,7,28,4.598917123679901,14.842765995676132,3.937430886283609,2.852527842855954
55,5,UCB,7,29,4.662119393280337,14.07400888567086,12.059788694365958,2.764499863081479
55,5,UCB,7,30,4.757354579163743,5.891108118620534,12.319380805377147,3.1189039701556083
55,5,UCB,8,31,1.0263326046104537,10.215517050809227,11.161143066544154,2.4887048563418936
55,5,UCB,8,32,0.6036513297049023,7.521452232336037,4.506484312967379,2.6628126643131322
55,5,UCB,8,33,6.910763092943838,9.302426555423516,10.681091108255837,2.9572585804631917
55,5,UCB,9,34,4.25241474262453,8.881785445273175,7.635178485057627,3.434471135816292
55,5,UCB,9,35,4.224788226043446,9.66330397204129,14.470507624068029,2.617087400800596
55,5,UCB,9,36,4.232676239676007,8.06367872480835,0.7876335314607052,2.788220028176925
55,5,UCB,10,37,9.699732784690777,12.899744438668652,9.879319862958221,2.8295908753217702
55,5,UCB,10,38,4.0798618668869295,9.859020136627047,1.7337763251310738,2.784184089527578
55,5,UCB,10,39,6.1103788387195594,7.215527595074878,9.167422665775938,2.7562528868697984
55,5,UCB,11,40,4.744828807578665,7.352177891170997,5.935900841516341,3.022802947499373
55,5,UCB,11,41,12.585706441247616,9.759989724957315,9.15173542374672,2.967207163377121
55,5,UCB,11,42,3.533761373761225,10.733027586120278,11.916982888061732,3.4913653257722093
55,5,UCB,12,43,4.25544006728051,8.434744678361593,10.897779289850883,3.54191372347473
55,5,UCB,12,44,3.291113080673304,8.717002486133648,4.135781389460042,3.5600749954841886
55,5,UCB,12,45,3.8423071949744747,14.7704273726138,7.070822088390123,2.481730501520141
55,5,UCB,13,46,3.9428398658524166,11.560155486109478,11.191055552388171,3.716640439013183
55,5,UCB,13,47,2.628402099535092,6.363647001737752,6.919497730122489,2.4023610366192165
55,5,UCB,13,48,6.025766170924342,5.915176103597998,1.5086512120760176,1.9794359463774087
55,5,UCB,14,49,3.6980262897875726,10.380774995176866,9.259005816033758,3.352444751883221
55,5,UCB,14,50,10.522075274889723,9.439010323918286,7.592434049678707,3.031537207512777
55,5,UCB,14,51,2.567435707994834,3.766633279917311,3.4705122878527597,3.2362355448317817
55,5,UCB,15,52,4.925244736366324,10.296696591343936,11.555282288744852,3.322225462368734
55,5,UCB,15,53,0.8643651754829473,14.058309680443369,2.1976786956294765,1.1813667548005313
55,5,UCB,15,54,1.3268475970299198,7.43265505376866,0.03789164774053444,1.6067962145863892
55,5,UCB,16,55,4.842526111890761,11.154486569961875,8.762683005540682,3.3378832319718206
55,5,UCB,16,56,2.8464667006996707,8.017115694872018,14.193181187776522,2.1619048531886804
55,5,UCB,16,57,5.816279347989901,8.970413413624748,2.3098958642225376,2.3417951684257794
55,5,UCB,17,58,11.64126374544043,10.434898507379925,5.490109018683709,3.0906968707334497
55,5,UCB,17,59,8.73747705053261,7.327702132972739,11.20779756696391,3.1377957570185364
55,5,UCB,17,60,7.5511315034334805,13.795887236710925,8.931343318256861,2.4811080755744017
55,5,UCB,18,61,3.9775081220989135,9.385050302631642,14.12955201667383,2.7343336721313727
55,5,UCB,18,62,3.960786947044852,7.736854009670837,6.724081639817205,3.312118737999863
55,5,UCB,18,63,3.307531979184561,4.406297409505777,0.8804411629691872,2.8432865634719526
55,5,UCB,19,64,9.389901150193285,7.801023377825029,3.4536324165237953,3.22959470687266
55,5,UCB,19,65,8.512831951069034,14.49899429622984,3.241955866951995,2.3366670993782126
55,5,UCB,19,66,7.4531942307306895,2.8318647490721953,12.00301997396327,2.9368657949059003
55,5,UCB,20,67,3.174266016399352,11.562409002843804,8.501928296799933,3.2366750688627395
55,5,UCB,20,68,4.920568956721912,11.47821944775256,14.888211442279552,2.441092231177173
55,5,UCB,20,69,4.062078247217519,6.387526029334839,0.8206151489699537,2.5849989211332773
55,5,UCB,21,70,3.2247555003254913,10.658372631901385,5.85954045167111,2.948182006513588
55,5,UCB,21,71,2.2567871132392896,0.006543630763794495,1.5558244306550362,1.1170474074645158
55,5,UCB,21,72,10.837634927009791,6.331478449560607,3.291908339474456,3.024026578889398
55,5,UCB,22,73,3.223790424849744,5.752211002163882,3.595263940288194,3.1977139694870056
55,5,UCB,22,74,10.065808077407823,6.806873925002085,5.345903704957028,2.824920658670861
55,5,UCB,22,75,12.973600679970204,12.491694655558128,6.81948954355536,2.7613229501747485
55,5,UCB,23,76,9.943300398907521,10.137540917330252,1.7629084054715287,2.3648480174425996
55,5,UCB,23,77,4.3721004452317755,3.943552878683587,4.595926856843889,4.096441570999345
55,5,UCB,23,78,6.272317118209844,7.316968162711305,13.250238083501843,2.5027733058590247
55,5,UCB,24,79,5.519556943217931,3.8860161100514894,5.119430938245857,3.3312984917645387
55,5,UCB,24,80,9.86955734575208,9.866524907154675,11.868926872497727,3.1174070580235975
55,5,UCB,24,81,5.793793749169605,11.384460682861247,5.571661625262514,2.8497822035991476
55,5,UCB,25,82,4.369760313355901,4.314861253365559,3.5284728146077238,4.041869816731762
55,5,UCB,25,83,11.796395687569055,11.762972362936718,11.088654022060762,3.4534078549185487
55,5,UCB,25,84,9.786856948147951,6.346415489592044,0.26463560692597754,2.08039267916374
56,6,UCB,0,0,8.072465272079148,5.149063047200077,5.536008596930674,2.9507718178828286
56,6,UCB,0,1,5.617451483818235,14.811674852797,9.49134408910719,1.9821327029073084
56,6,UCB,0,2,10.114858957567403,4.949451830781875,10.198764917460334,3.1277159513464596
56,6,UCB,0,3,1.8445856233078506,0.7759384797566282,12.752870202131806,1.665961369564964
56,6,UCB,0,4,0.13343708303152013,14.68151343277945,12.405045387285805,1.498196762483445
56,6,UCB,0,5,11.778164389895572,0.7212523050381975,3.111588993104621,2.4890947357427744
56,6,UCB,0,6,12.747984466428179,6.487422174825462,9.412019005546108,2.753053153842444
56,6,UCB,0,7,1.8342359821644572,2.7950447801674425,7.459018691122105,2.1646001329260414
56,6,UCB,0,8,11.391998652335026,8.097858065166541,1.603201178535637,2.5692839758633546
56,6,UCB,0,9,12.99279117772314,2.094883643612236,6.5948663626843445,2.1316916253508715
56,6,UCB,1,10,11.475518317417817,2.9387682259900267,13.072130721079386,2.8323857572876925
56,6,UCB,1,11,11.458171718763616,11.651828305219492,13.007529833964082,3.1561451280214907
56,6,UCB,1,12,6.976437514443475,9.133976599181558,2.144481602294468,2.3738139283332553
56,6,UCB,2,13,10.262185958704501,14.900996458879089,8.31368414372664,2.1774530681262396
56,6,UCB,2,14,14.52381804778701,14.900346582548364,13.809757151819683,0.8051465388038449
56,6,UCB,2,15,14.988595133918189,7.368025224905679,13.981596750347748,1.4894852762315507
56,6,UCB,3,16,0.13695982450562527,12.173521193536322,7.581333405681402,2.3913118844994026
56,6,UCB,3,17,7.325666843108005,12.191367241815536,7.223512330751624,3.048281701803151
56,6,UCB,3,18,14.729641513500257,12.119216158971561,7.166139395287186,2.2402343690236997
56,6,UCB,4,19,11.968994609630393,13.995077661128997,12.73775159123883,2.4744960416897888
56,6,UCB,4,20,11.46462380615627,5.9994849912100445,12.739079617336767,2.9073763421956165
56,6,UCB,4,21,7.384099569590777,0.30913677240465454,10.145737791400661,2.272127464462513
56,6,UCB,5,22,10.960107214321946,14.504508095112039,13.385660692627699,1.978023040488711
56,6,UCB,5,23,10.544875369806444,6.549557363401903,11.897642798198904,3.0454663736380034
56,6,UCB,5,24,7.382288231147258,4.955876747027163,5.5766191204612054,2.980631705876065
56,6,UCB,6,25,8.199702244505103,11.44994002663678,13.965932890170093,2.6004678839567577
56,6,UCB,6,26,8.19788272620468,11.482257927123905,5.937351955153288,3.0120515033516475
56,6,UCB,6,27,7.574767100264901,11.443573308919087,0.05043464561933719,2.427500413703661
56,6,UCB,7,28,10.012817260283157,4.023342624760032,10.018806321039818,3.395203788452301
56,6,UCB,7,29,10.461486046876379,12.525754654226748,13.27760120677103,2.7531318992640914
56,6,UCB,7,30,10.376640115539239,4.391194834349775,3.4086504386795564,3.5917842173085885
56,6,UCB,8,31,9.611832355997661,2.8647687692858947,3.1454824991661012,2.814404635323956
56,6,UCB,8,32,9.483705783073871,2.3207709451946497,9.603603947527189,2.4757070563906325
56,6,UCB,8,33,11.521603831838492,12.224096787186257,4.843232431219807,3.4531538635528247
56,6,UCB,9,34,13.12559041604565,4.1050849838238355,5.118410931961128,3.2416159767546064
56,6,UCB,9,35,10.190046073649896,13.145451411182432,1.9366478310163466,2.175707973262022
56,6,UCB,9,36,8.564193957366548,4.020359158134104,0.03993241930363989,2.7060903997635775
56,6,UCB,10,37,10.884603907245529,11.743316607289579,4.575417366822958,3.5727714910155504
56,6,UCB,10,38,12.218418034264275,4.787221087448351,0.7103103636900981,2.648093096955268
56,6,UCB,10,39,11.730307891033046,4.521991201171206,7.409782130750835,3.487419121902163
56,6,UCB,11,40,13.176977448678386,6.140431462657093,9.992458086067133,2.5394810965621692
56,6,UCB,11,41,8.23136622129098,6.880776243113394,3.6036570125853062,3.2431952416306546
56,6,UCB,11,42,9.691742760300844,14.263159048812067,3.565117784578381,2.5485157184664944
56,6,UCB,12,43,9.976253533282783,12.007368015858603,6.966209253915129,3.0446507540472543
56,6,UCB,12,44,10.74292352763525,6.686847271760824,0.40700020327459396,2.2430261198815744
56,6,UCB,12,45,9.552561218127156,4.361651187793646,6.874464675278907,3.262676032674829
56,6,UCB,13,46,12.593866572153395,3.9915910004390174,9.52160026110367,3.389487701558099
56,6,UCB,13,47,12.488817900673252,3.9973115089794673,0.8893010380199756,2.7916817905703297
56,6,UCB,13,48,8.542085706878634,4.465604644376063,14.737097411125314,2.546494070127154
56,6,UCB,14,49,14.046628203698544,5.412473120489271,3.4349907323496858,2.4960348873264975
56,6,UCB,14,50,9.220804902031984,4.570388838272655,8.50143396574315,3.3352780969283904
56,6,UCB,14,51,5.5976257427924185,5.280659603666234,3.181879767209769,2.8771057575151486
56,6,UCB,15,52,7.982410206660738,7.180542257778665,6.499861403770958,2.829932739184339
56,6,UCB,15,53,13.81699807017978,11.735586624105629,3.0249113864089585,2.556627627379368
56,6,UCB,15,54,2.8772965137049837,7.133824114191091,4.667440300552183,3.047173987434441
56,6,UCB,16,55,8.030240789939699,12.2164311758314,4.398309613679531,3.518073881159685
56,6,UCB,16,56,7.7331613578908085,3.965896419105513,3.2334300443218718,3.516467043622545
56,6,UCB,16,57,14.882858248420215,10.93873688283914,12.389275005474184,2.2975219859799916
56,6,UCB,17,58,5.710940992757755,6.323818665773682,12.43125514220939,2.7015296934235957
56,6,UCB,17,59,14.967209341274506,4.660166917127996,8.636039761218072,2.418172119073822
56,6,UCB,17,60,10.13217117137826,3.8908268086328004,3.6743085351598608,3.7311377741704863
56,6,UCB,18,61,11.806439205528774,3.746244517963792,7.953293429881384,3.559859094018125
56,6,UCB,18,62,8.507007992113884,12.902023422165746,5.476326604301339,2.8031386268730567
56,6,UCB,18,63,5.069798075141539,7.02680877049597,2.149957739397577,2.460248818405535
56,6,UCB,19,64,10.853945049833479,3.632557125842113,3.471823769344925,3.6364904888066283
56,6,UCB,19,65,11.809037994878704,11.39366897235228,4.782070047207123,3.5362323405138403
56,6,UCB,19,66,7.210907573676319,3.563905465647759,8.467435441608183,3.2746799551480477
56,6,UCB,20,67,5.274733212263719,11.543975100446676,3.7864365088858714,3.5154043784083555
56,6,UCB,20,68,14.03768126583153,3.8200320607124705,11.049220778769037,2.8751716417870288
56,6,UCB,20,69,14.805743861852857,3.927337301951157,3.698795246326168,2.900026044281586
56,6,UCB,21,70,10.074827088524344,2.2363159518162536,4.770205713049341,2.7029297117917253
56,6,UCB,21,71,11.773919971143384,13.902368284640254,8.374824263506955,2.6251996457118096
56,6,UCB,21,72,10.077922721776751,9.097869606835344,3.3847894411218986,3.1661906735434364
56,6,UCB,22,73,10.684881239680049,7.858294945910534,4.364619893395419,3.4816528252795678
56,6,UCB,22,74,3.615449591189103,12.612247292008359,3.630563238215922,3.60794797753496
56,6,UCB,22,75,8.742951321052105,11.399847798911154,11.38537465118428,3.335986490888769
56,6,UCB,23,76,12.806746630540541,9.205015846256806,5.043606086298177,2.9857931368138075
56,6,UCB,23,77,8.391576130179088,11.739159546874237,9.232772098381552,3.191333253897866
56,6,UCB,23,78,0.43123173412324634,11.96249715274642,3.4048170717510677,2.642439968780355
56,6,UCB,24,79,5.223726394757662,12.385524165350356,2.844205874006251,2.866121460750918
56,6,UCB,24,80,11.630752400751845,12.76967731179972,11.007102201300219,3.2093828093963457
56,6,UCB,24,81,6.687067812278365,9.812230383101726,11.1391186798348,2.977802073252382
56,6,UCB,25,82,3.3237707835648496,12.47691950444721,4.709119224032762,3.423755312248656
56,6,UCB,25,83,7.578232572241853,8.351795615002361,4.505302906560211,3.3861681245892092
56,6,UCB,25,84,13.421878982581694,7.980085573081351,3.571941222481872,2.9574404915147676
57,7,UCB,0,0,9.376431999070004,13.458207014543632,11.635285353677903,2.767443173429532
57,7,UCB,0,1,3.378107849858878,4.502494273668382,13.103301680943929,3.2965666425518254
57,7,UCB,0,2,0.07897956848362087,12.318426275741494,11.956041431280694,2.4896130174937436
57,7,UCB,0,3,7.0190242926558115,4.545486402289703,4.1763841815116,3.6687845282119675
57,7,UCB,0,4,3.823043814811869,6.676144588239699,7.568223884369299,3.259449306295454
57,7,UCB,0,5,8.302460281117387,14.93250425151589,11.889928788206296,2.3193617400139876
57,7,UCB,0,6,9.33268844161744,14.834402215228273,3.2296304735339842,2.2013370387602436
57,7,UCB,0,7,2.4031805078676682,9.188094064095461,0.6591301194207505,1.8741891642582647
57,7,UCB,0,8,0.5352041816039421,7.723332304070555,6.9930903798793365,2.2597515607734993
57,7,UCB,0,9,13.757516597892783,9.438393817365156,7.711764698992708,2.4851532085194354
57,7,UCB,1,10,8.938364189710152,4.9033079942616355,8.040967292270148,3.2003709524942723
57,7,UCB,1,11,10.469231138087714,4.250784340138506,14.803912523557718,2.591540644991013
57,7,UCB,1,12,8.864576672192191,4.88264942814089,1.4449468502898526,2.540039619164427
57,7,UCB,2,13,12.181899850348325,4.666759641040981,8.901312381353781,3.3923468452579124
57,7,UCB,2,14,2.3692249975687734,4.670899456901561,9.167354429526881,2.802958454233421
57,7,UCB,2,15,6.278530695017675,4.373049225125124,2.905216271382373,3.043515437600133
57,7,UCB,3,16,9.580077756772175,4.382707965570972,4.993678265827604,3.4639484560752543
57,7,UCB,3,17,2.906944124253941,4.591429511842851,4.747192181932328,3.387278309788489
57,7,UCB,3,18,14.890279499713083,5.178869001227774,8.966272834191725,2.1543244554437653
57,7,UCB,4,19,14.641821776977405,4.504520409114009,8.750517880921675,2.542410310645141
57,7,UCB,4,20,7.83491818604624,4.481752902362903,7.695631078891832,3.398468435788572
57,7,UCB,4,21,13.582070990765981,4.602939078569567,2.104731475399671,2.309948091768089
57,7,UCB,5,22,8.27852789409025,4.656262199609007,6.322091092928612,3.132049811106981
57,7,UCB,5,23,11.49807612044222,4.7629998434149865,11.683157769261248,3.5567467180462065
57,7,UCB,5,24,5.104480550699099,4.700501006437955,14.295326009818265,2.5888791037397136
57,7,UCB,6,25,12.148951530159135,5.589287233223828,8.949496373825271,2.9894073188785804
57,7,UCB,6,26,2.9074830465205457,6.346388377774915,4.748148108565334,2.901782320764445
57,7,UCB,6,27,3.4105425902146376,5.537382076151257,13.005173043045877,2.900311392786791
57,7,UCB,7,28,11.162381941930676,4.277549427099173,10.302925837570237,3.552604077801852
57,7,UCB,7,29,7.643861183601492,3.5212484568774154,4.511854570358625,3.6105777618550463
57,7,UCB,7,30,2.343086284057674,3.4601055778278256,12.24642485413732,2.8520039373029507
57,7,UCB,8,31,12.293235450920342,4.274356736744808,6.5226845252221946,3.33264749941091
57,7,UCB,8,32,5.050195157657406,4.56841943189125,0.39854253722070687,2.693921500272253
57,7,UCB,8,33,5.491862733925741,3.611819314530111,6.460189697249703,3.030487850886048
57,7,UCB,9,34,10.951397173563585,3.4156212745051566,8.455435988974362,3.3379480266784007
57,7,UCB,9,35,5.16643527119847,3.898823235794609,4.590391422424039,3.7319908861081146
57,7,UCB,9,36,1.3141867681554649,4.359198689550227,14.003241975556337,2.128340799964292
57,7,UCB,10,37,4.47142674850813,4.0494310245088085,5.153703997292557,3.8025723599143566
57,7,UCB,10,38,11.844253753762585,3.1770512714010364,10.568085301606802,3.2470469552794676
57,7,UCB,10,39,3.452144303453416,2.6023676154379305,13.97697557968773,2.2705072948976364
57,7,UCB,11,40,6.378180374936309,5.02879103614238,4.988820908164982,3.0238471122471644
57,7,UCB,11,41,10.90978097938379,3.941271240020293,9.42299561213968,3.4911635332770974
57,7,UCB,11,42,5.3248528523569565,3.719379255437523,12.731252884938602,3.2477994784082305
57,7,UCB,12,43,5.205238801817295,3.955605330731982,4.168468248115404,3.8383189226227516
57,7,UCB,12,44,5.202274023338019,3.9140408916765717,13.91569213234659,2.83151369400912
57,7,UCB,12,45,4.469732583439207,7.226502458026363,8.78501798787057,3.3306248701452894
57,7,UCB,13,46,4.3580698224555805,3.867912613163455,3.2969057192359577,3.9040809340506293
57,7,UCB,13,47,10.3491851839619,4.648198155491054,6.70379623816639,3.1687915126734625
57,7,UCB,13,48,4.476921517049568,3.924900008150312,10.344556089554322,3.7759455959594304
57,7,UCB,14,49,4.479927798162542,4.726822773030721,3.9891134346486297,4.0084266512596205
57,7,UCB,14,50,4.818445576151146,2.9227426526382723,10.325354520808272,3.074255295232673
57,7,UCB,14,51,9.757650088929578,2.928239146029858,5.798763683092373,2.663586450993138
57,7,UCB,15,52,5.243132242053746,4.933898333763688,10.183302444020097,3.1279932348924833
57,7,UCB,15,53,8.348322018376441,4.736277882911807,4.196864555779911,3.6929887409983158
57,7,UCB,15,54,3.1815471480313584,2.552009817616998,4.88491550160933,2.8360401631795327
57,7,UCB,16,55,3.979625580237387,4.282194763155478,11.560577859331842,3.9865973850417236
57,7,UCB,16,56,4.2902284395346175,4.042161128099362,4.3281311569120975,4.217049929991882
57,7,UCB,16,57,10.142836703748138,5.330008132127327,11.203514999658307,3.08869093565892
57,7,UCB,17,58,3.7181133375404345,4.230484248633221,3.7918737603147417,4.139106849759786
57,7,UCB,17,59,3.5078131924934497,4.094097397678085,10.904611995068208,3.7728444598997424
57,7,UCB,17,60,13.067477376978005,4.348159765017091,12.085441807785472,3.3180719343686693
57,7,UCB,18,61,4.264169403418538,4.951999063292679,8.302112175334493,3.575636569501236
57,7,UCB,18,62,4.180059821973229,4.988257890960407,2.250213531433159,3.024236383607952
57,7,UCB,18,63,4.232013729011602,4.444928745115008,14.2781132996406,3.0582769449720693
57,7,UCB,19,64,4.063731378985102,4.173576553636445,4.270081471733494,4.247150044819297
57,7,UCB,19,65,8.11814463276923,3.3960466451749167,9.195573866998107,3.215902349117008
57,7,UCB,19,66,10.697698130116258,5.535722538504269,4.483245454378503,3.293891068001389
57,7,UCB,20,67,4.303352625598998,4.169378022402233,4.061658388200754,4.240837220179308
57,7,UCB,20,68,12.56427663668098,6.148517107433337,12.917187790771804,2.6755982832485077
57,7,UCB,20,69,4.109606294957201,3.6691185843794316,11.511582533984717,3.9182638710010114
57,7,UCB,21,70,4.009838525156032,4.065111872715252,4.080624608993892,4.264787922591665
57,7,UCB,21,71,14.022271038156232,2.211450283562982,7.223250405301458,1.818988788292315
57,7,UCB,21,72,5.991865662814457,9.048878054921069,8.114586322002868,2.8449083169428757
57,7,UCB,22,73,0.011279991776144693,14.897705494556627,3.7621832274837477,1.7490001593625712
57,7,UCB,22,74,14.96586896924998,10.790073064600085,0.06508345790967929,1.4588606617907676
57,7,UCB,22,75,14.925557280390661,11.613237408386532,14.91489769864046,1.419904394725735
57,7,UCB,23,76,3.4932683474256936,8.934728048914407,11.153297647099116,3.3839331842379226
57,7,UCB,23,77,14.977664550496648,14.970598775331483,8.182456345993062,1.2742889358552358
57,7,UCB,23,78,14.801466464596164,0.20877891045451735,14.93150016793472,0.5502235747979389
57,7,UCB,24,79,5.357417438367694,10.266216425551056,13.201347463824563,2.6876912895592913
57,7,UCB,24,80,10.172802666478018,0.07509926447004045,0.06660455037561797,1.5192783991979366
57,7,UCB,24,81,0.016078085136539966,0.14181559567956414,0.45631975267568514,0.8280647513511222
57,7,UCB,25,82,8.433170449707983,9.959277300691504,0.05045872807662222,2.27671911233044
57,7,UCB,25,83,0.6047248095806995,8.787675493713376,12.623745224126097,2.3222107176222044
57,7,UCB,25,84,4.348641844923388,13.619374029155512,7.864488796409593,2.965350106648648
58,8,UCB,0,0,4.90458414908341,14.809152650068883,4.780662577282751,2.5174152587149257
58,8,UCB,0,1,11.828234037300435,13.04844767544324,5.86627209808791,2.782790386001085
58,8,UCB,0,2,6.568228096841982,5.591233546340296,1.6043039470916154,2.0836786142536226
58,8,UCB,0,3,7.184481812440755,3.6202821762702344,3.857178728266946,3.6582849562760646
58,8,UCB,0,4,2.7709733525162235,2.9079682335646604,12.207415052325315,2.716842037220546
58,8,UCB,0,5,6.344762822163395,3.838807577373391,8.863542776481173,3.2204933625246683
58,8,UCB,0,6,9.064084440876837,9.702870405902818,13.670345706727861,2.4965516469002056
58,8,UCB,0,7,2.2530916794295264,5.570806926635942,4.269309562662189,2.7713084849459655
58,8,UCB,0,8,0.25173078486676104,2.7233090604409425,5.920028719479042,1.821116662723356
58,8,UCB,0,9,5.899660651294863,9.250919166105014,6.783997932407195,2.68300579316905
58,8,UCB,1,10,7.247395124216542,3.4655251389298507,4.710318508582801,3.442679966454821
58,8,UCB,1,11,7.097372505240933,13.288993480178432,3.5809114746396182,2.9269987655594143
58,8,UCB,1,12,6.213624664304277,8.85277478337995,8.763355709055183,2.8390574911799247
58,8,UCB,2,13,7.991010525343917,3.806262211738491,4.031351296036012,3.8393727490324294
58,8,UCB,2,14,8.307483737172657,3.7500474223900513,9.50218884950632,3.3792176694089697
58,8,UCB,2,15,8.433295081800393,3.728887974894475,14.771298037507657,2.5453205268143897
58,8,UCB,3,16,11.840652125400034,3.797267498697531,4.493621606567617,3.8812725085847304
58,8,UCB,3,17,8.284404294450296,3.9706272825983735,0.17224501168773942,2.7276766963654877
58,8,UCB,3,18,3.930517474020847,4.086543503183883,0.07886696182200559,3.093138738555105
58,8,UCB,4,19,11.75431512508305,4.2176126248121095,5.56295339655135,3.4509883949044347
58,8,UCB,4,20,7.109516141411174,4.29311452178209,5.456574351556247,3.2484143331818904
58,8,UCB,4,21,1.6117092464856242,4.2111199496456955,3.332384421099874,2.931044959837178
58,8,UCB,5,22,11.82681014421338,3.999724146365111,3.451979759679225,3.7988097331578663
58,8,UCB,5,23,14.45150118147742,3.3602355497046177,8.425703971205934,2.4318129818615697
58,8,UCB,5,24,9.96424577198272,4.43806521160726,10.418096859902818,3.37397838854253
58,8,UCB,6,25,11.337505383087528,4.8046480152014945,4.246321822682475,3.767935609265329
58,8,UCB,6,26,0.17839954661707347,2.4846988639623135,0.1255306703504938,1.1352741472035337
58,8,UCB,6,27,3.9234857769213125,5.232412852174727,10.289871139733226,3.4133714998170204
58,8,UCB,7,28,0.5768495085162734,4.170538144939796,10.347486809533496,2.7566883820917343
58,8,UCB,7,29,5.380096843600965,6.7580354899175346,11.684468714753317,2.979406850536422
58,8,UCB,7,30,14.971553753807873,6.345082333239322,5.759666478373407,1.7643460220687197
58,8,UCB,8,31,0.0958977713453879,6.386227673008388,8.888244424806576,2.0966101793331076
58,8,UCB,8,32,6.6854425995017515,5.972658253341188,9.17541855369496,2.665162411192906
58,8,UCB,8,33,8.072549972216555,12.077527478136318,0.44587793321899605,2.4766008796428087
58,8,UCB,9,34,14.504878305047486,4.395096147579228,4.245734590751861,3.004470585913208
58,8,UCB,9,35,6.0722858830034845,5.360025414443884,12.222754918697285,2.846470551191995
58,8,UCB,9,36,12.232597568023246,5.627646835610765,12.156791856147432,3.072821871884025
58,8,UCB,10,37,8.601636766113414,4.8274460618750945,7.190750196574594,3.1770204211421706
58,8,UCB,10,38,2.0682697873629268,4.877076841244928,7.01738702690012,2.53378756869232
58,8,UCB,10,39,14.998621465941204,4.932317154172581,6.73364158373143,2.1282444649540198
58,8,UCB,11,40,11.847672301520323,0.6537352190878537,5.538021376303559,2.3646839681590555
58,8,UCB,11,41,11.878797281456182,5.882830012940493,9.522260490423342,2.9465715143580375
58,8,UCB,11,42,11.842350308566582,1.3894907610423695,11.777696138489302,2.685439318210802
58,8,UCB,12,43,9.892254168278681,3.1884823037727834,3.68806115886821,3.366453934005034
58,8,UCB,12,44,2.0993098359015954,5.838050290997784,12.318946455878834,2.344317368118877
58,8,UCB,12,45,0.6677821509876752,5.902456472068847,0.11568190509867127,1.4033385097181361
58,8,UCB,13,46,10.689395239044165,4.661810313243432,5.891258167580903,3.150871227433507
58,8,UCB,13,47,1.0883807630924207,4.671185274826013,6.0387846982680715,2.4251185533543875
58,8,UCB,13,48,5.906836282481155,4.744803605661923,1.5997415816397165,2.415082267984055
58,8,UCB,14,49,9.578712843336204,4.404981654583086,3.8408504857681782,3.7394173096152183
58,8,UCB,14,50,6.131598669647952,4.497215866911335,10.449964055132227,3.1777808484386854
58,8,UCB,14,51,10.852966885890108,7.465921908559813,12.028317273728828,3.2266898101831867
58,8,UCB,15,52,8.568564683712388,5.7395912957063375,4.215798632946695,3.275574889857359
58,8,UCB,15,53,13.177012722101933,2.491233434216787,3.7235998547924094,2.700083804371818
58,8,UCB,15,54,4.210438017778999,2.4781800649141577,9.784711858147277,2.9841553878783666
58,8,UCB,16,55,8.09385644022846,3.86057530167512,11.164886263852049,3.5705488097912683
58,8,UCB,16,56,8.03107297131997,2.4968177355585386,4.79759627966272,2.847992478807502
58,8,UCB,16,57,11.908045114904363,3.616349360604419,0.08590040769194007,2.7229422322309795
58,8,UCB,17,58,7.979100023966498,2.1292484049337945,11.165370010676668,2.628588226328624
58,8,UCB,17,59,12.650477038233834,4.4121424620250735,4.167787881790067,3.7639056553017323
58,8,UCB,17,60,5.296620681550932,2.163420024450657,0.005024382947653727,1.6828696079130334
58,8,UCB,18,61,10.288552550241054,4.073311140409366,4.360150921477775,3.8198007428001786
58,8,UCB,18,62,11.125434355759467,3.60516078822085,11.520280306363206,3.5973105516031127
58,8,UCB,18,63,8.037193324005532,7.3753390565807,13.82905185365253,2.476593167114147
58,8,UCB,19,64,9.910522880565374,4.018007857325332,12.201970164653773,3.509345174762116
58,8,UCB,19,65,11.968332125427231,5.288266956490222,2.6756891973152697,2.8168697679514714
58,8,UCB,19,66,13.51417960824374,7.963491055285049,11.125908224373253,2.7595005229015834
58,8,UCB,20,67,7.533058219812624,3.8018167726256378,8.167497602062195,3.4239665260833463
58,8,UCB,20,68,12.111362097735006,4.6633049826632185,0.12874395099915392,2.665413701900035
58,8,UCB,20,69,12.234688118757328,3.819520194467096,12.412201331931263,3.5384761804309557
58,8,UCB,21,70,14.926465331557468,3.2520940284435778,12.111268944279034,2.3416603591122955
58,8,UCB,21,71,11.529620344625506,4.21165565910891,4.400713575951288,3.954614339549348
58,8,UCB,21,72,9.655307766437463,8.313529966780179,10.269943479256995,3.0244450533514278
58,8,UCB,22,73,12.740380683425887,4.202894071379873,14.798107953697361,2.5047110717942056
58,8,UCB,22,74,9.739830453478948,7.777018126812922,4.803038689948967,3.208436984376764
58,8,UCB,22,75,3.307009001715347,9.834646090552315,11.34741288010665,3.260849549275394
58,8,UCB,23,76,2.3409960940842414,11.766244637119856,11.048688532209878,2.8144362971951162
58,8,UCB,23,77,11.195101996457124,9.743208581953247,3.8464172703079322,3.5071459924439616
58,8,UCB,23,78,11.322806154738542,4.156133799707476,4.036248512981124,3.994053342001229
58,8,UCB,24,79,8.902227933693986,9.619886669324348,3.483303808398323,3.222479269219292
58,8,UCB,24,80,14.876791690570375,10.922463576668251,3.6931269509813487,2.576633511483263
58,8,UCB,24,81,2.0135864707403046,9.644057721601115,13.572641634791841,1.9680091481903188
58,8,UCB,25,82,10.567342802297624,9.77751154658399,5.597098925166625,2.8875721612869736
58,8,UCB,25,83,5.802107340585076,10.225719119194409,10.96918820689448,2.9353176395063545
58,8,UCB,25,84,7.400924706680425,4.594136256071588,4.1774082582424406,3.7094508104397725
59,9,UCB,0,0,13.05373805955127,4.3022581363133305,9.047222250773428,3.2045011981884883
59,9,UCB,0,1,11.663011243802682,10.74111944405348,13.730701807357613,2.7369626718132474
59,9,UCB,0,2,12.905904737743269,13.773564435731435,0.3988160170139582,1.6478530500045454
59,9,UCB,0,3,6.55872000194263,7.274164904659321,0.9773129605516129,2.16397010566593
59,9,UCB,0,4,0.08439076019089387,12.459321554568856,14.749533664292633,1.460469483070271
59,9,UCB,0,5,11.769147790090194,4.734052349674097,10.580005568841807,3.4534922652883973
59,9,UCB,0,6,4.487716097973701,11.11122724313623,4.196208296224305,3.8905142734359295
59,9,UCB,0,7,11.738863729921972,14.81611120341865,14.793578239203576,1.4620730744328985
59,9,UCB,0,8,13.242938504950136,13.69215077675877,10.623103711547587,2.2867633267106227
59,9,UCB,0,9,8.317453158952631,13.848573121053308,1.3459616978146882,1.8443458929636551
59,9,UCB,1,10,4.333968523759015,9.704072267755869,7.695278807246142,3.3885463628246706
59,9,UCB,1,11,12.265776362244422,9.675725505678235,7.6638514045514645,3.0864989173492123
59,9,UCB,1,12,0.23255034795460983,7.529519766001899,13.629840161580896,1.823827099252872
59,9,UCB,2,13,0.23683644490807565,10.266152444708661,2.06248912183609,1.727899814022161
59,9,UCB,2,14,7.633830327717668,10.31264559122574,1.4990070451830617,2.3946196635627937
59,9,UCB,2,15,4.380599680491613,10.90697620244517,8.582317226609435,3.508342974853722
59,9,UCB,3,16,3.864917286198696,14.695735418538607,0.01829344347973827,1.8208419831133336
59,9,UCB,3,17,14.963978306182007,9.037753224092086,14.968656759894454,1.2367455409995427
59,9,UCB,3,18,3.391120328802986,9.84005096383958,0.6121051857760951,2.483078229273688
59,9,UCB,4,19,4.7773412320956234,8.353962972984451,2.928279515067294,3.1208447597952977
59,9,UCB,4,20,4.785416553397013,8.389761674629344,14.785709472998256,2.4031404885936483
59,9,UCB,4,21,4.8117258595010615,12.302166373243002,9.467171020756698,3.2634792764751133
59,9,UCB,5,22,3.470000045085238,12.784536192265541,6.382205052734167,2.974078629847153
59,9,UCB,5,23,10.16806021866255,7.8903840305640625,10.497477363605379,3.070896340051149
59,9,UCB,5,24,10.8840801036672,3.835885727766588,7.060892162722502,3.419048909395155
59,9,UCB,6,25,5.531200394935368,10.978608999853629,4.443958947063668,3.3514740594874306
59,9,UCB,6,26,11.857001988619276,5.805079921555586,2.8728764216504263,2.8070924331620777
59,9,UCB,6,27,11.809356252233897,0.9095560004961017,10.47147438735288,2.5411470284862188
59,9,UCB,7,28,10.092485361172116,3.8484282883054064,13.318525006575848,3.0681841651949147
59,9,UCB,7,29,9.304756968019422,3.543768290991411,5.373422651617442,3.1900656390360287
59,9,UCB,7,30,4.998300805815182,11.289093493781257,0.23299013782017652,2.5353433167426
59,9,UCB,8,31,1.8710430642564462,11.310446958763368,5.378139181123154,2.483693325044828
59,9,UCB,8,32,9.007715261494434,11.325727354116703,4.85272724918781,3.3351230127657048
59,9,UCB,8,33,12.39650189633331,4.430631557515275,11.835443079588313,3.583662653600145
59,9,UCB,9,34,10.119801467197199,9.35607115092019,4.508749092899595,3.3151980497077527
59,9,UCB,9,35,13.638173456416412,3.1747844672793573,14.917644661593286,1.7003957255516304
59,9,UCB,9,36,8.806816906723538,11.683936399801242,11.373245408373231,3.3395152796773324
59,9,UCB,10,37,4.30018724421786,14.12086291116382,3.543933287167671,3.0101823953367814
59,9,UCB,10,38,9.43202679832218,8.745477360639061,6.918242009901256,2.908035386207213
59,9,UCB,10,39,3.7438238551956413,6.626799290379491,9.751570511175789,3.1944231104916274
59,9,UCB,11,40,11.401968348710582,5.488484345412154,14.876767037582045,2.1870707640170552
59,9,UCB,11,41,11.347765814972481,5.198185475047348,7.381144456931415,3.148168495102659
59,9,UCB,11,42,12.706036568771337,0.3427463748990145,11.745379993563686,2.41179954862032
59,9,UCB,12,43,6.320449178711219,9.39048949281821,3.903660439851484,3.2022458081368104
59,9,UCB,12,44,13.26188551112011,9.954226434791595,3.9180180620773304,3.1005887456187975
59,9,UCB,12,45,0.07588982793768517,11.27396846378939,3.916220787823677,2.8151036347826395
59,9,UCB,13,46,10.10446202932063,8.434796793176535,4.267595080729589,3.4355431483313073
59,9,UCB,13,47,1.5055413421261366,8.858492546637004,4.264534053886206,2.7847581073057546
59,9,UCB,13,48,14.362973048052915,13.226858469255866,4.277036789052866,2.389728434494133
59,9,UCB,14,49,4.110842115063475,8.807476697555803,4.73734532015942,3.6757350404824924
59,9,UCB,14,50,11.705302741113025,7.795683353546171,11.9022852597708,3.349718502977167
59,9,UCB,14,51,11.61186351734639,0.42036676326866085,6.1357977075433,2.274499910002868
59,9,UCB,15,52,4.597631759364954,13.305992268694919,6.848784099802191,2.886962296867483
59,9,UCB,15,53,4.520150639022295,7.396707170989492,6.548303301199735,3.165564464944646
59,9,UCB,15,54,4.61605489614482,10.6080123372521,0.3002203318290253,2.636089342454614
59,9,UCB,16,55,9.07857000051219,2.765752482609783,7.886851494220217,2.787406726816129
59,9,UCB,16,56,13.869873890182603,6.129608381252585,10.70529989490117,2.3095228679488464
59,9,UCB,16,57,6.05798471927066,8.266879616590067,9.2941260461135,2.8288796253066932
59,9,UCB,17,58,8.478510789416704,7.551025213928463,4.156026593945241,3.460377199717652
59,9,UCB,17,59,10.969072255023777,4.633940013817432,11.798555101679476,3.557506355889738
59,9,UCB,17,60,2.7330608282978157,10.850767966736633,9.149024156835303,2.819800596944423
59,9,UCB,18,61,3.7060645408121595,10.622482093759341,3.7355592574416834,3.7590901985579217
59,9,UCB,18,62,9.098951392747962,9.035169094070122,13.02593009419915,2.814888129368911
59,9,UCB,18,63,9.483890160133672,14.102803354530614,9.554458268641138,2.3010876231420214
59,9,UCB,19,64,10.894767948367393,5.772323789567485,5.366667501836122,2.860973235108983
59,9,UCB,19,65,7.45327879384302,14.153923127263734,12.27404266091524,2.4135367411033863
59,9,UCB,19,66,3.939760256137195,11.349840505533182,4.659066771718368,3.840351306798206
59,9,UCB,20,67,9.844435311689363,7.9192148240623395,2.4296024159038914,2.582473008947517
59,9,UCB,20,68,14.90706150842875,7.68785885363272,6.613047026488078,2.003773473680237
59,9,UCB,20,69,2.8682310623268292,2.738339116458479,8.568701721487036,2.592297000703776
59,9,UCB,21,70,12.043269068535578,5.502433400510414,12.664339343168765,2.9954286705012985
59,9,UCB,21,71,4.050850992298942,9.648936423460276,4.083478142661349,3.82063494189545
59,9,UCB,21,72,9.474346701849115,3.6789425441601735,3.7841933408788715,3.687119726106181
59,9,UCB,22,73,7.956678193359353,2.2080439756514503,3.990675762887471,2.9345139024059157
59,9,UCB,22,74,10.458544344227152,13.080060600736227,11.9996888048267,2.9695882147217905
59,9,UCB,22,75,8.322252158632658,0.5031504452716484,13.16590423213684,2.104498929059109
59,9,UCB,23,76,10.173203274560642,0.48222758656500886,3.299591025732736,2.431910913008027
59,9,UCB,23,77,7.925867773940768,8.253645464208022,11.17580604668777,3.2119383009152447
59,9,UCB,23,78,12.426375273024783,14.74788903166133,7.246623564183443,2.174426976028135
59,9,UCB,24,79,9.28654605947234,5.383997338193106,4.009506366432996,3.3359115389833773
59,9,UCB,24,80,11.921853057296962,1.4146233893153775,8.26422434447173,2.554910522626479
59,9,UCB,24,81,8.741324164232594,14.92087172599731,5.556699104005362,2.0194383615439406
59,9,UCB,25,82,9.604633289574215,3.7488311499723186,1.5338980956792843,2.7050884434984663
59,9,UCB,25,83,11.421110301354338,10.186449385528197,10.917655777201942,3.2622005707299504
59,9,UCB,25,84,11.670843982511721,3.315759327597234,11.199940850926001,3.44042535479485
60,10,UCB,0,0,14.34002564443463,3.115227151187203,12.426673279117962,2.311593111027947
60,10,UCB,0,1,2.239231846230304,7.692069246548472,2.038794060307599,1.94334326022665
60,10,UCB,0,2,10.335547196716966,12.626215864684184,6.382634961074649,2.8227562868328016
60,10,UCB,0,3,14.353890051800493,12.379993595771975,5.07322968707364,2.3936407384758276
60,10,UCB,0,4,8.636408219167704,11.299527970627153,12.406559055371932,3.231554792337795
60,10,UCB,0,5,14.001577062773721,2.1749204240434095,11.183703165659061,1.9913929008349873
60,10,UCB,0,6,2.0902709080173354,13.597931341693902,3.3917165051179117,2.1817652303152024
60,10,UCB,0,7,12.798596248584094,4.594767982981857,14.547455523094825,2.426346416127633
60,10,UCB,0,8,7.767513204253045,4.83711838149092,4.236502757470194,3.625563274933772
60,10,UCB,0,9,9.08797493729514,5.0064668507900745,10.179731602622143,3.0993701324544505
60,10,UCB,1,10,7.03054172819084,14.948556612073652,10.895868640694035,2.1477780491927883
60,10,UCB,1,11,7.04720893903607,13.994723269120565,0.3119807419463422,1.6084242282922163
60,10,UCB,1,12,7.019947015549609,9.361124810460302,5.641437308814229,2.760943306684367
60,10,UCB,2,13,7.799418000013784,4.72329318617607,4.236358357713728,3.6841083379989565
60,10,UCB,2,14,10.488932506382197,12.668470827228962,6.523121884304452,2.8453969595884816
60,10,UCB,2,15,14.921822111852748,2.710232620724394,5.6095812769271,1.7066932715014667
60,10,UCB,3,16,6.230567990782401,3.366605165159275,5.581348346370299,2.8422455924505163
60,10,UCB,3,17,9.280386478975581,3.6273608724429316,0.0020145652247594015,2.5491809391522877
60,10,UCB,3,18,6.03392998052898,3.5323782624710995,12.095820224211622,3.1968188935446764
60,10,UCB,4,19,5.460649774536794,4.386407398568041,0.6211379213934759,2.6047564101781795
60,10,UCB,4,20,5.275567448505301,4.358965902046043,11.253107917099001,3.505640611446554
60,10,UCB,4,21,1.8655880586081048,3.832180595461874,5.773986321699401,2.612649239268991
60,10,UCB,5,22,7.600620076329051,4.26804289152885,7.630548077591219,3.4320781344678783
60,10,UCB,5,23,11.762190394938075,4.715933561473864,2.7433315909563305,3.154795169088591
60,10,UCB,5,24,9.63741698641125,12.440386149879652,14.218234694363176,2.3268637307131153
60,10,UCB,6,25,5.615641506518875,4.809837368273192,9.228364975466343,3.048490965917259
60,10,UCB,6,26,2.1904506735701963,4.819965167701254,14.695869730125173,1.8427251627036934
60,10,UCB,6,27,8.023330955321784,10.670768277692463,11.344465177945892,3.2561535594319038
60,10,UCB,7,28,4.748424014767747,3.6802118610426953,14.87842797902551,2.7014961036647875
60,10,UCB,7,29,8.647357400811273,4.910612177378212,0.43763937255256236,2.4805802898532727
60,10,UCB,7,30,4.361236161336414,3.5107095784041675,7.684026318111022,3.657275034655018
60,10,UCB,8,31,5.4991011793896005,3.50018448755113,9.506417104930572,3.11509233697363
60,10,UCB,8,32,11.267856162224582,4.651953014747718,5.112592280550241,3.4739188347227485
60,10,UCB,8,33,0.05736639835315971,2.6133391754295676,7.557605240229287,1.9288567832092975
60,10,UCB,9,34,8.343295227262534,11.491775334715554,6.566301802494394,3.0505506347986695
60,10,UCB,9,35,8.35857681494723,4.58025239973452,6.592550215107026,3.199241098037053
60,10,UCB,9,36,3.790217216191216,0.2501931802650753,8.840085506515953,2.6715344247521635
60,10,UCB,10,37,4.7247144937757,13.383443005437462,9.353588693882049,2.8792243502359796
60,10,UCB,10,38,4.741545664484073,5.842463793679275,9.571527204209504,3.0285198872358947
60,10,UCB,10,39,4.562917831269221,0.3493430209037446,5.1529863084929355,2.6403665137450645
60,10,UCB,11,40,8.390941929259961,0.7845987178341474,4.085255814287098,2.7963843645753945
60,10,UCB,11,41,8.318789089048286,7.971804792071954,3.8528392144207064,3.4693344460153854
60,10,UCB,11,42,8.264863867659326,14.726168554105293,3.5299789256694005,2.4677681109160146
60,10,UCB,12,43,4.225250199096713,7.487193555741751,6.0364701725999845,3.215606530400322
60,10,UCB,12,44,4.201593567409562,7.06032404178275,12.497891445868955,3.3771257730399302
60,10,UCB,12,45,4.209351895076263,4.972306773159131,0.02081649727388668,2.78769793670588
60,10,UCB,13,46,7.919395542516216,5.905399143715536,4.085695554638739,3.267992353404594
60,10,UCB,13,47,7.919851106852885,14.477572925113174,4.3684474314406065,2.6445034479821117
60,10,UCB,13,48,4.304010951988455,9.465619098974479,7.522951134810584,3.3806205098027085
60,10,UCB,14,49,7.7208243042972855,3.11885340615071,4.9201924927378435,3.166644196273577
60,10,UCB,14,50,3.903686341720169,3.4401558501799756,9.391232500072004,3.597804574811652
60,10,UCB,14,51,9.07725626593788,9.260040114630867,3.392669065146057,3.167825091911788
60,10,UCB,15,52,9.384831287495578,4.045217257119727,3.6305509483314187,3.716802082265232
60,10,UCB,15,53,2.725438701845539,4.309028923134606,10.833441939036467,3.2169240217739623
60,10,UCB,15,54,7.617309347167807,6.278374305533471,12.351695480548393,2.8966589165484447
60,10,UCB,16,55,7.40221148839346,3.733987665601634,3.230900237112829,3.420729876011749
60,10,UCB,16,56,3.286339023216576,4.474062198623912,8.232289628794511,3.5044550669566767
60,10,UCB,16,57,11.974892817039889,6.554765976486015,4.731943821063077,3.2332089966040853
60,10,UCB,17,58,9.434760806824794,4.425279660608093,8.057432263201944,3.3855317756730097
60,10,UCB,17,59,9.431037086402444,4.945340218676005,14.36126254908128,2.3726413144437957
60,10,UCB,17,60,9.43025457803084,3.5070975270962723,0.9682989039575418,2.577782137786221
60,10,UCB,18,61,9.323326956273798,4.5045944937244,4.4241770262061015,3.690043078440276
60,10,UCB,18,62,4.515189126576397,5.712820006656164,11.732875907079976,3.3376252475007506
60,10,UCB,18,63,1.5963331762993156,8.7206908563046,7.176134446063591,2.3455063330171884
60,10,UCB,19,64,9.728594780948708,7.084716808953883,3.154202971725428,2.937663138229855
60,10,UCB,19,65,8.808532166258939,3.0025751585423306,8.990675257822051,2.935422967335546
60,10,UCB,19,66,4.492197934448738,8.79528382214399,10.310346559452606,3.3742078070123136
60,10,UCB,20,67,6.936986750185876,8.291648926945806,2.5055807402227614,2.5573068386133073
60,10,UCB,20,68,4.840234661007006,8.985408424599498,12.702407259641806,3.1444501368386293
60,10,UCB,20,69,11.599933068222247,5.737831175773381,7.0120554833380195,2.9247925959895844
60,10,UCB,21,70,9.126668600224521,7.916989403422069,5.162019254374997,3.055071966939703
60,10,UCB,21,71,5.252070957830151,10.451453264886249,9.065631818671575,3.0147988139444073
60,10,UCB,21,72,3.3198899860698616,3.021304619137075,7.908004348182805,3.100268537984633
60,10,UCB,22,73,4.7653757974387325,5.117951605777981,7.12052739905625,3.214860790316088
60,10,UCB,22,74,2.4665411759794145,7.94038094833912,11.690139310853041,2.789171962607319
60,10,UCB,22,75,4.859824634029753,11.135822506679213,7.1360587190501406,3.2552694844803094
60,10,UCB,23,76,3.467951063391995,2.627877540371228,10.482896385059403,2.936566385866052
60,10,UCB,23,77,5.754329163362883,8.367012227960865,8.269449127776873,2.9066436006982275
60,10,UCB,23,78,8.49561596865664,3.810565182884856,4.059402935351322,3.837355467368576
60,10,UCB,24,79,10.401843234420593,3.275044658584789,5.284224443396409,3.102287561548329
60,10,UCB,24,80,4.036179024721203,4.378618507115769,10.208566180282823,3.8050295920248045
60,10,UCB,24,81,9.636105333060032,10.965895590851183,10.099338972039673,3.07743160283719
60,10,UCB,25,82,8.655608436778769,4.558648948768435,3.485494801850042,3.5814695485035233
60,10,UCB,25,83,4.1999865335168005,3.9734930265620734,11.621485524336753,3.999600563636085
60,10,UCB,25,84,8.710554842026031,9.289795917206352,13.063402220221416,2.8083755918572586
61,11,UCB,0,0,1.9285530415379943,7.489167936601724,9.022475364350361,2.4096367577753544
61,11,UCB,0,1,0.4303351255791682,2.2188912686618387,13.923165344405543,1.2025493014752686
61,11,UCB,0,2,1.0563086423129526,1.9466092409894697,14.224926799376625,1.0674053653917148
61,11,UCB,0,3,9.328253891945742,5.534896855946865,7.67085032704894,2.8818483097791305
61,11,UCB,0,4,9.942644287751989,4.129632236416939,2.06952109300433,2.8447417201944507
61,11,UCB,0,5,11.820593917559878,10.055408761537256,7.685734702247407,3.1712016345187113
61,11,UCB,0,6,12.251046539544872,8.236129033050394,14.713704589459581,2.3042398340726384
61,11,UCB,0,7,3.067641919950673,8.305955442978417,7.254370453850816,2.9676555537797995
61,11,UCB,0,8,5.299122825906721,8.873929559235652,3.5295184750137083,3.238547029203167
61,11,UCB,0,9,12.033040256677252,13.01000327763622,1.9313950684177654,2.3735708611196773
61,11,UCB,1,10,0.04562219595555417,14.975796178894509,14.973988324714885,0.49006130572910434
61,11,UCB,1,11,9.800581681886978,14.956272355761106,14.966039274230571,1.2157738475351147
61,11,UCB,1,12,3.6377818271525078,5.774963934313316,0.04209213833505032,2.3987397427538886
61,11,UCB,2,13,0.021944602351407494,10.481632812758503,7.000324569583202,2.2127936034064617
61,11,UCB,2,14,2.877364016752794,10.859893854386442,14.723980714279914,2.087363429448854
61,11,UCB,2,15,3.9644265348424472,10.843503020599611,0.0009930547044245674,2.755290414520436
61,11,UCB,3,16,14.854106998953124,11.261770957069361,0.5550866994183018,1.6016586384854028
61,11,UCB,3,17,14.968388003644232,4.6258504498164745,14.715426713065982,1.5743898194515913
61,11,UCB,3,18,14.958153526570547,11.373730624888248,9.345520509442714,2.2592933511843865
61,11,UCB,4,19,6.958935427825792,10.734467577409529,7.669123989713796,3.0071755127432365
61,11,UCB,4,20,14.961798452092557,0.311139383909978,0.26594553352668915,0.6929933545638453
61,11,UCB,4,21,6.5060238560720105,0.14861725133044845,0.10751050405749196,1.3730894478711253
61,11,UCB,5,22,14.369765151599088,6.8548117064308,4.418420526047716,2.5234646071288083
61,11,UCB,5,23,3.943318034458654,14.803579937350598,0.16752540432731833,1.83205583795682
61,11,UCB,5,24,7.248624967477829,8.618189853458716,8.285681801327126,3.0319780076679157
61,11,UCB,6,25,0.1613594439734678,8.138358297604935,2.060511573253522,1.7492215360884225
61,11,UCB,6,26,8.515321448408052,8.140890258178107,2.439010563837068,2.6456968731045336
61,11,UCB,6,27,3.7576147122177255,2.2561287934068175,3.366294474514815,3.0282078840999658
61,11,UCB,7,28,14.846961075197617,4.899955287989279,3.161371044770815,2.324106442435495
61,11,UCB,7,29,14.94344709371319,11.632639722029321,3.3724925315888923,2.459927631660971
61,11,UCB,7,30,7.214283654776689,13.252973866799453,3.5199738605848845,2.931273894137714
61,11,UCB,8,31,8.212150082107339,10.232253537497739,4.976603709523337,3.1629998423727095
61,11,UCB,8,32,3.151386763007963,4.439666449722549,5.247829757649528,3.369498942708705
61,11,UCB,8,33,10.073759053643784,1.4724625148841397,7.400558788598305,2.3432715526699255
61,11,UCB,9,34,3.9117566696720503,6.9936637161804995,4.770683923750995,3.5498323406984684
61,11,UCB,9,35,0.04712573726473657,0.46646216143211294,5.519857527271813,1.4486623693153355
61,11,UCB,9,36,11.53508352133575,7.602400628694265,6.6720137721845605,3.0427503516603553
61,11,UCB,10,37,6.658324817808749,4.691656650719241,4.645588954403316,3.4029953711120733
61,11,UCB,10,38,11.77693081324736,14.989138447828969,5.930770683773726,2.0868581839298086
61,11,UCB,10,39,6.065783755187503,7.522776581927594,14.967328367934819,1.9245883191662536
61,11,UCB,11,40,2.6037335762407485,4.948645304537195,3.828139530486148,3.176585843079057
61,11,UCB,11,41,14.8580344890924,0.1087546799857586,10.427126489117523,1.4307642771376132
61,11,UCB,11,42,6.922403355870423,0.06212218556030269,10.537838636075255,2.211838623578383
61,11,UCB,12,43,5.580356420999001,6.185199707709373,5.844586585626834,2.4897167789432633
61,11,UCB,12,44,0.9246834477382898,11.490247391726529,3.9628755213247056,2.923743637502062
61,11,UCB,12,45,0.6472057228110167,14.92834703915969,10.50901249830242,1.4899227451262405
61,11,UCB,13,46,0.371881940238567,4.315294141173564,4.763572147220075,2.918261963553495
61,11,UCB,13,47,9.766686195798814,6.158407932652651,5.157969091977049,2.8095578742058427
61,11,UCB,13,48,0.14816593137431777,11.62311953145139,3.1592078720152896,2.463790657644485
61,11,UCB,14,49,5.818237948058157,8.68477949562405,4.295972762565497,3.2435001712424287
61,11,UCB,14,50,14.97643847487813,7.985394522577353,7.386417947915969,2.1396267792588715
61,11,UCB,14,51,1.6062881036424692,2.6965527962990805,2.426275128684256,1.6514434513055651
61,11,UCB,15,52,10.126487205492893,4.086882765169118,4.778501883466296,3.6358547596518815
61,11,UCB,15,53,9.544352236511347,12.393244432480829,4.769971562921411,3.257675382574943
61,11,UCB,15,54,1.4928522885700062,5.339962608241927,4.7784173929391285,2.530403263604389
61,11,UCB,16,55,11.341470144364411,4.1927665036303905,5.437120893711652,3.4824068859015584
61,11,UCB,16,56,3.243816246359319,8.424486553314223,2.9730530556236983,3.0169153521024006
61,11,UCB,16,57,10.040406769360278,10.526053433893683,7.644200249671089,3.0467578900480983
61,11,UCB,17,58,7.96912031977609,3.855301539710245,8.310398276765984,3.4700272295173322
61,11,UCB,17,59,14.421715955798458,3.5975940481243116,4.626873689796415,2.8289979024220986
61,11,UCB,17,60,5.805263596247275,1.819948670583504,0.6855212845994957,1.5423927032119884
61,11,UCB,18,61,6.033895373553805,3.1150826283423867,5.461044752965528,2.702713788250588
61,11,UCB,18,62,0.3524093907856246,7.629764546759175,4.393236059918,2.6853820259570416
61,11,UCB,18,63,13.704212337374223,3.8369393626361905,7.459321754334575,2.8915381713270127
61,11,UCB,19,64,6.9315007497601835,7.674666006246861,5.4712845783579125,2.8294701633285286
61,11,UCB,19,65,14.847223311644534,8.321778114632512,5.57671151296472,2.046614236963186
61,11,UCB,19,66,0.002923121195140821,4.328041344410488,8.018447936533997,2.6831314834380615
61,11,UCB,20,67,4.9519391149441025,3.7455083747482303,4.773051588484708,3.7104627704758393
61,11,UCB,20,68,0.13746975402971817,7.168927221171944,1.1181308316357237,1.574057151998576
61,11,UCB,20,69,0.4246791381809456,11.260461593455,7.948539878335548,2.485394602169782
61,11,UCB,21,70,11.122119386581367,2.110853310152505,4.18950724476483,2.998075338685231
61,11,UCB,21,71,4.478225279129254,5.614308423052132,3.8871302257950706,3.60823759786067
61,11,UCB,21,72,8.162096950201146,13.849861417327826,5.737219728479418,2.3174139217448957
61,11,UCB,22,73,6.299004016068385,3.7601414828248982,3.235406800206717,3.2597030788361643
61,11,UCB,22,74,8.675513192184997,3.997480437561997,9.843114670751394,3.421117142511689
61,11,UCB,22,75,4.949543860363592,11.544020386427789,4.662531361211205,3.5698944076263137
61,11,UCB,23,76,5.35542197037899,3.7663355655724224,9.344589216192082,3.2926414072690195
61,11,UCB,23,77,2.8339023894680953,9.063027812760287,4.877622235459275,2.9669729844574
61,11,UCB,23,78,11.00496293998906,4.502416199343918,3.970990066148736,3.8693157293098697
61,11,UCB,24,79,7.110255875590359,5.245004148297684,9.811519009891136,2.9081807377592876
61,11,UCB,24,80,8.75378946495815,3.717245388233928,3.8611749026818956,3.7647218427495295
61,11,UCB,24,81,3.587072261532426,12.842124743288043,3.712165523287474,3.5389480493567493
61,11,UCB,25,82,0.06592584983777572,12.674631176288807,4.556542287605524,2.5427666645348497
61,11,UCB,25,83,13.716604298392093,4.207913282507424,9.029540112843726,2.91777423557708
61,11,UCB,25,84,5.53968439451278,6.732684723580032,3.7667687186787235,3.1221609311949328
62,12,UCB,0,0,3.762366871626692,14.201294142891369,2.8398057680964195,2.482869939853861
62,12,UCB,0,1,2.689371156271614,5.248338608939362,3.458118698848589,2.9174226516486903
62,12,UCB,0,2,10.05668614159177,1.7261907318517122,13.444640605570207,1.9957966663713735
62,12,UCB,0,3,12.871957336258633,0.0424054827993009,8.121992425781913,2.1817305483972556
62,12,UCB,0,4,1.6027691103560993,3.869324381414854,6.253440609496541,2.5791051584911577
62,12,UCB,0,5,6.804241827799148,7.02219886415851,13.912750513084895,2.2348144282269815
62,12,UCB,0,6,3.8815663413322565,2.8183531617680693,10.057657110817502,3.1807365710642643
62,12,UCB,0,7,14.199280550279665,13.842163131656271,13.203749998852105,1.496934489652682
62,12,UCB,0,8,0.9653354388542218,14.050441873937006,9.73860553581713,1.6892913188543621
62,12,UCB,0,9,13.073337682879444,6.121477020839764,3.290849017625073,2.717672070454755
62,12,UCB,1,10,9.393682185101152,3.177216268397019,14.785981209430716,2.1722722720414462
62,12,UCB,1,11,0.983986607193148,3.1720578656019986,14.586309233170741,1.5813393923194994
62,12,UCB,1,12,3.8833799751026046,2.837648966678583,4.007249937887618,3.623035410225898
62,12,UCB,2,13,3.928699732847936,6.707966659386036,0.2757332618092395,2.5660964422119488
62,12,UCB,2,14,3.9355424638909797,14.755477881351096,0.5360725905226488,1.8837271207167563
62,12,UCB,2,15,3.948194142815632,0.04599345457717785,4.016090328181277,3.089014492781207
62,12,UCB,3,16,4.686485418197114,3.569381243091971,6.313999571349248,3.3614786864626898
62,12,UCB,3,17,4.490328395285883,11.436327593148729,6.964517943582383,3.4225769044749756
62,12,UCB,3,18,4.8450438047403495,0.5107298010482558,13.583756358834696,2.0570594570983407
62,12,UCB,4,19,3.610014915783777,7.04103455600823,6.57219654472547,3.0835489718749365
62,12,UCB,4,20,3.6383202229123457,14.23625276706221,9.413528465850137,2.597276012030861
62,12,UCB,4,21,2.8723182753195213,0.10773301537189583,10.007604899413286,2.077735590973853
62,12,UCB,5,22,4.32823709190923,1.8196295235062316,0.01100689794555021,2.0378264632617036
62,12,UCB,5,23,6.025999759655841,12.331666991326022,6.326108725366471,2.697278198456626
62,12,UCB,5,24,3.702969550587412,3.788075006365581,6.8411902297122005,3.6146541720793772
62,12,UCB,6,25,3.9478872430568805,2.1742221934916177,6.107054149072603,2.6855877071477763
62,12,UCB,6,26,4.575611986138708,9.089423264705394,9.547529555246234,3.2848282231111203
62,12,UCB,6,27,4.833882077801956,10.407655727746329,2.5711757097293115,2.8560658547213844
62,12,UCB,7,28,3.8851206802766605,4.944946124596504,11.968987185138475,3.681459567706283
62,12,UCB,7,29,3.883509780963383,5.031142026943823,3.987910329474777,3.9073893961926416
62,12,UCB,7,30,4.490686327133798,14.284235148653984,11.89136772204896,2.784254132543577
62,12,UCB,8,31,3.883912595760256,8.523328724150307,9.33973491399357,3.4157546550055176
62,12,UCB,8,32,3.700727822037366,2.065663713032333,13.903924906998013,2.205413949922659
62,12,UCB,8,33,3.7021111541363307,1.0973781567227796,5.176671319817585,2.7156513146724324
62,12,UCB,9,34,4.205337515750378,4.381081755840791,0.2993596341744509,3.08374444166929
62,12,UCB,9,35,4.3405859330560705,4.543207090283702,7.103973818697369,3.656306459711351
62,12,UCB,9,36,4.226596315530538,12.579264496202002,5.602595909175378,3.273521588150415
62,12,UCB,10,37,4.339252592703927,5.462170234724098,7.534159422899284,3.297889488895118
62,12,UCB,10,38,2.9595851924410055,3.0341291994668804,0.14506305505535444,2.0942042951429216
62,12,UCB,10,39,4.267670720775875,5.936889090147574,14.553707462478599,2.4199713570315637
62,12,UCB,11,40,3.500349856094644,5.170554592289589,6.67539322318003,3.1341541245957925
62,12,UCB,11,41,4.277886498396523,3.851042630086032,13.92367009727801,3.2119921260242377
62,12,UCB,11,42,3.8860342034871858,11.576437562913172,10.097875502184937,3.561301235736029
62,12,UCB,12,43,3.7055203582928966,3.50230617848277,6.230889088439949,3.402722536406232
62,12,UCB,12,44,3.704422726068803,8.092679771385606,14.933132203803412,2.5091559144676485
62,12,UCB,12,45,4.340809374624623,0.3214012821015755,13.13894170048099,2.4479791322579487
62,12,UCB,13,46,3.881275329078895,11.14160536718528,3.6485976746954463,3.854222675645461
62,12,UCB,13,47,4.343251494086344,0.17730445572221198,6.1056541548078425,2.466959365818503
62,12,UCB,13,48,3.8922684335473594,8.208115133382494,11.055118540754655,3.5637686117766774
62,12,UCB,14,49,3.861795440278128,4.036149534839847,0.6550288050587394,3.1431573726277247
62,12,UCB,14,50,3.90771314689042,3.968238142694312,8.262936093741661,3.8605535742965666
62,12,UCB,14,51,4.018133885490443,11.034724588493651,2.3510408185818403,3.072193944934585
62,12,UCB,15,52,3.9045235347466263,4.587066539295791,1.435706342164032,3.073969977195563
62,12,UCB,15,53,3.8998867170240086,10.296748589861094,9.953726535950373,3.400128033717668
62,12,UCB,15,54,3.8585346688156745,11.774281574843545,3.0660588915989493,3.520143587999793
62,12,UCB,16,55,3.7919647643415377,5.192919811071785,7.324145592842563,3.364166292299043
62,12,UCB,16,56,3.832842363419014,9.964979607308235,1.6612288876957653,2.7478120274141973
62,12,UCB,16,57,3.9825222217541247,7.685833500269841,14.655842728259275,2.6171286596605317
62,12,UCB,17,58,2.8356594601834932,11.116847711807948,4.921772353923673,3.076128672921758
62,12,UCB,17,59,5.302136810793515,4.75326340000379,4.090044463777066,3.6157948839658056
62,12,UCB,17,60,3.005259707881674,6.241851279341432,10.519466163136434,2.7691906476586965
62,12,UCB,18,61,3.8830145262112974,5.466501651360019,7.8385972463308455,3.3324960725888726
62,12,UCB,18,62,3.9288200781363907,11.753539846226213,4.538255445447224,3.9006956790996723
62,12,UCB,18,63,3.8452255964865545,8.182839775912614,14.394851604263012,2.6818452018135397
62,12,UCB,19,64,4.545483367376562,9.865403438627437,5.188372807263616,3.3161889379316642
62,12,UCB,19,65,4.927165800619779,4.158306741069833,11.503474741412806,3.7270690258476993
62,12,UCB,19,66,4.769444182830468,3.3361750495583857,3.049854817223973,3.3185062482633167
62,12,UCB,20,67,4.50513273564069,6.295121824225247,4.224916665684514,3.566019475365219
62,12,UCB,20,68,4.9458349362187946,6.3140005136088915,11.2143220263916,3.089630467368959
62,12,UCB,20,69,2.9754786439890357,11.847018819449922,11.808917505943398,3.219518771558834
62,12,UCB,21,70,4.7364872727438225,11.293129571479358,4.513537793478573,3.723346844948104
62,12,UCB,21,71,4.401048621800003,4.6922321433953424,4.636603168540077,3.917856518833854
62,12,UCB,21,72,4.873067114822542,11.141695450462212,11.72200889418747,3.4686077309824164
62,12,UCB,22,73,5.433233002077933,11.914910669245732,9.603926997773595,3.0423399171006333
62,12,UCB,22,74,3.811278783853952,3.963936302834066,3.7984618911043304,4.174964082543834
62,12,UCB,22,75,3.759976313040843,3.792406686865864,11.79451715444046,3.9054095955723866
62,12,UCB,23,76,3.1029621373844685,3.2219747348864085,3.300032474381094,3.180483769521893
62,12,UCB,23,77,6.947973341013831,6.813561640356138,4.117426354019486,3.22638031798363
62,12,UCB,23,78,6.24717902600704,11.519520979962117,14.22702851956453,2.2783745898709817
62,12,UCB,24,79,3.776799556477865,4.0362066741461655,3.190235881642267,3.8410822352334533
62,12,UCB,24,80,4.242791998315107,10.750764182371345,4.662354630075376,3.7589307329995822
62,12,UCB,24,81,3.746467125346741,0.03024549568826307,8.863545964217328,2.6275948008942502
62,12,UCB,25,82,5.70281354001256,3.8117137680802355,8.629720424650333,3.2471201292731995
62,12,UCB,25,83,2.0778703817477995,9.128104882331424,11.555124739386175,2.6030396030553633
62,12,UCB,25,84,8.766492138490968,4.576260354176538,5.45026584771393,3.235815221296323
63,13,UCB,0,0,12.971963805248798,12.829537723980884,12.165350981765132,2.8604339060572723
63,13,UCB,0,1,3.921695421247149,1.157991865776321,14.19698670669095,2.0757207092867724
63,13,UCB,0,2,9.206875365706528,0.0394613043944958,13.656107670987566,1.773957952510027
63,13,UCB,0,3,14.772052128563331,4.294449062492556,12.204916845584693,2.662888200023712
63,13,UCB,0,4,1.2361191582196236,6.574200709551321,12.265556621172113,2.2992122669063377
63,13,UCB,0,5,6.130999990346605,7.766245607804657,1.755598252125995,2.214755379348739
63,13,UCB,0,6,12.210097788751677,7.468011124987683,3.724187923300079,3.4551661666808915
63,13,UCB,0,7,11.650292340013026,14.68842433784344,8.07514851114435,2.3803958742676885
63,13,UCB,0,8,11.057253339311753,14.89141033272544,0.45191244562985955,1.5586824480153403
63,13,UCB,0,9,8.984664785501568,14.5094291668738,1.760048607649753,1.6062484319979846
63,13,UCB,1,10,12.473877859145672,3.0746538388309537,4.479310335016091,3.350291584676076
63,13,UCB,1,11,12.474017884960249,14.497867518334315,1.2491793323984686,1.6126110911262233
63,13,UCB,1,12,12.473635512038811,3.611100399678353,12.987891765591769,3.17422768471927
63,13,UCB,2,13,9.509057321175483,7.255067703824375,4.929013082019512,3.0851330201634948
63,13,UCB,2,14,3.373149990794198,7.247702390659318,4.5180731537772925,3.4698475992114854
63,13,UCB,2,15,14.895707489612247,7.352593525750438,8.843116265499683,2.124799836747144
63,13,UCB,3,16,0.454692513777854,5.256985980967098,3.97827769959589,2.7050958738938564
63,13,UCB,3,17,7.264024433177852,5.27596947072727,3.9373821772106425,3.352609752745162
63,13,UCB,3,18,13.513176491230658,5.335373631930235,3.8843442386038722,2.943064934740966
63,13,UCB,4,19,6.140175281750639,8.259738500768822,3.794667975368653,3.221721289906697
63,13,UCB,4,20,10.353588683100709,2.6526758123529954,3.399487390312273,2.8930662307288446
63,13,UCB,4,21,13.158744822811505,9.130500166437049,3.6903258380048527,3.091479728055299
63,13,UCB,5,22,6.118996759225915,8.297511130668987,5.353805058936004,2.785720203073046
63,13,UCB,5,23,5.967229354637224,1.4946847410954534,5.350668757870084,2.1148990604829914
63,13,UCB,5,24,4.63613569712529,14.925977410341249,5.781769353588332,2.2347643268363226
63,13,UCB,6,25,6.936309140810986,6.695667152828675,3.68379230376267,3.118175991391393
63,13,UCB,6,26,12.828405111203505,4.139768035873941,5.5928510158120766,3.188635580866766
63,13,UCB,6,27,13.288537998738507,4.032893149928246,14.357469365722434,2.3793941132404166
63,13,UCB,7,28,1.4528664221628134,7.205723843994314,2.556418136376007,1.9543760953188134
63,13,UCB,7,29,0.068497437019856,7.241035936112116,12.47609163949806,2.257645417694583
63,13,UCB,7,30,14.810654416161476,5.263923468375277,7.021033796937243,2.0534659881245996
63,13,UCB,8,31,7.957307372216436,4.530650090997923,4.760587703023579,3.591977895780865
63,13,UCB,8,32,1.089738317566606,6.0625032836011075,5.297500930128712,2.121054934696109
63,13,UCB,8,33,14.957007256453823,7.690095016036739,3.0521092688141604,2.091015272410267
63,13,UCB,9,34,9.85803770782667,5.593710298663817,4.209161946939578,3.2579684490414795
63,13,UCB,9,35,10.047871384694151,11.813005159387256,3.7243323924930944,3.504551421473416
63,13,UCB,9,36,2.4948065194082436,11.168242796470865,4.281281341907681,3.1395841159142654
63,13,UCB,10,37,12.033997972999773,8.003190782271963,4.272592849308309,3.5818388683372224
63,13,UCB,10,38,6.4254470253382046,3.874913456890857,4.1912067048541966,3.643948537068297
63,13,UCB,10,39,4.663535131373004,11.525243770173242,3.208911511198833,3.4992411051535095
63,13,UCB,11,40,6.739645292817801,13.30278755873997,4.673179365289014,2.8353540838903935
63,13,UCB,11,41,3.921026736622567,0.12263416602852184,4.010690550294591,3.09389464392457
63,13,UCB,11,42,6.5838299263117515,7.121792683939285,4.622828512457601,3.0861676013305046
63,13,UCB,12,43,5.7678302397826995,14.471821845314198,3.7286974174192244,2.409288101501037
63,13,UCB,12,44,4.3616235157268575,7.051938747455917,3.7287687439699537,3.6723054965185806
63,13,UCB,12,45,10.580541660709393,1.5342954844945917,3.7281779347791364,2.771404134913041
63,13,UCB,13,46,4.365472162949219,9.314809158265076,2.298865335838866,2.8813974914922182
63,13,UCB,13,47,4.37019182741387,0.47102720616543525,2.4683279722021343,2.27800839533428
63,13,UCB,13,48,7.660768951653519,14.0564383990343,5.017715385654401,2.4768916832315178
63,13,UCB,14,49,4.545481888199218,5.105236288960697,4.111909804412955,3.7985232315790385
63,13,UCB,14,50,10.289225568445206,9.344869620744694,3.6475302545631894,3.3160492233314773
63,13,UCB,14,51,10.681363319732503,2.9171667248824136,5.281110929563531,2.893953233050834
63,13,UCB,15,52,10.702849192595238,11.325528881988374,4.665744194809581,3.4922365348622932
63,13,UCB,15,53,14.904265910362842,1.4341810833515956,4.971323465314982,1.611587081697381
63,13,UCB,15,54,9.453081956111763,5.035288417675564,12.538748979402877,3.079859144878838
63,13,UCB,16,55,11.864965888609012,13.858758914581257,4.048840080449725,3.021445648623823
63,13,UCB,16,56,11.530652052085061,6.176835916979321,11.901604438340806,3.126688633223879
63,13,UCB,16,57,4.236481576880411,10.227440590730708,4.039111197969689,3.8379680766816464
63,13,UCB,17,58,7.035754128518633,11.074158187737423,4.128219723027949,3.4751968189502085
63,13,UCB,17,59,5.464388036754709,4.65976011433019,4.948871883712852,3.307372086861887
63,13,UCB,17,60,0.3086215430767575,0.1666323527791247,4.252747388793402,1.9701460781805804
63,13,UCB,18,61,11.545657384916982,1.8624383564227387,11.419083318634993,2.724504870341443
63,13,UCB,18,62,12.801473786493599,10.138909830760916,5.742324075112718,2.7425124947363746
63,13,UCB,18,63,10.093083423765673,9.007354948002321,13.418602224693775,2.631707900467622
63,13,UCB,19,64,11.857580029028878,5.525758417724793,4.656615897584157,3.3170511215288547
63,13,UCB,19,65,4.602164398828678,3.3774723517495935,3.7835690232836514,3.8467952119255466
63,13,UCB,19,66,3.7483341996744195,9.996462073655447,3.4139972419136693,3.543959486009719
63,13,UCB,20,67,5.356491068150147,4.247267349575358,3.4480258754749893,3.5675347655734506
63,13,UCB,20,68,7.909997474820063,6.77350313558526,10.836681677641218,3.0060794102041744
63,13,UCB,20,69,3.056079865051239,14.823760763142992,0.8440363511469162,1.4389900417363437
63,13,UCB,21,70,3.4948615521712885,3.9854914345236607,3.8291446642199363,4.048124018370112
63,13,UCB,21,71,5.911273884715076,12.446066251974846,10.504729206507617,2.892220847461937
63,13,UCB,21,72,5.464333240320035,2.537945929952769,9.828114726286602,2.5029178836768846
63,13,UCB,22,73,3.112858047876856,2.8578710556936344,4.181853022749818,3.229031264216104
63,13,UCB,22,74,14.863692495075329,14.934517099148845,14.788541974470775,0.4117398782172298
63,13,UCB,22,75,4.131829402743623,14.950186325627206,14.831598267672174,1.6855178321441175
63,13,UCB,23,76,2.8236557449814454,4.0646851944901705,3.102730725294946,3.2034111536999434
63,13,UCB,23,77,10.151863595929068,11.12518677000441,10.722482771500406,3.199325933056831
63,13,UCB,23,78,1.4846355097410728,14.881273145610324,9.461277656694595,1.4768991242515837
63,13,UCB,24,79,12.804789422793473,0.00944895222054376,3.7271977761541697,2.519331153514967
63,13,UCB,24,80,6.541421700499162,4.68607942696255,4.255715880635727,3.514563320236778
63,13,UCB,24,81,12.058223436892714,10.169151781513543,4.358285686462993,3.520174149887408
63,13,UCB,25,82,2.4250309665012826,1.373024953604816,3.5093596375367007,2.179139547425999
63,13,UCB,25,83,1.1298426972604463,8.416033623265456,3.5043009505578118,2.6390107527545625
63,13,UCB,25,84,9.302446298054681,1.0234062836307873,4.59180350027041,2.6390636149277418
64,14,UCB,0,0,12.464749783336671,5.414200002513849,10.541089583730823,3.0012571813564435
64,14,UCB,0,1,12.901781799788917,9.61976221182247,8.225448132199709,2.8888108655283147
64,14,UCB,0,2,11.4347013379679,10.744715739600606,7.00753130866278,3.1603273792175095
64,14,UCB,0,3,8.586884072739705,11.194835401369675,0.9534587870879535,2.5143609602086032
64,14,UCB,0,4,9.70314064063311,11.040857143436163,5.98138267691912,2.900458243782964
64,14,UCB,0,5,7.607737954831852,3.43080941645436,9.75291271270783,3.1951801958958317
64,14,UCB,0,6,14.5692639630101,4.480696270870219,6.942461839266503,2.4628633196975738
64,14,UCB,0,7,13.374208500357161,8.271013159462559,6.321971101689447,2.5134740938298705
64,14,UCB,0,8,10.024361187010985,0.4623034710469909,2.306946268288694,1.8110837812612608
64,14,UCB,0,9,13.069850765261243,2.3735976614762926,0.44200258231388234,1.6465263535293826
64,14,UCB,1,10,9.932011853932998,12.913141940859255,9.31405661206496,2.8346264473217815
64,14,UCB,1,11,9.996426784576396,3.1846075928598405,9.291817772613381,3.015972317881902
64,14,UCB,1,12,4.896148093777909,10.899150368075212,0.0029881138424880938,2.5074344070766603
64,14,UCB,2,13,9.246203747863026,4.990918390227374,14.88584915940056,2.230009424663776
64,14,UCB,2,14,6.623364372012626,0.19200315832218262,14.947617105031236,1.2536218348003791
64,14,UCB,2,15,4.434961948919709,1.6590844895693946,10.402010373162877,2.7639288524964343
64,14,UCB,3,16,6.407607673673228,0.1652546993781484,7.878454889507089,2.1306443953655263
64,14,UCB,3,17,6.077320405296686,6.715596577732991,7.978816790492962,2.71354136068031
64,14,UCB,3,18,6.133211678724566,13.426373639449652,8.016415695527627,2.4757318595346227
64,14,UCB,4,19,7.733603003672328,2.4381399287578684,10.70675908709282,2.6649169138450803
64,14,UCB,4,20,7.803944820615655,12.2055831578938,10.008851070740972,3.1223595176070416
64,14,UCB,4,21,11.441499794819082,12.114798110874998,5.7501533294997245,3.116272985386394
64,14,UCB,5,22,11.258817415178548,14.996638060661072,4.280922066773954,2.6629115922223243
64,14,UCB,5,23,2.321916511094893,14.949336243650686,4.332344589685881,2.0356008505515195
64,14,UCB,5,24,6.778623855523192,14.945667674927165,4.467474511226214,2.3579862324109273
64,14,UCB,6,25,7.7430513308577895,12.687213488415704,8.442574654523995,3.019512821535196
64,14,UCB,6,26,7.777155158024424,2.4549953941943774,8.40728627905115,2.643933488370685
64,14,UCB,6,27,11.785064119446465,8.955119188615184,6.48215540649603,3.0051723257293927
64,14,UCB,7,28,9.506641865035327,5.8131096188293,8.454343268038677,2.83262203244589
64,14,UCB,7,29,5.340132489089379,4.495706824600231,11.17841556975698,3.427042711056694
64,14,UCB,7,30,13.694083877607515,12.078765855554241,2.863625974954664,2.4634583280941205
64,14,UCB,8,31,5.5043887536852,4.992000385840733,9.852025463446978,2.977418603982502
64,14,UCB,8,32,5.4002137402461905,5.651411460379753,0.6747294830135508,2.101919649822503
64,14,UCB,8,33,11.666289620513545,11.065035082959664,4.821113715888176,3.4859230452340073
64,14,UCB,9,34,14.85465606764879,10.135173561504793,4.089662647502832,2.5574734842407114
64,14,UCB,9,35,9.848131573480135,10.018295557763368,4.255628010180648,3.374802384043645
64,14,UCB,9,36,3.9514341658441676,11.264288936819646,8.672790558664294,3.583475411232868
64,14,UCB,10,37,4.055842023771553,8.371843578541359,9.46095989481052,3.438626530629831
64,14,UCB,10,38,3.8977248994651017,10.164927173873796,3.9845165780289205,3.819615110994854
64,14,UCB,10,39,3.92990268678533,12.614497260144844,13.962029212242543,2.7960580071390586
64,14,UCB,11,40,4.1074809361818545,11.19394915236989,3.1102995135363565,3.553694681799885
64,14,UCB,11,41,3.767111551606823,8.323759049192928,8.781500230571641,3.424351189680294
64,14,UCB,11,42,5.278856579575722,1.3914010569079671,14.898857250044411,1.4643657027153956
64,14,UCB,12,43,5.161378243288134,11.612331163126838,4.3352337588415155,3.585128544511025
64,14,UCB,12,44,0.16708900457032883,9.961076749924775,9.502966871180844,2.2336787206730797
64,14,UCB,12,45,0.10862743519757911,10.107751527309393,2.9183421984596105,2.1165080838809085
64,14,UCB,13,46,5.376916883966385,9.879832607852093,6.803725586216654,2.801714201751557
64,14,UCB,13,47,11.49309189852889,9.607648286933005,1.5174742034436268,2.506524257600739
64,14,UCB,13,48,2.8866032049845853,3.819832019322083,12.177263260288047,3.3336273365024574
64,14,UCB,14,49,5.514746356166087,9.467873709384065,3.6925451048024143,3.204967501026143
64,14,UCB,14,50,5.223194657655148,10.539171694587427,9.681894888797958,3.017083997471043
64,14,UCB,14,51,4.640394269248913,5.089980604284407,13.04417347693384,3.152905185496923
64,14,UCB,15,52,3.379866515191857,11.061587216733752,5.931439441280684,3.105011667170336
64,14,UCB,15,53,7.435786280116302,5.874165925395439,10.957828341016056,2.912371185558995
64,14,UCB,15,54,11.023391555628788,8.771335644686094,4.286238679192159,3.53709734580935
64,14,UCB,16,55,4.049490596148571,7.847613846055335,11.477611098838716,3.61674702032098
64,14,UCB,16,56,2.9962129108256064,13.891191214572391,9.573001534170581,2.3162732976146927
64,14,UCB,16,57,4.2822201823843695,7.692410341783767,4.8010452766683205,3.6298301742368935
64,14,UCB,17,58,3.343630752411766,6.833633498206866,3.7060161985270215,3.3911761370083333
64,14,UCB,17,59,5.3104049595193406,8.052788541218145,11.93974498295102,3.1499170677601462
64,14,UCB,17,60,4.378802700609637,13.134436129902733,4.1125096702956645,3.5714949048750686
64,14,UCB,18,61,4.905277660925268,11.971508148591198,10.183900818444686,3.3013404118661587
64,14,UCB,18,62,4.677157426693494,12.230996821010612,3.732559112213669,3.7234402312289543
64,14,UCB,18,63,10.209732029189334,8.790966757615742,8.510001328095347,3.052468595253603
64,14,UCB,19,64,4.6920069249383705,13.124425959176152,12.568199830816619,3.0358779345446534
64,14,UCB,19,65,4.701890590462176,13.182533761903247,1.045259819964723,2.3517411805811697
64,14,UCB,19,66,5.4593550857647966,11.484709832200265,6.939966613292946,2.9801811640677713
64,14,UCB,20,67,4.346381908494862,9.102166066205976,3.9133554277844214,3.791834066335814
64,14,UCB,20,68,4.148225956193362,14.974493904969345,7.472304736967402,2.534596154698305
64,14,UCB,20,69,7.778044825756851,7.815219844623504,9.176228720694413,3.0479317478930072
64,14,UCB,21,70,2.754360510315275,6.683522026396757,10.876337275734045,2.7109576373301794
64,14,UCB,21,71,3.509395479720465,3.4939039148728703,5.446889814408506,3.4030886266647253
64,14,UCB,21,72,4.317842945033728,10.547127098087076,4.428624942469807,3.806409241718355
64,14,UCB,22,73,1.5827103164459777,1.0694815387897298,13.502662030845036,1.3191486809757522
64,14,UCB,22,74,2.6263353797349307,6.2523180236555795,5.974429409934492,2.287700385483166
64,14,UCB,22,75,2.427443850111067,7.075628483474102,14.199314715530981,1.8165522088033559
64,14,UCB,23,76,4.7151410011766615,2.1484285902892437,4.690246536998867,2.969924877116334
64,14,UCB,23,77,4.268825102399779,4.177183020331949,11.854157979877886,3.9837286264032983
64,14,UCB,23,78,7.801977933110008,14.99836445813195,11.966517654960745,2.289119577299214
64,14,UCB,24,79,4.191313166575841,2.15832491328766,12.264563969570027,2.9750213273234047
64,14,UCB,24,80,2.279875603691115,0.08509641781729749,4.9194285181489565,1.9134311647484807
64,14,UCB,24,81,12.129292408093841,0.012654573963855609,9.120896029289634,2.3697956628371553
64,14,UCB,25,82,3.416899090860369,2.7274422431961214,11.52305335285274,3.0953989717973704
64,14,UCB,25,83,5.454876282265413,3.808921791930583,5.475160426811933,3.1850739116073457
64,14,UCB,25,84,10.310582409020316,6.972119524907824,4.831082691508823,3.123703501700235
65,15,UCB,0,0,10.391150519477286,12.237256670040862,5.16610136689285,3.1472246934359482
65,15,UCB,0,1,0.6725726353562822,8.573958855505964,2.193681400853963,1.8327668148490628
65,15,UCB,0,2,10.781570653132068,5.180347561137596,6.855145134133069,2.994598567712395
65,15,UCB,0,3,14.639068310852629,11.72199041658046,12.656850678959639,2.3224208257805428
65,15,UCB,0,4,8.326715761122903,14.124320438788397,0.27488729062664696,1.6626617216630144
65,15,UCB,0,5,13.337758588377918,5.846377250248704,3.4761019182572106,2.7232939621748398
65,15,UCB,0,6,8.015913408800413,14.170354179791348,4.964974662061009,2.483581355773995
65,15,UCB,0,7,13.629317716330378,7.009974187576284,14.509316471830967,1.682901879258382
65,15,UCB,0,8,11.463404750987774,11.750307714958112,5.422912243961154,3.2443988319179664
65,15,UCB,0,9,8.816819853202484,3.72823739238798,12.002079750194575,3.51255012632752
65,15,UCB,1,10,5.47662545924937,4.021139939831596,11.766621427020691,3.4830079779626653
65,15,UCB,1,11,5.50120914219159,13.701459774988699,11.72699850394456,2.564462517436467
65,15,UCB,1,12,8.509196102741218,8.894400535739955,10.180594590711,3.042870233065829
65,15,UCB,2,13,9.827606047242844,2.1142997041328684,10.228588373626662,2.4352775122373895
65,15,UCB,2,14,1.294295875185934,2.2194379058374003,10.217179530119756,1.8466117947440728
65,15,UCB,2,15,14.88208244867449,0.2145600271717013,13.13248581473836,1.1805668889076029
65,15,UCB,3,16,14.031652651982565,5.100329254212968,11.645821260028201,2.5953981031417546
65,15,UCB,3,17,6.713893232373748,5.329239695773544,12.379759519102413,2.887464831153689
65,15,UCB,3,18,0.025430149288918624,4.56218338233623,12.692969592651417,2.528326073862494
65,15,UCB,4,19,6.025018048708609,10.8648532260097,8.144732936816805,2.9375539150540715
65,15,UCB,4,20,7.725391893940161,4.046639510410349,9.141216784307126,3.438584840634237
65,15,UCB,4,21,14.382520436344732,9.316871815455942,6.372896837736439,2.059734493247466
65,15,UCB,5,22,0.6367276322144294,4.292111478103559,12.011401283892532,2.8679084449955123
65,15,UCB,5,23,9.31318360620618,3.0866317107591708,11.992876882027812,3.1044673026580383
65,15,UCB,5,24,5.652813847815836,9.928689927611591,5.424211699828926,2.7472974798354244
65,15,UCB,6,25,1.4165420919213938,5.097137207413544,7.8845797202408265,2.452172535210495
65,15,UCB,6,26,0.012769715903225287,9.2164097927118,12.363491985394488,2.309436662191424
65,15,UCB,6,27,1.809659884430589,11.559191790013625,4.121870762809625,2.979607487324423
65,15,UCB,7,28,7.957035588209823,0.1769469430488313,10.904737426016247,2.4087965311443336
65,15,UCB,7,29,8.549127238743939,10.35274662170637,12.40982936580848,3.1041192688851362
65,15,UCB,7,30,7.605419295873423,5.873531863653564,7.8573663283101505,2.8570028777316994
65,15,UCB,8,31,8.902243407892902,11.473087426791109,0.018892509177266814,2.42570531046028
65,15,UCB,8,32,7.694412533330748,9.311675649643002,14.985913436254801,2.119794320843871
65,15,UCB,8,33,14.202286430146914,3.5835503666421302,14.88392607322298,1.7350667002978126
65,15,UCB,9,34,9.88650998652806,4.104482598753593,10.503645628702746,3.4419442813367107
65,15,UCB,9,35,14.817807998538246,12.326390915928643,7.280054160481101,2.193396155448746
65,15,UCB,9,36,9.07318388384851,10.343562007476264,10.57153671187644,3.0645866722276898
65,15,UCB,10,37,11.21918246053585,11.320746665998376,3.592032408865757,3.589112012901252
65,15,UCB,10,38,11.421286094097274,3.4813406268819884,7.644143904088578,3.412021109956008
65,15,UCB,10,39,4.769874144927877,11.777904915609504,6.1176131791729595,3.189872982446068
65,15,UCB,11,40,14.874499609370856,11.69232099387789,3.40923443076272,2.494818698220386
65,15,UCB,11,41,7.959916278107072,3.0316703136979006,5.321465226247942,2.928676173213674
65,15,UCB,11,42,14.883953935991638,2.494990584625265,5.291264950639103,1.7008223879543267
65,15,UCB,12,43,8.348044399806875,11.093062865053238,4.308432940681211,3.5623774440439613
65,15,UCB,12,44,5.659845206743872,3.6854448154601527,14.902302220465334,2.3144961748169535
65,15,UCB,12,45,10.085037971594796,4.082899028199154,5.418011659541034,3.3331317664824884
65,15,UCB,13,46,10.888190062254889,10.412681819802486,3.0114322932313566,3.04585236307507
65,15,UCB,13,47,4.613968811370704,11.556858414891808,12.743738044952062,3.399175230396378
65,15,UCB,13,48,0.04336824961970964,12.489823945778438,8.175410307509601,2.326449317706726
65,15,UCB,14,49,8.851681435923838,3.761140482643755,9.693936410578782,3.354849567115032
65,15,UCB,14,50,1.046603646027517,3.761791150517817,12.994047474931996,2.549392462839134
65,15,UCB,14,51,0.12458709342411223,3.7598548686156468,6.435700082610031,2.4617839225302207
65,15,UCB,15,52,2.180665498057526,12.064877563038957,14.93308223436193,1.7290213490157904
65,15,UCB,15,53,8.017256990194074,4.128852326898515,6.940891546197505,3.3731719872362316
65,15,UCB,15,54,8.631669094165312,11.758435931201651,3.2818694437421354,3.3023131459631725
65,15,UCB,16,55,4.242329666378485,11.19282122458826,11.15879209440451,3.683717263693429
65,15,UCB,16,56,6.990579280232185,4.5916205092528175,2.4291856962641263,2.7944550420416947
65,15,UCB,16,57,5.835152336908986,4.576074249811671,10.54586992780277,3.173078782566726
65,15,UCB,17,58,5.988264939502908,11.144683630619232,7.427149884970187,2.9291329923882596
65,15,UCB,17,59,5.769960389582138,11.142089694427078,0.23710579989448421,2.239715661165256
65,15,UCB,17,60,6.8618439770606035,11.138486067607989,14.969108246634214,2.1483666436523388
65,15,UCB,18,61,6.9926466110381345,11.656949015452204,11.386992073591882,3.2473264693149044
65,15,UCB,18,62,0.24793711147546638,11.403502983498669,11.72767543512752,2.6071377267726823
65,15,UCB,18,63,11.04970211863996,4.38631404879792,8.522708556595157,3.5304156494505445
65,15,UCB,19,64,4.838268924004002,10.190618138050835,11.465879220568686,3.351782525092684
65,15,UCB,19,65,0.0156645777996417,0.10809073400667446,0.11865381036102962,0.783078381977882
65,15,UCB,19,66,7.446741269352801,0.24207836452391995,0.04824402001543715,1.5318891092619005
65,15,UCB,20,67,14.603017602294617,14.98346590023316,14.71823179983126,0.47519348919365345
65,15,UCB,20,68,14.445560389907504,4.352393763725628,0.08543275736896228,1.8843567234165506
65,15,UCB,20,69,0.0377425677133314,14.9536767588004,4.839475366760234,1.5628003440760987
65,15,UCB,21,70,0.0497932754837227,4.589714447649462,0.051379654072895575,1.819480872134639
65,15,UCB,21,71,0.691398115053321,0.02627191089570824,14.844627270459194,0.7237173995054049
65,15,UCB,21,72,3.2423800154921967,8.005829976032075,8.117033602085012,3.16259456432122
65,15,UCB,22,73,0.0032270655224475586,9.588040646346819,8.010563451355862,2.265593378059037
65,15,UCB,22,74,8.000078433597777,0.02244199276523695,7.028604592490703,2.2200062322685983
65,15,UCB,22,75,14.97291112469306,9.314754428490902,11.251602974477333,2.246784449235561
65,15,UCB,23,76,7.398178063564666,7.900098739595178,7.29993779633054,2.9944968481617993
65,15,UCB,23,77,13.309031698394326,14.99644548252435,7.4521094143185405,1.7950829523075789
65,15,UCB,23,78,14.86734083324189,4.103537042544953,8.367134970472602,2.596304228731584
65,15,UCB,24,79,9.528062704150466,6.784090397369391,0.036304940750330195,2.1171842845861297
65,15,UCB,24,80,3.812339075913988,11.974266441028611,11.372963930040635,3.6858228916678364
65,15,UCB,24,81,0.21363321830139836,7.153935724436503,6.163548003789834,2.033268605557609
65,15,UCB,25,82,10.7051599137849,10.971501808740545,4.7160713199852,3.4254011837741905
65,15,UCB,25,83,0.07260657713126228,14.992128577417617,12.037119227892685,1.5119344242858634
65,15,UCB,25,84,10.465474293591853,5.468684346155042,10.105110649733737,2.928036775931137
66,16,UCB,0,0,8.503752583190476,6.461162182352783,1.411107381922868,2.227543569383063
66,16,UCB,0,1,5.221193256539932,9.32263557571019,0.3248250477406578,2.2736883457963146
66,16,UCB,0,2,13.119485669183065,12.810742972904134,0.6645632368242721,2.0134547539218595
66,16,UCB,0,3,12.036314442988562,2.771927422302729,10.434358723478912,2.9278455309809552
66,16,UCB,0,4,2.3250038229850007,10.374296339748998,14.379507465966306,1.7994402164774892
66,16,UCB,0,5,14.774774816249215,9.949429004898004,2.4538224348335542,1.7177907535015349
66,16,UCB,0,6,5.923659709135047,4.169928189673522,14.335045429197878,2.4961186781546965
66,16,UCB,0,7,4.49017595249607,8.416154920894945,6.110479427991566,3.1845850965477833
66,16,UCB,0,8,2.080913262011364,5.771122677982829,11.541225807430717,2.435136983607115
66,16,UCB,0,9,6.203990361965557,10.189718808872792,8.727808147443787,2.829437336895726
66,16,UCB,1,10,1.0198614573203257,11.545883314673796,6.958218402798866,2.431853012799463
66,16,UCB,1,11,0.9891968980978039,1.2219660157045693,6.99972836211228,1.628189797595597
66,16,UCB,1,12,0.9045560778850442,6.114756525372905,6.9903076242275795,2.0698249049392046
66,16,UCB,2,13,5.23310443107115,13.594495697587222,5.8487217197963215,2.364533731491033
66,16,UCB,2,14,6.1736781268967285,6.887530127657943,5.8347573930886645,2.5265959632168253
66,16,UCB,2,15,5.948807861990079,1.5877108846079846,6.127788503590972,1.9816428674036568
66,16,UCB,3,16,4.379536893469988,13.581569188966231,11.483738859064074,3.1056215768216933
66,16,UCB,3,17,4.349246468823742,14.202467523760049,4.544899244274173,3.023087172116562
66,16,UCB,3,18,4.340146471915954,7.2591249363161845,14.943843686095475,2.479626346525445
66,16,UCB,4,19,4.4014060317792385,1.7577411122498572,6.106415760889728,2.5623625656143165
66,16,UCB,4,20,4.471769413309299,5.686878101688693,11.47594529349417,3.3560528395303715
66,16,UCB,4,21,4.586172228818033,12.5759564006237,6.124689282629015,3.1115432049385587
66,16,UCB,5,22,4.544094725914217,13.134220238841506,14.431803464308802,2.3317110731980817
66,16,UCB,5,23,4.590578024551696,6.781826190743159,14.838302537650284,2.3305380252024124
66,16,UCB,5,24,4.580502352465852,0.4993975214959323,12.40129783460281,2.6769899102859434
66,16,UCB,6,25,4.1462086742971485,9.060133073535171,9.107587718869773,3.415777689908751
66,16,UCB,6,26,4.056348779986418,2.427880779322985,10.810912214702984,3.0748289174392194
66,16,UCB,6,27,3.812961229643398,14.896229350367408,5.852477164300379,2.3285222948311883
66,16,UCB,7,28,4.477820663219395,9.309237388196387,9.149090409797465,3.3268915394427347
66,16,UCB,7,29,6.672838118564634,14.396011983515743,5.546321930170811,1.9913911381325193
66,16,UCB,7,30,11.45025465869272,0.32455011960828617,11.861341432459588,2.611884520771471
66,16,UCB,8,31,4.072614007099752,9.083109989727742,11.355289911024563,3.5752721102503546
66,16,UCB,8,32,4.5713151183835645,9.711553866802408,3.4747479621423425,3.5212016119797127
66,16,UCB,8,33,12.35717452237218,1.0712174022675218,13.405031949606583,2.0638741226418134
66,16,UCB,9,34,4.371967081820754,7.759882766317273,1.1217415457712927,2.7613363550706786
66,16,UCB,9,35,4.242633256500522,7.49077131223439,10.681493677815716,3.474503585240781
66,16,UCB,9,36,4.449307315964083,14.666143205443491,0.1634949491627119,1.8085141068093908
66,16,UCB,10,37,3.5633586727396445,12.34160306456641,10.517918517318956,3.3952413694866053
66,16,UCB,10,38,4.201887826621315,6.574511384053548,3.6956387767249543,3.6071018257815046
66,16,UCB,10,39,3.6845930162471103,5.7397621228580995,12.534762749583672,3.183658433216048
66,16,UCB,11,40,11.351044326668438,14.520478707492702,6.073786824982374,2.1730108129881254
66,16,UCB,11,41,3.06196214646448,14.314170857725312,6.07007493411992,2.036352580539954
66,16,UCB,11,42,7.755685338892255,9.482226897268498,6.055004461354322,2.8070635399811685
66,16,UCB,12,43,4.668962950812268,4.835237302739869,3.1954450163026045,3.510944016768703
66,16,UCB,12,44,4.059226206053539,13.633179529604806,9.302968422414118,2.9457293217076894
66,16,UCB,12,45,3.290013992258947,6.82328506026811,9.826509676633112,2.9864580149085542
66,16,UCB,13,46,3.915470465308336,2.0321088359030877,2.624010473274607,2.5076613418658504
66,16,UCB,13,47,3.623183936125245,12.857867742405109,12.261165556267402,3.2955747993386018
66,16,UCB,13,48,4.079170789031018,8.938942767761962,3.026351232310416,3.36276638804892
66,16,UCB,14,49,4.150157860916114,6.91108203288072,14.814616005601685,2.4743955648032845
66,16,UCB,14,50,4.641707350303346,10.644857177492643,2.813972832540246,3.129332404493849
66,16,UCB,14,51,4.718064822314961,3.5679396621735764,1.6281320811876376,2.9029099728253818
66,16,UCB,15,52,4.594894341992823,7.528788712419555,4.2108565851058835,3.7215109492859426
66,16,UCB,15,53,5.850632567178639,5.855811484792127,10.951912196953572,2.7367673828638583
66,16,UCB,15,54,11.379527684844403,0.003240776241304477,8.223459768060962,2.4486353625021335
66,16,UCB,16,55,4.252777480739301,8.95984785605579,4.4500232330146865,3.7727551050520693
66,16,UCB,16,56,13.054674757760734,7.503680519903007,9.497268341549699,2.7835281760711545
66,16,UCB,16,57,7.640897262412009,8.134648078987318,9.340853699074446,3.039085868973673
66,16,UCB,17,58,5.6847947520116335,5.027205725536702,3.064204273317107,2.8933004635830315
66,16,UCB,17,59,8.466439027016653,2.630266278421311,8.012537130971493,2.74625585037484
66,16,UCB,17,60,7.545539064845976,14.938922768840309,10.854448122006952,2.2199191103696085
66,16,UCB,18,61,4.38060745182646,7.9372978666243394,4.364850556903846,3.7999138277425857
66,16,UCB,18,62,7.655220962090458,2.002932996622153,10.93162325001518,2.5440932366521114
66,16,UCB,18,63,3.5051428825355835,9.765142831231227,11.585393483710039,3.393515754651861
66,16,UCB,19,64,4.4061659650557115,8.872900128925604,4.30277164677983,3.783016770147044
66,16,UCB,19,65,11.51637481918455,11.9303019687122,10.978468927818612,3.4271960833250716
66,16,UCB,19,66,7.247104138597102,4.456482238316451,7.754935588943528,3.346560716785147
66,16,UCB,20,67,10.706899968403,13.864041647467587,11.751174050594813,2.6731241606121667
66,16,UCB,20,68,10.564342405552587,7.34565831948559,10.813548089229595,3.112544169697569
66,16,UCB,20,69,0.016594771381485685,14.534648676594315,0.10376908374550409,0.7276485201957309
66,16,UCB,21,70,12.33512748649984,14.963106285619144,11.659692481439675,2.36161088630506
66,16,UCB,21,71,11.503277641090657,8.865669581080596,9.377338493158458,3.1581246132233916
66,16,UCB,21,72,14.972355681425242,9.072478728234291,14.511691798699735,1.332228210151746
66,16,UCB,22,73,14.80049140381589,0.014530452632638968,8.346700730390028,1.43989466419678
66,16,UCB,22,74,0.06954044396381198,0.6667251619527959,14.854292620889689,0.725271476711079
66,16,UCB,22,75,11.037218441463944,0.6850992958609514,0.009802914682164876,1.6992857200282145
66,16,UCB,23,76,7.337122861753887,0.6065844214931809,14.950032560729124,1.4214917507626854
66,16,UCB,23,77,0.005971476352142346,14.664569051110712,10.746960008377965,1.5050573214430867
66,16,UCB,23,78,7.551526147011455,8.192501799580224,14.901314169485591,2.176351687621553
66,16,UCB,24,79,7.489705954149026,0.3228501336433365,5.067900637102975,2.3612768640661863
66,16,UCB,24,80,9.697829747320162,0.29531216961485696,12.499499768774916,2.2903426171208143
66,16,UCB,24,81,1.7863607294114614,0.2515976908518269,0.12428746275106761,0.9369934795586791
66,16,UCB,25,82,9.13758647066418,14.837325464929135,7.75887182572826,2.1611899141585162
66,16,UCB,25,83,2.333533442261986,14.951619864952725,9.717475828256177,1.6235136821899527
66,16,UCB,25,84,12.696311634066998,0.07921182727379295,4.575106817585216,2.528565989899644
67,17,UCB,0,0,12.676121891968522,2.4145963675366042,8.366168210485382,2.5636567147546687
67,17,UCB,0,1,5.521199124964069,3.224129453426526,5.787360563837977,2.779478723694631
67,17,UCB,0,2,6.422467486404127,9.170146627484709,11.045788057699298,2.9394920817633023
67,17,UCB,0,3,0.2293448489506733,3.810613706889589,9.062187818458952,2.6604248021489707
67,17,UCB,0,4,1.2560504203071476,14.966455213844648,12.485191867510558,1.5067392787174776
67,17,UCB,0,5,0.5516603650098723,8.513097197226669,9.140102055676552,2.3427492249636974
67,17,UCB,0,6,0.10389869271402341,2.686258108698518,2.4738332028959356,1.56050358968349
67,17,UCB,0,7,6.929368643007963,8.505054243409388,6.778638357557275,2.827209087869619
67,17,UCB,0,8,13.796635201623943,12.223863103037363,6.017490817499124,2.3742668591068066
67,17,UCB,0,9,3.047423346927461,5.374883077730401,12.930525543560506,2.7422084260140194
67,17,UCB,1,10,5.979182460675248,14.660724493789255,8.115412667983936,2.025348652765128
67,17,UCB,1,11,6.0819974036596385,0.17842996317079252,8.876450397666773,2.088068578251316
67,17,UCB,1,12,5.413884412610923,8.726272858642373,10.312025468279355,2.9546636455977167
67,17,UCB,2,13,7.461289001142242,5.553329018442611,8.723067673853835,2.8909614702468787
67,17,UCB,2,14,9.032884388192022,7.030462226017836,12.824522055763158,2.8346546107336708
67,17,UCB,2,15,8.85475181464766,5.067741275045606,4.449168173942064,3.442428876215864
67,17,UCB,3,16,11.004845312812085,3.503623796337032,1.3880327064332105,2.723788304926087
67,17,UCB,3,17,14.514965258771374,5.960286039225317,4.769000823775006,2.2447258053239447
67,17,UCB,3,18,7.609612138248192,8.707852393053297,0.15320351843654656,2.304517812146628
67,17,UCB,4,19,9.171432538443005,2.735059879734891,4.585853422731673,3.0355918581469834
67,17,UCB,4,20,13.537680415903612,10.025684715115139,14.91564449189158,1.6965832231256428
67,17,UCB,4,21,6.216309905244865,8.123849676910709,14.969692297727953,1.9660700162732747
67,17,UCB,5,22,6.842892276243949,6.016219776961009,3.7074199413742956,3.0459513660608355
67,17,UCB,5,23,11.152265553060408,7.383868231728892,10.340807501204118,3.1367153053594308
67,17,UCB,5,24,11.649271517794608,2.0397916798294347,13.188584356799266,2.343699485649328
67,17,UCB,6,25,0.37024875056108686,2.5390381607395582,4.362990441525247,2.3045901114421197
67,17,UCB,6,26,11.155707821217922,2.449881926962298,4.357239934144962,3.098642314364794
67,17,UCB,6,27,5.948747479382103,6.8225737972605325,4.3138971597035605,3.0955427963170603
67,17,UCB,7,28,9.150352837723057,5.574613026722194,5.917426055263685,2.6711159044141297
67,17,UCB,7,29,14.593914092923182,0.04068632299228048,2.331916404288981,0.977601833462568
67,17,UCB,7,30,5.869727301459296,6.4081395063950115,11.281017896230278,2.7878758874219516
67,17,UCB,8,31,14.838585919944208,7.733038154548854,4.393888647908113,2.5410546991495133
67,17,UCB,8,32,8.925148600718208,10.315785105765087,4.477440004013989,3.371560716537537
67,17,UCB,8,33,1.8159229893149909,10.002342416977566,4.505440297852676,2.716958234710682
67,17,UCB,9,34,4.549900445035756,5.236018917129419,8.546511082533593,3.343962192751738
67,17,UCB,9,35,4.69888348784263,14.050476826719862,8.542175437577901,2.6526364288582713
67,17,UCB,9,36,13.097667909466157,14.180059053288673,8.635676318021668,2.130451384424193
67,17,UCB,10,37,8.721148177081352,7.162933043259319,2.9212791292518054,2.832470292145702
67,17,UCB,10,38,3.9204092013738916,6.001505772188118,9.946423240433703,3.1958028034234776
67,17,UCB,10,39,8.244184791450001,1.0618293833352233,3.250691981444147,2.481412625860009
67,17,UCB,11,40,10.146715148573673,4.683857494461564,10.073260440409433,3.2518203618855868
67,17,UCB,11,41,10.075320223929294,11.271720614535607,10.036511899935578,3.127612262280646
67,17,UCB,11,42,0.23452613088018048,4.151755389708199,8.636172020869601,2.7271265479909
67,17,UCB,12,43,10.818081587115177,8.025781758286131,4.11525291099085,3.5469074317997666
67,17,UCB,12,44,3.2732928565377746,8.103240236493463,7.733857661080027,3.168866662814718
67,17,UCB,12,45,8.987740988423951,7.784911651662566,10.889995878828069,3.1278256185288686
67,17,UCB,13,46,13.123857927205936,13.599073734062028,3.086163500139294,2.302489717243324
67,17,UCB,13,47,8.538253077314199,14.983880092299378,12.01044571529963,2.2883874279183196
67,17,UCB,13,48,2.581797487888542,1.358640716750269,7.959660411511932,2.0431254194990145
67,17,UCB,14,49,4.264171693504719,5.145810458619046,8.823861658915291,3.4545341185681893
67,17,UCB,14,50,4.271091253569137,14.983754053406605,8.82409944512703,2.5353592219252006
67,17,UCB,14,51,10.835049140331673,7.427677557437826,5.6665264770934245,2.9256554631995417
67,17,UCB,15,52,8.865348011671237,8.073205602737694,4.756553936074573,3.2797297083772845
67,17,UCB,15,53,14.78354941939228,3.963590076739136,10.656053117797383,2.628095121822116
67,17,UCB,15,54,0.8728757024948336,11.931239404155964,7.227736102835941,2.4562121355508455
67,17,UCB,16,55,4.0182290349220935,1.7678985050485667,7.642054234065308,2.821530621197012
67,17,UCB,16,56,11.015523447180959,14.962844996404556,3.453536913956917,2.454089059176283
67,17,UCB,16,57,10.434721961306066,8.303175024477214,3.162090546420631,3.0974276264373577
67,17,UCB,17,58,10.099712928261969,6.023841172645163,4.227386339565245,3.2102224154838455
67,17,UCB,17,59,3.925293730892716,8.235254131095088,8.808421322359177,3.464479834435436
67,17,UCB,17,60,8.13702647771354,14.258635154031195,4.2875835949136025,2.735185944364205
67,17,UCB,18,61,11.740010964175847,6.367730255933342,3.8904953645629337,3.389029993335902
67,17,UCB,18,62,9.946254395741546,12.446657166725984,5.0592596729341395,3.101865908068791
67,17,UCB,18,63,9.446736054493785,7.80542251924838,9.045604277821637,3.0077648521159
67,17,UCB,19,64,7.723555590717864,4.123261084542403,5.029106573305298,3.535301659384739
67,17,UCB,19,65,11.674729627078797,9.28149485597039,4.61285544947484,3.4485236269134125
67,17,UCB,19,66,8.754020652243788,2.2174471890307164,10.646687427488283,2.5621122740484203
67,17,UCB,20,67,7.780017806555493,6.478873886835588,4.646891876449279,3.1422441525286153
67,17,UCB,20,68,4.330236663729464,11.791806507508468,4.860572642400321,3.732585671005669
67,17,UCB,20,69,10.304895976500571,8.644097579846223,11.43694673383476,3.2002703322170563
67,17,UCB,21,70,4.328751604582914,11.888784614703184,3.5237731987959475,3.8093411029344004
67,17,UCB,21,71,7.4492871542024455,0.7816899039394526,5.980220799436289,2.135904000943736
67,17,UCB,21,72,4.018020415785474,5.914292506453512,5.067958794040001,3.3007682004089327
67,17,UCB,22,73,4.323786684208759,10.57818442196273,5.891021526752559,3.2555449755877546
67,17,UCB,22,74,4.322119792354257,3.2558936740868405,5.237593094390243,3.479292165815035
67,17,UCB,22,75,4.334937683237182,10.208910649216925,0.5709280594426058,2.713545185007264
67,17,UCB,23,76,4.085811388973048,14.27148462503353,4.059462937207248,3.1333248151752366
67,17,UCB,23,77,4.286549300022802,3.5224926814278668,3.3306048776251425,3.8049441582874457
67,17,UCB,23,78,10.347866920566931,9.775978920658467,4.60803625253384,3.292837048784802
67,17,UCB,24,79,5.474361457997975,11.110965904072177,3.9029817488861527,3.4317328314312445
67,17,UCB,24,80,3.711168348632494,1.4454484222262387,3.531506577716031,2.9751474648667378
67,17,UCB,24,81,3.6632357608441053,10.902309470884363,9.349035963836757,3.409790837928187
67,17,UCB,25,82,4.194502734073347,5.630597244797144,2.5971324188902303,2.9258225820955355
67,17,UCB,25,83,3.452451709479031,11.909687057723621,3.9225953896233663,3.781623647217489
67,17,UCB,25,84,8.936112869688017,11.286689903905707,6.794125587966181,3.0424738375567317
68,18,UCB,0,0,5.989586538263591,10.761220189323241,4.212349920540051,3.2970055466536135
68,18,UCB,0,1,1.2408737699717447,14.546569789392896,8.45890118051928,1.5993581159881853
68,18,UCB,0,2,9.664814432268697,8.653071952539136,7.130414545949041,2.9470033720550486
68,18,UCB,0,3,1.836029847717855,4.703941818348271,11.04312874027488,2.767357707086912
68,18,UCB,0,4,13.610835495724974,13.329029177645817,14.224813228049129,1.530264787535835
68,18,UCB,0,5,0.3810588205746557,11.070578777986816,10.08900114852732,2.413648156697696
68,18,UCB,0,6,9.377814607335326,9.564362818695985,1.8940633729780099,2.361491498316816
68,18,UCB,0,7,9.392491665246641,11.806377160291449,0.11101558986839566,2.4084756207050915
68,18,UCB,0,8,13.815657408215623,1.9594676611959227,5.635591090842819,1.727352190792002
68,18,UCB,0,9,8.2604782032736,9.123831657327319,8.241429132646836,3.075021188552314
68,18,UCB,1,10,5.667008747888765,5.851222926995547,2.2788001263860624,2.166691432482696
68,18,UCB,1,11,6.312252913487438,11.738405497760963,6.7996310218375395,2.868858584548874
68,18,UCB,1,12,5.666824886313389,6.532524217775666,10.269420153519556,2.698346804505947
68,18,UCB,2,13,1.1490284202877517,2.4726894901172414,14.984816448930633,1.0586606800480316
68,18,UCB,2,14,12.694485920540624,2.5160327163793332,14.983287492236698,1.683596935626601
68,18,UCB,2,15,6.373678111263226,5.665309768921534,14.942399506694846,1.790505976611032
68,18,UCB,3,16,2.8220750978429,12.767216029235376,4.7059720016712605,2.974184985677013
68,18,UCB,3,17,2.865552166783602,0.6808031237431961,4.712665856531901,2.3998921513024603
68,18,UCB,3,18,3.2387371782750995,6.720175372246211,4.932311818942915,3.094807181206896
68,18,UCB,4,19,0.14421081789549317,9.331444579162138,5.2213383714134745,2.250907120019529
68,18,UCB,4,20,14.194838696492898,12.91872547905044,4.319281352905885,2.5746349478143817
68,18,UCB,4,21,0.1348879242556067,0.317896446399647,9.623213926335104,1.534374066233327
68,18,UCB,5,22,8.75028942773546,10.715255385577803,2.2516458344541728,2.584654707511861
68,18,UCB,5,23,11.729416287461117,10.80726910741364,10.538938126646746,3.2941292422009085
68,18,UCB,5,24,0.27293335945080266,10.715503787567863,11.147173378229438,2.4883421457623767
68,18,UCB,6,25,4.198337424729395,12.023393885467131,0.04893275812571096,2.8134954627437945
68,18,UCB,6,26,12.857933858260443,8.758529868647187,11.895594536764312,3.0655042666480026
68,18,UCB,6,27,0.3527732525214544,4.754005965742186,5.13437351523564,2.5628684158275754
68,18,UCB,7,28,14.905550167054718,7.654953269379843,9.938499343955009,2.128488546923846
68,18,UCB,7,29,2.839356344209312,14.954319317779921,2.41070344919335,1.4845327413244132
68,18,UCB,7,30,13.317629068650513,13.813002422505548,8.54312308715458,2.1747547940955636
68,18,UCB,8,31,2.7524755634825238,6.650335651442218,6.315444345142078,2.425290523227866
68,18,UCB,8,32,11.542099563852949,6.651477069071279,8.99692995905375,3.0308863604334615
68,18,UCB,8,33,5.011059940043722,6.650113881306062,13.186003690258662,2.70586845325893
68,18,UCB,9,34,14.550034944099115,11.341036737789759,11.410834991538096,2.5202430200889463
68,18,UCB,9,35,9.839901924577068,8.16955334949414,4.179304951304709,3.4376930076684737
68,18,UCB,9,36,4.333408146559433,6.462731818944166,8.460452682620328,3.2598329530742607
68,18,UCB,10,37,14.901858786301728,6.727238614951506,14.651257030044784,1.1859672013859772
68,18,UCB,10,38,0.5709528199697911,10.815127353941337,1.2198453014330857,1.7602466315031502
68,18,UCB,10,39,0.14870990050141697,10.816437514050977,10.34739149489566,2.373727460764969
68,18,UCB,11,40,9.15117959791439,14.775834226105772,4.532108611700745,2.475917838205837
68,18,UCB,11,41,7.937239997448492,6.586910718247526,5.030986311741432,2.976481167584886
68,18,UCB,11,42,10.689875140700595,4.081498620111846,10.898114853758342,3.587022766531947
68,18,UCB,12,43,0.349406310644203,3.869750682843149,10.899490273341266,2.790030918113179
68,18,UCB,12,44,10.68481826128495,3.8439172538931032,10.899923768198555,3.554858343916542
68,18,UCB,12,45,7.729986331572966,8.536444458013108,4.177336803442375,3.4731259464278383
68,18,UCB,13,46,9.010953132619766,8.66113153633014,11.377254903155617,3.1837352950076196
68,18,UCB,13,47,7.652220360472494,2.094009890677155,8.1734953275222,2.5032515091489715
68,18,UCB,13,48,11.080084705587229,5.91100300749734,3.283684063083894,3.0463555999925616
68,18,UCB,14,49,14.730016053399828,5.058739685436961,11.316055778636732,2.3912172332949644
68,18,UCB,14,50,0.1620826351599236,7.9055140881161385,4.381436810727562,2.685361109238327
68,18,UCB,14,51,7.31210558087458,4.967683347252696,12.218321522458211,3.2006023743582315
68,18,UCB,15,52,10.09475702568422,6.7483086632250355,10.077170797325707,2.8630504115792874
68,18,UCB,15,53,0.14781098787164493,1.2432923968012894,12.164505449058108,1.742107443771382
68,18,UCB,15,54,10.100287246781944,1.326858401435893,12.495245066163557,2.3807574760141734
68,18,UCB,16,55,8.762149618861079,10.312723157553213,12.372238451222705,3.0980785769392947
68,18,UCB,16,56,9.002736818574856,4.400183777950025,10.657385514576205,3.4381697616212135
68,18,UCB,16,57,10.27682202812005,2.9915541016078824,3.994995948083737,3.337225484560977
68,18,UCB,17,58,6.56809346502479,7.468317570308486,8.988250611332752,2.84832805956529
68,18,UCB,17,59,14.99577153792997,4.420408631226466,3.9724918992902323,2.8970811641496454
68,18,UCB,17,60,8.561755048273888,10.659799855658509,3.5894366539814806,3.3855953972840287
68,18,UCB,18,61,9.361719095888564,8.67804795029347,10.760863597642718,3.08306836846233
68,18,UCB,18,62,12.565241606659583,14.28713782517304,3.024721450201829,2.219572969808765
68,18,UCB,18,63,3.086618886695801,6.784772075091215,7.702946903408099,2.8814868216739136
68,18,UCB,19,64,11.504289171329653,1.4181777340974016,2.6604310222379777,2.218213804977367
68,18,UCB,19,65,7.503477288713752,12.019828004466648,10.484088367208345,3.1774540411126484
68,18,UCB,19,66,0.13727483022301257,5.245940492261329,9.001493222369596,2.2581628522243236
68,18,UCB,20,67,10.038776972439434,14.776309845834108,10.583543273284699,2.1931250459729426
68,18,UCB,20,68,10.224572429359556,5.257186396761864,11.65502229484888,3.1546304631601334
68,18,UCB,20,69,6.729355513434513,4.5443887819486575,4.048019920471203,3.620762330749901
68,18,UCB,21,70,12.252878763464711,4.1467956177677445,9.232473744078375,3.505637848210986
68,18,UCB,21,71,10.761043824353584,10.062039254213857,4.8204365648706995,3.264116587308335
68,18,UCB,21,72,5.928051365575716,3.1983453585564954,3.652459916965181,3.1859305328718337
68,18,UCB,22,73,8.137728752930379,5.243952196475382,8.098058598426462,3.068548931962355
68,18,UCB,22,74,9.885246243571647,11.08927772401641,8.870565465701956,3.1174684763555005
68,18,UCB,22,75,14.58011077233011,9.143794955126955,3.63756658835584,2.5096027018672986
68,18,UCB,23,76,7.155646569455824,3.2012709628576017,4.917757973122475,3.1532623915925084
68,18,UCB,23,77,0.15214555549801279,13.121876008567416,13.613360739122054,1.5917607987473126
68,18,UCB,23,78,11.054362152688432,4.095584047540939,9.970908133363327,3.5281754593424575
68,18,UCB,24,79,14.571345747284292,5.356538929907076,7.855643472313218,2.1742941651240217
68,18,UCB,24,80,0.04707458256888564,0.0013910401307359876,0.13237428756663894,0.7752332833440052
68,18,UCB,24,81,8.786647680312148,4.689731876423378,4.0182431981527715,3.6974957332865515
68,18,UCB,25,82,8.068001419385727,10.783228368689828,8.530930435653394,3.1515998196006474
68,18,UCB,25,83,7.965229751264923,10.599114457718581,2.1371213605807196,2.5475605711334435
68,18,UCB,25,84,8.232439079726044,10.934600769010418,14.96051172877398,2.263017532931796
69,19,UCB,0,0,6.305681935938913,13.888040172250555,4.108049818474232,2.6667593984216253
69,19,UCB,0,1,0.9007290618378999,4.658151874696679,10.772778868081154,2.6977715734370045
69,19,UCB,0,2,11.714483726522747,8.080497541193894,4.674981267357308,3.4735398894929705
69,19,UCB,0,3,13.745245940837243,13.921132672794862,6.547814635592413,1.7502031266539664
69,19,UCB,0,4,6.145389036232025,9.198678387418612,10.704195981108837,2.8636187333511276
69,19,UCB,0,5,9.301767698495787,6.4944310457420436,6.628471311678256,2.680347383678167
69,19,UCB,0,6,9.689926701613219,13.767956833009872,0.7193523304631838,1.786976138355374
69,19,UCB,0,7,1.3446551785219574,11.423146624157338,6.895460301899329,2.424843286518883
69,19,UCB,0,8,11.65729857134558,8.090895484786092,6.927930221033626,3.1179661960115848
69,19,UCB,0,9,14.312621568202283,5.525663417646697,9.705218274721009,2.133615303528225
69,19,UCB,1,10,14.948312532528986,5.5496839732102545,4.411062391215798,2.367772132068972
69,19,UCB,1,11,8.546364943326457,10.862835896176119,4.923326114588118,3.26770307284863
69,19,UCB,1,12,6.386575697535905,5.456651415157153,4.423798809033258,3.0950672740254794
69,19,UCB,2,13,11.860260856175314,0.7091196544274148,1.4030386690625007,1.8512132781739477
69,19,UCB,2,14,11.77539622744181,14.919028590699643,0.964605005921077,1.6378617594405147
69,19,UCB,2,15,11.80119161786507,5.655365961127631,0.050434959841485494,2.2684422688840065
69,19,UCB,3,16,11.685563701855532,1.2225160774537136,5.578167087499193,2.391247704617692
69,19,UCB,3,17,11.648542671327155,9.150889975312879,5.5170257693070255,3.045976583104725
69,19,UCB,3,18,6.529451611672567,14.402082077228819,5.089263924398543,2.150748813390049
69,19,UCB,4,19,7.214916971777266,8.851753816146026,4.358829547459136,3.358537704327507
69,19,UCB,4,20,13.158669942667855,10.37995128763461,4.392303453297699,3.1564796636411576
69,19,UCB,4,21,1.0813492931941209,8.037225570327656,4.553776838290958,2.7110137153735225
69,19,UCB,5,22,9.693957835235782,8.06422203245481,10.28953595475026,3.0271782985251905
69,19,UCB,5,23,10.297808693812014,8.062348358487988,1.382035202704897,2.4131822400811176
69,19,UCB,5,24,13.486848691705667,8.068947170065638,6.250245485394748,2.4549030615915783
69,19,UCB,6,25,11.724997648039524,9.485355757416894,9.367388939226364,3.1264429100255513
69,19,UCB,6,26,11.677437990634393,7.865936052699754,0.30357038440066764,2.4884809274429878
69,19,UCB,6,27,7.261066947373115,10.644908820721753,3.210472643879274,3.088943238133832
69,19,UCB,7,28,11.807146179471403,8.544563158901305,6.408696069569141,3.0193778275121126
69,19,UCB,7,29,7.241996751152929,5.817933011398451,2.913971011617213,2.638729242946771
69,19,UCB,7,30,7.121169928411048,11.63679528062629,3.8184015840503545,3.4962259141285346
69,19,UCB,8,31,10.319835898623907,9.297014758104922,4.0190411718574905,3.4207053093253625
69,19,UCB,8,32,4.454100202548361,10.551696498810683,4.055649739839231,3.8249923812748325
69,19,UCB,8,33,9.98050883670401,10.57535593139434,8.485735716696553,3.067762745697294
69,19,UCB,9,34,3.8620291710996835,3.557810354579863,4.034065429525819,4.094740074665124
69,19,UCB,9,35,4.214876651417271,11.945357124360921,4.022788022157026,3.9852186719668277
69,19,UCB,9,36,8.095862207327178,7.943733628060988,3.8480180462180207,3.468128877578155
69,19,UCB,10,37,6.6121980329903245,6.83566624640994,4.028939830048425,3.1701542646473895
69,19,UCB,10,38,0.5289122243037786,5.442105552637689,4.029191462329813,2.6447627818180597
69,19,UCB,10,39,13.153797554738214,9.308866388026438,4.027786301805656,3.1652245707597633
69,19,UCB,11,40,3.095838392918187,2.0518706695964655,4.270458883594166,2.8232241089926866
69,19,UCB,11,41,0.8019616468152585,11.464028989273386,3.2223671640408122,2.5710323665363015
69,19,UCB,11,42,0.05034760934441329,3.0487869858698424,0.6930024878169011,1.535598360204287
69,19,UCB,12,43,3.967050764011682,8.332067077067846,3.318561606387151,3.5890089584438023
69,19,UCB,12,44,4.1602958566159,2.9513733217033487,3.345230890281179,3.453488736067424
69,19,UCB,12,45,3.808427333949625,13.321132645586886,4.930036128412092,3.203907324535429
69,19,UCB,13,46,4.227985183235998,1.2274745250547614,4.430111777070483,3.134260861322316
69,19,UCB,13,47,4.187573380479167,7.596266344400583,4.335134395361157,3.8204918648674018
69,19,UCB,13,48,11.156922936303,14.434295872987931,4.444995829263842,2.7329150154005015
69,19,UCB,14,49,3.718300042891256,9.765348153567396,4.076906438789125,3.7502305381435352
69,19,UCB,14,50,3.7079926625982336,1.5939186918284287,3.6891851975151018,3.056387033081025
69,19,UCB,14,51,12.097259487125738,14.048904557815659,4.7555088418255504,2.723191987111231
69,19,UCB,15,52,4.463259979004544,4.6082432432044005,4.15659321749262,4.071461890837346
69,19,UCB,15,53,3.8532623172338916,12.943084292431688,3.261229839053743,3.34517005969686
69,19,UCB,15,54,10.94398813422964,5.860996873960339,3.7308204147103314,3.274822421213803
69,19,UCB,16,55,4.512752134934685,3.8844677085651407,5.26127761478599,3.7173092111141033
69,19,UCB,16,56,4.808494733614959,11.40357803611234,5.311357173739411,3.320762885712398
69,19,UCB,16,57,5.3161005424924355,0.06927242192869942,2.352816649815279,1.7515817093529713
69,19,UCB,17,58,3.604029134135865,5.542802118670053,4.014645066052575,3.5984956724081902
69,19,UCB,17,59,8.24060383219695,13.886477365735203,3.6776357674644506,2.8043831555718786
69,19,UCB,17,60,11.487749553554593,8.652685991565743,3.3989977008341645,3.3759616307021134
69,19,UCB,18,61,5.75881111753387,3.375213987508872,4.37812472974006,3.3808915674305693
69,19,UCB,18,62,3.028849835990699,11.659048114543646,4.449957330038686,3.460913352451267
69,19,UCB,18,63,14.8917766502861,12.221684532606844,3.192512070647275,2.284534817763846
69,19,UCB,19,64,3.210351234890012,4.466354597847183,4.470074087467756,3.766753946313508
69,19,UCB,19,65,4.76010536195897,11.451894653898512,3.1106107478689644,3.381101172335479
69,19,UCB,19,66,9.941365162927742,7.360647419431311,4.632222511836128,3.2516681928691082
69,19,UCB,20,67,3.355363835342251,8.798593969754819,4.615258784133386,3.4695981405114624
69,19,UCB,20,68,3.8607513797941353,2.996690935284053,5.509319589311223,3.1951496790756675
69,19,UCB,20,69,4.2521244863916525,14.79320391895324,5.49477424487676,2.451491137697471
69,19,UCB,21,70,4.0812526738726085,3.8690507264418557,4.410662273757031,4.191121868806762
69,19,UCB,21,71,11.393313960543274,12.183249893345076,11.090084719400815,3.39554310611977
69,19,UCB,21,72,4.945445840902386,11.89624348088169,4.268376321113178,3.6943972174074773
69,19,UCB,22,73,4.82886303254794,7.502269006727648,5.4673083370453055,3.0938644060723575
69,19,UCB,22,74,13.609246327140795,12.392551567686953,11.31487623337331,2.760168156558256
69,19,UCB,22,75,8.542611501918191,14.724698884453877,9.695836198592975,2.171953419601346
69,19,UCB,23,76,5.464381978984863,3.8743067583919544,0.15921975775921082,2.571465895906755
69,19,UCB,23,77,5.64188337366229,3.8721172563502777,8.507611779598887,3.2821171891311245
69,19,UCB,23,78,6.784419720081097,3.876980937044172,4.49362558708227,3.627015720561321
69,19,UCB,24,79,7.663479115144427,2.6910323854625333,5.375465024048201,2.661101426327078
69,19,UCB,24,80,5.009938430942049,8.073796912075004,3.7207520923085315,3.4913818574704196
69,19,UCB,24,81,10.449641009608278,10.871369484307458,12.304968700623842,3.208768879604478
69,19,UCB,25,82,3.953717037902906,6.332759657710297,4.406898268227515,3.6030324104264504
69,19,UCB,25,83,4.059688591583451,12.586332269716785,4.1992919005623355,3.8357363777479128
69,19,UCB,25,84,4.519455340301858,0.3961882530583466,3.478272113956669,2.867589257013462
70,20,UCB,0,0,4.2011394394523895,6.917200647044132,1.8257953886466283,2.717708018570864
70,20,UCB,0,1,7.839125275783988,6.137526131613074,1.0745932080699738,2.1872086838167673
70,20,UCB,0,2,1.4845001372779771,14.794325459501204,10.4110182353638,1.5414939145492244
70,20,UCB,0,3,6.73032690394678,9.60265212884643,4.057332846817459,3.273563445017652
70,20,UCB,0,4,4.528109504729433,1.1001310132745645,0.7887835668373977,2.0197765427452827
70,20,UCB,0,5,12.112126925317034,12.199580036845244,0.0745741868912686,2.493973916524582
70,20,UCB,0,6,4.950830161462462,1.3363028491644373,7.019203616841655,2.416600049978821
70,20,UCB,0,7,9.265341898200745,8.265720944291333,2.0109280871735846,2.452624927321804
70,20,UCB,0,8,10.536642548776433,9.194541089763723,7.011380364684423,2.9595935204104453
70,20,UCB,0,9,4.456907105158894,13.77590826026294,1.2515954701346983,2.189459232565757
70,20,UCB,1,10,1.683498148677534,12.905916387844096,3.23235188704865,2.3254149958213564
70,20,UCB,1,11,1.6364653843199854,3.009415072526363,3.2317539353095572,2.3716799077209774
70,20,UCB,1,12,5.323501521852224,7.588507332525468,3.3915659094500636,3.1468199515625086
70,20,UCB,2,13,8.19650182340687,1.8738932774422523,3.4845336657112465,2.67847626652679
70,20,UCB,2,14,8.371808797508717,10.248318277342737,3.5528024802070766,3.320152930782773
70,20,UCB,2,15,4.687159922517464,14.801711660083571,4.7115229461982056,2.6603457557348875
70,20,UCB,3,16,11.396138214210147,11.485186238608089,4.731219193653294,3.5628042143763086
70,20,UCB,3,17,13.958648821974153,5.4632464089977155,4.993754905795474,2.4116040520913273
70,20,UCB,3,18,8.465345680483916,5.771347351241847,4.618594104334676,3.1533408949209436
70,20,UCB,4,19,11.370937823881311,14.899851759642559,3.898358490925352,2.6899758600915575
70,20,UCB,4,20,14.845476633093739,14.537158176111447,6.885839304466521,1.2532167531978224
70,20,UCB,4,21,9.43220693750817,14.761765744188427,7.610152337833997,2.1491857770801124
70,20,UCB,5,22,10.095507872720729,9.666433583414786,4.684577351182131,3.231652869125192
70,20,UCB,5,23,10.170984505436312,0.8577909073343337,4.6926920963580585,2.5999441978874778
70,20,UCB,5,24,14.965870113858312,5.156268362897216,4.734092481392477,2.3856990247920242
70,20,UCB,6,25,8.428651404729198,11.406583098025083,6.954433465942771,3.1101852986230307
70,20,UCB,6,26,14.928544458911157,11.400244562338475,2.583463443736286,1.9305439163965437
70,20,UCB,6,27,0.8776347126426709,11.388654710902081,6.733567255490009,2.3762447062815877
70,20,UCB,7,28,10.346170356405464,8.338879362881283,4.733108755338302,3.2964758139997077
70,20,UCB,7,29,11.980969280634785,0.22566385802150812,4.734787436233583,2.6640934839335233
70,20,UCB,7,30,7.4221906695191535,14.406435288027968,3.5582727160245358,2.515098206420417
70,20,UCB,8,31,8.243093729939487,12.159814612048065,4.7294404702782185,3.3980648964347897
70,20,UCB,8,32,7.370711778557531,1.245889960826661,4.730232389036521,2.581648394222646
70,20,UCB,8,33,13.893251690625085,1.7848312823255434,4.727896302376196,2.057018245568301
70,20,UCB,9,34,5.244306316701806,7.143343325729515,5.234764222903777,2.928355981229042
70,20,UCB,9,35,11.3133506554324,7.172141423591652,3.7995267605155063,3.4830919723242655
70,20,UCB,9,36,14.955666658614911,10.618874162037713,6.15351100663099,1.9805864184457043
70,20,UCB,10,37,11.538239494110755,8.876335092262257,9.148598773288409,3.1704139569439813
70,20,UCB,10,38,11.551572997770661,9.06405878466232,5.723265691139835,2.999553251512979
70,20,UCB,10,39,11.489362809057297,9.340324587731992,12.66576645272086,3.1153634028817
70,20,UCB,11,40,10.143902072469963,12.192470122895143,3.654344177825412,3.4311589056666887
70,20,UCB,11,41,10.066674372482389,7.257241225054692,10.824494209857926,3.0443713480195225
70,20,UCB,11,42,3.756118999634557,9.206248352556681,3.0735999332026473,3.3209222414136037
70,20,UCB,12,43,8.226468516274904,9.809720295737579,10.679522274776776,3.082787817400762
70,20,UCB,12,44,14.807449092083525,7.917266357690801,11.268446556649765,2.3295355424259583
70,20,UCB,12,45,10.037963951344343,11.603995719627152,5.089668108734251,3.2165418523699674
70,20,UCB,13,46,11.234220092032128,10.014763819653213,7.361302121647771,3.112785596274336
70,20,UCB,13,47,11.191199004462458,10.649541717028104,2.0977332709399334,2.645746445804266
70,20,UCB,13,48,11.195780606021227,9.370544814816254,11.75111578891763,3.2863026229389067
70,20,UCB,14,49,11.416612895702922,7.493309910318109,6.529846370980003,3.0018229345979686
70,20,UCB,14,50,11.394458145827429,8.519194744523409,1.124057796032814,2.543877407021715
70,20,UCB,14,51,10.235302185947111,13.078909049777536,10.380191026411358,2.822384633757202
70,20,UCB,15,52,11.201609710474486,6.2843473386854525,8.32991453187794,2.991510757142542
70,20,UCB,15,53,11.240627741012315,5.371853968217726,3.586318374340609,3.371756157361899
70,20,UCB,15,54,11.215506528047388,6.034855023720663,13.376308017177422,2.6013509832076656
70,20,UCB,16,55,6.27443086668868,11.436827613326646,6.507728603446665,2.8126935970772453
70,20,UCB,16,56,12.094822725358792,11.359750321103153,10.501234731485157,3.322712854196787
70,20,UCB,16,57,10.154994742288006,5.522972022645258,5.417366919369526,2.7998349404666216
70,20,UCB,17,58,8.120204936388424,10.750289853702947,8.195705539809174,3.1562006075607796
70,20,UCB,17,59,12.020001410224808,11.890151156174522,11.971775259534263,3.4437193247962137
70,20,UCB,17,60,13.278511183101028,12.416755963322693,4.4077986771872615,3.1260532670153194
70,20,UCB,18,61,14.113907247719558,13.758985109555773,11.863890816408707,1.9838818378456469
70,20,UCB,18,62,9.017099505945437,11.955269424563141,13.150629646202283,2.9119645541121777
70,20,UCB,18,63,12.312982109304897,4.522252419920134,1.6494697737770903,2.7881066445958935
70,20,UCB,19,64,7.7271793344564585,8.60018705543278,5.39813472532572,2.9764486623640733
70,20,UCB,19,65,11.489418048495956,14.113654065811984,11.618133909517374,2.673920263959489
70,20,UCB,19,66,9.123985017521411,14.711523171299397,3.672879715328665,2.4951541311486736
70,20,UCB,20,67,2.1775235407017464,8.078623214603313,3.913703936638415,2.9167726408171144
70,20,UCB,20,68,11.692711175805446,11.359257361821525,3.8573466789644955,3.7170417737207178
70,20,UCB,20,69,10.614755081749179,11.203508479718321,11.535103350875847,3.360673212907859
70,20,UCB,21,70,12.048184652705983,12.228592147846612,14.339937504927578,2.504601773837655
70,20,UCB,21,71,5.7747664449274465,6.807695598066487,11.147915062971983,2.847881111873182
70,20,UCB,21,72,11.999780259475738,10.468652764945185,4.108683097411253,3.6000121890690364
70,20,UCB,22,73,5.147008955876398,10.335929420124618,14.77185535128189,2.2046279116011402
70,20,UCB,22,74,0.47865275761666326,0.17590558523569055,14.767837938302463,0.7377688018692207
70,20,UCB,22,75,0.05076212025581173,6.199301963782072,14.98864142151611,1.1788326554173085
70,20,UCB,23,76,9.094273913625587,1.2573845523629745,11.307530897493875,2.5051027807150135
70,20,UCB,23,77,14.96759103347048,0.3311125831869949,14.99642436668081,0.5233254784136809
70,20,UCB,23,78,0.02899634233538062,3.8759999314711866,8.660983183612526,2.6779590124442585
70,20,UCB,24,79,0.24447377635870793,9.074417837509653,0.04706246237943856,1.5363436894788416
70,20,UCB,24,80,14.40205991455318,0.08630986400336826,9.261749992459109,1.4965221104769435
70,20,UCB,24,81,7.516560958843363,1.8548014274975628,14.997058856760425,1.5124968349263843
70,20,UCB,25,82,14.488719922376767,10.618529766687399,12.160815248081423,2.3948591253060503
70,20,UCB,25,83,14.992550438511971,6.385209673082749,3.0055872881314483,1.8556399778636026
70,20,UCB,25,84,6.042050880066435,14.916651989435506,13.155481473574977,1.6895259093783817
71,21,UCB,0,0,11.716763832262064,9.08770544356452,10.647017856126377,3.223317302256693
71,21,UCB,0,1,1.3364680938331341,9.460716238108565,14.712160533366792,1.5062577780019513
71,21,UCB,0,2,6.351077585396341,1.686046250210134,14.373996680487636,1.4530948653056994
71,21,UCB,0,3,10.139732773825601,2.9578910391741835,10.080888847901806,2.873925457115389
71,21,UCB,0,4,14.891124416048894,3.142282110097428,12.807896977688,2.058338526219041
71,21,UCB,0,5,10.483661778410251,3.325125413651777,2.7715759838289182,2.9357563533434563
71,21,UCB,0,6,14.3123554827077,5.106562914060077,6.620917485291803,2.1839201907101753
71,21,UCB,0,7,9.841310276166057,6.6045285555231645,0.003967559706777868,2.0841170178231585
71,21,UCB,0,8,3.9038380556747083,7.083532420685154,11.419026660671266,3.5027617269498394
71,21,UCB,0,9,9.095795109976418,6.452925439122495,2.8654269515097672,2.650135066453389
71,21,UCB,1,10,1.1443379275291399,14.957933989270005,11.601798214890922,1.641187011044198
71,21,UCB,1,11,7.774913850645278,14.958295290076656,11.588033522408045,2.3133783120776013
71,21,UCB,1,12,14.336338597005897,14.876735458484339,11.621717378133154,1.5693160492975773
71,21,UCB,2,13,11.08712448920052,0.3272994741265878,14.835036451075265,1.5591307697301753
71,21,UCB,2,14,10.97219677954649,7.558885919142245,14.48433987709872,2.3405461392766957
71,21,UCB,2,15,10.957422662230183,14.838804829116356,13.576184505367108,1.8124194613678828
71,21,UCB,3,16,6.632008678122415,7.91695069876106,10.292796828372355,2.905496441967884
71,21,UCB,3,17,0.9518958618977802,4.424936750903667,10.367023720871389,2.7341359778059338
71,21,UCB,3,18,13.183395204644125,7.333093605268736,9.401264205351062,2.7048579237437766
71,21,UCB,4,19,8.211472200182603,6.5008980468619715,11.465593964741277,3.041528835808205
71,21,UCB,4,20,1.357746736288456,5.220306389341045,11.878007294016028,2.5160833478983933
71,21,UCB,4,21,14.967800136443948,6.354185272288523,10.6852655570617,2.003243409910965
71,21,UCB,5,22,4.907845880278882,6.387815960431816,4.319222226668914,3.3712666944370167
71,21,UCB,5,23,4.9047217242358645,6.4098245687374,13.489160999185994,2.583724691627176
71,21,UCB,5,24,13.053737433344928,9.953780843483004,2.7177709117983753,2.5151110119777034
71,21,UCB,6,25,5.286672738951615,4.883618108158363,4.284011770090782,3.537199544240948
71,21,UCB,6,26,5.963208562210578,8.048918849051287,11.985605706692928,2.990882393129976
71,21,UCB,6,27,13.304926238554632,9.61917742486135,9.203937048637595,2.6555193194451503
71,21,UCB,7,28,3.9123961998675627,3.0218893680135834,7.426074841158362,3.327345501382178
71,21,UCB,7,29,5.259582483781622,0.19017927241229582,1.9210549932503467,1.6640973157934442
71,21,UCB,7,30,3.2914144129731397,8.968679885080196,8.626323228453252,3.1489043404300086
71,21,UCB,8,31,7.089593800071691,3.772909741413521,6.118491868492245,3.113329613733665
71,21,UCB,8,32,10.441713999516905,8.804465003197622,8.626260473889838,3.0728641007928426
71,21,UCB,8,33,0.62421789514508,5.731180771170151,5.605409276435716,2.017013872490284
71,21,UCB,9,34,4.1385096968868655,4.80601856535087,9.93563485914037,3.607883622369461
71,21,UCB,9,35,13.055710087739948,0.17883388513470877,1.8639714643170864,1.4765112017273436
71,21,UCB,9,36,10.467214109361452,7.2106007574133315,10.989456331303472,3.104758143123787
71,21,UCB,10,37,5.023340762284846,5.635237127154636,7.486620166469262,2.9451218609964123
71,21,UCB,10,38,9.741711755714876,0.14933880193946703,5.647698199025661,2.096383673506529
71,21,UCB,10,39,6.092481796247681,7.476745202769858,1.4937093750220387,2.166359483955733
71,21,UCB,11,40,7.655954900983711,4.699145244756307,8.920887019357465,3.2808970787867784
71,21,UCB,11,41,1.8102904100580903,6.943087466364448,6.601668074119575,2.1577919811894497
71,21,UCB,11,42,0.1380247045388694,7.71918637307601,13.138730685524962,2.0573173859129326
71,21,UCB,12,43,6.662080435924583,6.917679128984567,8.669041455237954,2.796415954076937
71,21,UCB,12,44,5.64813629105041,7.31199220048151,14.94442290313961,1.9470367690465529
71,21,UCB,12,45,3.7136146358248734,4.236799042643746,3.7647578728919284,4.1276256472174575
71,21,UCB,13,46,2.515219152993837,4.635373678955881,2.0843168095936444,2.3394934068973137
71,21,UCB,13,47,5.877246023840246,1.7195569154275332,9.412598639350984,2.173765763353442
71,21,UCB,13,48,0.41484959026590995,0.25166919625251916,5.594730899683128,1.4475849985009606
71,21,UCB,14,49,9.946689670438788,1.8216568328803684,3.7483501275377327,2.7374743793847207
71,21,UCB,14,50,14.135913356517925,8.480830424634014,3.770030377817321,2.737335489787263
71,21,UCB,14,51,2.4178932349418325,2.561446269400733,3.782816767412012,2.571658248056224
71,21,UCB,15,52,4.105894324345785,3.4585671686326163,4.713358310896231,3.8946428690278108
71,21,UCB,15,53,3.1927674419883534,3.6896734715709996,11.226044884179666,3.5318863942788123
71,21,UCB,15,54,8.701161347063554,6.569594741730142,8.131911558333714,2.911220819590355
71,21,UCB,16,55,4.331981208038397,4.5768851530367165,2.0672941616648757,3.142382261519049
71,21,UCB,16,56,3.2528702042600957,5.044829587891738,8.802269008001474,3.1898847555224537
71,21,UCB,16,57,4.641098371361165,11.048966018672912,10.658163608023303,3.4641422639097703
71,21,UCB,17,58,3.6351294908416003,0.7961165866693526,3.8544456306233474,3.0468331328235507
71,21,UCB,17,59,3.5344976969741286,7.0412677984833145,4.401390802502109,3.5701829445024518
71,21,UCB,17,60,3.7063567578084067,0.3006431993959663,11.115344876143022,2.7635759769232724
71,21,UCB,18,61,3.9682862047952043,4.774180700268374,3.8973118951728543,4.038169337055475
71,21,UCB,18,62,4.169680032193353,13.972744306353768,8.383561264987087,2.8519299186669334
71,21,UCB,18,63,4.5288704184843995,7.991169642489532,9.93465842675381,3.3502063155038364
71,21,UCB,19,64,3.4650098255578072,4.599996544125505,4.641442306173255,3.809893932206582
71,21,UCB,19,65,5.52210786701317,13.617471227970356,12.050655305109682,2.5650518907898263
71,21,UCB,19,66,11.552240785620008,5.4713984476366715,8.950548325527928,3.072189354610002
71,21,UCB,20,67,3.601576852154458,5.113834271462954,3.392069816716531,3.5309790394792713
71,21,UCB,20,68,3.259595736687342,12.519973849522252,3.8354051779004017,3.5045901670060067
71,21,UCB,20,69,3.55946049414754,12.081555631207298,10.81228286055082,3.4946490332793356
71,21,UCB,21,70,4.265820278644829,3.29288205192095,3.4849840049698457,3.7630288414998487
71,21,UCB,21,71,3.8541997833036907,9.781727172784505,4.968487920326647,3.49200356063342
71,21,UCB,21,72,3.324060285910051,9.585234801686106,11.142246260977432,3.247692910011703
71,21,UCB,22,73,3.237555363406674,8.632450917814067,3.402998459560872,3.2965688937061377
71,21,UCB,22,74,3.5916235132792718,11.451286202256583,8.820689470741144,3.471785269294884
71,21,UCB,22,75,3.2794303283354376,14.488483731689442,2.778723933813969,2.097171504731702
71,21,UCB,23,76,2.4226886856753156,11.45933398550197,5.49022203945768,2.6214471511001296
71,21,UCB,23,77,4.421566791726925,4.161096813945049,4.037645603146514,4.209139994370694
71,21,UCB,23,78,2.441530959535596,2.410910567567491,9.768199372409384,2.111130083694769
71,21,UCB,24,79,4.699978394102173,8.219216106947874,5.491873600494471,3.1889160809054755
71,21,UCB,24,80,4.800226275795623,4.413916549542974,11.760553347601896,3.741662737954311
71,21,UCB,24,81,1.9560214647593095,11.009017560336709,10.247571020849403,2.5361072562159164
71,21,UCB,25,82,4.496178043090514,11.31208306118568,3.3387227734237634,3.6421496573872383
71,21,UCB,25,83,3.6099221603720837,4.701664842675295,12.062766409225102,3.6926521138585304
71,21,UCB,25,84,4.117970582531249,4.25812264009226,4.112162017864732,4.252634104407031
72,22,UCB,0,0,5.4952037314811415,2.989430690626244,1.3283755989191837,2.1586260618858195
72,22,UCB,0,1,9.7978753140138,6.890055671159201,14.815134283203024,2.027313583579785
72,22,UCB,0,2,12.77352104776696,12.554419848555668,0.7715815121288899,2.269873230041228
72,22,UCB,0,3,8.330177330423108,9.11196789529001,0.7521194260962444,2.3684996408705294
72,22,UCB,0,4,7.159919290608433,4.94345713957603,3.2472852268032715,3.172473335620448
72,22,UCB,0,5,11.955250991049661,6.313483346093988,1.5477466279666334,2.3327019355547236
72,22,UCB,0,6,5.536059278253402,13.722666400462666,5.843957321106811,2.1947909432337314
72,22,UCB,0,7,2.8100378836972344,1.0010423257026009,7.682573375919862,2.1531699180088126
72,22,UCB,0,8,10.01333977365762,6.192143764039176,12.724791057359866,2.7393772654071027
72,22,UCB,0,9,7.8673359472017514,11.961514620370984,8.477286052589523,3.2146682124643995
72,22,UCB,1,10,10.342988185657699,12.494612537338941,8.797015151786795,3.0623414638456827
72,22,UCB,1,11,10.631741332566287,4.724882555210164,8.797546772177887,3.317303420221597
72,22,UCB,1,12,6.255406395867615,2.728757849058969,8.799338663897325,2.5598124641945486
72,22,UCB,2,13,7.60135238062044,11.15051098246831,12.80982437317259,3.0563769932666203
72,22,UCB,2,14,7.601152505386243,4.6529441158156555,4.531800233830964,3.6175943645541575
72,22,UCB,2,15,7.601665535502561,12.955621169658876,0.9844945957309625,2.2089207245517555
72,22,UCB,3,16,10.09965425130398,7.700316302959854,6.254075596667362,2.8249262477050605
72,22,UCB,3,17,5.706204533906864,7.7360788899680735,6.210301718064781,2.669297742643644
72,22,UCB,3,18,14.342054680982969,7.671639888754215,6.23236194972035,2.0933349614178107
72,22,UCB,4,19,7.046727345098975,4.52756466788578,8.314326831388218,3.301061597413944
72,22,UCB,4,20,10.193417946589367,4.528603436463144,3.7092949122132746,3.678871955695115
72,22,UCB,4,21,5.982963010822893,4.386458332264197,1.575563634802264,2.553127688174213
72,22,UCB,5,22,8.83277167493195,4.382840140875136,3.489196070684084,3.633824297215984
72,22,UCB,5,23,8.87926242069582,4.361894194207942,10.255942598807424,3.403988162747952
72,22,UCB,5,24,10.115683243968116,11.877813611622779,14.153370717354614,2.4800765254275507
72,22,UCB,6,25,10.311562237569463,3.2701150859722885,5.110175721626172,3.1676234512368087
72,22,UCB,6,26,3.6681988977796705,11.114863007772028,10.95304258005662,3.56563074089053
72,22,UCB,6,27,8.839243172568036,9.928416503833963,9.432635514608524,2.975548815384162
72,22,UCB,7,28,7.046853051222404,1.5428856814805525,3.9564183110027824,2.7128387538118712
72,22,UCB,7,29,7.193801897943303,10.194987347696959,3.949402074986455,3.370978565741714
72,22,UCB,7,30,10.820148393003958,0.13164746183602916,8.17313835775781,2.394197891386323
72,22,UCB,8,31,3.9645326915891403,10.620107573608346,6.971225790795316,3.3886179769136833
72,22,UCB,8,32,1.8774119565107923,10.410712930526497,13.076278330830268,2.2221898498986
72,22,UCB,8,33,9.984711620053115,10.83361579747095,5.77896088030469,2.898755165024084
72,22,UCB,9,34,3.1759035459006375,12.056356130861971,10.224221059306329,3.1781303099385285
72,22,UCB,9,35,9.782113720837083,4.388221086161211,5.399084318486816,3.2799581391837047
72,22,UCB,9,36,3.0586126640377054,10.613001474582617,3.5260266126178026,3.2715031948453808
72,22,UCB,10,37,7.857251271899713,11.261653048442522,11.02719961862646,3.2952477820770136
72,22,UCB,10,38,2.3566823787757403,10.420501998651567,9.588692386951415,2.54008214235936
72,22,UCB,10,39,12.337585082366154,3.5531986738541232,3.343236891944655,3.501673844582074
72,22,UCB,11,40,2.6787083743649824,4.381799589957133,10.990789301511803,3.1936137148626287
72,22,UCB,11,41,9.926683544957347,4.3816776715885055,13.258535178142633,3.0729755716732785
72,22,UCB,11,42,13.067412713291532,4.38165691969271,1.1446474397072652,2.5330525903224403
72,22,UCB,12,43,3.6159151777161846,12.357489131229732,11.567795544093105,3.5428317081442
72,22,UCB,12,44,6.244541873325627,5.718861989388414,9.443036818279074,2.6246887034741295
72,22,UCB,12,45,9.409635515960806,3.852520119238965,4.035954796256114,3.7950846386368786
72,22,UCB,13,46,8.997872798735592,4.49341489746551,6.511697028499516,3.186069016668559
72,22,UCB,13,47,8.928337965576233,4.516407854484158,12.944545990289043,3.196288917090216
72,22,UCB,13,48,9.17554654601994,4.574699513156409,0.18223975647058022,2.5770713474123474
72,22,UCB,14,49,8.233811350905448,4.322982737216108,1.5453761068138794,2.8027298703309667
72,22,UCB,14,50,8.334354842561874,4.529112633810489,8.329620599362524,3.407074295764242
72,22,UCB,14,51,7.976975380178139,4.582452168491631,14.7239945266908,2.5105806620773596
72,22,UCB,15,52,9.103677972008086,3.2910088206751977,11.475699185338483,3.2765763023567205
72,22,UCB,15,53,13.799065287097775,3.839367168482117,10.993177425333672,2.968243538065369
72,22,UCB,15,54,4.490140808501765,3.062625240636892,12.237024214174701,3.402967815346088
72,22,UCB,16,55,0.2854157314803413,10.630289054467058,5.7770985510700745,2.1692399862155165
72,22,UCB,16,56,0.7391097233544341,4.406481725496282,12.8469937455052,2.601412744190134
72,22,UCB,16,57,8.279727674959574,10.308560958996358,7.4903691589961365,3.0526985855678648
72,22,UCB,17,58,7.033769687814109,2.1278859427356425,13.028859909029707,2.2015320133310725
72,22,UCB,17,59,2.6681078332189916,12.061898869428568,7.697921934127029,2.8506308549168553
72,22,UCB,17,60,2.205966324733838,1.5622737190432705,11.235521706023473,1.99180376841781
72,22,UCB,18,61,5.923421176616236,4.009881111888208,11.561473543472726,3.395030078249178
72,22,UCB,18,62,5.3377039966023325,3.8125512005361575,4.493606157354748,3.674286745108394
72,22,UCB,18,63,0.3672312673858097,11.826569097379448,11.420278425950324,2.617674749043151
72,22,UCB,19,64,3.760819631256338,4.6388213922074195,5.446867075681397,3.557745562281411
72,22,UCB,19,65,5.325971400939958,11.654859601084512,11.523567727315706,3.2863477243652586
72,22,UCB,19,66,5.805036883001144,11.004290820358271,5.187501995594476,2.9487215023953524
72,22,UCB,20,67,6.182895220397571,12.864050038775277,11.329091821750472,2.847890293522674
72,22,UCB,20,68,1.0193302394707322,12.929472034672974,11.584519669427708,2.3773928854426973
72,22,UCB,20,69,13.308970600616904,4.087580297246465,3.9056282583035506,3.515408341480747
72,22,UCB,21,70,5.774736871217016,4.281917019120389,6.031889645578621,3.0332079605096354
72,22,UCB,21,71,4.435090225904945,4.4879445137296505,12.666739073917341,3.6763947392452745
72,22,UCB,21,72,10.345654837955903,2.7264256506728444,3.149872532856734,2.7697995477076685
72,22,UCB,22,73,2.642802701715196,3.850669264847121,4.623987296996456,3.3639895000694384
72,22,UCB,22,74,7.911346810101937,3.567698530143831,4.212073499147283,3.732368986239683
72,22,UCB,22,75,4.975451021345258,5.7471747716282895,12.412113447343176,3.0015417496730077
72,22,UCB,23,76,7.566987327397299,3.837011552612106,2.730631798089063,3.1312670880931344
72,22,UCB,23,77,7.027611548426406,3.838060781526785,9.288247952356947,3.3035137156396037
72,22,UCB,23,78,9.946823417825719,3.838366335335434,14.604482322317024,2.5659600075557574
72,22,UCB,24,79,4.921386054014637,4.826688299909188,12.03855589745621,3.476372328194109
72,22,UCB,24,80,4.494808640465112,5.170315092628111,5.448643854161574,3.2717195886195043
72,22,UCB,24,81,5.686285167672586,11.140992514082189,7.715362776526364,2.996209798546657
72,22,UCB,25,82,3.108991007001676,4.577987310062823,4.307592754859996,3.6996361617685056
72,22,UCB,25,83,4.734317018915106,12.34978496067635,12.625549843745144,3.293481021127588
72,22,UCB,25,84,5.280487994328111,3.8776985689224626,12.97709247594813,3.2112059713946115
73,23,UCB,0,0,10.408996209860463,9.621873313173458,1.9296633647645434,2.4115672409604456
73,23,UCB,0,1,1.7056207519699402,9.80018282001881,12.80185658947741,2.2714247788052266
73,23,UCB,0,2,3.026687016606094,3.27027955628604,10.748769538853741,3.1117508649592507
73,23,UCB,0,3,7.060495060039126,6.228328959610671,5.237217070764293,2.7340263598950187
73,23,UCB,0,4,0.9578062971553802,6.819992488673373,4.521799193995163,2.5706127458602923
73,23,UCB,0,5,5.8361512993590265,8.104467290000517,10.253845381083268,2.865242146115233
73,23,UCB,0,6,9.37128565767344,11.140566808328579,0.27326033668120087,2.399387671229925
73,23,UCB,0,7,9.813857245981858,8.130938231331978,12.770115196292824,2.945776406403052
73,23,UCB,0,8,14.085438688440279,0.19234677706261083,12.424924469847584,1.6776470475451721
73,23,UCB,0,9,3.7998583602408065,9.370619845019032,11.466275402773853,3.523516515253408
73,23,UCB,1,10,4.127089472493496,5.826695722713514,2.9565219381273904,3.124698297861414
73,23,UCB,1,11,4.1015253292913805,13.562539537379926,2.8781928432985877,2.823407829829598
73,23,UCB,1,12,4.13579779957121,0.11223455796849746,2.6905485239124634,2.395947645321877
73,23,UCB,2,13,14.138999877970994,9.274988637669006,14.533035537240501,1.5308934355385557
73,23,UCB,2,14,8.19481487291436,9.269558265768477,13.11345982041054,2.8053375348998415
73,23,UCB,2,15,0.11720725904470541,9.27425375770152,13.795218972804898,1.7198315994737805
73,23,UCB,3,16,9.550535043861226,2.2210025823428396,12.80137862238602,2.3760834391506944
73,23,UCB,3,17,9.582412159256243,2.2246516036813766,4.231776382033157,2.8741998122147425
73,23,UCB,3,18,0.25786967630726243,0.21161813864865875,2.5571318018130516,1.1935716965774321
73,23,UCB,4,19,3.320329196216329,8.233302002241143,6.947203382310026,3.0907559229191297
73,23,UCB,4,20,4.014666248011501,6.622424486348275,14.632889256345763,2.4630326217193934
73,23,UCB,4,21,4.515245596847231,14.136248750623034,14.72510398145145,1.834320420188873
73,23,UCB,5,22,4.519251319831391,9.368394623467598,14.278099395189518,2.601696492051937
73,23,UCB,5,23,2.5386147318613252,9.371464250889282,6.921729606831983,2.514176148878423
73,23,UCB,5,24,12.52163188485444,9.373079525041135,9.500232410679466,2.9788436188705303
73,23,UCB,6,25,1.5846668412706943,9.372449840367036,12.927653054318474,2.2132567746970055
73,23,UCB,6,26,12.37718185037192,9.369224626011286,9.685795940120567,3.021696495775225
73,23,UCB,6,27,8.896473945535842,5.825912871466859,0.20971700992311493,2.1056017644037857
73,23,UCB,7,28,3.958105470892099,6.520559219804099,9.446966613420246,3.234150088498456
73,23,UCB,7,29,10.324945676655721,8.507124792375466,8.480764300843225,3.0821634954386212
73,23,UCB,7,30,4.423449060445527,12.275799262366851,9.409217464660653,3.4382087612543573
73,23,UCB,8,31,5.048327579241904,10.0704212402513,5.895683347233071,2.883036674245975
73,23,UCB,8,32,10.56008703555975,13.638154974650462,10.436775508435252,2.61283352596815
73,23,UCB,8,33,4.152975866069858,4.121880439005654,6.088345800750022,3.6463752093030433
73,23,UCB,9,34,2.9302887617709117,1.8872723626276866,7.464793150622752,2.2642774541903354
73,23,UCB,9,35,4.912833066218995,12.877907938602299,10.94515419548397,3.1374592576258076
73,23,UCB,9,36,11.096849746764427,2.6859086706024025,7.448344033700975,2.8270205917138727
73,23,UCB,10,37,4.045096263375803,5.942943147531722,5.171829679639177,3.250241359610186
73,23,UCB,10,38,5.874638823893558,0.1064208517042392,6.019767555583092,1.8815449312795236
73,23,UCB,10,39,3.282132471658361,10.755573560841786,10.249650874848191,3.194790875107217
73,23,UCB,11,40,5.396037521745409,4.032175690471923,8.418805626797678,3.3833877179593053
73,23,UCB,11,41,5.331476293298668,11.007499749383895,10.117484437274879,3.0602352971836395
73,23,UCB,11,42,5.245511429533488,3.4945076661252927,1.5310764136205057,2.597989124662631
73,23,UCB,12,43,4.493749133151265,6.651716195213007,7.497253646813741,3.2049020802915034
73,23,UCB,12,44,4.427318620156166,1.862381455528081,11.83160657593506,2.925042897041447
73,23,UCB,12,45,4.6794767408728895,13.102403212520851,7.7950131750088545,3.0764355317910033
73,23,UCB,13,46,4.095262935912253,4.195741282848898,8.656091036859884,3.864428969044036
73,23,UCB,13,47,11.872220209344878,6.621763438181015,9.000515832914884,3.0173015395341385
73,23,UCB,13,48,2.7971285349984134,4.34098623786665,2.305130187577962,2.6822884299746645
73,23,UCB,14,49,4.45945331485365,4.0116394584057815,11.007324210871118,3.8891923576768814
73,23,UCB,14,50,11.488845061770373,0.7365274952904732,0.3180671994336626,1.787591786894196
73,23,UCB,14,51,1.7506739690502844,14.822681137830555,0.19784030649507178,0.804216181710782
73,23,UCB,15,52,5.840085814728143,3.979451947789671,14.98700988531816,2.3480802606234676
73,23,UCB,15,53,13.293005121464816,7.942829544452013,0.2290748959385691,2.0106846481804754
73,23,UCB,15,54,12.890040226363048,12.720164679317378,4.745526881021399,3.0584944338397233
73,23,UCB,16,55,4.501375113132731,4.439573337273194,9.076903586693097,3.700100221973262
73,23,UCB,16,56,14.41675505535905,14.884598782501742,2.4360101336575846,0.9477721058896668
73,23,UCB,16,57,13.612318541361985,14.996934455115197,9.59882382802689,1.6369661902577592
73,23,UCB,17,58,4.551761445396504,3.258895197538968,9.363973678976954,3.398516548705827
73,23,UCB,17,59,12.178036011631077,11.480410856095569,8.672390485797196,3.3003398307060277
73,23,UCB,17,60,12.563986784872304,11.285366992717876,1.8930345821837697,2.556802426876843
73,23,UCB,18,61,3.4934066089606364,4.2317458627869815,14.357901453473204,2.9160260012122747
73,23,UCB,18,62,12.685492425870354,12.134430540827088,14.897587808532785,2.212329477303336
73,23,UCB,18,63,5.632749767763824,12.150989802160742,5.2696698869636895,2.948810259849258
73,23,UCB,19,64,4.131702129935397,10.133873021011745,8.753650844247074,3.4370891949560507
73,23,UCB,19,65,3.959321853158402,3.5730100722323628,11.438444446620425,3.860924955768719
73,23,UCB,19,66,11.77146642556531,13.536985447620049,5.390838018174174,2.674387944979179
73,23,UCB,20,67,6.825461417336919,3.958544329018914,8.20773655453927,3.3463901999406462
73,23,UCB,20,68,5.902267405969732,14.614748021822933,0.03400552737729212,1.2561181135317505
73,23,UCB,20,69,7.28345352981545,13.480769407069976,8.763386805617511,2.5968458568392325
73,23,UCB,21,70,3.4684838699589116,9.209872830395252,5.960580964289606,3.0249780866207745
73,23,UCB,21,71,3.1565729876742914,2.4515228008671257,5.903187019881143,2.414217096068088
73,23,UCB,21,72,8.73816385524453,0.2162805846208804,8.27129216899541,2.337973542206689
73,23,UCB,22,73,3.7142492818907886,4.5131485742462365,10.482848167677894,3.720998405612507
73,23,UCB,22,74,10.466432541461531,10.673569106627133,11.195308354740295,3.2364133989038186
73,23,UCB,22,75,10.395986860191439,5.268412369990541,6.988581874318866,2.9232873732726152
73,23,UCB,23,76,4.395793406761246,3.3323223248482496,14.664998667819663,2.6984747220887937
73,23,UCB,23,77,6.06730344167876,5.475972331870241,7.531358406572989,2.7057246812563243
73,23,UCB,23,78,11.447396107049016,4.728741675955182,14.85305692954387,2.5422062107767696
73,23,UCB,24,79,3.1902557572853887,5.051095659559174,7.153877779069024,3.0777173737741
73,23,UCB,24,80,12.126303071870742,10.95267435893418,5.854702307118052,3.0443455917990203
73,23,UCB,24,81,3.714766256767741,8.534378098159166,1.1151652593247152,2.7339267448132776
73,23,UCB,25,82,3.4063728668962967,11.875670326471214,3.878534103156075,3.748194178690868
73,23,UCB,25,83,4.123068531998841,0.14292407541226904,14.79671620929935,1.840830024608847
73,23,UCB,25,84,3.786415854632379,8.204292701541117,10.489036334435923,3.451807363918024
74,24,UCB,0,0,4.954032550039731,6.077659734587158,8.62106728990788,2.959019731999189
74,24,UCB,0,1,7.59599650905222,8.463187611453762,8.54530965762603,3.076321404214511
74,24,UCB,0,2,13.111747968611118,1.2964569148645961,11.13712906029844,2.269391801302394
74,24,UCB,0,3,12.305508966521229,10.682401050407483,6.148884107797466,2.953104444118106
74,24,UCB,0,4,14.144306619829239,0.4642370445618099,12.044099531904532,1.7757507147490255
74,24,UCB,0,5,9.030729378929852,0.6168934739540161,4.985991179569478,2.435846535706598
74,24,UCB,0,6,5.674089671083666,2.640679917133206,9.639012705196148,2.4998495187473306
74,24,UCB,0,7,6.5886133899643236,10.737072518728642,5.571556248059411,2.794318598013777
74,24,UCB,0,8,0.8127099880391225,10.735498563402155,10.995679482020854,2.5242190717616872
74,24,UCB,0,9,1.232172035587395,6.981936362815139,6.828090631484789,2.1694904340862395
74,24,UCB,1,10,14.993789346666556,5.169397274142915,8.016794702659697,2.1740993654055947
74,24,UCB,1,11,14.84645045799439,14.669932427493686,8.015388696015005,1.3556850176317368
74,24,UCB,1,12,10.696397262644751,0.12899429022054487,7.9730980267274445,2.371414381399558
74,24,UCB,2,13,11.581424801334563,8.608022629115098,9.598247664344042,3.1707885243654736
74,24,UCB,2,14,3.606856604942231,8.318446756484937,4.6931541420067795,3.6001178864238486
74,24,UCB,2,15,2.504483604108261,8.603822167785312,0.5603274104398265,1.9503702028072494
74,24,UCB,3,16,2.1962249935730305,8.001623821800486,5.127310882862753,2.5564263005016485
74,24,UCB,3,17,13.1524061446849,7.996712380374236,5.158400093106136,2.8253958431089403
74,24,UCB,3,18,7.417380689327692,8.96242333869749,8.182875932480806,3.0356724793410637
74,24,UCB,4,19,3.848026229019469,13.62791315913243,7.123003709827943,2.8777186827993653
74,24,UCB,4,20,3.8637562141542054,2.385687642486759,4.968411792418182,3.065941006289268
74,24,UCB,4,21,3.401375267458871,7.652368159412214,8.630690983955205,3.2312887998524404
74,24,UCB,5,22,4.646370606363103,7.43111241744155,3.612713511098157,3.5771788848410067
74,24,UCB,5,23,9.55390264904062,12.132453076550632,9.249538398820135,3.086094682683259
74,24,UCB,5,24,9.539340631329521,10.55579055028666,13.248059221930934,2.7391141537053567
74,24,UCB,6,25,4.298090486045518,8.46694747790611,5.497903165200901,3.3256660386869434
74,24,UCB,6,26,9.934880901875147,11.03244806763677,3.277253248823502,3.208322793954567
74,24,UCB,6,27,11.665945035798323,6.859339035354887,0.1932462839523924,2.3408672579786867
74,24,UCB,7,28,4.127601583157774,12.884017396711705,3.7096242975480505,3.649437121545784
74,24,UCB,7,29,3.856191887642164,6.134102154249989,3.31636613033862,3.332567599465095
74,24,UCB,7,30,10.25979436884733,14.977558264958972,5.431797762735843,2.0379919866891707
74,24,UCB,8,31,4.417347137944121,14.265007677114617,4.640055479320859,2.942499852039594
74,24,UCB,8,32,8.77395836345116,10.769924166356608,2.1097975378942335,2.5466887015833417
74,24,UCB,8,33,8.83743195316314,4.296518298215759,2.3784938963494326,2.959819256051924
74,24,UCB,9,34,4.77150785505359,12.465933614028813,2.608923340928475,2.919565407768505
74,24,UCB,9,35,10.754206224137683,6.174951416479618,3.070482866514218,2.8462246341477706
74,24,UCB,9,36,4.403607811908202,6.527919425136652,4.371584333043966,3.597897794994525
74,24,UCB,10,37,3.12201912568729,11.66363948644267,3.6656456172900502,3.4972706960790623
74,24,UCB,10,38,3.853026381411779,13.434680750425372,9.315958168550862,3.0067685804292417
74,24,UCB,10,39,11.203307816790986,14.143742210770325,10.570686503372645,2.5199113518586227
74,24,UCB,11,40,4.11395729568138,7.925422884462712,1.2342302795103026,2.814452448800653
74,24,UCB,11,41,4.1476504910768295,14.661141903472371,9.399421632328224,2.5811825174573353
74,24,UCB,11,42,4.125056100919199,6.337051285669901,10.074572364354605,3.2315312336946445
74,24,UCB,12,43,3.602328798317191,14.956548356325927,3.5194886499991713,2.677569873978155
74,24,UCB,12,44,5.3098384070137525,1.8790293621102543,3.8994659330135018,2.7646909512525824
74,24,UCB,12,45,3.0487414996741307,11.057264209993955,11.257697637131354,3.2160902984548443
74,24,UCB,13,46,9.436439892740257,11.010255766991408,3.7611803073131322,3.4603952682569448
74,24,UCB,13,47,2.839532925128474,11.160831812915152,3.7584922345866283,3.304595168757385
74,24,UCB,13,48,14.76513968064186,7.650991458508697,4.604238997307432,2.471664324644429
74,24,UCB,14,49,7.070603727426552,10.076260864847214,3.674070635762359,3.2602317380299777
74,24,UCB,14,50,2.9436778392715595,4.0852180499726956,4.539594234735406,3.6237976487237953
74,24,UCB,14,51,0.9615837512750375,10.381818862278509,4.806925259939708,2.5730716403925475
74,24,UCB,15,52,3.8189262424611474,9.014573558268841,5.086671906785917,3.4479714096282588
74,24,UCB,15,53,3.8949218138618784,9.027475454010732,10.198880388289387,3.4061823514453473
74,24,UCB,15,54,3.8326856118543358,8.901556886952942,0.07537993253375896,2.657846718831202
74,24,UCB,16,55,3.1219177151246043,8.117125144271505,5.341516515889039,2.9878375025918817
74,24,UCB,16,56,3.2889732895009316,2.3231500980980795,3.704295613771022,2.983427684151157
74,24,UCB,16,57,9.62069702690236,7.736973098732733,1.6287702536371045,2.372649625733003
74,24,UCB,17,58,0.8083417614858024,8.384404303305237,1.6915302680012023,1.7534369503940204
74,24,UCB,17,59,1.138799812632017,8.391592513559512,11.92207514164716,2.543880802796219
74,24,UCB,17,60,3.4562746633702717,8.381556165351405,6.670375429810461,3.123792634969525
74,24,UCB,18,61,4.645028410972165,10.51016892101775,3.99689808490038,3.739034945894292
74,24,UCB,18,62,1.4072171670786497,2.4470235678370287,4.66564600942701,2.210209120050484
74,24,UCB,18,63,10.030914998106976,7.705624665763228,4.839454322400332,3.1965084776841524
74,24,UCB,19,64,4.008645360499534,10.270475940942582,3.685261060058801,3.766593982400395
74,24,UCB,19,65,2.579227006319508,11.13517089840578,9.036797633976265,2.77679584119004
74,24,UCB,19,66,8.749660687027102,6.498577436982515,4.320518781288923,3.25257448339748
74,24,UCB,20,67,5.133407932539269,11.079664608474117,10.581168781049392,3.2133395110493526
74,24,UCB,20,68,4.040777360674369,11.992466394919298,4.545566898396503,3.8893112729610135
74,24,UCB,20,69,3.8598196441375414,4.770881612986319,5.320054467228979,3.572048246785717
74,24,UCB,21,70,4.728696130691861,9.986491460750537,8.12719585157331,3.267631821278435
74,24,UCB,21,71,8.914258941041425,9.517169650643206,4.609827269524957,3.282374329943911
74,24,UCB,21,72,3.2062574483912787,5.936696947299611,4.371941462884637,3.249661702438121
74,24,UCB,22,73,4.526125858697047,4.301051928871231,3.9399527858343104,4.141661762450763
74,24,UCB,22,74,3.058303210168013,12.913015947485993,4.771859399515369,3.044105446876232
74,24,UCB,22,75,5.547449151013067,7.91291602379918,11.201706298674019,3.050544140742473
74,24,UCB,23,76,5.90480197533083,4.7407622154766225,4.32735267831327,3.4399894353637968
74,24,UCB,23,77,5.0242462596678825,12.359520320127972,4.317319134564496,3.5576463359868473
74,24,UCB,23,78,4.113014692504233,12.168629996597254,13.039078166856052,3.3491511724395875
74,24,UCB,24,79,4.3114600235535665,3.9552140805718157,3.195474166816354,3.862677584984402
74,24,UCB,24,80,3.988891943604827,11.662144847181986,4.12404149664577,4.007132655752818
74,24,UCB,24,81,4.205689677804624,9.715220642927877,12.711279474714889,3.3423902352591544
74,24,UCB,25,82,3.8983355828243544,4.246651220068456,4.244252658970053,4.2235699857629685
74,24,UCB,25,83,4.560853144693895,10.574101253416938,14.93765557186768,2.4891476319420813
74,24,UCB,25,84,9.525733653364924,5.596196525112614,6.326073862168146,2.6569045437745444
75,0,RANDOM,0,0,9.554425309821815,4.046800706458055,0.6146028590429203,2.7211230754625513
75,0,RANDOM,0,1,0.24791453292793642,12.199053588004086,13.691333659165826,1.9029984161106075
75,0,RANDOM,0,2,9.099536636507699,10.942448414759976,8.154374871981343,3.1416117937407844
75,0,RANDOM,0,3,14.026086356816524,12.237803311822983,0.04107750255222142,1.730427052175427
75,0,RANDOM,0,4,12.86106414881354,0.5037836295819653,10.94483169644916,2.3065979853858973
75,0,RANDOM,0,5,2.6348343090383852,12.947683835248299,8.121918303736376,2.569189241093107
75,0,RANDOM,0,6,4.495678358060772,6.340308317964877,0.4247950671819445,2.463791398938464
75,0,RANDOM,0,7,1.8642491474934593,10.059366220404454,9.70784267361375,2.364948863489002
75,0,RANDOM,0,8,9.230776672218807,5.755163313928252,14.958149036838165,1.9371669755366088
75,0,RANDOM,0,9,14.71253008164345,10.28312976721042,9.756889144017244,2.1554302470234137
75,0,RANDOM,1,10,7.932685499979884,13.59054822419964,7.358608918930505,2.574859366515768
75,0,RANDOM,1,11,9.371921000701741,7.1867833950581135,13.776537325915221,2.413069777733874
75,0,RANDOM,1,12,1.6267308259113888,10.234187599951193,5.62748291517915,2.2335250180162345
75,0,RANDOM,2,13,1.268598574178195,0.503206387995282,4.787485345541577,1.8822920619749928
75,0,RANDOM,2,14,8.698384944156402,4.523580201783516,11.11584867451483,3.4835005685478393
75,0,RANDOM,2,15,7.504768281393465,8.872525408546725,6.1022950925347965,2.8159833729089083
75,0,RANDOM,3,16,2.3552194658040504,9.301907674849835,3.709930095844139,2.8681034026809917
75,0,RANDOM,3,17,12.577105527591533,8.176492655804472,13.442061778641298,2.6664256006538034
75,0,RANDOM,3,18,5.247939847075314,2.275161889506638,12.239638295005918,2.5894752924203814
75,0,RANDOM,4,19,2.6959477015998425,12.545311990820979,8.571012194326158,2.753479045488568
75,0,RANDOM,4,20,6.550921586376412,1.9406504901877857,7.772342505452191,2.2836679619208886
75,0,RANDOM,4,21,0.5634606271781667,0.3249880441719083,12.458546222039942,1.6486847513554794
75,0,RANDOM,5,22,14.462501314611616,0.5933880733356245,0.8686866083494638,0.8931000427637519
75,0,RANDOM,5,23,10.09384249970105,12.404706975246057,10.172281374087738,3.0485047490658888
75,0,RANDOM,5,24,1.6079700624453626,13.63205687991988,12.493797473172222,1.9387901489995596
75,0,RANDOM,6,25,14.346786571912475,4.195133414561949,11.567713073933406,2.8479732015161323
75,0,RANDOM,6,26,2.6959789991736267,8.034279963611162,13.939867869340622,2.159865579268009
75,0,RANDOM,6,27,14.968001803429528,10.811695332814827,14.601309395153633,1.3966311543199068
75,0,RANDOM,7,28,7.946605530129534,14.587323880136333,1.2394632908830254,1.5903714633232386
75,0,RANDOM,7,29,13.840768811565058,13.416150053161447,12.23895967639896,2.1856615871396974
75,0,RANDOM,7,30,10.569567905144341,7.793906051399447,8.543243904711321,3.107124311938316
75,0,RANDOM,8,31,1.1672130158344713,7.2542591816106485,4.514178568518895,2.6565993544644773
75,0,RANDOM,8,32,5.900471326691625,3.427549534878716,12.683715780677833,2.976351522575751
75,0,RANDOM,8,33,9.255618185369071,7.51772296181327,7.307211374088637,2.963987008081266
75,0,RANDOM,9,34,1.1316355171566417,12.711155741873984,0.9444563182246024,1.6507796338551242
75,0,RANDOM,9,35,6.0289105463984045,7.607019738838783,0.6880871617667916,2.145231555842358
75,0,RANDOM,9,36,14.290877758219626,5.44748386180836,7.262295655669946,2.1571373070554336
75,0,RANDOM,10,37,5.285868799918468,14.337146449602177,3.3751149515002283,2.40923481095432
75,0,RANDOM,10,38,7.13243948515171,9.821923372924111,10.771364470826414,3.0032692383798274
75,0,RANDOM,10,39,0.4173183351974896,9.974643451663145,0.08912952714161759,1.5490513216392578
75,0,RANDOM,11,40,13.837338757637069,0.6756580921655625,14.148277644773586,1.108142310320075
75,0,RANDOM,11,41,8.847324661984624,9.270090333957903,7.257047960163074,2.966212938408135
75,0,RANDOM,11,42,3.2423206975218877,0.5399281346215357,3.2063996082442365,2.45901709882013
75,0,RANDOM,12,43,11.894055856714886,2.054116694427065,5.013326198794424,2.6900378587834366
75,0,RANDOM,12,44,11.666277144229014,10.02494689176005,10.83787898662097,3.2442675092636275
75,0,RANDOM,12,45,2.6941538362279442,2.85588471903277,13.026396652380678,2.3446925907809746
75,0,RANDOM,13,46,0.4863577369258787,9.307333354865168,5.192011038756409,2.3060484588792702
75,0,RANDOM,13,47,0.4070027569032758,6.1327286923723365,12.618157878949827,2.0910937485934444
75,0,RANDOM,13,48,3.712645994698911,0.03479950380465002,0.9404713303441636,1.9497088336559238
75,0,RANDOM,14,49,6.550494467660695,5.090383371616417,7.31333666501521,2.8807733019382766
75,0,RANDOM,14,50,13.868619653011208,9.887337889238943,5.998794076044504,2.222466066054058
75,0,RANDOM,14,51,4.721514201390677,12.946489618800594,13.570212183433707,2.6652101884352035
75,0,RANDOM,15,52,1.7775029375342584,10.620184806111418,0.9281551597494564,1.787955540456299
75,0,RANDOM,15,53,13.423261910384278,5.991930635918927,3.982181896509809,2.8562082961829356
75,0,RANDOM,15,54,3.2389248897478415,8.44564113081893,11.056580453011673,3.238167168549498
75,0,RANDOM,16,55,9.640183774731941,1.1828237086083182,11.185738381252424,2.4690262433353856
75,0,RANDOM,16,56,14.100058609625295,11.942220873964313,13.969805543515804,1.8944675260011181
75,0,RANDOM,16,57,3.5476988681397166,11.927854957148389,8.779023927337368,3.442293142609791
75,0,RANDOM,17,58,8.914006504762034,12.382839637165441,7.328479012595876,3.048142419982786
75,0,RANDOM,17,59,0.7534514546755333,13.582529889183212,5.1705374812741365,1.9170137642069145
75,0,RANDOM,17,60,3.0676935311443803,9.762702768821828,11.120667325913907,3.0687990940624976
75,0,RANDOM,18,61,9.160420061203485,5.414862279477304,10.562616336001003,2.959142856156939
75,0,RANDOM,18,62,1.302955277062185,9.837103051476332,10.73371779613806,2.4102620809730957
75,0,RANDOM,18,63,3.74080322190594,0.3540466292783695,0.08149470742458476,1.9150309133887546
75,0,RANDOM,19,64,7.392368042551396,14.376799909734519,12.196439676524038,2.350587871300423
75,0,RANDOM,19,65,8.014317280751259,5.280097290705019,12.461418935636738,3.049469250021266
75,0,RANDOM,19,66,13.852075171830023,8.969684731366387,1.5646652081117702,1.8176195595538887
75,0,RANDOM,20,67,14.56644029630357,6.603782508339496,13.749529509717219,1.5438804365991439
75,0,RANDOM,20,68,6.388506041631274,6.782684913960751,6.2516191887625405,2.5186021837519426
75,0,RANDOM,20,69,5.01457139290127,7.4731774337532,13.223250951116913,2.82228211474799
75,0,RANDOM,21,70,5.518353099870148,2.5956427420750687,6.103572359534022,2.342494850525505
75,0,RANDOM,21,71,12.33498818238677,11.563978712276482,5.51403721801165,3.128189562431653
75,0,RANDOM,21,72,2.670613043896191,9.45115172959937,9.125897409981258,2.6711662235836946
75,0,RANDOM,22,73,12.69424955785015,0.6064409368657947,4.867715679581198,2.4516824784328333
75,0,RANDOM,22,74,3.778341613951217,12.417812977079205,8.750373729010272,3.443191374724835
75,0,RANDOM,22,75,11.413905334674467,9.232831372744217,10.458042611211887,3.180796547595744
75,0,RANDOM,23,76,11.101742779585594,8.577206145810743,4.921531602628635,3.3016177105768083
75,0,RANDOM,23,77,2.3394235901916547,7.84065171831786,6.521299370095434,2.401223073615356
75,0,RANDOM,23,78,8.193084322672146,8.710196611332012,13.47157993360769,2.67420210567892
75,0,RANDOM,24,79,10.567578404893629,12.112272336433698,11.708847001022093,3.340174232885156
75,0,RANDOM,24,80,0.36822089664619917,4.3038630701260665,3.950313347693692,3.1082233105543184
75,0,RANDOM,24,81,2.2260246704505207,12.332044277650397,8.599979014518022,2.590598212319256
75,0,RANDOM,25,82,3.6064950055503218,9.236346615254703,10.55682898310677,3.337010928448481
75,0,RANDOM,25,83,13.791178433405888,10.951822850088602,5.399779499490312,2.5003871619462363
75,0,RANDOM,25,84,10.017781017716867,0.621276000004431,6.275886899276721,2.1230595473716756
76,1,RANDOM,0,0,7.67732437050385,14.25695544488903,2.162394190794506,1.7775102756007999
76,1,RANDOM,0,1,14.229741707058658,4.677471780157282,6.349896734588635,2.3873855651360736
76,1,RANDOM,0,2,12.415538907306626,6.137987045537419,8.243905315095892,2.897398623730786
76,1,RANDOM,0,3,0.4133866986460255,11.3026966301221,8.072149698289174,2.4918308167423833
76,1,RANDOM,0,4,4.945975747486383,11.826430551426064,4.547922439374675,3.616167873236414
76,1,RANDOM,0,5,6.802468342209773,2.0106254587074712,6.046694796706938,2.1175295842862845
76,1,RANDOM,0,6,3.0518286101422443,3.9347001066277425,11.255470089450789,3.507058399012259
76,1,RANDOM,0,7,4.206131369790599,7.277864616474526,14.71105799701858,2.553399695960673
76,1,RANDOM,0,8,14.424857904956802,10.871849111603005,8.118402833211514,2.3754851506713957
76,1,RANDOM,0,9,4.153368060680562,2.4097801316269027,14.548881198241988,2.1871644079628743
76,1,RANDOM,1,10,8.403700423324798,9.419667205821897,4.936318652783794,3.1542924700532358
76,1,RANDOM,1,11,8.00958593479201,1.2764098571132028,10.630855517010714,2.453474435562565
76,1,RANDOM,1,12,14.903422452985735,2.9018236250197575,13.183184877617167,1.7218778095585134
76,1,RANDOM,2,13,13.90130350644231,10.561570992922642,12.406076895359055,2.5263533273619347
76,1,RANDOM,2,14,5.19538636849515,2.1162431413895306,5.22661070912673,2.4580548963848745
76,1,RANDOM,2,15,2.9409605930205664,14.525191297081715,10.030420621692771,2.0751068578527083
76,1,RANDOM,3,16,11.6268920604718,5.498916804925952,10.002652966092501,3.0448455471275295
76,1,RANDOM,3,17,11.7884465640655,0.8877595823993628,2.49119879719602,2.105144803918318
76,1,RANDOM,3,18,2.376629382294859,0.6425634396807262,1.7750769354885994,1.25652653134184
76,1,RANDOM,4,19,11.771126189427177,2.832603031108401,1.500770982197757,2.3298336704814226
76,1,RANDOM,4,20,7.446783592344445,8.876644923077231,8.602028634033624,3.0326831843594944
76,1,RANDOM,4,21,0.3811295693991812,14.097096099304663,4.663246622119318,1.919015615298258
76,1,RANDOM,5,22,0.4389023223197491,0.7599924608201042,0.5354793852952694,0.954244156556358
76,1,RANDOM,5,23,12.181380400986308,9.909678806703432,0.15296480579512606,2.363695887884298
76,1,RANDOM,5,24,8.645368030710634,6.064672057884174,8.691981164678898,2.852010501474974
76,1,RANDOM,6,25,8.805130120837685,14.484637806322626,3.212633765009347,2.3038535648812495
76,1,RANDOM,6,26,14.695060307664633,9.26337767542818,13.3071668975832,1.846969776370873
76,1,RANDOM,6,27,10.789716986179487,0.3466736227920403,12.774562043620147,2.3011437098290886
76,1,RANDOM,7,28,12.371094258550436,3.3727994187203976,14.575011692627148,2.4363413226311805
76,1,RANDOM,7,29,1.5095856453463419,3.682505394994074,14.003598878546338,2.0857449020995737
76,1,RANDOM,7,30,4.178303558590577,8.57181700111197,4.818152929324848,3.645697361010129
76,1,RANDOM,8,31,0.9062877999974889,6.067905064724043,12.583772054842463,2.1457778162963663
76,1,RANDOM,8,32,12.121883966799118,12.496886197047617,13.485959452628705,2.75646531520728
76,1,RANDOM,8,33,1.1318092233061612,10.056377422394053,4.436517723370246,2.706844226576658
76,1,RANDOM,9,34,4.09644883228338,13.158796927264781,12.182224636879495,3.291982320217012
76,1,RANDOM,9,35,11.256166862793744,10.355008992649354,0.612606526257416,2.487574427794761
76,1,RANDOM,9,36,4.340103929931921,7.759082710703023,6.720748697517471,3.2896907422435193
76,1,RANDOM,10,37,9.677197342745622,0.43374939468855955,11.50003247667576,2.4443687903028932
76,1,RANDOM,10,38,11.784540771414381,11.635705073874492,3.474682255347146,3.5635941022473974
76,1,RANDOM,10,39,0.16650873054297521,5.488300780964545,14.207205943450072,1.4756435000667318
76,1,RANDOM,11,40,8.420053876929948,0.7280730547103026,9.334368774302696,2.351930858828819
76,1,RANDOM,11,41,14.814822911559242,5.869389173714586,7.588167026883614,1.9699126808951033
76,1,RANDOM,11,42,5.383462370779084,11.146736251790214,8.432716975613786,3.0995353756716932
76,1,RANDOM,12,43,10.142978965468151,11.673282676985423,6.576397673296218,3.0140255243514806
76,1,RANDOM,12,44,1.1732202734812707,14.649682310965769,1.2287470629139585,0.8938522810783314
76,1,RANDOM,12,45,5.4751807177996,6.416560677911407,8.640605334812353,2.751288212354468
76,1,RANDOM,13,46,14.570010132547978,8.692898908185288,14.125788042282807,1.5624914626969892
76,1,RANDOM,13,47,0.8977299761239838,3.208502138588118,0.8002486668325687,1.7423771765565859
76,1,RANDOM,13,48,8.412056195953415,11.890609851565447,5.223329933282834,3.1896326606220944
76,1,RANDOM,14,49,9.631255558491288,12.185094805425745,11.669174724087023,3.254541473858904
76,1,RANDOM,14,50,1.2262305864693601,4.034847685616824,10.38700421506785,2.8012133298896913
76,1,RANDOM,14,51,9.595994981050184,0.1698437576701406,3.6983702902735627,2.5912882407191775
76,1,RANDOM,15,52,14.466190331671038,7.806704085927427,13.702110459446684,1.7661164660662
76,1,RANDOM,15,53,10.195878200586591,12.554649569817412,2.0545560067722866,2.446122078118779
76,1,RANDOM,15,54,3.653810632442982,5.844736691863671,10.473259694528172,3.1750249386720397
76,1,RANDOM,16,55,6.248498308853564,13.738606974073823,4.4168167723663,2.671532475401685
76,1,RANDOM,16,56,4.019026502284734,0.10047157247312144,0.6951542554666384,2.013476418906188
76,1,RANDOM,16,57,12.601959541801579,0.42364475673886903,6.594500161520182,2.146847360171446
76,1,RANDOM,17,58,8.912093986448326,9.115386018298794,7.656439631875963,3.021024616826436
76,1,RANDOM,17,59,7.162155243064273,1.3302849308267328,8.323448940786268,2.349691470400364
76,1,RANDOM,17,60,1.7878097280991878,11.427310715310469,4.50046109739474,2.8893123513491794
76,1,RANDOM,18,61,8.275046151955326,0.07075029389759013,2.33526592016199,1.8268797498917277
76,1,RANDOM,18,62,10.13760982839205,13.027986960735443,3.91274637669033,3.220031706359557
76,1,RANDOM,18,63,3.4286378994361404,1.9849854065829047,11.380499898672864,2.7825700551669157
76,1,RANDOM,19,64,14.1685275130382,3.840302321292224,3.9212528682702343,3.1210122959439213
76,1,RANDOM,19,65,0.7691330207926811,1.9777088516413683,9.009724464650215,1.756454586303558
76,1,RANDOM,19,66,9.714954274698806,12.950846055611427,4.716796342001796,3.0748915505397987
76,1,RANDOM,20,67,10.164715208535938,7.690644873431348,14.771919101974973,2.1739096997720257
76,1,RANDOM,20,68,3.639705684789854,5.022093337700099,10.739539897684182,3.485528675101418
76,1,RANDOM,20,69,1.2222089284138398,8.090231508931526,2.621132704658125,2.064751370037948
76,1,RANDOM,21,70,2.389831225927301,13.309338049520989,1.6934285699955969,1.6161112385102858
76,1,RANDOM,21,71,11.549114146269895,14.886149976837403,14.081594440428654,1.6527504534998485
76,1,RANDOM,21,72,8.001076285287194,0.24683038227285237,9.562088071526253,2.296427552392508
76,1,RANDOM,22,73,9.424172593803448,3.9047400234563385,5.711895831748181,3.2215361822837694
76,1,RANDOM,22,74,13.203482914596776,2.211275831776887,12.273503203263894,2.309199120748916
76,1,RANDOM,22,75,12.772303827436332,12.21636763355499,2.2435952411959157,2.5235159272785634
76,1,RANDOM,23,76,6.1396353140312465,11.802476636035713,1.0888979910368368,2.3197115259584153
76,1,RANDOM,23,77,8.683068219855109,14.845166605502692,11.319908501460665,2.3156266988408905
76,1,RANDOM,23,78,13.51089764630406,7.80559161193205,3.2493961118505372,2.711588742886788
76,1,RANDOM,24,79,4.062930173272524,1.7196568759673085,2.996422564875827,2.715183362616196
76,1,RANDOM,24,80,4.044925858293114,13.54162521123266,12.170772788216972,3.1158232650226676
76,1,RANDOM,24,81,14.042078594472754,12.583455653098383,1.8057530104028996,1.7571964619868508
76,1,RANDOM,25,82,1.3988792595712773,0.6780440037407082,2.9444236600582725,1.5657166249911223
76,1,RANDOM,25,83,11.928067699040845,1.5297976986170292,0.3621733132045146,1.8149541559211317
76,1,RANDOM,25,84,7.177582997390669,6.53058767087435,12.160608533270056,2.912823379041391
77,2,RANDOM,0,0,3.924182013739746,4.477367151211849,12.213386108914206,3.862697100551329
77,2,RANDOM,0,1,1.3787391320264537,9.00150788948481,10.92840790217692,2.466308755694291
77,2,RANDOM,0,2,2.8185161004990515,0.8271994099960228,4.124540518590571,2.5521033239275877
77,2,RANDOM,0,3,9.861495223133888,8.43398494170642,2.250933949580042,2.5101474025397272
77,2,RANDOM,0,4,6.489461862071807,10.039459478617804,6.341770099051917,2.644083061618751
77,2,RANDOM,0,5,9.497765989111747,14.51153928740515,10.24597233464438,2.2017835020191097
77,2,RANDOM,0,6,5.874372496200392,2.808788545801471,5.189409983575997,2.6099840782227117
77,2,RANDOM,0,7,7.665989603543656,13.368141142508687,11.633459137090341,2.8453606127902904
77,2,RANDOM,0,8,4.772199009230615,13.863253447602363,7.063648281236363,2.594528343907755
77,2,RANDOM,0,9,10.40638263303345,1.6081096268038209,1.5681533764941225,1.766301027091491
77,2,RANDOM,1,10,9.529483357950992,3.8695433023321035,14.790767908095503,2.525470896538169
77,2,RANDOM,1,11,8.009480469233615,3.810935049939292,0.5006907596746096,2.731494882703165
77,2,RANDOM,1,12,13.765146022591466,5.816267135344061,6.389483564540099,2.1241722865610004
77,2,RANDOM,2,13,5.23441363467459,5.5385684609935835,3.061565587408705,2.8290145413592778
77,2,RANDOM,2,14,11.783062973444803,13.574284270659327,14.625104426432753,1.9167709475050814
77,2,RANDOM,2,15,5.403121362315705,9.623723177400896,13.673016309255091,2.420149096029328
77,2,RANDOM,3,16,8.719926630595822,8.907338833300363,13.833932520140957,2.481682066766449
77,2,RANDOM,3,17,14.888108273106361,7.202618466296607,12.352580663818625,2.1606651917520328
77,2,RANDOM,3,18,1.6462441450289207,14.627156319624408,1.2474590647304633,0.9189107770845896
77,2,RANDOM,4,19,8.296524005220816,4.174538633123015,7.549239534966125,3.4642325743134013
77,2,RANDOM,4,20,13.926311435763735,7.439543983581234,1.9362775243348613,1.8172229503104846
77,2,RANDOM,4,21,4.576508853999434,1.8325507686311238,14.367535884836311,1.9626905093088087
77,2,RANDOM,5,22,8.547363372910205,14.014733582381272,9.488026017623676,2.387926241764076
77,2,RANDOM,5,23,6.945782087044929,0.11029845206309952,5.409344667394148,2.099747472468808
77,2,RANDOM,5,24,11.910051927181492,0.34545497645102285,14.958570148609937,1.5674605668959218
77,2,RANDOM,6,25,2.266038159998771,14.947061106528635,0.9784000128231024,0.9699097783490032
77,2,RANDOM,6,26,8.34172120410188,8.023342975866058,12.408175316370821,3.131850690533451
77,2,RANDOM,6,27,11.617565901117418,11.736180649698447,4.196519200009515,3.7500336988679193
77,2,RANDOM,7,28,10.241830830456486,12.363159958851298,1.3851983934033896,2.4354377011859083
77,2,RANDOM,7,29,1.1970420082067963,7.768915943569806,0.35395678704587763,1.6768146967290456
77,2,RANDOM,7,30,12.469005680874654,1.6305061816255733,10.690089335088587,2.475565262115437
77,2,RANDOM,8,31,3.2337852211855767,9.061000504984811,0.9554554026950973,2.4239784292367683
77,2,RANDOM,8,32,3.7639784453328873,2.7782393267488574,5.148592597323525,3.1633195723575627
77,2,RANDOM,8,33,10.560184935664909,9.933998056849427,1.0830410211782966,2.381639063897399
77,2,RANDOM,9,34,12.557664253138617,7.831515542574477,7.522117895471482,3.040301872588785
77,2,RANDOM,9,35,8.136054431392276,0.7754193708505874,0.3877273274903409,1.6750964757149993
77,2,RANDOM,9,36,0.9851739623302491,13.443916666770468,12.978702336819147,1.8119254523080512
77,2,RANDOM,10,37,13.472140230238733,4.489471861539089,14.616349024807864,2.146525468398883
77,2,RANDOM,10,38,0.9642157339217122,9.024382201239408,13.899738125780203,1.7728865271335994
77,2,RANDOM,10,39,1.2482272183192689,3.9435566606875403,7.693368724854583,2.789108008302824
77,2,RANDOM,11,40,5.807833286367451,4.761485728228694,10.542116022321254,3.0910600817187834
77,2,RANDOM,11,41,1.2772533063513003,8.556704551151572,1.951681577076756,1.801916628301441
77,2,RANDOM,11,42,8.758988675110471,9.79783311650955,3.1936436185602775,3.046932994589423
77,2,RANDOM,12,43,10.255870660987638,9.16984320402123,3.028929085459378,2.935118138870081
77,2,RANDOM,12,44,1.3135111402531618,2.7875788324835686,4.55004455161345,2.450834173919975
77,2,RANDOM,12,45,0.44539898219441876,9.11780199524854,10.250181489871743,2.3080003064166768
77,2,RANDOM,13,46,5.231704770037701,0.22123304741934136,13.634248926796866,1.8102400231403937
77,2,RANDOM,13,47,9.736056085470903,10.621807385402208,14.091173458567598,2.382827135264419
77,2,RANDOM,13,48,2.7744849402162375,10.465013085237374,11.063349276261699,2.9174941880547793
77,2,RANDOM,14,49,8.59492044789853,9.439561434002886,6.411662889935863,2.8341861787936526
77,2,RANDOM,14,50,6.334410480547144,0.6724695724634722,3.34065727460258,2.2953281646975867
77,2,RANDOM,14,51,1.3952302766173958,12.479389635166607,1.5679616542057189,1.7634715923439468
77,2,RANDOM,15,52,9.582082433047175,2.4600184006381918,13.766140870638703,2.0394960929515342
77,2,RANDOM,15,53,7.605848081629132,13.394579563649403,3.380940847845726,2.835235657911769
77,2,RANDOM,15,54,11.347492897334568,11.159469589970636,12.524638582108427,3.307430039757792
77,2,RANDOM,16,55,7.440635052863447,14.494785258219107,14.95534584623289,1.3344623347921918
77,2,RANDOM,16,56,13.423649817380998,1.6008228015892023,6.010960901158878,1.8095766554035708
77,2,RANDOM,16,57,7.310032572321806,2.0141545933187013,10.856666425606502,2.493095627290313
77,2,RANDOM,17,58,7.802304542912352,3.183018678060649,0.2962118717915502,2.3597350881822474
77,2,RANDOM,17,59,12.15849729111033,12.925458259144131,14.218283901643414,2.2848731389977623
77,2,RANDOM,17,60,6.977804563218488,13.543335207210845,3.834089293133478,2.8869521470792803
77,2,RANDOM,18,61,4.667097864485134,12.267860413889345,14.600256165849721,2.557471256924285
77,2,RANDOM,18,62,1.1075098726114563,11.0433223142051,1.7181875583817963,1.8527675540846316
77,2,RANDOM,18,63,11.196195746856182,8.841103294368232,12.312925273115678,3.233704872827564
77,2,RANDOM,19,64,14.146109263810033,5.526887077073445,13.17535878098407,1.9626840184073213
77,2,RANDOM,19,65,12.50511549877617,8.524671622187956,1.8206588754487396,2.448833834844407
77,2,RANDOM,19,66,6.895605390561798,10.231975683868738,12.809444702903592,2.8216762034014096
77,2,RANDOM,20,67,10.527241839860439,7.90521146928255,4.237983074655274,3.487617147068081
77,2,RANDOM,20,68,5.152986579257693,4.1062344487903255,1.0576246766524804,2.803580950219215
77,2,RANDOM,20,69,7.8908876701082455,12.743013510791526,10.425162471307877,3.000124752578437
77,2,RANDOM,21,70,0.10008116248726329,6.611184909388887,4.74846526210582,2.350849246657515
77,2,RANDOM,21,71,14.992381136566467,0.6946839482077843,6.55484072531894,1.2897776277476682
77,2,RANDOM,21,72,10.709353210233182,6.925901101814952,12.37643740490751,3.0432975991864364
77,2,RANDOM,22,73,11.8597550867475,10.533006576708752,6.596655889051694,3.0544863832890328
77,2,RANDOM,22,74,2.5731717907711116,9.654597390092396,8.575637830919117,2.646607381225693
77,2,RANDOM,22,75,7.03711077004369,6.908630579915909,1.580597766728442,2.2067342684803055
77,2,RANDOM,23,76,9.633512725459246,0.801656828514753,11.722828870371426,2.479930976879979
77,2,RANDOM,23,77,9.426629689188308,7.76392212192074,3.598314648994498,3.3040132537305507
77,2,RANDOM,23,78,1.1001990916829834,14.099790256776947,7.935944438302336,1.735803019816464
77,2,RANDOM,24,79,6.295589088496666,8.691664019451453,14.412113364131374,2.081779435981405
77,2,RANDOM,24,80,6.442617539919542,12.218472327907323,5.277697707193278,2.907802330649456
77,2,RANDOM,24,81,11.478195142595066,2.643257483022645,6.344074688993951,2.663385674879133
77,2,RANDOM,25,82,4.966469628476305,10.189429441714765,1.315418260054451,2.4825443059254355
77,2,RANDOM,25,83,1.5442509939461653,12.32373421621952,11.76809835297482,2.6106357575516257
77,2,RANDOM,25,84,11.432050558469776,8.567496809601865,13.743285520398402,2.6806109636969695
78,3,RANDOM,0,0,1.2847375071543654,3.5521575989414957,12.019116978095953,2.773867226816537
78,3,RANDOM,0,1,8.732430540965517,1.4119296336059879,6.496904103547107,2.220139599236889
78,3,RANDOM,0,2,7.1857694721125105,2.3960837195561786,11.018657271138219,2.6244357623575914
78,3,RANDOM,0,3,1.7050802988210512,5.868422857434931,7.751102739320455,2.21779287924058
78,3,RANDOM,0,4,6.459420306212667,8.80197857157211,11.067566809382402,2.971168020912234
78,3,RANDOM,0,5,14.344008822541477,4.2630174562318714,9.728208106197375,2.648525663052725
78,3,RANDOM,0,6,10.443239950052332,4.390811235187307,0.022351252632542562,2.6612213886516622
78,3,RANDOM,0,7,14.60190412149619,4.476018345253135,4.709790030515052,2.79407047872778
78,3,RANDOM,0,8,13.375666056677357,8.77744409836362,7.069644977727471,2.609643234029753
78,3,RANDOM,0,9,11.599155144732245,0.45519011493706796,10.604476434834352,2.527076269530193
78,3,RANDOM,1,10,7.2876414409959835,3.908949477691812,6.3543967840455045,3.1968719361327276
78,3,RANDOM,1,11,1.2269117946511432,13.90798623402859,0.6220677535488844,1.1010110820262997
78,3,RANDOM,1,12,12.535358027726632,7.250927065024555,12.485731168148172,3.011303290793541
78,3,RANDOM,2,13,1.4476069707126533,5.334989918424025,12.97501338458719,2.153664689301063
78,3,RANDOM,2,14,6.885225056126997,14.11178745137928,12.053669030498746,2.381351289003943
78,3,RANDOM,2,15,13.36835785366119,7.599836810560555,10.093622064554877,2.6641956610569855
78,3,RANDOM,3,16,1.840567528503891,7.792347220677378,14.933042831259513,1.5468587045551334
78,3,RANDOM,3,17,0.7262725869004333,5.712111332139521,3.2396440327104115,2.251202540924406
78,3,RANDOM,3,18,3.964045758236425,14.318159170478362,12.128015799922672,2.810524708430252
78,3,RANDOM,4,19,6.887629796476395,10.991730028893421,6.579905434277437,2.865386564573223
78,3,RANDOM,4,20,6.347515208312866,1.8986672385258718,11.638833495643068,2.390788630289947
78,3,RANDOM,4,21,14.678480587839559,2.877923859213307,12.496786746202343,2.033107893506391
78,3,RANDOM,5,22,3.8435364982244824,14.428879726231349,4.710031098400583,2.8817030490567372
78,3,RANDOM,5,23,3.3241245552695435,6.121155588649555,1.3372564193390861,2.3028448746646353
78,3,RANDOM,5,24,1.7118528529097072,5.299187612086264,7.72676231521448,2.367234730365105
78,3,RANDOM,6,25,6.6738622905547205,3.1747229227775007,4.998828078886537,3.008738808546804
78,3,RANDOM,6,26,6.247727545819085,11.16159560239546,5.967944606129391,2.7512535083236687
78,3,RANDOM,6,27,12.650069135530321,7.774763604898294,6.457933534275094,2.8329246472550675
78,3,RANDOM,7,28,11.73885607717764,7.1531120318523564,7.327282849883168,3.0928680993046616
78,3,RANDOM,7,29,7.761993530020081,11.808543832037167,10.168443019583234,3.187412891038629
78,3,RANDOM,7,30,4.258060159990179,4.457015334316471,4.590374889125997,4.068837679035138
78,3,RANDOM,8,31,7.331397073802189,3.114938172283427,3.824065495361083,3.359153374836138
78,3,RANDOM,8,32,8.038613895105351,6.814596922657754,9.40160212474585,2.9098668899931073
78,3,RANDOM,8,33,0.03931707040204124,10.83402125737948,14.110350724493838,1.6876195375889038
78,3,RANDOM,9,34,5.189320957713217,1.1295967761769559,0.3377859166864028,1.6594407490197955
78,3,RANDOM,9,35,13.169989054628445,3.5895277190535317,2.043990268737727,2.4797262426862527
78,3,RANDOM,9,36,6.585947598932366,14.997707660878708,1.013292340934517,1.3135222232796873
78,3,RANDOM,10,37,9.321229542496418,8.889934536193485,6.332852379578242,2.8118730578732145
78,3,RANDOM,10,38,8.118669497797963,0.4646310306456275,11.078980162817366,2.471881225072175
78,3,RANDOM,10,39,14.575038585574049,11.197635826165863,11.905594674464993,2.4942056206212015
78,3,RANDOM,11,40,11.608795807515266,1.9901738237558648,4.335467810358285,2.980633912619752
78,3,RANDOM,11,41,9.440650012948362,13.679574692437415,5.495271189641111,2.3891877220241584
78,3,RANDOM,11,42,5.128893466010446,3.6921244517793235,1.7459954444923964,2.764931878404078
78,3,RANDOM,12,43,4.336224808525936,14.550107532147848,2.476415229988598,2.189454866651512
78,3,RANDOM,12,44,7.430544346428356,4.09572722273392,12.336170588851406,3.4894007800680455
78,3,RANDOM,12,45,13.04141140172529,0.9804005311952857,7.485978604706756,2.157544398273809
78,3,RANDOM,13,46,3.9805727057459266,12.018898802905314,11.517875378072743,3.722637278420991
78,3,RANDOM,13,47,8.875367292953205,8.778392390308415,4.490937182720364,3.3727916298049427
78,3,RANDOM,13,48,8.471139210240008,0.08738570220958808,10.357075872221465,2.315655893433086
78,3,RANDOM,14,49,6.004253267127039,13.465555572203815,1.0051666421683836,1.7684377231341382
78,3,RANDOM,14,50,12.159382925716297,13.899184140749101,4.531214473992748,2.8701790897592123
78,3,RANDOM,14,51,2.6053947153153674,5.441467644141812,11.095434729009927,2.695639762383343
78,3,RANDOM,15,52,11.396229495179936,2.249092359092899,10.435049679396515,2.682346765183617
78,3,RANDOM,15,53,4.378130225629982,2.134530658621498,10.467583823876483,2.871956028065159
78,3,RANDOM,15,54,10.617228139751825,13.333401310778147,1.8654391268649584,2.130166816456035
78,3,RANDOM,16,55,5.558129013122144,9.786123032414338,3.405058431552541,3.041002484106886
78,3,RANDOM,16,56,13.016658489740703,5.347167124895382,11.275274998190953,2.9147286888797383
78,3,RANDOM,16,57,9.137594225350593,12.78505214961073,14.367782638284988,2.1734397012584603
78,3,RANDOM,17,58,6.658257871612375,7.899801516590764,2.2940317278301303,2.407997840983372
78,3,RANDOM,17,59,12.707901988616163,8.849944391985234,10.727880665542989,3.0368327458211497
78,3,RANDOM,17,60,9.014819626866478,2.932492447824395,10.163082153582668,2.8683247182233895
78,3,RANDOM,18,61,5.09613262239558,3.9947673410005153,13.653424142846825,3.0047367275618635
78,3,RANDOM,18,62,9.052391815122785,5.69119892025779,2.187147954675144,2.313642092760993
78,3,RANDOM,18,63,11.103072958995117,4.341305092771835,11.007890489272116,3.632067980332538
78,3,RANDOM,19,64,1.2723698455683223,3.216904230821618,5.0022788107951985,2.528580686225661
78,3,RANDOM,19,65,1.0745565985848553,10.964866367284431,3.570841378612065,2.7444828081665036
78,3,RANDOM,19,66,13.974897008547359,5.047478534254241,4.4918133309453925,2.819619891880574
78,3,RANDOM,20,67,6.556586525306667,11.801622336640621,7.604043068638983,3.021166734791972
78,3,RANDOM,20,68,4.421310729204199,0.5142184608735895,9.017932073968627,2.682145498195494
78,3,RANDOM,20,69,13.294450975088509,0.10344076371073319,11.203574455099515,2.098186797687015
78,3,RANDOM,21,70,9.977721349020854,13.599299918321613,2.443604431710185,2.1138033420625577
78,3,RANDOM,21,71,4.666719067664056,2.177178489098761,8.145062647119161,2.7817809884185856
78,3,RANDOM,21,72,11.27543610003419,1.8730933668658007,5.778576314499814,2.3729006758222573
78,3,RANDOM,22,73,10.061799644516178,14.00290631851357,11.881623824584896,2.5310000300093214
78,3,RANDOM,22,74,6.532293550684419,12.031046970220851,6.299857783245698,2.7962918795535168
78,3,RANDOM,22,75,10.538521646151645,7.0795472871308105,9.454657264267112,2.9600940348347766
78,3,RANDOM,23,76,1.7817682197325613,3.989331178333757,6.695967871233906,2.674275451348631
78,3,RANDOM,23,77,13.414314472855125,0.9845543319325462,11.093202621805238,2.112757786717804
78,3,RANDOM,23,78,1.9287548561371333,9.2186348525444,11.260170804375539,2.5448708986319053
78,3,RANDOM,24,79,6.606783400439261,3.3550481637489793,0.3135897087897921,2.303576576263336
78,3,RANDOM,24,80,12.69869070147215,1.7288126337081229,4.260663320960942,2.7445250675026927
78,3,RANDOM,24,81,4.3580687914679235,3.3862672357373675,14.848829591315202,2.7044217979979726
78,3,RANDOM,25,82,9.10698405862089,7.855647258440232,9.122858308429342,3.0226241301006644
78,3,RANDOM,25,83,5.994485936911112,7.788959184936653,0.38386919367715266,2.1309139092268774
78,3,RANDOM,25,84,0.6771072612476992,2.4948238741896187,10.357538730244382,1.9480995018794087
79,4,RANDOM,0,0,14.145841583585515,7.669913292215424,14.643655585615562,1.5325889358041664
79,4,RANDOM,0,1,1.2125403584340328,9.110337479925445,5.647298765659088,2.202218450261405
79,4,RANDOM,0,2,12.028518104787109,2.617917242160427,13.074529112814846,2.6018403449745593
79,4,RANDOM,0,3,8.159121011452473,13.533226195739825,7.157302857588094,2.574686016188033
79,4,RANDOM,0,4,6.4574441659411965,11.834200763164942,14.762294998966821,2.149858153272225
79,4,RANDOM,0,5,5.5458868897864315,14.533993039743523,13.935395816481291,1.4977455727903766
79,4,RANDOM,0,6,2.6653887864297165,9.132774252668213,10.572971183471138,2.737279575329577
79,4,RANDOM,0,7,14.142055186937508,9.984861254486301,2.0009363317753968,1.7413125982127977
79,4,RANDOM,0,8,7.468013981780617,7.404297509341723,7.503392840231188,2.985138117558773
79,4,RANDOM,0,9,14.378734291638708,5.249060997333822,3.3565672016732395,2.4006240851002634
79,4,RANDOM,1,10,8.724073851235964,13.368869739914482,12.528589968424228,2.697449245711299
79,4,RANDOM,1,11,12.858784314777118,5.096114346936766,1.9826244238357909,2.367874761727378
79,4,RANDOM,1,12,0.1366688114427994,3.627710541179712,9.421750908887079,2.5604484257297324
79,4,RANDOM,2,13,11.941749407441858,5.417549345416419,9.651282256159812,3.0447896261291145
79,4,RANDOM,2,14,0.35779705195905454,6.021216158803498,9.849596342229512,2.0785405819844565
79,4,RANDOM,2,15,4.434013466056227,1.5871156719178474,1.7987624072689756,2.123364774569204
79,4,RANDOM,3,16,3.720900574768219,2.9605103864503053,7.517260831534739,3.2410438542362145
79,4,RANDOM,3,17,9.511352792098041,13.817737369066439,14.678518871221659,1.6111818467374017
79,4,RANDOM,3,18,14.746268863109298,5.484413903318658,2.242789734016478,1.5479477245542097
79,4,RANDOM,4,19,8.388780905101815,12.174896197532517,13.158387720829042,2.9080607859568888
79,4,RANDOM,4,20,11.773561498717125,1.1664276173046606,1.930048929447008,1.928750270894195
79,4,RANDOM,4,21,12.973165136162457,4.587421649718849,12.70509291353887,3.100631791233744
79,4,RANDOM,5,22,13.87187436049395,13.976062707081937,12.733752653361348,1.7718264702358764
79,4,RANDOM,5,23,0.24831418303991215,9.200763138751629,0.9415789052245771,1.618524418005387
79,4,RANDOM,5,24,5.725211144156726,1.766121081801647,10.883086199949917,2.3155276195064944
79,4,RANDOM,6,25,6.640831207536887,0.716441361516349,5.9050864401359835,2.0017026130745057
79,4,RANDOM,6,26,9.37516258473987,12.024811622540538,1.5257213836707724,2.488387708313515
79,4,RANDOM,6,27,8.080608448189489,9.942019773855653,14.466593421890126,2.2520936881297415
79,4,RANDOM,7,28,5.767016927729206,13.942491748413056,5.345854500240996,2.1796744642016996
79,4,RANDOM,7,29,7.088877054726305,0.9169500140441528,5.434219298584778,2.196134455077062
79,4,RANDOM,7,30,1.901972363347354,14.042794572407532,13.722051705630445,1.2723723668816673
79,4,RANDOM,8,31,3.0931688969197224,13.427239422509231,4.52085740465227,2.945675732614733
79,4,RANDOM,8,32,11.496284759857247,2.3957253328044796,5.371466871866027,2.6529373712043367
79,4,RANDOM,8,33,6.958021073146379,6.261046754462582,11.460342102378453,2.889660715402426
79,4,RANDOM,9,34,3.9437441432719793,1.249185681794334,11.667867769209874,2.936354685197301
79,4,RANDOM,9,35,11.23195992233736,7.558727121840958,14.375296080934799,2.4059261304264563
79,4,RANDOM,9,36,11.481880566090238,5.8502608370238365,0.9039955954133383,2.323415754242361
79,4,RANDOM,10,37,8.83822277736342,13.994150327148851,8.038048252137742,2.439614821589706
79,4,RANDOM,10,38,3.4248527163691493,0.18235609585517287,1.7735908358795078,1.8630360207833718
79,4,RANDOM,10,39,13.874819807530669,4.530913535698556,0.8185819642219927,2.102597995666775
79,4,RANDOM,11,40,11.18668999582917,11.448496032446183,1.107370849987137,2.652793610176873
79,4,RANDOM,11,41,1.5469768683310576,5.833652061420502,4.835811776501784,2.3741730026382557
79,4,RANDOM,11,42,12.266775717788486,5.160869998746875,14.01884148796868,2.4964203622345638
79,4,RANDOM,12,43,11.01572663134538,0.3565451857075663,14.184576957860472,1.7278931288321286
79,4,RANDOM,12,44,6.5144466773605885,0.1039926071687064,6.841830060984323,1.9992418539058783
79,4,RANDOM,12,45,11.04357489221026,8.545136387189178,9.446418096377279,3.129420119803572
79,4,RANDOM,13,46,8.906315631087237,8.017163979014715,8.508122820165884,3.080077490241413
79,4,RANDOM,13,47,0.7764762201017589,3.9035301020433177,11.538587617311011,2.9066331006565385
79,4,RANDOM,13,48,2.079826920836238,10.501624385647,6.574861419748322,2.330394510622307
79,4,RANDOM,14,49,4.263004119596644,8.537075853993995,12.682181318530526,3.400138120597712
79,4,RANDOM,14,50,13.17747902977566,13.339248070488914,13.354807981905218,2.0883541599579916
79,4,RANDOM,14,51,8.196435669227514,1.2434902467073643,7.923323637008764,2.43268815307522
79,4,RANDOM,15,52,8.040149473029537,12.243799661366129,11.538044355721464,3.3032133519343736
79,4,RANDOM,15,53,0.6781610313776509,2.909157375673324,3.7922218447475977,2.5561757019734452
79,4,RANDOM,15,54,10.643073279392663,0.014765979565957155,6.987660981955701,2.232928031544955
79,4,RANDOM,16,55,14.319799500965235,12.124199853180821,12.965530119277306,2.240924688993485
79,4,RANDOM,16,56,12.054678532435997,1.0252177471729245,5.736566147799647,2.317372799694271
79,4,RANDOM,16,57,4.931732963055699,10.054661676815504,10.324194900141816,3.145584297464974
79,4,RANDOM,17,58,12.514013999384764,8.442724333728602,5.628338489088342,2.9117931822322243
79,4,RANDOM,17,59,13.337576792932193,2.747152307656289,0.8459044204208621,1.7593327309232618
79,4,RANDOM,17,60,6.319543924309883,12.045033214405498,0.2502185353333486,2.2354685623709574
79,4,RANDOM,18,61,8.66272667752922,7.916931595992614,3.998720262395354,3.4779724997055927
79,4,RANDOM,18,62,4.128688636975665,14.174320198618213,13.722721636271608,2.241707700534251
79,4,RANDOM,18,63,5.583715298558979,0.6591726116117314,0.3856910270792857,1.491260219948048
79,4,RANDOM,19,64,10.532714136565025,9.307613704506677,4.945953133438986,3.160309819053142
79,4,RANDOM,19,65,2.2569631886818327,3.7674807190623767,13.335035618120132,2.5409826354407223
79,4,RANDOM,19,66,1.7998359990157387,13.478504038801127,11.6729390835038,2.165720127219637
79,4,RANDOM,20,67,13.525792990917102,14.498326095090917,3.513459382056729,2.061722527408112
79,4,RANDOM,20,68,7.830883636877707,9.201023584048652,14.364798555370765,2.27952529584012
79,4,RANDOM,20,69,3.2360963571864,2.985964917492865,0.8488369258092554,2.325596757116359
79,4,RANDOM,21,70,12.25800965057731,8.303984850066463,13.690804990939606,2.6470296162588154
79,4,RANDOM,21,71,13.906399191967893,9.879125513685924,0.801280509132965,1.7396672583145678
79,4,RANDOM,21,72,1.3962878332441169,13.208184681813947,8.774839781963161,2.1137356226400508
79,4,RANDOM,22,73,4.15313841041362,10.70881679907265,6.4616680553865065,3.322463308230058
79,4,RANDOM,22,74,12.45807826642432,5.142497625993274,14.99475314523194,2.1879533559686783
79,4,RANDOM,22,75,12.888174098318167,0.10314382530242805,7.599568437602011,2.1536469366762487
79,4,RANDOM,23,76,14.601980515397539,1.285408639380587,11.695035385993158,1.7188959495886083
79,4,RANDOM,23,77,3.460942809492504,13.511740172488839,11.200399934129367,2.95730546714094
79,4,RANDOM,23,78,2.780260538589523,2.308354288219597,13.180691449968872,2.0294505074813416
79,4,RANDOM,24,79,3.487495311109545,9.28570624554106,14.265634668828755,2.5155120538471825
79,4,RANDOM,24,80,6.831169609962283,13.394792320380052,6.327158822823001,2.357691370632992
79,4,RANDOM,24,81,12.3306226410403,3.824690828305501,13.693008251001755,2.9744100183045674
79,4,RANDOM,25,82,12.718508712253094,11.968400471776924,2.7878842964772197,2.8659426525375284
79,4,RANDOM,25,83,10.142572616980564,8.643821606134884,10.360913413494849,3.0427780183394164
79,4,RANDOM,25,84,3.610969218533789,3.754842415689557,10.210568321995485,3.6718194496151084
80,5,RANDOM,0,0,12.075043856180702,12.119111846047407,7.72988341563213,3.2795456276400468
80,5,RANDOM,0,1,4.287020701322124,0.8089605357248464,5.750533211782773,2.570462582733815
80,5,RANDOM,0,2,6.12709808129998,0.6791279085366775,0.7313656609075209,1.4652253207597041
80,5,RANDOM,0,3,14.987641725976072,9.785536673819816,3.517653025047359,2.348350454306818
80,5,RANDOM,0,4,6.52421328337713,14.61279289888883,13.465164121628233,1.6475906409282417
80,5,RANDOM,0,5,12.663465564131114,5.886069965021672,7.395345280976139,2.767777332312872
80,5,RANDOM,0,6,10.150340277465991,0.9120406943708409,8.333941753810851,2.3808545813560853
80,5,RANDOM,0,7,4.071774067951523,13.194767600023832,0.9632165596828651,2.5105387656365514
80,5,RANDOM,0,8,10.187722995320474,13.05132753491255,3.409777877413622,3.001190920388761
80,5,RANDOM,0,9,13.43172359121189,13.082932020365025,0.27775826505316126,1.7082781188553398
80,5,RANDOM,1,10,5.703964375207572,4.62967155464349,9.708113381358253,3.10204258092499
80,5,RANDOM,1,11,10.801016955212331,6.015226703001978,13.997971890944175,2.2731365637549237
80,5,RANDOM,1,12,8.801728777206357,14.119006638139794,7.590564291484368,2.366869015281443
80,5,RANDOM,2,13,3.0707162035255675,5.255073583612449,6.248485453802085,2.7579068522512546
80,5,RANDOM,2,14,11.128369514211245,1.8468267203112338,11.122897375914492,2.656739938324542
80,5,RANDOM,2,15,10.856972035274135,12.32576908650792,8.235818118745232,3.209920995140439
80,5,RANDOM,3,16,6.363026987715042,9.277519022807715,8.993122821387683,2.8102591385631386
80,5,RANDOM,3,17,12.340370323464743,4.88781540160864,8.1943541008432,3.276782763768928
80,5,RANDOM,3,18,11.898777102346884,12.27801928658355,4.944049519414674,3.3788592535088684
80,5,RANDOM,4,19,6.861470417973972,13.499166340276423,8.036377490795273,2.5367063394210883
80,5,RANDOM,4,20,13.367104870039547,2.6941289138811313,2.553746481116316,2.0028858911099894
80,5,RANDOM,4,21,9.048212987245533,3.705031560805634,13.352260744200832,3.0125467320765047
80,5,RANDOM,5,22,9.776320047335087,8.156058134564356,2.768909694126489,2.775846958007323
80,5,RANDOM,5,23,3.4921169075811944,7.197692637282649,13.592673156142746,2.7560396314033544
80,5,RANDOM,5,24,10.271860181171208,10.899765705448303,11.53420470882989,3.2739507702280886
80,5,RANDOM,6,25,5.026525908347625,12.572621420953961,4.126015933314775,3.5156168833669934
80,5,RANDOM,6,26,0.9946896760374635,4.021313790017417,12.558166140049833,2.77591768078324
80,5,RANDOM,6,27,11.393860271082536,0.7624024945383995,8.221300205259688,2.5335475832952614
80,5,RANDOM,7,28,11.648575913646573,0.9791534536084839,4.156682018343113,2.935779985936917
80,5,RANDOM,7,29,4.998977446563174,11.48163785722936,4.6456500739523845,3.549917035240663
80,5,RANDOM,7,30,1.4190429731186538,8.573538256267788,12.216820440634255,2.4961153822870217
80,5,RANDOM,8,31,5.024542939546027,9.176633151185836,0.9796246282661375,2.4323802552440794
80,5,RANDOM,8,32,8.119846599291323,1.4818406025524788,5.391201532495451,2.3329123298626313
80,5,RANDOM,8,33,9.20804806741485,10.035569060945498,8.781234174140932,2.9958595949948794
80,5,RANDOM,9,34,8.511268206418638,9.686560682652834,0.8706209183902563,2.350517189088156
80,5,RANDOM,9,35,11.713994642293375,14.413915371490035,14.45257063466716,1.6440804897399939
80,5,RANDOM,9,36,14.185794504550634,9.022493156325499,8.055374836493412,2.357578650448972
80,5,RANDOM,10,37,11.177148774024808,6.297070398178779,13.660099668848256,2.477464615303402
80,5,RANDOM,10,38,0.9195728967777728,6.614486113785498,10.620444102833858,2.2563570536286264
80,5,RANDOM,10,39,14.494421541696507,6.049126761004256,6.5484645158103145,1.8706059018809693
80,5,RANDOM,11,40,5.118755783154924,9.639192490045334,6.008255159576331,2.8265089625130657
80,5,RANDOM,11,41,12.231369635524565,14.84961747333673,13.793307359493301,1.7090175980370808
80,5,RANDOM,11,42,7.108764022008914,5.31836167297527,13.796229042150477,2.3661937389113032
80,5,RANDOM,12,43,4.59961211406161,12.117312849895606,12.186372092968012,3.53650198523696
80,5,RANDOM,12,44,12.58269649469276,7.879193170059846,6.408878049685497,2.857438098095644
80,5,RANDOM,12,45,6.567315774944214,6.649444849637705,8.15467127172376,2.7501128585653083
80,5,RANDOM,13,46,14.482485017806852,5.930258031132084,1.608295333185858,1.4047490488867918
80,5,RANDOM,13,47,2.0040671221575943,9.37628564006622,5.473765081739266,2.305033587175261
80,5,RANDOM,13,48,8.056898375588132,8.492898538097467,6.792477606711281,2.958790753456831
80,5,RANDOM,14,49,1.3396388295396218,4.93758951289504,5.919696242958824,2.305788249515466
80,5,RANDOM,14,50,7.643957339002162,2.4755155743803323,10.239762800392038,2.6127391160412663
80,5,RANDOM,14,51,10.872771391327126,10.334438616507057,2.696600232490412,2.8241846417988272
80,5,RANDOM,15,52,14.039408657349565,10.516249639758493,7.912863005658903,2.4450537777541976
80,5,RANDOM,15,53,0.022351892708383225,0.11186687732983369,14.649213668957506,0.7008081845636001
80,5,RANDOM,15,54,4.090325204353565,2.204760730111523,8.224692943901129,2.942295595659683
80,5,RANDOM,16,55,5.094830548493129,9.019795057274116,1.9786319292889303,2.478326617613488
80,5,RANDOM,16,56,13.880114372643778,0.13262811219992898,8.94168263118282,1.7067650555526783
80,5,RANDOM,16,57,12.017907907601236,9.788676039530124,4.545958602512535,3.441356606005621
80,5,RANDOM,17,58,5.951197178774748,1.645575628002904,7.198082580398509,2.1384542758882095
80,5,RANDOM,17,59,2.1376781417839337,7.581106975899936,6.422257908499676,2.2955315001939907
80,5,RANDOM,17,60,14.070157810035994,9.781884972917007,6.585735498415298,2.186537301558344
80,5,RANDOM,18,61,8.90861561367429,5.591913870061359,4.254418719045832,3.2813408568643934
80,5,RANDOM,18,62,1.913309252235672,2.845134442658602,2.610552056065387,1.8771306706950321
80,5,RANDOM,18,63,14.210399834169456,10.869424115760939,8.752479768713194,2.4213520792413217
80,5,RANDOM,19,64,5.048112317146739,14.070379140249068,4.309598257334859,2.836873736344324
80,5,RANDOM,19,65,2.364395483078315,10.287116992663094,13.518345032426334,2.141440542910259
80,5,RANDOM,19,66,7.726766474992317,14.31073572659143,14.182186336191565,1.6167788515478128
80,5,RANDOM,20,67,6.96746853285759,13.190663662053375,13.938301733741053,2.069208778014582
80,5,RANDOM,20,68,11.481791475555717,3.1300003399297625,3.5894193559627032,3.4637557454166954
80,5,RANDOM,20,69,13.28863912484193,8.956877756812997,9.881371529668844,2.6829970842090627
80,5,RANDOM,21,70,3.761476364767308,10.598014764125796,0.8248953669240139,2.758044237334213
80,5,RANDOM,21,71,13.268491733968263,12.645116884330065,4.386661353692272,3.0604535656756533
80,5,RANDOM,21,72,4.020650820778741,14.69168948488392,6.556716058171543,2.439336711565204
80,5,RANDOM,22,73,14.14545048556079,10.435063138661398,14.088215691150552,1.7121598188427873
80,5,RANDOM,22,74,8.176204191515888,13.311792144782173,5.477395722408918,2.624479837963729
80,5,RANDOM,22,75,2.62332066348207,6.377775544731883,6.129166466977104,2.2963516219359263
80,5,RANDOM,23,76,10.542718771716963,13.62817970617868,9.567353876811417,2.5614783708615088
80,5,RANDOM,23,77,3.591139401428328,3.6838035596248506,7.513537313843886,3.6335961433884685
80,5,RANDOM,23,78,5.456336248778105,9.69265617541839,2.4151175840528016,2.4425956351535967
80,5,RANDOM,24,79,8.747733350836073,6.333742738864481,11.069812751278578,2.9600918640269347
80,5,RANDOM,24,80,9.46233497309955,6.569484131723265,4.4022152622754,3.200937591659102
80,5,RANDOM,24,81,2.0760928441673956,0.045064209971100166,2.3322344526041188,1.2241148772983135
80,5,RANDOM,25,82,3.985763556345402,9.305937093441276,3.26724746229372,3.50317289270519
80,5,RANDOM,25,83,11.1280480354189,3.7823456941598677,11.712434329321102,3.6705196308391663
80,5,RANDOM,25,84,0.15371161021064894,8.363924372325219,9.610267621677371,2.2841013680540674
81,6,RANDOM,0,0,8.072465272079148,5.149063047200077,5.536008596930674,2.9507718178828286
81,6,RANDOM,0,1,5.617451483818235,14.811674852797,9.49134408910719,1.9821327029073084
81,6,RANDOM,0,2,10.114858957567403,4.949451830781875,10.198764917460334,3.1277159513464596
81,6,RANDOM,0,3,1.8445856233078506,0.7759384797566282,12.752870202131806,1.665961369564964
81,6,RANDOM,0,4,0.13343708303152013,14.68151343277945,12.405045387285805,1.498196762483445
81,6,RANDOM,0,5,11.778164389895572,0.7212523050381975,3.111588993104621,2.4890947357427744
81,6,RANDOM,0,6,12.747984466428179,6.487422174825462,9.412019005546108,2.753053153842444
81,6,RANDOM,0,7,1.8342359821644572,2.7950447801674425,7.459018691122105,2.1646001329260414
81,6,RANDOM,0,8,11.391998652335026,8.097858065166541,1.603201178535637,2.5692839758633546
81,6,RANDOM,0,9,12.99279117772314,2.094883643612236,6.5948663626843445,2.1316916253508715
81,6,RANDOM,1,10,9.037652984562863,6.172297463742219,0.7333105221289193,2.13894143779684
81,6,RANDOM,1,11,11.147512155823724,13.332236268544836,9.117215717671833,2.8051554347467427
81,6,RANDOM,1,12,1.7233242086970542,12.313030062554798,11.667241547483776,2.6296002055253673
81,6,RANDOM,2,13,0.5530059604200915,12.746855585796398,11.48218861701822,2.4170692922197876
81,6,RANDOM,2,14,12.026444173344586,14.725569045567847,9.782571243899879,2.2816783785211783
81,6,RANDOM,2,15,0.57349551449624,4.034701999479827,12.845666541185212,2.6363395718863325
81,6,RANDOM,3,16,6.435361428679825,9.853665182645432,7.7565710067353635,2.8339007715201
81,6,RANDOM,3,17,4.711750290450363,2.365969963799622,12.954314725026254,2.63987669969223
81,6,RANDOM,3,18,3.1940573210366936,12.890355165546987,1.8777110343716856,2.32907951544167
81,6,RANDOM,4,19,1.2132830201784777,9.07262875415869,2.5857297543595044,2.002699225149339
81,6,RANDOM,4,20,8.710700900316505,0.12788412368685942,14.79477487892523,1.438919114729838
81,6,RANDOM,4,21,7.407764484741655,3.459132073900065,0.7376781845519437,2.5448445437306235
81,6,RANDOM,5,22,9.953692607530217,1.7065906354560205,3.9991615377428995,2.7815863046884615
81,6,RANDOM,5,23,14.331953475357952,13.32747965192732,2.943627921595718,1.8232292188509729
81,6,RANDOM,5,24,0.17066867328026258,4.67468746853341,1.0523915147531182,1.8907717291161186
81,6,RANDOM,6,25,13.698923340570355,11.124988961624682,12.228632129496134,2.741356780730686
81,6,RANDOM,6,26,0.8991349230361895,5.374774558337651,12.251355247752466,2.374451477934298
81,6,RANDOM,6,27,7.737065165879913,7.305720021680607,3.1345182665103537,3.0072028797577834
81,6,RANDOM,7,28,8.827285292482276,3.341295280313955,9.510770970073688,3.1420175832261075
81,6,RANDOM,7,29,8.514650641573018,11.362595171494505,13.917010493186242,2.6055552223205245
81,6,RANDOM,7,30,12.162667202776301,0.7971168077613355,1.4623423148387888,1.817232805106512
81,6,RANDOM,8,31,1.123160231564711,13.659528729249095,5.668715293331703,1.7257196430623143
81,6,RANDOM,8,32,4.891662236327057,6.594256152169737,5.724602290251651,2.8470860257496824
81,6,RANDOM,8,33,12.675596068585316,10.474795996598965,8.261411622479049,3.039202333628364
81,6,RANDOM,9,34,1.8367834275968447,7.432020236857024,6.93299598696636,2.2977283532806565
81,6,RANDOM,9,35,11.999858636168026,7.825819887784485,2.460290464577431,2.7566082594351657
81,6,RANDOM,9,36,14.0534744536263,6.9248779877243605,12.133663956042485,2.3960118090767626
81,6,RANDOM,10,37,6.841712151484459,14.485376473893037,6.578100764373725,1.9689598835148316
81,6,RANDOM,10,38,4.9071754371512375,4.960940320899758,10.259303582000216,3.285847416248938
81,6,RANDOM,10,39,13.431894892451718,12.821164275799656,10.454461498589996,2.5690265653639424
81,6,RANDOM,11,40,13.311647125486804,10.012011771684461,4.911590552247029,2.823573024931151
81,6,RANDOM,11,41,7.216838338268345,1.9212539573821652,3.9933307136940517,2.7863020294703134
81,6,RANDOM,11,42,13.850280126421062,6.507436650781443,12.376317064571113,2.3479777514837568
81,6,RANDOM,12,43,3.986469409634903,3.4509270755215855,13.111896591520692,3.4146215654686447
81,6,RANDOM,12,44,4.893494449626886,14.521957154636688,7.445450525945148,2.3671359516167674
81,6,RANDOM,12,45,6.500424053039716,5.901758881880646,3.9441076365692727,3.0605443561110968
81,6,RANDOM,13,46,14.332905044593721,3.0472348333597736,8.32764051366995,2.2552798402318155
81,6,RANDOM,13,47,8.206338757319552,8.558066916099875,14.721048037831062,2.236499523392676
81,6,RANDOM,13,48,3.792102111238089,7.794056897454698,2.923196674291009,3.265482645766717
81,6,RANDOM,14,49,11.458931053555972,0.36596950529062366,8.393651621414124,2.4956652600495604
81,6,RANDOM,14,50,11.875824805784967,10.076676329781263,11.403937241055107,3.3078998639346615
81,6,RANDOM,14,51,5.7669101614794664,4.871274214659361,0.5273428738980973,2.3118113201935193
81,6,RANDOM,15,52,7.004268428572312,7.463334544089221,12.4920391601728,2.9488867908245755
81,6,RANDOM,15,53,13.365860904537142,9.704372134204014,9.948333362338305,2.6203944644315706
81,6,RANDOM,15,54,3.640532229551168,3.146146217009167,0.9232460023965883,2.6808076413954196
81,6,RANDOM,16,55,10.91973264958008,14.263569114439633,2.340450225978997,1.9216266770421355
81,6,RANDOM,16,56,5.108992004151892,7.078621215389116,12.750849974242282,2.9232428824656838
81,6,RANDOM,16,57,10.759188071109179,4.645755892032239,2.6878434219012655,3.0650835740126317
81,6,RANDOM,17,58,0.252439731458613,1.196715971012254,8.076685571609307,1.678083256551181
81,6,RANDOM,17,59,14.388433127175912,8.141473252487048,1.0606578668075644,1.6435542163051888
81,6,RANDOM,17,60,5.04773173345549,6.438506897681179,0.5836535864581255,2.23055712706717
81,6,RANDOM,18,61,8.544362010650772,2.949141667990682,3.3988340580125427,3.0967940058023817
81,6,RANDOM,18,62,13.98494351208109,0.47348944499474965,14.428801093921477,0.9389910243314465
81,6,RANDOM,18,63,1.8624917706039583,2.714925341605957,5.684310010600106,1.9647988022038385
81,6,RANDOM,19,64,3.9857393594012653,7.975949639378027,9.341535370340141,3.437595518934157
81,6,RANDOM,19,65,4.56090384795203,14.948653092852009,8.166674674033214,2.478838519445615
81,6,RANDOM,19,66,13.164121479206036,0.5100623499295398,9.464980873547958,2.0458458983712404
81,6,RANDOM,20,67,6.194572247381621,1.6618378354030294,8.07914065801069,2.2221127437029335
81,6,RANDOM,20,68,2.6356755215046035,5.087158163942357,0.7984179392470941,2.07585132729925
81,6,RANDOM,20,69,7.87423489908058,13.364827325270618,2.784051613439619,2.46231837090914
81,6,RANDOM,21,70,13.712601119144981,2.716015234762006,14.275671560958981,1.515146552915901
81,6,RANDOM,21,71,0.7310552375532042,13.20055875851178,14.204218752521825,1.3812171427182922
81,6,RANDOM,21,72,2.6930559352751464,8.349706942988435,7.811993024205504,2.778220744490139
81,6,RANDOM,22,73,5.772205478332108,14.359628055613706,8.023390654776067,2.125233443311898
81,6,RANDOM,22,74,3.189937072708627,8.590393212015714,12.368336540101497,3.1429264879871663
81,6,RANDOM,22,75,14.958323019572484,2.618361377832332,9.617730908123061,1.7622557027679093
81,6,RANDOM,23,76,9.168288096988737,2.4840037489612543,2.339580783455852,2.116165755413469
81,6,RANDOM,23,77,1.557447612250773,2.120318776849875,9.310785914250209,1.8063744658250396
81,6,RANDOM,23,78,6.430020634914514,8.398040640109663,10.96715195028616,2.9738980807469195
81,6,RANDOM,24,79,14.117071366980236,11.635619303812227,6.703391829415658,2.3792911980715163
81,6,RANDOM,24,80,7.481613454920895,9.456841655080906,11.891167103067403,3.132901125405493
81,6,RANDOM,24,81,8.838167448724136,2.615495180403851,14.963451610332537,1.7974121688868887
81,6,RANDOM,25,82,13.30389237064657,9.560417590708662,3.1775400808920633,2.7059377307552204
81,6,RANDOM,25,83,4.809190988953614,0.2846291799815087,9.710016441954211,2.4647743085695826
81,6,RANDOM,25,84,0.4411513404565781,6.077320342917438,4.164810510076792,2.528100072320613
82,7,RANDOM,0,0,9.376431999070004,13.458207014543632,11.635285353677903,2.767443173429532
82,7,RANDOM,0,1,3.378107849858878,4.502494273668382,13.103301680943929,3.2965666425518254
82,7,RANDOM,0,2,0.07897956848362087,12.318426275741494,11.956041431280694,2.4896130174937436
82,7,RANDOM,0,3,7.0190242926558115,4.545486402289703,4.1763841815116,3.6687845282119675
82,7,RANDOM,0,4,3.823043814811869,6.676144588239699,7.568223884369299,3.259449306295454
82,7,RANDOM,0,5,8.302460281117387,14.93250425151589,11.889928788206296,2.3193617400139876
82,7,RANDOM,0,6,9.33268844161744,14.834402215228273,3.2296304735339842,2.2013370387602436
82,7,RANDOM,0,7,2.4031805078676682,9.188094064095461,0.6591301194207505,1.8741891642582647
82,7,RANDOM,0,8,0.5352041816039421,7.723332304070555,6.9930903798793365,2.2597515607734993
82,7,RANDOM,0,9,13.757516597892783,9.438393817365156,7.711764698992708,2.4851532085194354
82,7,RANDOM,1,10,4.85638592231255,13.152187871791321,3.337711594916434,3.0866423843973783
82,7,RANDOM,1,11,12.885430939713261,4.748849823151517,5.151105779316433,3.1422654641165266
82,7,RANDOM,1,12,12.352672355275107,4.854230240431983,13.037788829811197,3.0626530485087433
82,7,RANDOM,2,13,12.563475135140312,2.41771675650057,8.9029361501849,2.5774704407500026
82,7,RANDOM,2,14,10.615693980047721,14.503710889881717,2.4398231721455605,1.847513544283177
82,7,RANDOM,2,15,7.037178696017144,6.771959918689975,8.380618157057647,2.849869832548602
82,7,RANDOM,3,16,9.72428421361381,3.724114596156965,14.505837312932092,2.5476170130317524
82,7,RANDOM,3,17,9.241576362983325,4.109020588982536,0.6712239331321668,2.738281586388154
82,7,RANDOM,3,18,4.990797777233947,2.77652434120961,5.463553187229297,2.77527212146722
82,7,RANDOM,4,19,1.0678108030181792,1.9910440841947186,2.9888751330582175,1.680016737364024
82,7,RANDOM,4,20,5.406054562207042,12.367170711008242,5.540358123391071,2.8672575184531217
82,7,RANDOM,4,21,6.420937264224681,2.256819144266567,8.863567620235496,2.336661137931989
82,7,RANDOM,5,22,7.867206643619259,14.05114474440896,6.4582672126315765,2.230144688403609
82,7,RANDOM,5,23,11.219941441624734,6.537293875357165,9.054115882430208,2.984715729970354
82,7,RANDOM,5,24,8.745438410475552,13.59956131302428,13.883342058007175,2.0042146057861085
82,7,RANDOM,6,25,14.19730586539852,3.7561242237456143,5.065612993282985,2.7496283850992222
82,7,RANDOM,6,26,1.9092104242052965,6.062822615399966,6.9662967196930765,2.126875119215502
82,7,RANDOM,6,27,1.781201861982062,0.4660809961052448,14.072973619813734,1.05210783649412
82,7,RANDOM,7,28,10.573019635338621,3.670091037734961,3.8174660027767127,3.7637769953052214
82,7,RANDOM,7,29,10.639645192916753,13.897149599065251,9.173588548954708,2.4759840747659307
82,7,RANDOM,7,30,1.0702075898287922,4.450295667679215,10.596131672965738,2.762192072652115
82,7,RANDOM,8,31,1.255784585113966,14.587598026311323,11.745445877629296,1.720184273612789
82,7,RANDOM,8,32,9.52714478777756,5.119808045987452,0.3556723526820921,2.3178461208609846
82,7,RANDOM,8,33,2.1108709789015423,2.050860229579898,5.604851487383059,1.746529395759063
82,7,RANDOM,9,34,3.7863371751010937,13.074900009926358,6.008990648360643,2.9748125103068226
82,7,RANDOM,9,35,14.811944498930034,2.5440376869916035,0.6693730333833559,1.0999382112052831
82,7,RANDOM,9,36,2.2025304616025645,13.259566426021745,12.804565230256095,2.10249704001602
82,7,RANDOM,10,37,11.144265440722648,1.3620824867383945,11.25761538761469,2.6391101945701423
82,7,RANDOM,10,38,6.032307123621285,12.652816915255155,9.606655931672904,2.752883906052507
82,7,RANDOM,10,39,0.5768400588659212,2.365676149914086,1.8468842626647741,1.255078945600374
82,7,RANDOM,11,40,14.553917035822515,13.560074783291839,8.584416900765053,1.8060894256008901
82,7,RANDOM,11,41,7.952546445825693,14.37263812774295,0.333297070162461,1.5852716956167519
82,7,RANDOM,11,42,11.127670326688301,1.1818344511332195,2.168873400518781,1.9536794413538117
82,7,RANDOM,12,43,9.692915036143308,1.8051282214243625,14.817780905177086,1.5117447038227925
82,7,RANDOM,12,44,13.862212158932783,0.14349348992565958,7.872899182992372,1.741482301982425
82,7,RANDOM,12,45,0.3407050194584177,6.402799009161163,6.121502785913757,1.9227719150525107
82,7,RANDOM,13,46,8.933736905492603,6.600115047154912,6.05705331169542,2.6642295788278596
82,7,RANDOM,13,47,1.6730234432777147,7.570953856682807,5.663855916519486,2.2313142043196597
82,7,RANDOM,13,48,7.725170266350844,0.17183103612995743,14.542935511204872,1.5041149029821683
82,7,RANDOM,14,49,7.972672974665356,6.065793579334034,4.406236663624199,3.213105149836219
82,7,RANDOM,14,50,12.907335621104785,1.653342887429849,0.7612790125862412,1.5798228417643285
82,7,RANDOM,14,51,13.06250258545204,8.374653987954577,10.997684611639013,2.9518073627010537
82,7,RANDOM,15,52,4.409248456706429,8.947840401669001,7.887620387751571,3.4112926548682347
82,7,RANDOM,15,53,12.60311034292079,1.6610876079690662,3.0874301437831204,2.342670329447028
82,7,RANDOM,15,54,11.392819347930129,8.83301889748537,6.129064912046193,2.9764222111111343
82,7,RANDOM,16,55,13.992720838770206,9.187532015080313,14.479158688980666,1.6044892579871526
82,7,RANDOM,16,56,11.025636056954664,6.9514342566874,8.212069875090322,3.071971250782495
82,7,RANDOM,16,57,4.278264911784441,10.268507663589494,3.253946450467698,3.5057331793863686
82,7,RANDOM,17,58,9.241453266115164,9.895429297925137,11.77561442711111,3.13312446078365
82,7,RANDOM,17,59,2.7208502280396463,8.530661589102817,2.544696261042044,2.385575870885154
82,7,RANDOM,17,60,12.37263945842397,9.44043543223098,0.5694924762035414,2.3627683049659227
82,7,RANDOM,18,61,14.672688455426464,0.803164316643683,13.840435368918229,0.9634318948364511
82,7,RANDOM,18,62,12.962612448728443,12.441565555397746,10.324259296360784,2.906631225853057
82,7,RANDOM,18,63,5.186007563123759,7.15836987192323,11.916589773426287,3.118476848055791
82,7,RANDOM,19,64,11.709114140429332,13.733964849698177,13.331974048149231,2.3375642360287974
82,7,RANDOM,19,65,2.690573474659042,12.691088957982398,8.263284245872054,2.7077720163876986
82,7,RANDOM,19,66,2.0630100759015573,0.985090007509139,4.054354533494308,2.208549901073669
82,7,RANDOM,20,67,6.239142593558192,11.751836179963975,13.085579745099793,2.765861376637838
82,7,RANDOM,20,68,8.508202980656078,2.0756807847018965,5.025187175446039,2.566365286680875
82,7,RANDOM,20,69,9.494573662446962,2.407868752425463,14.975616377363034,1.6531483744074897
82,7,RANDOM,21,70,9.207155362539607,4.224462452120587,7.571430224090848,3.411500854378556
82,7,RANDOM,21,71,2.572214323879234,14.575378198803866,6.753304691409847,1.7205201190512882
82,7,RANDOM,21,72,13.53771391550009,5.618734618483858,13.549453420621358,2.0149003374077803
82,7,RANDOM,22,73,13.545531789861919,0.38849462282297686,4.5146070646431715,2.21223594254365
82,7,RANDOM,22,74,9.798303441233923,7.063095791436403,6.381878602729099,2.734941389340645
82,7,RANDOM,22,75,4.934560001716628,10.868103522532337,0.6787113750012608,2.5602808567777284
82,7,RANDOM,23,76,2.4081197336942672,6.577946181285537,10.854225306343677,2.5000157304891046
82,7,RANDOM,23,77,13.542204255924698,2.3592407490592766,9.073236779254012,2.1149307452257307
82,7,RANDOM,23,78,2.510074638953646,13.22808189894207,7.138945094230987,2.2807407271934226
82,7,RANDOM,24,79,13.592406257685681,0.9958677581401576,10.611814797260209,1.9598495755510905
82,7,RANDOM,24,80,13.9452166973616,9.455664758170961,9.70155605823911,2.3611581059622737
82,7,RANDOM,24,81,6.783212072723013,14.232792641280469,2.1900941421036446,1.6599065040673533
82,7,RANDOM,25,82,9.241847943958108,2.868810736727621,7.496151129520468,2.8120032704138143
82,7,RANDOM,25,83,1.9491744138204998,7.374702176121854,1.8851588423670602,1.7990336773416122
82,7,RANDOM,25,84,4.02141927556696,9.478664941397149,13.153646023688118,3.1584700898874174
83,8,RANDOM,0,0,4.90458414908341,14.809152650068883,4.780662577282751,2.5174152587149257
83,8,RANDOM,0,1,11.828234037300435,13.04844767544324,5.86627209808791,2.782790386001085
83,8,RANDOM,0,2,6.568228096841982,5.591233546340296,1.6043039470916154,2.0836786142536226
83,8,RANDOM,0,3,7.184481812440755,3.6202821762702344,3.857178728266946,3.6582849562760646
83,8,RANDOM,0,4,2.7709733525162235,2.9079682335646604,12.207415052325315,2.716842037220546
83,8,RANDOM,0,5,6.344762822163395,3.838807577373391,8.863542776481173,3.2204933625246683
83,8,RANDOM,0,6,9.064084440876837,9.702870405902818,13.670345706727861,2.4965516469002056
83,8,RANDOM,0,7,2.2530916794295264,5.570806926635942,4.269309562662189,2.7713084849459655
83,8,RANDOM,0,8,0.25173078486676104,2.7233090604409425,5.920028719479042,1.821116662723356
83,8,RANDOM,0,9,5.899660651294863,9.250919166105014,6.783997932407195,2.68300579316905
83,8,RANDOM,1,10,6.886913773781227,2.8575721962091363,4.35555604820904,3.10639445653361
83,8,RANDOM,1,11,12.362767704468167,6.551586128157479,4.939801539444831,3.0493769975593934
83,8,RANDOM,1,12,7.130108282985105,8.34714152760918,8.1503824901102,3.024749905499532
83,8,RANDOM,2,13,7.463129445144224,8.972054195412596,11.650258985059832,3.1679957613298213
83,8,RANDOM,2,14,12.413824949143654,0.3839626571186172,3.2906460491757357,2.4683711593984183
83,8,RANDOM,2,15,12.044608534865318,12.45509325047065,13.327195482857876,2.8566107783365036
83,8,RANDOM,3,16,0.549224623228457,3.991616286469579,7.588354013354241,2.744333494482534
83,8,RANDOM,3,17,7.683386728302555,0.6003566849048209,9.110420162978166,2.3363383375936513
83,8,RANDOM,3,18,2.163449588478911,10.229173889527829,11.978168944393396,2.617603927764482
83,8,RANDOM,4,19,2.7174180891986603,5.2378226956735485,5.502319192614115,2.6063743437533855
83,8,RANDOM,4,20,10.831924858769378,0.8692599286616254,9.737161806427673,2.4064808035692185
83,8,RANDOM,4,21,14.776697478083056,8.972682665346063,13.224955328212115,1.8852667968953218
83,8,RANDOM,5,22,9.501357535769362,12.32961486153475,5.291010920980257,3.0223510964716853
83,8,RANDOM,5,23,3.4937060453461917,6.822714998963944,0.0345658739409882,2.389853930169304
83,8,RANDOM,5,24,8.36634136827224,10.79949564606482,14.758460334048916,2.278515249111084
83,8,RANDOM,6,25,6.500911628098783,13.482602608718155,11.957825443806886,2.593967360119478
83,8,RANDOM,6,26,13.356580117783391,4.6122000885378664,2.8510687236325887,2.7729908177475635
83,8,RANDOM,6,27,8.574331216857685,13.196752152786502,4.684850410522838,3.031836663494654
83,8,RANDOM,7,28,4.407595795946574,0.7815606342610593,5.869313966737422,2.5219939350543497
83,8,RANDOM,7,29,10.492016951211228,2.370573186332095,0.7175496426765504,1.9109255211201297
83,8,RANDOM,7,30,11.873865726668855,12.46408654145791,10.21304038985484,3.1989779616319574
83,8,RANDOM,8,31,1.4221669479825583,5.0795861514259215,4.6603782092292425,2.701616994673878
83,8,RANDOM,8,32,5.695879470584584,13.493715831591794,12.732926434467526,2.3838241521480286
83,8,RANDOM,8,33,8.932461000053603,10.324224262809542,2.6289925786707675,2.6959073037795234
83,8,RANDOM,9,34,2.4565686816175294,3.824212701310525,10.473952646570067,3.001930961326418
83,8,RANDOM,9,35,10.663985853579913,5.396134269599941,9.764775145904647,2.9651889980293538
83,8,RANDOM,9,36,13.797241284839698,0.23425742804708827,14.632815087869671,0.9334568067297399
83,8,RANDOM,10,37,13.404429169327566,6.607337584510321,4.7869148636816,2.7108722046648075
83,8,RANDOM,10,38,7.240993283375668,11.663931497177744,11.004512274403833,3.245393709892425
83,8,RANDOM,10,39,3.038299357397316,11.644574900521032,1.8642716284735616,2.5077134490813195
83,8,RANDOM,11,40,9.497262776530468,8.679733416732196,0.5963217127290976,2.322264513806543
83,8,RANDOM,11,41,7.609773685102788,8.706608371440511,8.217787770524247,3.0747739928266205
83,8,RANDOM,11,42,7.705169408537131,2.0281718033492453,11.546892624227885,2.6172856609797517
83,8,RANDOM,12,43,0.4842192851022864,5.061969757913612,0.9206017372203201,1.7285457790671002
83,8,RANDOM,12,44,10.961337868430459,0.7056231908996852,0.931664775511904,1.7836643280483782
83,8,RANDOM,12,45,8.52345332260204,1.6455877979230005,10.505916560954857,2.445209822016177
83,8,RANDOM,13,46,8.155321254204534,14.944692281703535,9.95692156104906,2.1462062380067253
83,8,RANDOM,13,47,5.1838460968971205,1.2034713008870361,4.327349091626677,2.764975857035703
83,8,RANDOM,13,48,1.9333623476477635,3.577678685735753,13.175916503392036,2.4477236073310777
83,8,RANDOM,14,49,3.526888699969819,14.973911541703835,8.831040477055398,2.3924791811481327
83,8,RANDOM,14,50,2.876114581499448,9.957144535800547,3.677234035474693,3.1470592637954278
83,8,RANDOM,14,51,8.055411854425985,0.18039235485900917,0.45491746682349843,1.6193221670668705
83,8,RANDOM,15,52,8.710995846259694,3.605893243020706,2.379401294341754,2.869680356289394
83,8,RANDOM,15,53,13.008823569036815,8.037265418461176,12.156022608577313,2.9817545771947422
83,8,RANDOM,15,54,8.978433408007273,0.7742602546638078,9.960226077520069,2.324081018067309
83,8,RANDOM,16,55,6.984723751796243,12.686813629069345,2.8667648861213997,2.703541176557647
83,8,RANDOM,16,56,12.302018384626846,1.6531510728233256,7.286269801404679,2.4299007749647306
83,8,RANDOM,16,57,9.03366034690363,10.097974444810685,8.640880125369032,3.019711033766861
83,8,RANDOM,17,58,0.00944648589874697,12.566976816651156,1.4311367487346216,1.6184841279087032
83,8,RANDOM,17,59,3.237812707153175,10.881477085162187,13.555569730047505,2.7501059260977723
83,8,RANDOM,17,60,9.782293014466365,7.946243379193921,11.648678278819592,3.180840397925733
83,8,RANDOM,18,61,12.925549059579096,8.457419312305355,9.350891399108257,2.8797767731583184
83,8,RANDOM,18,62,5.055449554248243,3.159778873004822,4.2148228399542855,3.5187294932039626
83,8,RANDOM,18,63,3.8403736149071137,8.331270545990051,12.570865804141471,3.431308697076013
83,8,RANDOM,19,64,8.95926997263873,13.813735828655194,5.80520246837615,2.2868078242490038
83,8,RANDOM,19,65,3.1556221146285197,8.858042135163135,3.979096172030424,3.4529082316386037
83,8,RANDOM,19,66,9.261542839950456,1.6415573294388253,9.427926119202551,2.3407199124964055
83,8,RANDOM,20,67,0.24535412906187604,9.66375660808212,3.831702809916858,2.6454095595949987
83,8,RANDOM,20,68,4.496285736328099,7.32557725798808,8.551372150620885,3.3497356691432763
83,8,RANDOM,20,69,10.57471878695353,4.09304413162711,9.842975250327523,3.4506031460688136
83,8,RANDOM,21,70,14.912861604866382,13.110909566108093,12.722231726783779,1.853360028912598
83,8,RANDOM,21,71,9.510542487020546,1.3438573674843235,9.270604879205939,2.323935429616605
83,8,RANDOM,21,72,3.824837637863393,6.604101882685735,8.07265685347842,3.2796214890551667
83,8,RANDOM,22,73,10.26635042109799,11.309505954106994,6.6056791950154645,3.0145601227558
83,8,RANDOM,22,74,3.6684861060711698,9.892481974757738,4.795231126907656,3.5203197043690375
83,8,RANDOM,22,75,12.443457665420194,0.9139563561816683,4.932860041584,2.528211968192251
83,8,RANDOM,23,76,12.84665326207544,6.424030693268319,6.876786792084408,2.6252241819048914
83,8,RANDOM,23,77,0.9225925967302667,0.549822087298738,0.980282947504007,1.0094121828996616
83,8,RANDOM,23,78,5.273222046642322,4.189056423354307,14.76976328146165,2.5481750282449718
83,8,RANDOM,24,79,7.481336175558485,11.815494548357924,4.533845329541882,3.4878787163246603
83,8,RANDOM,24,80,6.325697769678845,4.626530184158716,13.10558756597458,2.8878890941566118
83,8,RANDOM,24,81,11.751868841620661,1.7458788643090712,11.347349995259256,2.7031033112261955
83,8,RANDOM,25,82,10.26808689506645,14.312513856378361,13.303073292056002,1.9747502188560286
83,8,RANDOM,25,83,10.05707912266316,5.912298083538401,0.606923689900517,2.121737102403331
83,8,RANDOM,25,84,4.946551936009245,9.630144744319537,9.637965785622104,3.0840372805664096
84,9,RANDOM,0,0,13.05373805955127,4.3022581363133305,9.047222250773428,3.2045011981884883
84,9,RANDOM,0,1,11.663011243802682,10.74111944405348,13.730701807357613,2.7369626718132474
84,9,RANDOM,0,2,12.905904737743269,13.773564435731435,0.3988160170139582,1.6478530500045454
84,9,RANDOM,0,3,6.55872000194263,7.274164904659321,0.9773129605516129,2.16397010566593
84,9,RANDOM,0,4,0.08439076019089387,12.459321554568856,14.749533664292633,1.460469483070271
84,9,RANDOM,0,5,11.769147790090194,4.734052349674097,10.580005568841807,3.4534922652883973
84,9,RANDOM,0,6,4.487716097973701,11.11122724313623,4.196208296224305,3.8905142734359295
84,9,RANDOM,0,7,11.738863729921972,14.81611120341865,14.793578239203576,1.4620730744328985
84,9,RANDOM,0,8,13.242938504950136,13.69215077675877,10.623103711547587,2.2867633267106227
84,9,RANDOM,0,9,8.317453158952631,13.848573121053308,1.3459616978146882,1.8443458929636551
84,9,RANDOM,1,10,0.22895043603518406,0.9940462778756504,13.942439860384765,1.0356208506755906
84,9,RANDOM,1,11,12.580957807180274,4.491112278278569,2.3039591395956425,2.8579325416790358
84,9,RANDOM,1,12,2.0115437471251107,10.102159922929015,5.127028838984689,2.4618272680839404
84,9,RANDOM,2,13,8.727268676200959,9.428387025973615,14.208039987063094,2.3098103764944753
84,9,RANDOM,2,14,14.427396626483993,14.099492061399124,4.939916767316029,1.723611363717101
84,9,RANDOM,2,15,14.899252741447873,2.528858021505585,13.7399972472531,1.2391438865162596
84,9,RANDOM,3,16,4.636793176351052,9.361563944334694,5.281365961996468,3.238825571758495
84,9,RANDOM,3,17,8.175217284171282,1.899129274934025,12.992864589426935,2.2774104130895174
84,9,RANDOM,3,18,12.916031248002612,8.60095703863822,2.226346730751315,2.380883228869618
84,9,RANDOM,4,19,13.945537003519712,4.622184743650775,14.238664861649157,1.9961711162350166
84,9,RANDOM,4,20,2.4164705397254123,0.9615330796378962,0.20877391945059054,1.1868359513762299
84,9,RANDOM,4,21,8.022293126230394,11.888143567636376,8.75116919530948,3.2140081629499777
84,9,RANDOM,5,22,4.34786754860161,9.49745229926943,0.19929307353486192,2.642506922505789
84,9,RANDOM,5,23,5.978607187071776,4.753314501985925,7.19938034382701,2.99292996390902
84,9,RANDOM,5,24,13.439521693149949,6.1921336545284325,14.358588490341003,1.6943414922078017
84,9,RANDOM,6,25,13.698243791353839,1.4309681517034556,13.843687402966385,1.3197830982232068
84,9,RANDOM,6,26,3.968907613576123,13.291238513461083,2.853176978070699,2.92467433855825
84,9,RANDOM,6,27,14.420648557930855,8.67873814394441,13.61528044185388,1.8124291739477267
84,9,RANDOM,7,28,6.362727349754317,2.1778953835946413,13.720103182747602,1.791337378934028
84,9,RANDOM,7,29,1.0924314103357498,8.565368798548853,9.155851669513778,2.3752627239871664
84,9,RANDOM,7,30,13.392641140568827,1.3214790793826159,5.365653069379755,1.9454246594462403
84,9,RANDOM,8,31,2.909622741966833,6.476875858405146,10.003414255915185,2.673328015850319
84,9,RANDOM,8,32,13.67330303858265,5.064185797936284,4.884262287715362,2.757651834483733
84,9,RANDOM,8,33,2.8109663454803773,3.1693044419792287,2.5146570669729673,2.429640736464772
84,9,RANDOM,9,34,1.357227433934138,9.239770904448413,4.438023717353234,2.710909901368476
84,9,RANDOM,9,35,8.008136411480962,5.123498344296237,7.164294052034496,3.0337767384940717
84,9,RANDOM,9,36,5.680978733705485,12.915143958744936,10.621949218652867,2.7656421319368567
84,9,RANDOM,10,37,8.222562506150625,7.604763365609598,11.879690275070926,3.2092490234396864
84,9,RANDOM,10,38,13.042231332181892,7.394348840304436,1.6584315467388762,2.1725114613067253
84,9,RANDOM,10,39,3.9000306802132236,11.310336507765024,1.7468252397132489,2.938570932994837
84,9,RANDOM,11,40,6.46503616966793,5.339856235228994,11.162653408514569,2.916109762274775
84,9,RANDOM,11,41,1.3601053322132834,5.753093033570024,4.773458908546332,2.409582310775344
84,9,RANDOM,11,42,2.1431772163118854,12.55753843429022,8.839584437177855,2.4805696423842223
84,9,RANDOM,12,43,14.785589452271537,13.162662133191267,5.805747190464034,1.728882194016687
84,9,RANDOM,12,44,6.942607369850441,6.1870181767053705,4.68311411352497,2.983097921025184
84,9,RANDOM,12,45,3.4495144703321805,12.151579636453498,10.739209916912497,3.40935881715055
84,9,RANDOM,13,46,5.130613101017468,3.0647637430428327,9.696423903477612,2.9766080902563306
84,9,RANDOM,13,47,11.354685957673372,11.520507531588422,12.56112542594092,3.3263466792304834
84,9,RANDOM,13,48,12.517139573320065,2.0753869419850943,10.667044938084354,2.5247702845301747
84,9,RANDOM,14,49,13.572539205824535,9.954480208934518,8.617691281260132,2.576518742126182
84,9,RANDOM,14,50,10.741260026338637,7.274226983749686,1.6603257998638443,2.418654207618592
84,9,RANDOM,14,51,10.638395644566284,3.7050104752614117,11.794221573140238,3.5671264585384312
84,9,RANDOM,15,52,3.2957994847995096,9.301331433170564,7.284122666896398,3.0761218298945465
84,9,RANDOM,15,53,5.629571943342263,0.9747759972352688,11.77557250895541,2.3663827607441084
84,9,RANDOM,15,54,9.446181981762306,8.194951876774466,0.6921616939537484,2.3491651243383638
84,9,RANDOM,16,55,4.1937536891776075,11.679831386371747,3.3613475876923316,3.747342904342344
84,9,RANDOM,16,56,10.806930956342823,2.6055039437762533,5.431686501350569,2.65685093777786
84,9,RANDOM,16,57,3.8370521972105376,12.647983195319462,13.323223010367402,3.0449323588601698
84,9,RANDOM,17,58,8.621254166939538,13.77227543243568,8.413708329017966,2.5407710898199953
84,9,RANDOM,17,59,0.5209459841333813,7.891532722659303,12.616119895823555,2.333454286413979
84,9,RANDOM,17,60,10.712907835532354,3.469665841786123,6.914256632625408,3.20710758389923
84,9,RANDOM,18,61,10.015954947396885,1.6481371404895462,1.3276445130494459,1.7211045532143916
84,9,RANDOM,18,62,7.163880282421778,6.264324273350846,8.505298164332702,2.7958173635888497
84,9,RANDOM,18,63,1.4538558963246921,6.4298812888355865,1.0247728280519341,1.5421511177579388
84,9,RANDOM,19,64,13.613583378241124,5.215960065992766,13.437233046948489,2.1756538562075
84,9,RANDOM,19,65,0.32178055284692364,7.362551991672947,9.008429007170996,2.275607935729516
84,9,RANDOM,19,66,2.600870791887466,0.2534896502701506,2.6386180950668745,1.618033949132124
84,9,RANDOM,20,67,2.38571477984036,14.199336082157412,10.249267255897294,1.8683713664685067
84,9,RANDOM,20,68,13.589405904938731,3.289971681931772,7.933458021451837,2.710061783548652
84,9,RANDOM,20,69,0.7308846090225329,0.055697824591735,6.149910549189409,1.3953581423610977
84,9,RANDOM,21,70,11.807209596013054,7.250879980306517,0.8807406523375488,2.4709053353838453
84,9,RANDOM,21,71,9.770073629512725,5.82812888218394,11.535795164043314,2.961100426936682
84,9,RANDOM,21,72,1.8966330708332668,10.574597606894264,1.5718328378825102,1.8219388536653178
84,9,RANDOM,22,73,14.797597987544183,3.9880797279584392,11.1406465642979,2.699378153403841
84,9,RANDOM,22,74,9.769015617273858,10.668490434938338,11.417507933884865,3.199745346353052
84,9,RANDOM,22,75,8.907782165168747,5.821134294107038,1.1586482023969036,2.1827680701320635
84,9,RANDOM,23,76,4.7712980226636335,6.9897937735211055,8.626124113366059,3.169244669726349
84,9,RANDOM,23,77,13.167771036343048,4.107620619461321,6.802304877172659,3.0637477402706255
84,9,RANDOM,23,78,7.792575671029885,10.747617598618902,13.888776980281714,2.531787589761608
84,9,RANDOM,24,79,6.57400689380786,5.854339258212274,1.309305335948589,2.023314132192445
84,9,RANDOM,24,80,6.160231185112676,10.29794264694819,14.699581101955646,1.988637545862862
84,9,RANDOM,24,81,14.640321114843953,3.514324012308381,5.540150307441422,2.317246798569582
84,9,RANDOM,25,82,4.399119126790807,0.17752414940652161,13.508098534702919,2.243000738045531
84,9,RANDOM,25,83,12.306350695358796,11.724056307634427,9.219084878937304,3.2384842628986
84,9,RANDOM,25,84,6.441416669154579,14.656276959970947,13.873327111331813,1.4459636193153882
85,10,RANDOM,0,0,14.34002564443463,3.115227151187203,12.426673279117962,2.311593111027947
85,10,RANDOM,0,1,2.239231846230304,7.692069246548472,2.038794060307599,1.94334326022665
85,10,RANDOM,0,2,10.335547196716966,12.626215864684184,6.382634961074649,2.8227562868328016
85,10,RANDOM,0,3,14.353890051800493,12.379993595771975,5.07322968707364,2.3936407384758276
85,10,RANDOM,0,4,8.636408219167704,11.299527970627153,12.406559055371932,3.231554792337795
85,10,RANDOM,0,5,14.001577062773721,2.1749204240434095,11.183703165659061,1.9913929008349873
85,10,RANDOM,0,6,2.0902709080173354,13.597931341693902,3.3917165051179117,2.1817652303152024
85,10,RANDOM,0,7,12.798596248584094,4.594767982981857,14.547455523094825,2.426346416127633
85,10,RANDOM,0,8,7.767513204253045,4.83711838149092,4.236502757470194,3.625563274933772
85,10,RANDOM,0,9,9.08797493729514,5.0064668507900745,10.179731602622143,3.0993701324544505
85,10,RANDOM,1,10,3.7730522248915337,7.379078467519447,1.086159126085422,2.7070741001698937
85,10,RANDOM,1,11,0.18477131729006113,8.107189439498873,13.500438615066628,1.912990674227222
85,10,RANDOM,1,12,11.207453936223784,2.2845250086032163,3.227745554869687,2.722016232430332
85,10,RANDOM,2,13,1.3564503412193911,12.326313106765477,4.966760871159692,2.559983192774184
85,10,RANDOM,2,14,14.703051354723039,8.742677770501704,8.423219449306032,2.225554181664629
85,10,RANDOM,2,15,12.152214239341323,13.764648948392365,12.866321253421944,2.486479583608075
85,10,RANDOM,3,16,3.555776979032426,5.360045713136364,12.684575217625968,3.177633124710468
85,10,RANDOM,3,17,10.898914330904036,13.997582443089946,8.267580744216751,2.523801592793904
85,10,RANDOM,3,18,10.185589701263234,0.10988900850510464,10.323151708901829,2.281270110399104
85,10,RANDOM,4,19,9.61320979229711,13.47118889079507,12.257661064916928,2.683072009400902
85,10,RANDOM,4,20,14.12416771232775,5.38706242273131,4.5641589881253735,2.5838422236834893
85,10,RANDOM,4,21,4.494618895196455,7.396710688921189,2.601773804646206,2.987214595299747
85,10,RANDOM,5,22,7.555383869368759,6.0971253900069335,6.585126222506029,2.661384072183037
85,10,RANDOM,5,23,9.29861689538205,14.070934991920334,3.03688547289575,2.2837163239368903
85,10,RANDOM,5,24,3.038523846849002,11.995098873469061,11.043075097752062,3.2050482300796066
85,10,RANDOM,6,25,8.277896122579103,3.0447465446752515,8.900290211290592,2.995274642643335
85,10,RANDOM,6,26,1.7417794558311157,12.204552035953514,13.412537650164873,2.129265606045606
85,10,RANDOM,6,27,9.941959546862414,9.53872340161943,9.002377955729191,2.962610037677899
85,10,RANDOM,7,28,2.5100233032221517,6.3527070364606715,1.147341861710172,1.7818963374268786
85,10,RANDOM,7,29,1.0881742314634302,1.7669906636717299,7.012890165720509,1.6636482646194088
85,10,RANDOM,7,30,1.4459940592882914,14.111147224552372,2.0354867610302785,1.138051540431521
85,10,RANDOM,8,31,10.667225945170124,8.35066774456822,2.7755221795766394,2.863473881027112
85,10,RANDOM,8,32,14.48873294410813,5.992301684505001,10.043437610231972,2.0173956794569055
85,10,RANDOM,8,33,0.6708062335944504,9.573200637390347,8.692226617516333,2.326836313356798
85,10,RANDOM,9,34,2.199363467424006,11.03480567406545,3.592403486716762,2.8909345542087035
85,10,RANDOM,9,35,3.4994195777058117,4.903805165442104,1.5747112205359,2.7698903714042613
85,10,RANDOM,9,36,1.9645097360546093,12.796037987734238,11.777427359853755,2.4971878711189195
85,10,RANDOM,10,37,10.81754122469358,8.534644624785837,9.221503707547502,3.1062982182335803
85,10,RANDOM,10,38,9.218292571302639,12.597994699378416,14.789382689038568,2.1335498709849037
85,10,RANDOM,10,39,11.736207303466417,2.3616037185054055,12.43486164322864,2.7510839634196778
85,10,RANDOM,11,40,4.189656473325182,14.507867736832035,4.179555636932536,3.0537469019976218
85,10,RANDOM,11,41,1.4036875675061589,1.6459146624435355,12.635755194505965,1.7152013785441889
85,10,RANDOM,11,42,9.923889777778717,13.705345907106722,12.21735984953517,2.5929140092715612
85,10,RANDOM,12,43,14.881970289950138,2.864209186529198,10.491856669399084,1.9913962018171316
85,10,RANDOM,12,44,11.87589246606479,11.8733154687898,4.0845519523890985,3.7376457642051353
85,10,RANDOM,12,45,6.545332552004401,10.577531654271155,13.150222466188962,2.655558137878222
85,10,RANDOM,13,46,9.525819154076688,2.6086232277747117,12.584464528176976,2.636102886210094
85,10,RANDOM,13,47,11.214083125845914,14.669229623118843,2.928886769825081,2.1838355067454076
85,10,RANDOM,13,48,2.723017572330246,11.565321679174934,3.865585739146262,3.2924828396250314
85,10,RANDOM,14,49,3.8548639131947207,4.819090586097262,2.5232832047833416,3.2058529779943785
85,10,RANDOM,14,50,8.277952997091138,4.362634734331704,11.409671477098575,3.5839163806411936
85,10,RANDOM,14,51,8.282939964027392,14.932927990142797,2.9549914792753453,2.0467891537388083
85,10,RANDOM,15,52,11.974800074354013,10.758822659900755,8.833380527601697,3.237383022304982
85,10,RANDOM,15,53,2.562160815387231,12.988002847109422,13.969569362673528,1.8669582499041546
85,10,RANDOM,15,54,9.753700274123634,4.882375013423773,12.007342835585856,3.284121721443352
85,10,RANDOM,16,55,14.405516955983897,4.389280587605148,1.9151964949096238,2.0311464823701253
85,10,RANDOM,16,56,3.181967011891533,3.3751224679146823,0.16755145924460368,2.4864577200022024
85,10,RANDOM,16,57,9.483355723193728,8.043699055889736,10.574804265892277,3.066243004652211
85,10,RANDOM,17,58,2.780285913677151,4.749614996411287,10.438844430165997,3.0273058124825183
85,10,RANDOM,17,59,14.499019848475985,2.255718418740539,0.1695568766388983,0.9894278250397046
85,10,RANDOM,17,60,14.753638949235803,14.628255286303348,2.790058202834606,1.1179523009360561
85,10,RANDOM,18,61,8.216930515258355,6.990482262227552,12.317032134322584,3.0422454654329267
85,10,RANDOM,18,62,8.664605397473503,9.582921347957333,5.61168021826539,2.859569906486971
85,10,RANDOM,18,63,1.0915581309207183,14.969318538642222,12.716365640084392,1.418862367326493
85,10,RANDOM,19,64,12.967959609356667,13.461471555831618,9.028404187954992,2.4613144543852172
85,10,RANDOM,19,65,9.294538647234056,3.1550456120425934,4.05239104101151,3.431216399640448
85,10,RANDOM,19,66,3.7013390594916817,1.3710565655304285,9.081709426065977,2.702268657054214
85,10,RANDOM,20,67,2.8915541767010815,14.752247602950476,10.523127443923512,2.040186002314719
85,10,RANDOM,20,68,8.336776304455125,11.765952426444434,6.196379854429335,3.0101998956585803
85,10,RANDOM,20,69,9.963622748805342,1.75411885744451,10.609155966591858,2.4224239347041547
85,10,RANDOM,21,70,7.2690809048928955,12.512531228306889,1.3050162304275332,2.3495179483700017
85,10,RANDOM,21,71,11.124466091293277,6.1097268011890495,12.358863877678735,3.0030544055438773
85,10,RANDOM,21,72,2.877704361005188,8.141102558782215,8.718016009820616,2.89183630515341
85,10,RANDOM,22,73,1.766666889407567,10.818946317315751,0.39266574929370857,1.7709544487779807
85,10,RANDOM,22,74,14.868431684394135,10.995913658571112,14.321383509523457,1.5205591131265388
85,10,RANDOM,22,75,10.26218950979095,4.210827672766661,6.239306828292386,3.2332937155224504
85,10,RANDOM,23,76,6.52202693443169,5.7298939929659145,4.2463528532777755,3.0845007964554547
85,10,RANDOM,23,77,6.6634968833901915,8.860378271480194,12.980159599873195,2.7142629088462105
85,10,RANDOM,23,78,6.542589452882563,12.759057965315193,4.604920957617751,3.0749020560309948
85,10,RANDOM,24,79,7.311445019496483,10.677804671480116,13.832936135627143,2.491181454070901
85,10,RANDOM,24,80,5.687197425086714,1.5798525584273198,2.0109348994026037,1.637204412908149
85,10,RANDOM,24,81,4.319379941256983,13.945734552905417,4.740160807436932,3.037842571624682
85,10,RANDOM,25,82,2.4208758048070034,2.796878022043796,9.374855143658797,2.3227396886822613
85,10,RANDOM,25,83,6.860513255349475,10.505152265168586,13.441337920060846,2.5633694479571307
85,10,RANDOM,25,84,13.68756247209385,5.241116203947905,11.01380033554435,2.618813279546105
86,11,RANDOM,0,0,1.9285530415379943,7.489167936601724,9.022475364350361,2.4096367577753544
86,11,RANDOM,0,1,0.4303351255791682,2.2188912686618387,13.923165344405543,1.2025493014752686
86,11,RANDOM,0,2,1.0563086423129526,1.9466092409894697,14.224926799376625,1.0674053653917148
86,11,RANDOM,0,3,9.328253891945742,5.534896855946865,7.67085032704894,2.8818483097791305
86,11,RANDOM,0,4,9.942644287751989,4.129632236416939,2.06952109300433,2.8447417201944507
86,11,RANDOM,0,5,11.820593917559878,10.055408761537256,7.685734702247407,3.1712016345187113
86,11,RANDOM,0,6,12.251046539544872,8.236129033050394,14.713704589459581,2.3042398340726384
86,11,RANDOM,0,7,3.067641919950673,8.305955442978417,7.254370453850816,2.9676555537797995
86,11,RANDOM,0,8,5.299122825906721,8.873929559235652,3.5295184750137083,3.238547029203167
86,11,RANDOM,0,9,12.033040256677252,13.01000327763622,1.9313950684177654,2.3735708611196773
86,11,RANDOM,1,10,4.199157264456963,8.746568242508179,10.366643499595858,3.4566549819239136
86,11,RANDOM,1,11,5.809436236033048,12.588468357796835,5.762538568331877,2.6447282796097524
86,11,RANDOM,1,12,5.509778335605431,2.4594148497118518,14.942565608441909,1.5924330675052674
86,11,RANDOM,2,13,8.510303277991367,2.0635428574009955,14.607003743528843,1.663217749033544
86,11,RANDOM,2,14,2.566491443769035,12.881853003996099,1.3335196433727865,1.8784799907417022
86,11,RANDOM,2,15,14.74598135079187,7.008925370300635,6.100261153297105,1.889162496110702
86,11,RANDOM,3,16,8.615010562656536,12.170839373547533,5.583421646324019,3.0076480881002725
86,11,RANDOM,3,17,13.255662663169934,3.080142013133698,0.22061900836791937,1.9621459824275167
86,11,RANDOM,3,18,2.1408357239395444,5.866092217350884,8.035592239293447,2.3121068838385757
86,11,RANDOM,4,19,7.428380457414329,11.277111305206544,13.878355336815282,2.5723951526843774
86,11,RANDOM,4,20,12.595654320961248,13.821653453079637,6.949998184347429,2.36488207462606
86,11,RANDOM,4,21,2.808773789423636,9.927196414390727,4.499857874353392,3.1073234755455985
86,11,RANDOM,5,22,12.531194545951431,13.61839848477501,1.2134930522892162,1.9173229830192906
86,11,RANDOM,5,23,13.109891200642524,2.8657139260502684,3.286678605138733,2.7160897343694534
86,11,RANDOM,5,24,3.4604753765278904,4.354835475953447,7.465457921551152,3.6069484101343847
86,11,RANDOM,6,25,0.8901303401054456,0.03306924176561088,13.571131439655591,1.1646461771801961
86,11,RANDOM,6,26,7.666313659899903,9.608122861275959,4.445225591511856,3.353933210401332
86,11,RANDOM,6,27,12.969423740937774,1.3610172011014283,11.986480953687554,2.3487000897655377
86,11,RANDOM,7,28,9.067693076185538,3.616036341059956,8.050606559471898,3.3444586561353464
86,11,RANDOM,7,29,3.721916776947835,7.466803695594473,11.84693927926137,3.507978272867877
86,11,RANDOM,7,30,2.276542799362773,11.261987690607015,3.871989994823934,3.0487550149903027
86,11,RANDOM,8,31,13.984110087974047,8.647548611832468,12.78490598220253,2.3378600334160358
86,11,RANDOM,8,32,10.144871922584988,11.15127106484562,7.3403093760630025,3.10997742226263
86,11,RANDOM,8,33,2.8510936069243176,0.5280161715129389,9.389957797516036,2.1075206663679387
86,11,RANDOM,9,34,14.586962963030876,14.964559470558832,7.883463625521084,1.3491518571459546
86,11,RANDOM,9,35,2.1963284507980423,13.343553403492047,13.100242074394243,1.9321282235872361
86,11,RANDOM,9,36,14.622220753420873,2.152959826968195,6.240280957838002,1.4612785994648472
86,11,RANDOM,10,37,11.689965824629427,8.463935556210627,10.116765186554769,3.196352557707094
86,11,RANDOM,10,38,6.961982731011002,2.9847839223585364,10.642409782714525,2.87960146554894
86,11,RANDOM,10,39,7.085125663914057,3.514838588484644,1.6936254080993551,2.5713876625344785
86,11,RANDOM,11,40,7.954440215430926,8.285596032830094,6.113783903637442,2.8799767577193953
86,11,RANDOM,11,41,1.1055493076075484,8.364391681163998,2.767533402447776,2.148153730503889
86,11,RANDOM,11,42,12.947645521157124,1.4113241175358766,14.121148572080095,1.554341988092338
86,11,RANDOM,12,43,10.838282587990681,1.0372318447455058,13.893435488422165,1.8663881621962042
86,11,RANDOM,12,44,5.732291931990171,9.493458792827315,0.7772706207314367,2.146838978280562
86,11,RANDOM,12,45,14.309511063556812,12.643502714968957,2.8798439806797878,2.0839916991775067
86,11,RANDOM,13,46,4.395142101374245,13.76400146774395,5.233142562203495,2.849756892554198
86,11,RANDOM,13,47,10.236971688598683,11.177458559265625,13.253458620527528,2.856365299330516
86,11,RANDOM,13,48,13.99950564359308,1.6343698240352555,0.7547026129501611,1.0927142299187762
86,11,RANDOM,14,49,13.094925320367,6.86732552329983,12.021768099372158,2.8266355713044735
86,11,RANDOM,14,50,6.365966762452702,12.137298313221612,9.37296172892083,2.923823231134591
86,11,RANDOM,14,51,13.44521231624231,13.611652001984723,7.89291881404623,2.205934570071144
86,11,RANDOM,15,52,7.2021887774127915,0.7084325748938686,5.6228886865388255,2.1447832164686234
86,11,RANDOM,15,53,0.27742278949525634,6.453883484196076,5.878799455814917,1.9301253192565904
86,11,RANDOM,15,54,10.375132263803657,13.05005272648367,2.361170473988417,2.367108318574691
86,11,RANDOM,16,55,14.078435183914413,2.6502641726370952,1.2729198068896341,1.39836175881712
86,11,RANDOM,16,56,13.60015641310946,14.116913456795997,12.599413845205714,1.88685100947886
86,11,RANDOM,16,57,3.857402628606455,2.0308103154011232,9.158214942460846,2.8177036225251744
86,11,RANDOM,17,58,0.7561032924689148,13.799816885217819,0.8177131589033698,1.1391981986566577
86,11,RANDOM,17,59,5.9325152221383926,10.645415641703153,13.863194857916447,2.3070541672569056
86,11,RANDOM,17,60,12.676415086240116,3.7392297689068754,8.2207979746626,3.362918400542446
86,11,RANDOM,18,61,9.041172663139255,1.5749467516709836,9.383418933814397,2.3509773099062925
86,11,RANDOM,18,62,3.8555397955971693,5.612355659525296,12.573713750010825,3.254198228518245
86,11,RANDOM,18,63,14.178363793225747,7.249606941036888,4.2939700223091135,2.6860294060530645
86,11,RANDOM,19,64,12.330440047605702,5.8506276235714445,11.515346572187019,3.057369139476851
86,11,RANDOM,19,65,3.324441577504472,5.267033767699488,12.480721087646598,3.1498379961668315
86,11,RANDOM,19,66,6.846752538330342,9.614833575814886,1.0649376141045663,2.2233357945274337
86,11,RANDOM,20,67,13.543780216057021,12.300200972071188,1.3199266974700352,2.022484633485862
86,11,RANDOM,20,68,2.083189020292725,14.414443345486927,10.910351487284599,1.787411470230729
86,11,RANDOM,20,69,9.688023435241528,3.447450979302517,5.150541654699365,3.223152727053622
86,11,RANDOM,21,70,3.300616133835338,3.1808401614719095,8.731220564301665,3.185712973254724
86,11,RANDOM,21,71,6.940123908298472,11.47166916385742,5.4908274942824296,2.969208812950052
86,11,RANDOM,21,72,2.065369139073421,13.839209333449414,11.832983104535634,2.0488324801768583
86,11,RANDOM,22,73,0.3293827028143992,5.76923153174085,11.698395598074043,2.285511781439997
86,11,RANDOM,22,74,8.674956302694467,0.4796745349341125,13.419406992984957,1.9690050709617846
86,11,RANDOM,22,75,12.437463672206595,12.711284633565457,3.9500023957822106,3.4094249431692667
86,11,RANDOM,23,76,0.3866418044708647,5.154484403627685,4.718130569592605,2.5746063097878853
86,11,RANDOM,23,77,13.716679664061871,0.2542420778037163,1.36147933967582,1.1448029428098627
86,11,RANDOM,23,78,13.92860545386852,12.258443220476078,1.0677937712145353,1.859211695673134
86,11,RANDOM,24,79,8.24009877197926,6.645496578480621,4.151443780797957,3.321628084542384
86,11,RANDOM,24,80,14.425025099395343,11.095807406169158,6.125665396172525,2.1717998013482616
86,11,RANDOM,24,81,2.0721320276494315,2.4539577734675873,8.771307530402868,2.0385576436894888
86,11,RANDOM,25,82,4.070479504069232,6.1367035870080935,8.584016516804157,3.256058816476748
86,11,RANDOM,25,83,12.566986470872743,1.7707752433501716,13.096256592719353,2.1760042652004996
86,11,RANDOM,25,84,11.233397142163938,9.292094430271753,12.742454219421974,3.067288917859404
87,12,RANDOM,0,0,3.762366871626692,14.201294142891369,2.8398057680964195,2.482869939853861
87,12,RANDOM,0,1,2.689371156271614,5.248338608939362,3.458118698848589,2.9174226516486903
87,12,RANDOM,0,2,10.05668614159177,1.7261907318517122,13.444640605570207,1.9957966663713735
87,12,RANDOM,0,3,12.871957336258633,0.0424054827993009,8.121992425781913,2.1817305483972556
87,12,RANDOM,0,4,1.6027691103560993,3.869324381414854,6.253440609496541,2.5791051584911577
87,12,RANDOM,0,5,6.804241827799148,7.02219886415851,13.912750513084895,2.2348144282269815
87,12,RANDOM,0,6,3.8815663413322565,2.8183531617680693,10.057657110817502,3.1807365710642643
87,12,RANDOM,0,7,14.199280550279665,13.842163131656271,13.203749998852105,1.496934489652682
87,12,RANDOM,0,8,0.9653354388542218,14.050441873937006,9.73860553581713,1.6892913188543621
87,12,RANDOM,0,9,13.073337682879444,6.121477020839764,3.290849017625073,2.717672070454755
87,12,RANDOM,1,10,0.7953511972463684,13.873429320233013,2.944053950637583,1.6481294275663654
87,12,RANDOM,1,11,10.479151495803125,12.060442907392945,4.542434513181628,3.4944103623830407
87,12,RANDOM,1,12,5.621455851241756,4.380179170504617,8.024686608010683,3.2751157709891228
87,12,RANDOM,2,13,6.418390724959913,2.3818106289921674,8.291771289050555,2.413768476161292
87,12,RANDOM,2,14,7.397028201054196,14.417153617407898,2.8496654677919393,2.0416991314234303
87,12,RANDOM,2,15,10.882912948080868,5.575817969903142,13.074440289891449,2.760032948322364
87,12,RANDOM,3,16,11.55139765353074,6.806610089236472,7.045225121611006,2.9864559857984885
87,12,RANDOM,3,17,3.204260855074213,3.1475645476828267,13.616597394924415,2.622365693191929
87,12,RANDOM,3,18,6.75177072150456,11.526934847776031,2.400744917764303,2.600004520099704
87,12,RANDOM,4,19,1.7097967950934585,2.622949055033362,6.161786992982542,1.8544511486322155
87,12,RANDOM,4,20,13.842261306076702,0.987982956048829,9.456547487463641,1.775283521512561
87,12,RANDOM,4,21,0.8599463441179095,12.430242272161827,9.317664638307118,2.374078901697584
87,12,RANDOM,5,22,14.696592028735026,12.879338215195537,11.127998959570087,2.1841360489419204
87,12,RANDOM,5,23,9.573107804337589,14.341876188600379,1.9201920281274543,1.650090249468264
87,12,RANDOM,5,24,0.01803785240323985,13.21594465062315,13.0313857100957,1.7994367409366174
87,12,RANDOM,6,25,0.086292743829951,2.216249579692735,9.848560871769077,1.7237941029841746
87,12,RANDOM,6,26,10.526083486244179,14.147218481040438,0.20714413030269663,1.6493665876179573
87,12,RANDOM,6,27,11.62663934315555,12.295420300729509,12.258701610029542,3.348002049893166
87,12,RANDOM,7,28,9.978427328260741,9.869485903608053,13.884681807300204,2.3953898204103092
87,12,RANDOM,7,29,8.980255268066914,1.4258550028145862,12.610896270616578,2.3549534395124376
87,12,RANDOM,7,30,3.5655121025851844,8.348486857155118,8.747456456556485,3.3395715863265947
87,12,RANDOM,8,31,13.670685222213512,7.110537462209975,7.206520274674963,2.423056362258551
87,12,RANDOM,8,32,3.103600876381391,0.07691870257914624,4.588934929293059,2.5535705915202547
87,12,RANDOM,8,33,1.2562206457131753,9.030745031034169,6.444131612894576,2.18873917417109
87,12,RANDOM,9,34,3.4750659081908983,6.386896665992577,3.1583485915903884,3.0819896321261684
87,12,RANDOM,9,35,3.485425329482738,7.969637147389398,10.51622385674243,3.3159919012215093
87,12,RANDOM,9,36,1.797177168414556,0.2176523493007343,11.284411810438286,1.8162505673583549
87,12,RANDOM,10,37,4.141228760412192,13.684047615195704,7.549828683371827,2.94319463711858
87,12,RANDOM,10,38,10.466336141797223,3.5403556692155043,11.021984362350539,3.4187464200392483
87,12,RANDOM,10,39,8.727894629793015,8.102470653440285,5.487452680332253,2.955203585053744
87,12,RANDOM,11,40,14.764320997250223,12.270075202909629,12.596730242538857,2.24186362273295
87,12,RANDOM,11,41,5.6917400645036,12.872525902435312,8.900425567055269,2.735193524987484
87,12,RANDOM,11,42,8.743488117984121,12.17613713697861,0.9600523652961884,2.4798431311357647
87,12,RANDOM,12,43,13.163028352517664,7.452906430094586,11.641642875662559,2.917471052664631
87,12,RANDOM,12,44,0.1375332134533125,3.677317972019398,2.0290642622366817,2.0324714840289877
87,12,RANDOM,12,45,4.8239559659841476,7.912672017058026,6.526458624268653,3.0713996698495185
87,12,RANDOM,13,46,7.3799830542275595,2.424135125857538,5.987878382647791,2.356045471841108
87,12,RANDOM,13,47,0.1363310823537095,9.075836761774786,3.676715160310145,2.5999358803486565
87,12,RANDOM,13,48,6.397157591523699,6.611324145549478,0.45517855648003813,1.9862053841115312
87,12,RANDOM,14,49,9.99711609129677,3.7694308572434894,14.0361478799103,2.726144281801646
87,12,RANDOM,14,50,8.345584228338822,9.128668447798088,9.614754007999297,3.0088555240781027
87,12,RANDOM,14,51,4.917083416152178,4.504028130377314,1.929825196492052,2.896261956676817
87,12,RANDOM,15,52,10.411001278534979,5.9776744281157805,6.653207565056985,2.694108682762893
87,12,RANDOM,15,53,9.628491891179857,11.410974077160505,1.7636691587706532,2.520590491786839
87,12,RANDOM,15,54,4.066384808692226,1.0673911181401108,7.121267594203789,2.7186033840301524
87,12,RANDOM,16,55,9.971043698934443,10.901809707994968,9.672752691139943,3.059078474931252
87,12,RANDOM,16,56,0.859731807614369,9.54078279530979,10.231858725134966,2.3239511470884286
87,12,RANDOM,16,57,3.4342097922107784,7.588795403209965,2.1806192747574538,2.6900484469479933
87,12,RANDOM,17,58,0.24435204494762996,10.70033583021152,5.383102102984046,2.280371175382675
87,12,RANDOM,17,59,6.041464206248471,1.1704210408365168,5.303866315191864,2.1211917762992023
87,12,RANDOM,17,60,7.238505251822779,11.966147392882032,6.764752140283443,2.9928035183988166
87,12,RANDOM,18,61,6.297044505042309,2.017441281235657,7.942767967875582,2.2775204594508036
87,12,RANDOM,18,62,1.8317666225488187,11.999583776577353,4.74526849824187,2.7710737541246306
87,12,RANDOM,18,63,5.18424469238248,8.245777867544316,0.33127790711302063,2.3474340280348414
87,12,RANDOM,19,64,6.736111983010195,12.441351289134548,12.934118734632353,2.779698962651873
87,12,RANDOM,19,65,5.172395525683778,1.703533605228564,2.129273363709304,1.8556471607932399
87,12,RANDOM,19,66,12.69679637065334,4.344934361616447,10.575872579087813,3.3948861533682493
87,12,RANDOM,20,67,5.262665250576631,0.30202107929177213,14.524386822253668,1.482137523890493
87,12,RANDOM,20,68,0.39408895101833097,5.703596478856793,2.909219294033548,1.9894195359822981
87,12,RANDOM,20,69,1.2388083622181634,13.744053504457334,5.54832088345982,1.7225242009711743
87,12,RANDOM,21,70,13.297749872810293,5.893507009071695,12.722020290448048,2.4506011575194053
87,12,RANDOM,21,71,1.4288270399319547,4.869781290819849,4.712031593965182,2.783939524400706
87,12,RANDOM,21,72,5.254257534903687,14.589160664140802,6.794306362823809,2.06695670543719
87,12,RANDOM,22,73,10.622420592833274,6.605617008441103,10.713484977654753,2.9800528132160093
87,12,RANDOM,22,74,11.077384154733268,0.3516695247592949,1.681571743449794,1.7956757348157257
87,12,RANDOM,22,75,11.215566459091802,10.55293956298414,0.22212954926204176,2.4660105219752304
87,12,RANDOM,23,76,5.0802780879310445,0.7380874397036263,2.7120287534451926,2.120575036972216
87,12,RANDOM,23,77,11.274307336888187,10.568470104759248,7.82248966860066,3.225539601773514
87,12,RANDOM,23,78,0.2320438428762056,5.057588514910703,12.578454072260863,2.3561127725303255
87,12,RANDOM,24,79,1.3040306156651744,8.308431763395825,8.376329173199228,2.435379507126826
87,12,RANDOM,24,80,0.5176110635685566,11.877232200761206,1.1996713211633103,1.8260871170121342
87,12,RANDOM,24,81,8.13032623360798,8.477557362352467,11.111766402530515,3.2028209828556045
87,12,RANDOM,25,82,0.5960628609405089,7.9652527006313125,1.2854189477686384,1.7158790660739593
87,12,RANDOM,25,83,6.630917546348308,1.508249935950473,1.608041558608952,1.595732187964866
87,12,RANDOM,25,84,11.68747589554497,4.898362971494413,7.454924640594456,3.318812108346171
88,13,RANDOM,0,0,12.971963805248798,12.829537723980884,12.165350981765132,2.8604339060572723
88,13,RANDOM,0,1,3.921695421247149,1.157991865776321,14.19698670669095,2.0757207092867724
88,13,RANDOM,0,2,9.206875365706528,0.0394613043944958,13.656107670987566,1.773957952510027
88,13,RANDOM,0,3,14.772052128563331,4.294449062492556,12.204916845584693,2.662888200023712
88,13,RANDOM,0,4,1.2361191582196236,6.574200709551321,12.265556621172113,2.2992122669063377
88,13,RANDOM,0,5,6.130999990346605,7.766245607804657,1.755598252125995,2.214755379348739
88,13,RANDOM,0,6,12.210097788751677,7.468011124987683,3.724187923300079,3.4551661666808915
88,13,RANDOM,0,7,11.650292340013026,14.68842433784344,8.07514851114435,2.3803958742676885
88,13,RANDOM,0,8,11.057253339311753,14.89141033272544,0.45191244562985955,1.5586824480153403
88,13,RANDOM,0,9,8.984664785501568,14.5094291668738,1.760048607649753,1.6062484319979846
88,13,RANDOM,1,10,8.883387078857304,7.576939665069887,5.7484638384131665,2.849664499015125
88,13,RANDOM,1,11,1.7896348474043922,0.9098704873020136,8.025935005453631,1.7714214210751078
88,13,RANDOM,1,12,2.181324846810359,10.133237630148521,2.7319251306937224,2.202680654933079
88,13,RANDOM,2,13,14.18987112138357,10.608561137458677,1.0706734437401004,1.7211482787645065
88,13,RANDOM,2,14,4.229325853596022,10.268060121603126,8.517796057720306,3.453929720580696
88,13,RANDOM,2,15,13.611657019317914,2.253099508318087,2.430315664673459,1.6128640203160665
88,13,RANDOM,3,16,7.886877867413417,13.54989903442976,5.536946637366166,2.4886468793531344
88,13,RANDOM,3,17,3.4686921153757804,5.5259341266280435,8.611619561185488,3.13870858325235
88,13,RANDOM,3,18,13.789016937566725,10.17268071817211,10.457655828643984,2.5027138725181644
88,13,RANDOM,4,19,7.993612484495337,3.9886841197683602,9.829289193163618,3.4337154180822274
88,13,RANDOM,4,20,4.9721740160913805,13.143530353737052,5.210649565232818,2.8866928191483163
88,13,RANDOM,4,21,12.509661307807914,1.0265611084589583,14.901554466380006,1.5027494691072407
88,13,RANDOM,5,22,3.7377574814393495,5.39678679030415,0.8640199640564677,2.625600076907591
88,13,RANDOM,5,23,0.9323930685816906,2.9231443118522176,8.968508368964136,2.211720646951398
88,13,RANDOM,5,24,9.915786018242896,9.08712401594228,11.251958659835623,3.124248553945894
88,13,RANDOM,6,25,0.727290036662675,2.929473235277717,0.04394366265602523,1.4541568181022946
88,13,RANDOM,6,26,2.570991853090498,13.978296015846087,11.650585985998163,2.201038240009282
88,13,RANDOM,6,27,1.1813237985028968,1.2035778835086364,12.010814930662967,1.8531491758462617
88,13,RANDOM,7,28,1.3336128326726597,11.531340078524025,4.815345536936191,2.7243884297597423
88,13,RANDOM,7,29,5.725249185391552,14.458278171505537,14.573087675378625,1.26669029871026
88,13,RANDOM,7,30,8.405215754833764,8.972838567498533,6.17120921800597,2.8469959631890545
88,13,RANDOM,8,31,10.261443113387772,12.425024550423018,2.334308325592813,2.585469934862499
88,13,RANDOM,8,32,1.2740608486513405,1.3531988950158529,7.973279471358971,1.7551537693596386
88,13,RANDOM,8,33,3.7980554314261203,11.03989859844848,7.959832091542994,3.5335841248587716
88,13,RANDOM,9,34,7.127536549194975,8.952763273414913,1.0211552852410648,2.3012853756508127
88,13,RANDOM,9,35,13.407260999324404,12.980443389189299,9.70099365447806,2.4559644357043746
88,13,RANDOM,9,36,9.703036205625729,2.309224939697181,7.687093813638154,2.5126370029258407
88,13,RANDOM,10,37,11.709031078594277,8.722262626468655,14.610259318344264,2.379333486157427
88,13,RANDOM,10,38,3.6131634159255,1.1546541638748136,9.367059416443796,2.642063780927811
88,13,RANDOM,10,39,8.454844332108248,0.6529205976888969,2.2508523518480237,1.8559056280774477
88,13,RANDOM,11,40,3.543933013779597,0.5354977678819306,11.621872343131642,2.7530537469963123
88,13,RANDOM,11,41,8.582522038486614,2.099691326180647,1.6634839306844451,1.8522671745117436
88,13,RANDOM,11,42,10.910854154296322,11.200934751422798,1.3088728251629096,2.598513985373162
88,13,RANDOM,12,43,2.9521594528046347,7.713907866835888,8.092510886967437,2.9431604072559825
88,13,RANDOM,12,44,3.6111056566224797,13.821074061254993,1.3617443211645348,2.1217838612994786
88,13,RANDOM,12,45,4.392463349959473,0.9622123544692213,4.7579033218248385,2.9512549255212392
88,13,RANDOM,13,46,11.219820435814633,12.082430195344315,2.9255064161268955,3.1353748413087392
88,13,RANDOM,13,47,11.139421886015233,12.697726008024691,12.382347794321124,3.150401460521718
88,13,RANDOM,13,48,2.7358222001261012,13.204033273499979,5.848680863924841,2.2895671215419786
88,13,RANDOM,14,49,14.865989340847339,14.344311412785956,9.16525489226228,1.3937077394512545
88,13,RANDOM,14,50,1.347257727832352,10.486300086772637,12.906304331128528,2.2670410249287842
88,13,RANDOM,14,51,14.594895402455677,1.0814728015210866,12.105426463430703,1.6742744045474023
88,13,RANDOM,15,52,1.1350126950295358,8.311428846395005,13.175687363429686,2.1425638474559454
88,13,RANDOM,15,53,2.2891314646827743,4.664124671807295,6.559203856335741,2.628330022058288
88,13,RANDOM,15,54,6.450379608596992,0.3424753587638424,14.779220672656711,1.2782192327865263
88,13,RANDOM,16,55,6.940391466413528,8.02361001703289,6.2918304420822135,2.7651015509819072
88,13,RANDOM,16,56,14.742661304172705,2.2945570218576545,9.618048835825306,1.6482989824627916
88,13,RANDOM,16,57,14.203032902306996,9.741385257204714,1.9845985572852793,1.7076701744196936
88,13,RANDOM,17,58,7.273388378721831,12.852098617741294,11.635405153111469,3.0304290680657697
88,13,RANDOM,17,59,13.809319506428897,9.008066939837672,5.195771606651156,2.473944008464266
88,13,RANDOM,17,60,4.750567721248229,6.615474382144505,6.602063717790621,2.9407117336937842
88,13,RANDOM,18,61,5.030750213414094,2.1742460939957535,13.570872726420712,2.1254844688940517
88,13,RANDOM,18,62,6.348341289761181,9.417552576606706,6.222054722213726,2.60786800406709
88,13,RANDOM,18,63,0.009912308807406567,5.550628141518979,1.9161296192839035,1.5343334267447473
88,13,RANDOM,19,64,6.632059271045851,13.17387035278768,0.8377102673184511,1.9491234454009991
88,13,RANDOM,19,65,7.940641320857828,1.2801834429778385,12.806015165883613,2.3067813498067853
88,13,RANDOM,19,66,1.3786544874557427,2.486378921291215,8.493460349931597,1.9901560732370958
88,13,RANDOM,20,67,7.450655317620728,4.230211273821653,2.130816486951373,2.8628466583479573
88,13,RANDOM,20,68,3.4775767644181204,10.533066791824464,5.782596649915161,3.101481123827518
88,13,RANDOM,20,69,5.77186632643674,11.118471166270583,14.741465575742343,2.1170490505146957
88,13,RANDOM,21,70,13.968143297857052,2.9843708619798552,3.906976617348193,2.7062037875827922
88,13,RANDOM,21,71,0.9619320680859067,0.052248740783314984,13.581097346770354,1.166347746917795
88,13,RANDOM,21,72,2.962474825810359,11.925233783948906,10.694630744757921,3.1078354038963436
88,13,RANDOM,22,73,1.0421133526309767,3.5876770941480824,11.50523070966106,2.808403929811232
88,13,RANDOM,22,74,9.562487281651567,8.99653888337014,8.363710439800249,3.017413936308177
88,13,RANDOM,22,75,0.9813922382011775,9.31741123221106,3.04394417307316,2.2778249765355962
88,13,RANDOM,23,76,1.0157039592930395,6.193970488156272,1.8818782646652665,1.5577383469586166
88,13,RANDOM,23,77,10.999591848811955,8.366208696592869,8.815494711313752,3.165961457248949
88,13,RANDOM,23,78,4.22640718494014,3.512934674006227,10.033202039793919,3.655180783754105
88,13,RANDOM,24,79,3.6720954608470775,14.883870931874476,11.40377663763207,2.62376816785907
88,13,RANDOM,24,80,8.844964743414216,8.13463448852794,12.064677165556738,3.187261916511391
88,13,RANDOM,24,81,3.510487300089843,4.359293034413813,6.135837171510215,3.4427587849579204
88,13,RANDOM,25,82,14.275559140930925,9.16181812392898,9.53004671491979,2.2565464769877988
88,13,RANDOM,25,83,4.4453853394713665,10.739151754656834,7.440890993097965,3.4266744476979305
88,13,RANDOM,25,84,3.5169306352103105,2.4958826832531393,14.742563113209805,2.017971595924958
89,14,RANDOM,0,0,12.464749783336671,5.414200002513849,10.541089583730823,3.0012571813564435
89,14,RANDOM,0,1,12.901781799788917,9.61976221182247,8.225448132199709,2.8888108655283147
89,14,RANDOM,0,2,11.4347013379679,10.744715739600606,7.00753130866278,3.1603273792175095
89,14,RANDOM,0,3,8.586884072739705,11.194835401369675,0.9534587870879535,2.5143609602086032
89,14,RANDOM,0,4,9.70314064063311,11.040857143436163,5.98138267691912,2.900458243782964
89,14,RANDOM,0,5,7.607737954831852,3.43080941645436,9.75291271270783,3.1951801958958317
89,14,RANDOM,0,6,14.5692639630101,4.480696270870219,6.942461839266503,2.4628633196975738
89,14,RANDOM,0,7,13.374208500357161,8.271013159462559,6.321971101689447,2.5134740938298705
89,14,RANDOM,0,8,10.024361187010985,0.4623034710469909,2.306946268288694,1.8110837812612608
89,14,RANDOM,0,9,13.069850765261243,2.3735976614762926,0.44200258231388234,1.6465263535293826
89,14,RANDOM,1,10,8.195351619247212,4.2631821385605955,12.828139383669974,3.351178884444133
89,14,RANDOM,1,11,12.426938979521983,4.947216439357078,7.829949622889602,3.2115005095848694
89,14,RANDOM,1,12,7.546849617392015,6.718653092862888,3.291684325845649,2.9964685628007617
89,14,RANDOM,2,13,1.161325826279559,12.40696668552122,13.935326399453787,1.8200552754730315
89,14,RANDOM,2,14,12.077067698817357,10.313550659764404,10.914746590615248,3.2467371179825157
89,14,RANDOM,2,15,14.87570768240946,4.783765138341708,14.970985653468968,1.4665941303572625
89,14,RANDOM,3,16,0.4310934386966775,5.400101784766848,13.557775711241513,1.8007747170676418
89,14,RANDOM,3,17,4.1166548496860695,9.269212187641928,14.609127929996324,2.600878158246093
89,14,RANDOM,3,18,11.480076959541748,11.09452762312282,11.263474556347717,3.436418033397982
89,14,RANDOM,4,19,11.992497870721932,6.987297278545127,8.395728825762403,3.102442166856127
89,14,RANDOM,4,20,4.839869100251361,0.950959649376163,10.763706301376741,2.610767416890064
89,14,RANDOM,4,21,0.20508435990349017,11.8433809022502,0.3949204840910858,1.7363231827594323
89,14,RANDOM,5,22,10.614947237299855,6.622177138074608,4.9099856973118134,3.06284381436571
89,14,RANDOM,5,23,4.891155414590356,8.115772404972331,11.250177598637391,3.3459966929900844
89,14,RANDOM,5,24,6.703576610634005,0.1438892922024282,14.862791175395687,1.276417511654145
89,14,RANDOM,6,25,14.327651636837025,8.44058308762784,1.1585421501271158,1.6602827483528164
89,14,RANDOM,6,26,13.917227495987484,8.186159870193888,14.27354804380075,1.7454438273435233
89,14,RANDOM,6,27,0.48386349998399136,12.34407354132923,14.332379100805845,1.6512920241031372
89,14,RANDOM,7,28,9.760853327043138,4.917170188504852,13.081719385042826,2.9168183538692944
89,14,RANDOM,7,29,14.392309753908865,4.435244033452845,3.292267164058495,2.7319518973846684
89,14,RANDOM,7,30,10.942233705533313,9.293673739167996,5.460784566520448,2.9933374550430454
89,14,RANDOM,8,31,10.484225296257257,10.331388548890528,4.669097926152403,3.322644680107036
89,14,RANDOM,8,32,11.844614591700976,2.7657516483427624,13.388143139777842,2.5667980127099415
89,14,RANDOM,8,33,14.209802033828336,1.1323791470824085,5.578063990855803,1.5301082163195303
89,14,RANDOM,9,34,4.152625825516022,8.561397112441231,9.839807193136691,3.429384862755466
89,14,RANDOM,9,35,3.30155804222169,12.999983599432495,3.751039204565479,3.316367893653982
89,14,RANDOM,9,36,1.1954158405645128,12.99352576086717,13.949264235852805,1.5927542263481
89,14,RANDOM,10,37,1.6773088573495643,9.26693466210029,13.096833373716471,2.1493139953032676
89,14,RANDOM,10,38,2.141872668304958,7.532294408558091,5.403381818269144,2.3870822252302926
89,14,RANDOM,10,39,0.2535610908141511,1.6668303639049902,2.526801158350259,1.2752488056664246
89,14,RANDOM,11,40,1.0443383255557208,14.266200176965121,3.7487699400316874,2.0025134689572357
89,14,RANDOM,11,41,12.8277837381916,10.948658789742446,10.883329341082673,3.105349088641121
89,14,RANDOM,11,42,4.628060866778682,2.6927071003193555,14.526955138899107,2.212019661604963
89,14,RANDOM,12,43,10.500974569345315,1.9552180375312394,14.121907193441972,1.7921896335517362
89,14,RANDOM,12,44,0.6769799874424376,11.49574926810073,12.068268240462544,2.6256101083789734
89,14,RANDOM,12,45,7.794414274014136,7.2825210343570435,6.923521700411968,2.908247887166695
89,14,RANDOM,13,46,12.914177435282491,7.5224305133317415,8.47681964326991,2.9040685577671814
89,14,RANDOM,13,47,12.84994205518016,2.657384844673003,2.639756283088527,2.2631755929232167
89,14,RANDOM,13,48,2.954241912430347,11.403272328263613,6.637463607942745,2.901035458561586
89,14,RANDOM,14,49,3.752620560386124,11.35767385039009,3.59455178574237,3.815103371954626
89,14,RANDOM,14,50,9.165155882670463,4.2990934969932635,11.79595090826885,3.5555259382943873
89,14,RANDOM,14,51,4.99891812540534,0.8294227817286048,5.762017015796036,2.2730909064792906
89,14,RANDOM,15,52,4.499016856222995,0.13954456774906254,13.505505676535144,2.2060178779103268
89,14,RANDOM,15,53,3.5098299522571845,12.247491094885003,10.792960839613778,3.431525828174918
89,14,RANDOM,15,54,6.093253415811206,4.3020170307580665,1.233782439827027,2.5598915024706588
89,14,RANDOM,16,55,3.1860859742037,1.577445244430511,9.825697660517713,2.3932675228835176
89,14,RANDOM,16,56,14.055521188771529,6.28018751641268,7.6897231646019755,2.1963987560483536
89,14,RANDOM,16,57,7.357300730037394,13.885170248598085,1.6310939426792608,1.7850306220217182
89,14,RANDOM,17,58,11.457027063494209,5.4080019426227715,14.533930063822948,2.2951170620743224
89,14,RANDOM,17,59,4.417406448319018,1.346467203146392,7.312393933235793,2.704025603417488
89,14,RANDOM,17,60,12.87722661926622,9.400463010640962,5.739954341979891,2.6953892662375822
89,14,RANDOM,18,61,2.611595505058041,7.71465104422324,1.775332223902173,2.0715372381763393
89,14,RANDOM,18,62,1.5659827577013168,3.9821229381573153,14.016401364953847,2.1642096700094857
89,14,RANDOM,18,63,10.348097709904067,10.86652829417697,14.766559815687081,2.267867671113394
89,14,RANDOM,19,64,2.477623529199868,6.461471018569089,14.132784908194795,1.7599714388455687
89,14,RANDOM,19,65,11.561696135884494,7.527970710137924,10.752413196555633,3.245974826900961
89,14,RANDOM,19,66,11.97975906524546,1.7307886433563007,4.965234029958196,2.650608510074611
89,14,RANDOM,20,67,7.914822515631009,14.577015582805322,7.333360707036468,2.212787672929257
89,14,RANDOM,20,68,8.596231014196874,3.695982936479108,13.357509170795701,3.0350816999157813
89,14,RANDOM,20,69,9.76454726771701,1.3910088090860973,5.943467018882598,2.1456553383023214
89,14,RANDOM,21,70,0.9139154341987227,4.168168393223341,9.800845164048944,2.741686810118157
89,14,RANDOM,21,71,8.666397730272926,2.5166264550310706,13.145925997895734,2.3990349824629007
89,14,RANDOM,21,72,8.282217153770258,0.14170556106199328,3.354728554350837,2.467285576524307
89,14,RANDOM,22,73,5.829644664612775,4.623926712483296,3.877858935935012,3.5076734215392102
89,14,RANDOM,22,74,11.779816475414254,11.866763254483956,12.652201512340444,3.295271691049661
89,14,RANDOM,22,75,14.093338277113183,2.2352843797711386,4.469716724209526,2.191031376474675
89,14,RANDOM,23,76,5.759243806393654,13.660581224346503,7.013385930175717,2.2802479962737996
89,14,RANDOM,23,77,10.637796694691204,12.064702158944943,12.210994029710372,3.2977162905496265
89,14,RANDOM,23,78,3.3485785690727123,1.8626617216245434,10.082808399324211,2.545344169890183
89,14,RANDOM,24,79,13.42256204959412,14.76528170717948,8.831600604462407,1.804977296458464
89,14,RANDOM,24,80,7.201333095931009,7.267316998873895,11.425634019877883,3.0864391957925243
89,14,RANDOM,24,81,14.901950316597008,3.497290056026489,2.4237096341632465,1.940521538504094
89,14,RANDOM,25,82,0.8132220327430134,0.5677705624990526,10.253125662548591,1.6644302993616549
89,14,RANDOM,25,83,8.053329195502013,8.206723069957608,9.311228352768405,3.0643059907436734
89,14,RANDOM,25,84,14.510433064718914,5.2106059741564925,3.7340830890029997,2.5769169519270654
90,15,RANDOM,0,0,10.391150519477286,12.237256670040862,5.16610136689285,3.1472246934359482
90,15,RANDOM,0,1,0.6725726353562822,8.573958855505964,2.193681400853963,1.8327668148490628
90,15,RANDOM,0,2,10.781570653132068,5.180347561137596,6.855145134133069,2.994598567712395
90,15,RANDOM,0,3,14.639068310852629,11.72199041658046,12.656850678959639,2.3224208257805428
90,15,RANDOM,0,4,8.326715761122903,14.124320438788397,0.27488729062664696,1.6626617216630144
90,15,RANDOM,0,5,13.337758588377918,5.846377250248704,3.4761019182572106,2.7232939621748398
90,15,RANDOM,0,6,8.015913408800413,14.170354179791348,4.964974662061009,2.483581355773995
90,15,RANDOM,0,7,13.629317716330378,7.009974187576284,14.509316471830967,1.682901879258382
90,15,RANDOM,0,8,11.463404750987774,11.750307714958112,5.422912243961154,3.2443988319179664
90,15,RANDOM,0,9,8.816819853202484,3.72823739238798,12.002079750194575,3.51255012632752
90,15,RANDOM,1,10,10.942105680567064,10.34487708509947,4.123540491571368,3.5449529517502
90,15,RANDOM,1,11,0.22077531419246288,4.330335515356419,3.9242861448784745,3.080211510958672
90,15,RANDOM,1,12,1.8504581097988748,11.229791028741987,9.52049360072777,2.5167080180957164
90,15,RANDOM,2,13,6.049623477483343,13.368812295667677,1.3870705500274505,1.8245421073330932
90,15,RANDOM,2,14,8.400388832304944,2.740349629081043,6.2062754846034665,2.5844322020208805
90,15,RANDOM,2,15,9.19726592071081,6.54222356550855,1.1867457513497226,2.190343799802283
90,15,RANDOM,3,16,14.177371837914329,12.142020826010329,4.976943001250294,2.556603626333695
90,15,RANDOM,3,17,12.122642854676986,0.784252796152996,14.10486931699935,1.8057243977569148
90,15,RANDOM,3,18,1.7913679924005659,10.374752060301457,5.879964239519866,2.2228896741853887
90,15,RANDOM,4,19,3.264833539000514,0.020073783397674405,12.148691348306679,2.471446997197376
90,15,RANDOM,4,20,14.556689190493257,1.4527891729911158,14.303627670129034,0.8465062644043582
90,15,RANDOM,4,21,11.872470792652331,13.151538060255765,9.203298854778584,2.9085312728875796
90,15,RANDOM,5,22,0.2862711973734883,6.083598978971355,0.6065741675965408,1.4122136293324745
90,15,RANDOM,5,23,13.40243048639679,5.530840316147706,1.1250255048552804,1.8785788343616863
90,15,RANDOM,5,24,14.107907514161086,14.87556882391353,11.598428554979929,1.6461466037066
90,15,RANDOM,6,25,3.9811106784579215,14.034918315820363,11.74919293748618,2.953564068538152
90,15,RANDOM,6,26,7.974636131143792,9.873094730030015,7.239585084474318,2.980962705662254
90,15,RANDOM,6,27,1.856492148395001,3.3085822791575326,5.8201993756031705,2.3454743923455292
90,15,RANDOM,7,28,2.863732694762358,10.244268929918348,10.631686662564915,2.8849193074900814
90,15,RANDOM,7,29,1.2715959465188016,9.16106564686123,3.8989500849577974,2.754218431581751
90,15,RANDOM,7,30,14.665898786216365,13.754797459396356,6.199734932076248,1.4705625556473834
90,15,RANDOM,8,31,6.401143301086488,14.981388224058316,5.604348719567833,1.8015171051642995
90,15,RANDOM,8,32,1.5418896466287224,5.5959259691520264,8.714698430996673,2.251909038925538
90,15,RANDOM,8,33,13.604946148420499,8.078078900061922,7.449201918360887,2.584818720296329
90,15,RANDOM,9,34,11.450707933325129,14.849639090607004,12.229068194662037,2.4029149010547144
90,15,RANDOM,9,35,5.860584412180161,0.07635727401658798,11.143783748189533,2.207668363328483
90,15,RANDOM,9,36,3.3793158720839465,11.721643335801826,6.587285888452946,3.1922076705898106
90,15,RANDOM,10,37,7.521958332126153,6.506520967512939,4.519543772455805,3.1754455461372224
90,15,RANDOM,10,38,4.2925040317919185,13.636709375104608,10.586164669485335,2.9888983763339247
90,15,RANDOM,10,39,10.931186741880667,13.689998495851905,4.778058221758791,2.83396882019942
90,15,RANDOM,11,40,8.835843384057426,1.65202589053574,6.917929615326253,2.2971357482719066
90,15,RANDOM,11,41,10.852102533754548,2.6139298872962375,13.038635905742627,2.56755028205905
90,15,RANDOM,11,42,14.951346414735822,10.042643057842515,0.9641228970241661,1.4570888994837181
90,15,RANDOM,12,43,9.684114622622559,0.17830613116775418,4.619830164553925,2.5413820483809424
90,15,RANDOM,12,44,2.6169230190829107,8.485521299273177,12.509923305685762,2.7226127729658693
90,15,RANDOM,12,45,2.034546159633818,14.241666816340778,5.32299106635861,1.6838563580766057
90,15,RANDOM,13,46,14.759497477765454,1.5604582774357545,8.413359074564019,1.5623947252896624
90,15,RANDOM,13,47,1.6685533456994872,7.534949441012654,13.76951125586833,1.859114488916802
90,15,RANDOM,13,48,3.318151882275269,13.767841549629589,9.701530839176637,2.5905422483335627
90,15,RANDOM,14,49,1.599338123840039,12.953705207809056,10.21107003134436,2.224355496932864
90,15,RANDOM,14,50,11.770467263752309,13.197806927720478,2.6343190565936965,2.579735222492836
90,15,RANDOM,14,51,5.767426782677838,6.9852754254712766,1.9966881703835015,2.1704976932399522
90,15,RANDOM,15,52,14.770775049889183,8.729658354512324,6.723220547157326,2.0497051022500044
90,15,RANDOM,15,53,6.733823032488354,7.5846900362267275,0.1513620111099323,2.1556612510036497
90,15,RANDOM,15,54,1.3753116691066147,4.24804929001215,7.21978238322729,2.7311416136096267
90,15,RANDOM,16,55,14.160498871550681,8.072952408406515,12.842420753855933,2.2631031985594166
90,15,RANDOM,16,56,1.5885649796084205,2.9559336778143592,1.4246055414028802,1.616567388314083
90,15,RANDOM,16,57,4.082028639889562,10.19233749958994,2.740021457006578,3.1643012068914667
90,15,RANDOM,17,58,11.792639584827326,8.311604941130353,14.3775019513289,2.4574719519381456
90,15,RANDOM,17,59,9.006565748802839,14.024466923035504,5.339163470292524,2.3258719355317563
90,15,RANDOM,17,60,0.696434588598468,2.828348999105152,12.975049194932934,1.9674539217645441
90,15,RANDOM,18,61,14.04552963095837,13.921908586783012,12.944799805537226,1.6368946756942977
90,15,RANDOM,18,62,0.002850491912859132,7.709906969615734,9.524407768401085,2.249927105559519
90,15,RANDOM,18,63,4.5106343588844116,8.164025490712987,1.03838212554529,2.727829021784867
90,15,RANDOM,19,64,6.311745451725947,2.4064517146967375,13.570715211348293,1.9401082782652352
90,15,RANDOM,19,65,2.7257634409120195,6.247993658356994,7.150675138200259,2.4907114425516896
90,15,RANDOM,19,66,11.96693432892874,6.785919862922044,4.825927998234805,3.2264736577733433
90,15,RANDOM,20,67,12.725743953455263,1.8357666464122913,13.799326046159758,1.8055257041080128
90,15,RANDOM,20,68,4.712023803665588,3.2328345744631464,0.8322698774495779,2.6673036126342735
90,15,RANDOM,20,69,10.75759353301702,11.964463845624092,8.10168269359176,3.264644168023582
90,15,RANDOM,21,70,4.454884987796936,14.57489337895491,11.43115476787225,2.718089201326059
90,15,RANDOM,21,71,12.12058113378026,13.85846263784799,14.728899473542866,1.729459250687757
90,15,RANDOM,21,72,4.737159716724555,1.5386041493466207,3.587885758826452,2.8982642847081905
90,15,RANDOM,22,73,4.755050643620706,10.716086545611525,8.645088979427616,3.3247709126150413
90,15,RANDOM,22,74,0.8820141586603436,2.7449239855967837,12.83705411706102,1.985885788696542
90,15,RANDOM,22,75,8.803715312012434,6.122263693964381,2.595458804200264,2.473827289844314
90,15,RANDOM,23,76,14.14726291363816,6.431715114555944,5.618906166771558,2.016334949389072
90,15,RANDOM,23,77,2.808604783468098,6.208129402414328,1.045180919704909,1.942410398720705
90,15,RANDOM,23,78,2.8077655639171906,9.190230286258677,10.83641853024795,2.8630916896650094
90,15,RANDOM,24,79,3.7908005988602174,11.605566359453737,3.34842021870943,3.6981479703766684
90,15,RANDOM,24,80,10.985783239794527,8.622993770195592,12.986560024889348,2.9734380504398557
90,15,RANDOM,24,81,4.967358109860646,3.6179934399533504,14.706429232233411,2.5985296117693313
90,15,RANDOM,25,82,3.0114898889446633,13.514792108810562,1.7382385344486917,1.8972558480711816
90,15,RANDOM,25,83,7.889413977131837,14.629951082094234,13.483911668731182,1.8266485688466547
90,15,RANDOM,25,84,4.5452049591502375,1.738558303256796,3.096149285384336,2.6883042740997425
91,16,RANDOM,0,0,8.503752583190476,6.461162182352783,1.411107381922868,2.227543569383063
91,16,RANDOM,0,1,5.221193256539932,9.32263557571019,0.3248250477406578,2.2736883457963146
91,16,RANDOM,0,2,13.119485669183065,12.810742972904134,0.6645632368242721,2.0134547539218595
91,16,RANDOM,0,3,12.036314442988562,2.771927422302729,10.434358723478912,2.9278455309809552
91,16,RANDOM,0,4,2.3250038229850007,10.374296339748998,14.379507465966306,1.7994402164774892
91,16,RANDOM,0,5,14.774774816249215,9.949429004898004,2.4538224348335542,1.7177907535015349
91,16,RANDOM,0,6,5.923659709135047,4.169928189673522,14.335045429197878,2.4961186781546965
91,16,RANDOM,0,7,4.49017595249607,8.416154920894945,6.110479427991566,3.1845850965477833
91,16,RANDOM,0,8,2.080913262011364,5.771122677982829,11.541225807430717,2.435136983607115
91,16,RANDOM,0,9,6.203990361965557,10.189718808872792,8.727808147443787,2.829437336895726
91,16,RANDOM,1,10,4.6900039040654224,13.901990260798005,14.94720489395822,1.8052181779851595
91,16,RANDOM,1,11,1.1564148240535381,2.876665410617854,8.584006757653286,2.2128881962697555
91,16,RANDOM,1,12,8.584181488902438,13.08409699824652,2.330098013343348,2.3458071858754503
91,16,RANDOM,2,13,14.852603916940588,8.763434455518334,5.448981145139147,2.0644001282334754
91,16,RANDOM,2,14,0.7285754548692525,7.631235014528272,4.5711483953949115,2.6598223420684493
91,16,RANDOM,2,15,12.673775303450284,12.278996612209143,13.61409255683114,2.6018554332292028
91,16,RANDOM,3,16,7.366113834558925,8.404257415950418,1.360556944680356,2.3797988233620915
91,16,RANDOM,3,17,1.4623400301276335,13.667677813600747,14.668596448322969,1.0646840513100717
91,16,RANDOM,3,18,8.982181325802005,1.6863087061644588,10.105840413275947,2.3754278739448766
91,16,RANDOM,4,19,12.373168547712389,6.48430694912453,9.947950342779755,2.884197587956977
91,16,RANDOM,4,20,0.06649169844474279,5.4314241077629095,14.452326186668438,1.4058339803023887
91,16,RANDOM,4,21,1.6211486271043336,6.506450684069265,0.08858763496848887,1.473489438716469
91,16,RANDOM,5,22,13.259210909592506,14.542449763102853,4.432074755385433,2.2839584805835633
91,16,RANDOM,5,23,5.4372510291901035,3.172941121161472,7.144632642922829,2.895985440757822
91,16,RANDOM,5,24,8.894049983695657,8.272361368586415,11.321492745234867,3.2019168786701746
91,16,RANDOM,6,25,11.97909612522133,7.35320225281517,7.818011409647877,3.1566682258547605
91,16,RANDOM,6,26,3.0410337702462624,1.5381909556946805,1.8451574765844092,1.7065770951863
91,16,RANDOM,6,27,8.060921751072362,13.078888645635761,14.52038184094547,2.0480710274953933
91,16,RANDOM,7,28,10.801748370991593,14.765628923845686,0.2600699105885712,1.5231308968748796
91,16,RANDOM,7,29,13.136830620147059,5.1727983850869155,2.56990358811649,2.4276283514476527
91,16,RANDOM,7,30,0.8751543694397895,6.137502037375495,2.4098318939591703,1.7065557042929047
91,16,RANDOM,8,31,8.0050602794906,14.15284522804115,0.8142665669156596,1.7051082992499602
91,16,RANDOM,8,32,0.5494099582284956,2.2768930724254477,12.974789518454363,1.6615709652392785
91,16,RANDOM,8,33,5.159069451352614,9.77335751058713,7.657810271097211,3.020966557343332
91,16,RANDOM,9,34,14.620785539637437,0.5459695355844663,12.525173061517853,1.5230673907931283
91,16,RANDOM,9,35,2.341009037785602,4.628312510849566,9.642516896999698,2.7939393355755975
91,16,RANDOM,9,36,2.3533024133572784,13.05142632262936,14.159067484736427,1.6675083916044244
91,16,RANDOM,10,37,8.966274405018869,8.629551858084856,1.829384577850497,2.425032081977507
91,16,RANDOM,10,38,7.219071297153394,13.575136485051152,8.333733877394792,2.5637980846272574
91,16,RANDOM,10,39,1.2245831062119872,10.292602892042122,5.320585829763838,2.324163584894136
91,16,RANDOM,11,40,8.194679379647102,8.923040283660251,8.27377260857397,3.0882197304641616
91,16,RANDOM,11,41,2.486146896597422,11.664732921900557,4.624510951045691,3.0534004913347106
91,16,RANDOM,11,42,7.141688745299925,1.0556429591892154,3.3529850659546283,2.456838000634823
91,16,RANDOM,12,43,10.533925617096763,6.3692020011227415,6.498981890413536,2.702573274558313
91,16,RANDOM,12,44,5.002900000447139,14.332541431747355,1.197783367818686,1.7282374619157626
91,16,RANDOM,12,45,2.9147446212244423,2.753425331033135,5.665225015076787,2.4500926994031516
91,16,RANDOM,13,46,5.313861790924182,0.9536754127871022,14.477058736652038,1.5313719548370641
91,16,RANDOM,13,47,3.500144083955093,14.94514980160874,0.639115458989542,1.6934068832770532
91,16,RANDOM,13,48,10.269766652198179,0.17048848084515122,0.5880568089089488,1.602038712534754
91,16,RANDOM,14,49,13.361010804920689,0.48637452900621825,13.755991450610724,1.457580393080313
91,16,RANDOM,14,50,11.132905082531243,7.643529738373002,3.6907737013845567,3.486827148072793
91,16,RANDOM,14,51,7.690193286946968,14.797435476825054,7.2807745739797305,2.1398814469660468
91,16,RANDOM,15,52,2.4517971242708687,9.786035695239713,12.853104526996159,2.4496335079073672
91,16,RANDOM,15,53,14.878748551963724,9.58600484544967,3.4913999099113564,2.3518017286142463
91,16,RANDOM,15,54,11.117781101218322,6.877502352472847,10.042243826691719,3.0198975768857745
91,16,RANDOM,16,55,8.297837756780885,8.533709803644836,14.984634603518362,2.1858938483648864
91,16,RANDOM,16,56,12.943281455878033,12.160563237391694,5.707855599032854,2.8083380493960286
91,16,RANDOM,16,57,3.3948162663246233,12.956916998940994,6.320375953478269,2.8492335866612244
91,16,RANDOM,17,58,11.767026473072786,7.1090875873809924,3.5678381933669394,3.390114057952702
91,16,RANDOM,17,59,0.407255420673755,2.823350285734332,9.124333561214533,2.0896122419588425
91,16,RANDOM,17,60,9.14609057888152,11.349504881009954,12.82090285991602,3.054932853552064
91,16,RANDOM,18,61,7.115697429487359,12.775253103621115,3.5523273367838604,3.1439674568713216
91,16,RANDOM,18,62,4.373669265361105,5.06216423967526,0.6176854419168509,2.7786607888352504
91,16,RANDOM,18,63,7.100139298130125,11.765915658534775,12.057173729634183,3.240495589227794
91,16,RANDOM,19,64,13.879825283430295,6.602915363332544,5.071522657902112,2.3556522138445706
91,16,RANDOM,19,65,13.83784369158034,12.544146979398615,10.180789801066876,2.4620608064272878
91,16,RANDOM,19,66,8.072021989978268,13.675389348774365,2.5963870000915916,2.2136415230436035
91,16,RANDOM,20,67,4.613710457081612,9.777880530060552,11.918286626698858,3.425139219520849
91,16,RANDOM,20,68,5.923280210267691,8.249064304637937,1.387922431785897,2.2101985741008066
91,16,RANDOM,20,69,13.761692966994197,3.7511032532197275,10.239770991243542,2.8511715139769667
91,16,RANDOM,21,70,13.517675193314297,5.49617203224952,13.233267202263646,2.2052576535797033
91,16,RANDOM,21,71,13.028020859712255,14.686227204996658,12.938077329358427,1.847492924709837
91,16,RANDOM,21,72,4.481435745610317,7.278591268689477,1.2967490961338202,2.676080953802589
91,16,RANDOM,22,73,1.0493262180342784,9.5980656285362,2.6517156166535445,2.0130943336814804
91,16,RANDOM,22,74,3.1318079261380576,5.596019917719445,12.122355859017254,2.993972690823976
91,16,RANDOM,22,75,12.235103777915606,10.762069310574153,12.47204708436389,3.2128434121084757
91,16,RANDOM,23,76,6.628215712325051,10.66279773654174,13.00216912818826,2.748569744430145
91,16,RANDOM,23,77,12.047954534206086,5.000861603573911,2.138553257244559,2.6996847542919307
91,16,RANDOM,23,78,12.116995149970077,12.047784385791124,4.606547771895983,3.558986529919327
91,16,RANDOM,24,79,0.9015100947540916,2.831513710358022,8.205327723089225,2.1835743488506383
91,16,RANDOM,24,80,13.98640183168592,9.075207407835656,12.59445940748579,2.3821727262989683
91,16,RANDOM,24,81,13.257143804169958,14.336177279581968,0.7293938393290905,1.311851572773077
91,16,RANDOM,25,82,7.519940095937573,9.293155811457051,1.5332197850632885,2.3551824708748135
91,16,RANDOM,25,83,10.191595948622897,10.877865767083657,11.634627271724751,3.2641292077440305
91,16,RANDOM,25,84,14.419244821451422,3.677752608702687,0.020554686843549663,1.8305070180669463
92,17,RANDOM,0,0,12.676121891968522,2.4145963675366042,8.366168210485382,2.5636567147546687
92,17,RANDOM,0,1,5.521199124964069,3.224129453426526,5.787360563837977,2.779478723694631
92,17,RANDOM,0,2,6.422467486404127,9.170146627484709,11.045788057699298,2.9394920817633023
92,17,RANDOM,0,3,0.2293448489506733,3.810613706889589,9.062187818458952,2.6604248021489707
92,17,RANDOM,0,4,1.2560504203071476,14.966455213844648,12.485191867510558,1.5067392787174776
92,17,RANDOM,0,5,0.5516603650098723,8.513097197226669,9.140102055676552,2.3427492249636974
92,17,RANDOM,0,6,0.10389869271402341,2.686258108698518,2.4738332028959356,1.56050358968349
92,17,RANDOM,0,7,6.929368643007963,8.505054243409388,6.778638357557275,2.827209087869619
92,17,RANDOM,0,8,13.796635201623943,12.223863103037363,6.017490817499124,2.3742668591068066
92,17,RANDOM,0,9,3.047423346927461,5.374883077730401,12.930525543560506,2.7422084260140194
92,17,RANDOM,1,10,6.557187425169167,12.485151263168662,10.130141038944632,2.8737368667920817
92,17,RANDOM,1,11,8.161874383080137,7.1487668874457375,2.854242174036958,2.803957609763124
92,17,RANDOM,1,12,11.171589353564745,3.580506860022542,14.554040622083411,2.631415708863408
92,17,RANDOM,2,13,0.8354932294155215,10.777818518885152,4.223296299948185,2.8329682805749794
92,17,RANDOM,2,14,7.80817699001889,14.307389664886301,7.065870588235606,2.240559101863066
92,17,RANDOM,2,15,4.2415368074828805,0.2833789598003572,8.765209458065787,2.7153219776963
92,17,RANDOM,3,16,11.525547889278725,2.347500543499885,3.0147157257989137,2.622914635557919
92,17,RANDOM,3,17,9.602793827640511,10.209809828321488,14.217713770924542,2.2853686956022967
92,17,RANDOM,3,18,6.375319916336429,3.2078576125250855,11.933792269164837,3.0342197321472737
92,17,RANDOM,4,19,6.289271539118068,8.563538836509407,6.622674268190938,2.7004831031553707
92,17,RANDOM,4,20,6.356531917538678,5.336997919339043,13.399491349694117,2.4143379474266053
92,17,RANDOM,4,21,14.055524350619804,0.6629486274807433,13.190803100904365,1.4332476577476276
92,17,RANDOM,5,22,3.941364603166839,10.345414115359045,11.124166825557703,3.5597529328424944
92,17,RANDOM,5,23,11.480619988196805,4.501319667881251,0.7219369923067109,2.8358057574519533
92,17,RANDOM,5,24,10.256279400191962,7.515962098494401,10.51283685333508,3.0504102149790073
92,17,RANDOM,6,25,3.686464687225479,9.851538202564333,2.6381374605379184,2.9953383276783896
92,17,RANDOM,6,26,13.406878840343117,10.082088538522257,1.0551643595606353,1.9850663113212519
92,17,RANDOM,6,27,0.22648204670603356,0.9112206084941055,0.7210552302614431,0.9556950703961972
92,17,RANDOM,7,28,14.821341653926924,3.121344051648687,13.96015746596916,1.545230107465997
92,17,RANDOM,7,29,7.1965909867697055,10.039971885337957,1.13261005277099,2.2997738461686787
92,17,RANDOM,7,30,9.071371686694208,12.546752983392736,8.061619149423851,3.048416157363577
92,17,RANDOM,8,31,4.1335413352012225,6.228742606448371,3.2056195288459346,3.2895555459116856
92,17,RANDOM,8,32,3.625083747641882,1.9848135298260443,14.637460978787164,1.9163810764653844
92,17,RANDOM,8,33,8.811456861230157,10.820376690803503,9.482565481140627,3.0797515270229434
92,17,RANDOM,9,34,5.855433116531698,4.362089168870833,3.826942885474371,3.586612316254352
92,17,RANDOM,9,35,10.318057393569491,1.9120349685472586,11.689943287285253,2.5884743980490086
92,17,RANDOM,9,36,0.1382291613656833,3.0194614693353534,11.289828105707041,2.345840072498209
92,17,RANDOM,10,37,5.443173475030404,1.551604007180707,0.3674304582731375,1.5737378916333231
92,17,RANDOM,10,38,8.752734563140557,4.314761533499177,6.888951629812212,3.319229427727028
92,17,RANDOM,10,39,13.989515943168676,2.4014011463701834,0.6256840676594339,1.2682010328546123
92,17,RANDOM,11,40,4.938439919395992,4.093859442600614,8.166100959490246,3.5997415280741096
92,17,RANDOM,11,41,13.003156495476508,6.74319997945709,9.807247995242705,2.683411135106029
92,17,RANDOM,11,42,5.503236133253269,13.937172303243676,11.321832205498389,2.4511194595560473
92,17,RANDOM,12,43,3.7526804777883456,4.64459174420977,13.616442373529386,3.1902969133006307
92,17,RANDOM,12,44,3.8023609244120915,8.597831206580054,6.440483391720696,3.237674542286824
92,17,RANDOM,12,45,6.851377111431469,13.612628306577529,13.409134574411034,2.0852482225423103
92,17,RANDOM,13,46,14.296370103718772,1.9733027113464403,8.803947865663263,1.713941378033792
92,17,RANDOM,13,47,3.0849342543234073,12.123169754212913,1.1523082043164812,2.45239149238659
92,17,RANDOM,13,48,1.1011573733925344,4.738183192701332,10.874187741916876,2.6844449434858184
92,17,RANDOM,14,49,7.149726794235022,11.655100285506231,13.551709739976214,2.6920208763407003
92,17,RANDOM,14,50,9.23438815788124,5.530380864771835,14.50643089000845,2.087968679343752
92,17,RANDOM,14,51,12.527810156271945,9.287364242382871,3.551891730477899,3.277717059126349
92,17,RANDOM,15,52,13.360726875791647,0.2096064631408684,11.936870456878811,2.0919602016100773
92,17,RANDOM,15,53,4.35549498423105,3.077274058769076,8.465556360758766,3.3901322113533388
92,17,RANDOM,15,54,13.668711028919716,13.956884336058113,8.825405063602798,1.9386785856403015
92,17,RANDOM,16,55,14.488918543649374,8.822651223332718,12.924959333567738,2.100284629289088
92,17,RANDOM,16,56,13.322059122545339,11.265900762878289,5.171364034150566,2.849378994965312
92,17,RANDOM,16,57,8.113546442490438,4.4851548014073135,9.473496603903836,3.3648977321191085
92,17,RANDOM,17,58,3.806190768994004,12.880145890625089,14.30879640627422,2.5386582393435075
92,17,RANDOM,17,59,12.381136765945207,9.362237648693934,1.4001795043114322,2.4066061791643776
92,17,RANDOM,17,60,5.119051977785122,4.786665246611382,10.438609442952357,3.2894296272429875
92,17,RANDOM,18,61,8.71657653186544,10.006716705054416,6.574033515663891,2.857342209745295
92,17,RANDOM,18,62,5.827404063450475,9.503159757923262,13.925279332713338,2.210200033144743
92,17,RANDOM,18,63,9.590218286613958,5.897946939619516,0.7040272030824274,2.1174725531443443
92,17,RANDOM,19,64,13.174619359055786,1.9540585072832095,1.865807353211506,1.562981379907339
92,17,RANDOM,19,65,2.3548606032647323,7.236681659470946,14.400498975570676,1.7471730147797888
92,17,RANDOM,19,66,1.3176694083304001,3.0793945433054937,7.023796211330753,2.2572571306795797
92,17,RANDOM,20,67,13.53509868737667,14.03561022167033,6.922885148880147,1.863583730376662
92,17,RANDOM,20,68,3.959368128442901,2.2822608732876555,12.380202016112866,2.9834753449288964
92,17,RANDOM,20,69,4.55214371424001,13.11176159357212,8.92352258884417,3.107584919300402
92,17,RANDOM,21,70,13.135433796466119,12.406513311885348,13.057370584715496,2.62724518972246
92,17,RANDOM,21,71,2.119178105928582,8.391466910825761,7.887000260256742,2.5235172303011373
92,17,RANDOM,21,72,10.931133425281587,5.074490637675387,10.924869234165746,3.272967420030076
92,17,RANDOM,22,73,14.91364998786765,13.839721478697177,13.034555708987236,1.3905561239621864
92,17,RANDOM,22,74,8.022435967687828,8.184922545803486,8.12564107327474,3.1194126330305387
92,17,RANDOM,22,75,4.064742243333156,5.049712180364985,14.365123384537132,2.761411810295157
92,17,RANDOM,23,76,4.51140339035595,3.4757756137666513,8.820080143561656,3.5842494035497627
92,17,RANDOM,23,77,13.635408059984554,13.055436957397578,10.13694861955473,2.3386060034630702
92,17,RANDOM,23,78,8.260178983008435,9.352851800409162,5.337309442935274,2.9714511879757035
92,17,RANDOM,24,79,4.103104653051581,1.3765446343788863,5.613953287169869,2.641815884100909
92,17,RANDOM,24,80,6.816693679651422,10.038170249481233,10.280269850885015,2.8900368224102255
92,17,RANDOM,24,81,13.13320223390625,5.242651650781586,0.010136382819896372,2.0098798413006476
92,17,RANDOM,25,82,6.081778167139417,12.381543211921082,13.353965749233893,2.532721699596742
92,17,RANDOM,25,83,12.250988819800414,14.683194063536988,0.9422023564132387,1.6170252267393392
92,17,RANDOM,25,84,6.777327657951996,5.96026919183044,2.435244975592878,2.2612681948819424
93,18,RANDOM,0,0,5.989586538263591,10.761220189323241,4.212349920540051,3.2970055466536135
93,18,RANDOM,0,1,1.2408737699717447,14.546569789392896,8.45890118051928,1.5993581159881853
93,18,RANDOM,0,2,9.664814432268697,8.653071952539136,7.130414545949041,2.9470033720550486
93,18,RANDOM,0,3,1.836029847717855,4.703941818348271,11.04312874027488,2.767357707086912
93,18,RANDOM,0,4,13.610835495724974,13.329029177645817,14.224813228049129,1.530264787535835
93,18,RANDOM,0,5,0.3810588205746557,11.070578777986816,10.08900114852732,2.413648156697696
93,18,RANDOM,0,6,9.377814607335326,9.564362818695985,1.8940633729780099,2.361491498316816
93,18,RANDOM,0,7,9.392491665246641,11.806377160291449,0.11101558986839566,2.4084756207050915
93,18,RANDOM,0,8,13.815657408215623,1.9594676611959227,5.635591090842819,1.727352190792002
93,18,RANDOM,0,9,8.2604782032736,9.123831657327319,8.241429132646836,3.075021188552314
93,18,RANDOM,1,10,7.317788531036355,5.439195373578346,10.31623846762883,2.901234616305569
93,18,RANDOM,1,11,13.788080263939923,9.612356670732034,2.6244509099040227,2.1170517518379297
93,18,RANDOM,1,12,8.03082330500811,3.2140237978472985,1.014476744261107,2.453020504241809
93,18,RANDOM,2,13,12.749903312726788,5.086746482853332,7.935741016601872,3.032960304317654
93,18,RANDOM,2,14,1.3218508987261552,6.744861616538002,0.09097695163836739,1.4993451157490891
93,18,RANDOM,2,15,2.511125801565488,0.17769741343783896,7.375653891880068,1.8659767329153205
93,18,RANDOM,3,16,5.821905270864967,5.097944739581218,8.3501268683142,2.9135504757597546
93,18,RANDOM,3,17,5.882984111683338,10.112657944979869,14.311970904608085,2.081954064389873
93,18,RANDOM,3,18,8.183581759581338,6.512686860059498,2.409955576194317,2.4400912096767575
93,18,RANDOM,4,19,8.214674724825905,1.9245153361612954,0.9276978852294371,1.7943683147878726
93,18,RANDOM,4,20,11.427565039461374,14.14480815659443,10.164986654944405,2.490813868127058
93,18,RANDOM,4,21,5.225233552421267,6.336718402562736,7.768116378256823,2.840574366709382
93,18,RANDOM,5,22,14.726611296621611,3.2055408527491904,7.473923145290157,2.2206176786408034
93,18,RANDOM,5,23,8.126135023155983,9.58014314280893,10.29580224224607,3.0290487237145167
93,18,RANDOM,5,24,5.551639296123462,7.703360907446452,4.367118414189667,3.2796844020386553
93,18,RANDOM,6,25,6.462747191342263,0.5642753675388124,4.681967042885519,2.4147239676240217
93,18,RANDOM,6,26,12.740190682485915,8.935558485638715,13.110174047947565,2.7262319792300613
93,18,RANDOM,6,27,5.843951551665147,13.39657789179487,4.378414539798221,2.8436307846532936
93,18,RANDOM,7,28,2.230997130683966,7.843760997544282,8.05644161670041,2.5584887291750595
93,18,RANDOM,7,29,1.5577257005029006,2.629339823596376,0.8203186586786004,1.3805093829779174
93,18,RANDOM,7,30,6.61710643136316,3.070289793436691,5.876629939184373,2.6330689522305804
93,18,RANDOM,8,31,0.34851871569559656,7.527475098426782,12.94190266286278,2.152901224236399
93,18,RANDOM,8,32,10.312366743922624,6.894728759387499,9.391383579493976,2.90001296534173
93,18,RANDOM,8,33,7.5503159621069145,9.418470585090152,3.8581909488127195,3.380932023348023
93,18,RANDOM,9,34,7.8623218955695915,10.729686227839185,5.622540961765317,2.960568838592141
93,18,RANDOM,9,35,0.7101099500854996,0.4986298080989432,8.134359301591726,1.6823535988806708
93,18,RANDOM,9,36,3.9793683878449455,1.5138809910832685,2.4557925655922834,2.3636705004849525
93,18,RANDOM,10,37,14.397029080329435,5.730160690549374,14.907722571338871,1.2109794685804918
93,18,RANDOM,10,38,3.96348956512813,0.7576418596211265,12.051667259186615,2.8849466055051383
93,18,RANDOM,10,39,1.9802738409000327,12.068852605869886,0.45957729622430055,1.8592353458073465
93,18,RANDOM,11,40,8.328507491900256,14.45481538130424,11.485959669202337,2.43517413345074
93,18,RANDOM,11,41,6.983075457862176,7.700261516953971,13.40246353130857,2.5851914555788564
93,18,RANDOM,11,42,14.261476554408755,7.54844504242261,9.855625169217873,2.276650775690444
93,18,RANDOM,12,43,7.667575495236164,12.219874830169891,0.4528777929760247,2.4277939383958875
93,18,RANDOM,12,44,14.989345786055345,8.315990048782327,11.83163385471486,2.3141943161926277
93,18,RANDOM,12,45,0.7972080911842527,11.585884537385407,6.426477129226915,2.332859353662661
93,18,RANDOM,13,46,5.894351959041765,11.334899781069897,13.057463300025546,2.7683774482502104
93,18,RANDOM,13,47,10.285117882833227,1.9600486748965573,12.410495067613194,2.48066326329937
93,18,RANDOM,13,48,1.227955260595044,4.0474414102585206,4.950181051485934,2.9090145094809983
93,18,RANDOM,14,49,0.2718414201429459,3.8097096522899303,6.779137378564818,2.5504514588590013
93,18,RANDOM,14,50,1.89282833527464,9.128027295969035,11.208655583942647,2.5382700064023522
93,18,RANDOM,14,51,4.372040019649173,8.681857424106028,2.996339251340701,3.317828579271887
93,18,RANDOM,15,52,14.136351450939191,9.7794812131982,11.779745748154658,2.475351805018728
93,18,RANDOM,15,53,7.822624042758697,7.279531712271142,12.75056550955404,2.935167187281328
93,18,RANDOM,15,54,4.967868235262683,2.2105027303705627,6.866112733519504,2.5019309773060288
93,18,RANDOM,16,55,6.327162099916422,1.600940626395514,3.727826544837411,2.54233398888375
93,18,RANDOM,16,56,11.051655869991658,7.812195658533834,12.64284659091913,3.1262556260678265
93,18,RANDOM,16,57,5.415280971727819,0.8979900682506181,11.908718990843207,2.417101930973064
93,18,RANDOM,17,58,9.707716217259483,1.7305927777463015,5.846442533111306,2.1738322510650896
93,18,RANDOM,17,59,10.866561676763178,8.908701389735297,12.521482268705041,3.1214999421021075
93,18,RANDOM,17,60,10.963556581794034,9.982908227608224,4.014237570550824,3.5130301536001878
93,18,RANDOM,18,61,14.440075788042686,1.4512417273198075,14.469389358544007,0.8287277810467744
93,18,RANDOM,18,62,9.698596921924711,6.536502663389091,2.937170201666985,2.6903248615505895
93,18,RANDOM,18,63,2.624196102293,9.488393151220555,10.04408227831355,2.637367439509183
93,18,RANDOM,19,64,1.4596834626828397,4.824113113227011,12.09900796295945,2.6863557442207515
93,18,RANDOM,19,65,3.8770177401528496,11.143845652776834,8.142977039525633,3.572221061608463
93,18,RANDOM,19,66,9.546023007448767,6.126377534639546,8.771319973192474,2.798992978912778
93,18,RANDOM,20,67,4.929401369975078,11.219772524271137,9.235317679004428,3.2712908455533487
93,18,RANDOM,20,68,6.497980952971844,4.44858268672774,7.876516768453922,3.229730072882403
93,18,RANDOM,20,69,10.565386157800784,12.888224988909897,4.0980337392957535,3.34872409653311
93,18,RANDOM,21,70,0.20812579690346777,12.568870429881752,13.638021115457036,1.8165568679113595
93,18,RANDOM,21,71,8.241119311115932,6.67892528953128,8.167962744768651,2.9470911619340203
93,18,RANDOM,21,72,6.569351371888329,12.541546638565713,3.4693392139243455,3.0902357948082377
93,18,RANDOM,22,73,3.0060052933037125,14.877133899416194,12.108823195481495,2.1790715303937187
93,18,RANDOM,22,74,13.033401947340506,11.611797776386924,1.715452545004796,2.36227265582588
93,18,RANDOM,22,75,8.73343673697341,8.319234787579639,13.677163549439738,2.5781549037700886
93,18,RANDOM,23,76,6.394297622607804,7.186928331277791,10.510655257740174,2.8195919473569164
93,18,RANDOM,23,77,13.281013397285676,3.780962828180419,9.759360171497583,3.0501209395183717
93,18,RANDOM,23,78,12.040518478784417,13.929364222138732,13.680643742392448,2.067421791373971
93,18,RANDOM,24,79,0.8386168213806849,11.432725020093798,13.398839745050193,2.146773614175852
93,18,RANDOM,24,80,5.267705395052325,5.652865970227107,13.807981535247945,2.289177184885405
93,18,RANDOM,24,81,9.723776946788233,6.312159733071611,8.220302239250351,2.832164889945643
93,18,RANDOM,25,82,2.6058340135352265,1.5412889001806418,14.81983876584002,1.1722882882652514
93,18,RANDOM,25,83,3.415423345913322,10.978013737943934,9.86478926737598,3.2865838599525237
93,18,RANDOM,25,84,6.091608583801251,4.880421521481032,5.354950430261804,2.911578531820484
94,19,RANDOM,0,0,6.305681935938913,13.888040172250555,4.108049818474232,2.6667593984216253
94,19,RANDOM,0,1,0.9007290618378999,4.658151874696679,10.772778868081154,2.6977715734370045
94,19,RANDOM,0,2,11.714483726522747,8.080497541193894,4.674981267357308,3.4735398894929705
94,19,RANDOM,0,3,13.745245940837243,13.921132672794862,6.547814635592413,1.7502031266539664
94,19,RANDOM,0,4,6.145389036232025,9.198678387418612,10.704195981108837,2.8636187333511276
94,19,RANDOM,0,5,9.301767698495787,6.4944310457420436,6.628471311678256,2.680347383678167
94,19,RANDOM,0,6,9.689926701613219,13.767956833009872,0.7193523304631838,1.786976138355374
94,19,RANDOM,0,7,1.3446551785219574,11.423146624157338,6.895460301899329,2.424843286518883
94,19,RANDOM,0,8,11.65729857134558,8.090895484786092,6.927930221033626,3.1179661960115848
94,19,RANDOM,0,9,14.312621568202283,5.525663417646697,9.705218274721009,2.133615303528225
94,19,RANDOM,1,10,9.880711777615536,3.6965414356200426,10.507875296245063,3.3617965917607293
94,19,RANDOM,1,11,8.498540774427344,1.649576944956956,4.64928033177614,2.686454316188067
94,19,RANDOM,1,12,1.5007874383208863,14.188179175693454,2.8107667205108626,1.4670750112423288
94,19,RANDOM,2,13,7.190937382313209,11.745540206778582,3.6852923251057055,3.459162860133385
94,19,RANDOM,2,14,12.6840507395908,6.799717135794675,8.344095346237626,2.887012001177371
94,19,RANDOM,2,15,2.898505944449866,11.58103126961956,14.156233484620381,2.3385369697771705
94,19,RANDOM,3,16,2.4055590914854115,7.10545351551542,1.4163453995541486,1.861592158015363
94,19,RANDOM,3,17,14.068063885422152,10.114545455751793,6.329900859667785,2.1709865473735115
94,19,RANDOM,3,18,14.237139568469779,0.8569484712466946,14.460107979210328,0.8719626615761247
94,19,RANDOM,4,19,1.1227166027088171,3.1511480142441437,14.796536178574751,1.5243258839586629
94,19,RANDOM,4,20,8.470823540262732,0.9318369871732851,8.721875931290592,2.4008004648086323
94,19,RANDOM,4,21,4.439983685821241,13.720977181431984,5.425179129166524,2.777057290708811
94,19,RANDOM,5,22,8.534664729153333,0.009023384834527803,9.309151364721753,2.2679042947150916
94,19,RANDOM,5,23,5.3607294351379995,11.141856332982567,7.753389744787449,3.097061489226408
94,19,RANDOM,5,24,9.126784375242446,5.097804797283294,4.503363457797772,3.390633989690419
94,19,RANDOM,6,25,3.2985453053053555,0.2829830295734398,1.1884607605879027,1.7639818184380582
94,19,RANDOM,6,26,7.249018002162152,10.026679834138436,8.69105153705117,2.9763214982887627
94,19,RANDOM,6,27,5.252453781271854,0.3186975120902247,10.783542512508774,2.3555876551641894
94,19,RANDOM,7,28,0.08837383565715562,13.695076729996012,5.410802258429131,1.6937232365661328
94,19,RANDOM,7,29,9.088941182660008,0.565904732731452,0.5186941131534473,1.6281456217240535
94,19,RANDOM,7,30,10.295802458167952,13.692356135719075,6.824359877098577,2.4165316300829773
94,19,RANDOM,8,31,1.8607624842402148,12.779054165849496,5.797661474737717,2.14423847673992
94,19,RANDOM,8,32,8.289345040280466,3.613293816378882,0.7638624744806233,2.68010321596433
94,19,RANDOM,8,33,3.532160689010137,0.8072226068963573,13.856154474846626,2.0447748556404424
94,19,RANDOM,9,34,13.194025627381116,13.994517102333347,9.788890077848132,2.105336595983024
94,19,RANDOM,9,35,1.4582584939164578,8.908175070361526,3.6512933493810023,2.6956591678674697
94,19,RANDOM,9,36,5.789055691506942,14.538005910349618,0.05109289213888202,1.2908102620949566
94,19,RANDOM,10,37,8.901377277499044,7.492010832612958,5.998614177378757,2.8135447308547903
94,19,RANDOM,10,38,4.920872327243927,11.08701414005734,0.43683636746337295,2.5750868387467523
94,19,RANDOM,10,39,14.66345090746853,13.202004645868215,9.253342349473638,1.9037296797394783
94,19,RANDOM,11,40,12.559401696924981,10.926681784425085,2.165050874687509,2.575376717840552
94,19,RANDOM,11,41,4.280852465676304,4.9497203510264365,0.7980759287680417,2.8719344799374484
94,19,RANDOM,11,42,4.332120111753426,10.51899744397568,10.636492063591898,3.4916969405398524
94,19,RANDOM,12,43,1.1171593496127437,13.526855682554645,6.020625359897799,1.7440264561534524
94,19,RANDOM,12,44,9.433605520342294,1.0462448647232991,7.316626139122842,2.306069771660641
94,19,RANDOM,12,45,12.406638764973986,7.070624664070627,12.288728761659348,3.078484543852427
94,19,RANDOM,13,46,2.5125402747957812,10.334131575480633,6.581794272930633,2.4765919657937636
94,19,RANDOM,13,47,12.280836694384703,4.321245236115471,12.180877643020619,3.5966349194441296
94,19,RANDOM,13,48,3.7775982773806938,12.301195069318178,14.204453486187665,2.7664388396041155
94,19,RANDOM,14,49,8.973040356039263,11.434625492722748,2.3353726481303476,2.6930450867115514
94,19,RANDOM,14,50,13.950925108446102,1.5923256351533133,13.1039264139719,1.5570200155549885
94,19,RANDOM,14,51,1.3608108290042253,7.289316189057829,8.404722701489172,2.368564257939343
94,19,RANDOM,15,52,5.422908063748134,3.7114736612281622,5.542087864060055,3.142105098518406
94,19,RANDOM,15,53,6.423834916920318,11.172146804803381,13.910051260917319,2.384410201504161
94,19,RANDOM,15,54,11.94387131417717,11.674131077210758,5.07756607090487,3.3840931296406955
94,19,RANDOM,16,55,2.6611546000667134,6.114509676244335,3.022203646444841,2.425926953975154
94,19,RANDOM,16,56,14.712028602025983,2.17977785293916,11.582383648915918,1.8060417702686116
94,19,RANDOM,16,57,7.1334510517506295,13.708105427718529,4.44752179022019,2.8111903403015095
94,19,RANDOM,17,58,14.694073967559621,3.07935213259273,14.552875806100277,1.3484418351992504
94,19,RANDOM,17,59,4.978529437436252,13.284074430679278,11.426016568856758,2.975660894706997
94,19,RANDOM,17,60,6.473251103060251,10.475820452516801,1.1990290245502861,2.2252417820759236
94,19,RANDOM,18,61,1.0085562902290186,10.43060391702641,6.471626913352143,2.2123674136863425
94,19,RANDOM,18,62,13.733315098623578,13.921173378219308,4.425104702168021,2.2767568250865597
94,19,RANDOM,18,63,3.7560661856099653,6.340197478893248,1.4030629150887308,2.5445353613323154
94,19,RANDOM,19,64,6.875550568862213,6.423547623328108,7.42138171375422,2.719328310246989
94,19,RANDOM,19,65,8.243601466354512,12.876686172657426,10.607577839425169,2.9772627648633465
94,19,RANDOM,19,66,10.680159842374609,0.8381489634329398,9.601540988270125,2.3809506640113005
94,19,RANDOM,20,67,6.1415449093108085,5.112905424469274,14.598934728239678,2.0481036966392376
94,19,RANDOM,20,68,13.361099790358535,4.557577558060542,3.7638776716717364,3.348833863695674
94,19,RANDOM,20,69,9.870637379996484,14.528193643787262,8.763705711082158,2.2108102422978675
94,19,RANDOM,21,70,14.019731964019028,10.828555465440466,2.354539345030864,2.0000771581752406
94,19,RANDOM,21,71,14.506620409044652,1.2543387093477194,2.4582777361238914,1.157882188815418
94,19,RANDOM,21,72,8.042552430024967,7.564001236244233,8.553474315860667,3.0771154247150747
94,19,RANDOM,22,73,10.84191361041222,2.8247619712819527,12.115019590377642,3.00923283112263
94,19,RANDOM,22,74,1.7389976628330799,3.5688703576325103,6.560649974834688,2.5133387291072706
94,19,RANDOM,22,75,11.587577858247606,10.456171976738935,6.893234261003431,3.103792169839014
94,19,RANDOM,23,76,11.28803105006601,2.2721488997294377,9.914689646752802,2.633528553568555
94,19,RANDOM,23,77,13.148763848843231,14.928125696495519,13.976281438231336,1.2808093745401956
94,19,RANDOM,23,78,11.028613449581005,9.466436862106766,7.219480134887396,3.0565746803161566
94,19,RANDOM,24,79,11.66041281065828,9.371065598212706,13.633265021633486,2.6878285670225233
94,19,RANDOM,24,80,8.079188758705547,8.568796010946153,7.371951728506357,3.053068070881358
94,19,RANDOM,24,81,0.5458624511157639,11.28504726495996,3.036926314375245,2.405263403528962
94,19,RANDOM,25,82,8.67203111611055,13.231447567597826,5.549533190982196,2.6232854793921145
94,19,RANDOM,25,83,4.765121323671457,1.157924228636159,2.7895383037816393,2.350260467474406
94,19,RANDOM,25,84,7.297339647944492,1.7006191109829376,9.472806923500839,2.330037161265752
95,20,RANDOM,0,0,4.2011394394523895,6.917200647044132,1.8257953886466283,2.717708018570864
95,20,RANDOM,0,1,7.839125275783988,6.137526131613074,1.0745932080699738,2.1872086838167673
95,20,RANDOM,0,2,1.4845001372779771,14.794325459501204,10.4110182353638,1.5414939145492244
95,20,RANDOM,0,3,6.73032690394678,9.60265212884643,4.057332846817459,3.273563445017652
95,20,RANDOM,0,4,4.528109504729433,1.1001310132745645,0.7887835668373977,2.0197765427452827
95,20,RANDOM,0,5,12.112126925317034,12.199580036845244,0.0745741868912686,2.493973916524582
95,20,RANDOM,0,6,4.950830161462462,1.3363028491644373,7.019203616841655,2.416600049978821
95,20,RANDOM,0,7,9.265341898200745,8.265720944291333,2.0109280871735846,2.452624927321804
95,20,RANDOM,0,8,10.536642548776433,9.194541089763723,7.011380364684423,2.9595935204104453
95,20,RANDOM,0,9,4.456907105158894,13.77590826026294,1.2515954701346983,2.189459232565757
95,20,RANDOM,1,10,2.3597333480735356,9.226884740295075,8.3891313662334,2.5635204972593755
95,20,RANDOM,1,11,13.017843579986854,5.862759346699205,12.771805234185369,2.562610511219229
95,20,RANDOM,1,12,6.262524432058236,6.592357888714187,2.475178795696226,2.2539105460882496
95,20,RANDOM,2,13,8.84028918389839,14.857165948268127,9.88378187180695,2.131663417589556
95,20,RANDOM,2,14,10.068836854656693,4.689973003685566,14.011331661564697,2.6316943900218117
95,20,RANDOM,2,15,12.251444590331165,12.122624441738026,14.96287246014376,2.338867634664486
95,20,RANDOM,3,16,14.977566020381799,10.23298791824306,7.308709482304547,2.0964536108512863
95,20,RANDOM,3,17,1.0640446294524597,0.47712170569578216,13.60160176940226,1.2128010370048923
95,20,RANDOM,3,18,6.504770128832825,9.48135098483887,5.147429449087564,2.8494697749997937
95,20,RANDOM,4,19,13.102923548222007,8.412637019559204,11.55401619287824,2.9858228136117537
95,20,RANDOM,4,20,0.7811355402633985,7.746982021710442,1.7333951076153293,1.7429006198088919
95,20,RANDOM,4,21,13.325889163357157,14.494150066191457,0.6050836358269757,1.2230583441998317
95,20,RANDOM,5,22,8.323261211544837,10.243315814343699,5.045145276646672,3.1279719021415184
95,20,RANDOM,5,23,8.91907548255084,5.944612607659412,13.48636553434346,2.420771108609592
95,20,RANDOM,5,24,0.4344297742913056,5.681551570397774,5.397872298993949,2.0723131987940038
95,20,RANDOM,6,25,7.95036996248479,12.809668640207331,13.368103321029276,2.6075661355528736
95,20,RANDOM,6,26,14.998803634482964,4.8995212183833905,8.486827877339348,2.3026567059942122
95,20,RANDOM,6,27,11.407639827257507,8.435950257247114,1.3650549744937353,2.5552438959343284
95,20,RANDOM,7,28,7.458173023464136,1.831028560022983,4.567154826940087,2.70341085382036
95,20,RANDOM,7,29,5.2602197267363895,0.9892546517655038,13.907599715026972,1.7506333623207808
95,20,RANDOM,7,30,11.009924091514748,11.856792594875307,11.854104836726883,3.4326660591803977
95,20,RANDOM,8,31,7.875153150966436,8.478980835794532,3.3173944197165217,3.2012381101045064
95,20,RANDOM,8,32,2.6337955161106716,11.3358094473199,11.009304893685233,2.9436685767309534
95,20,RANDOM,8,33,3.0668401756756003,3.315167302984584,2.078466386532498,2.536900464815341
95,20,RANDOM,9,34,1.9056876839573522,14.172627864133705,0.26694300298318596,1.0111380510350874
95,20,RANDOM,9,35,1.9908013990432254,8.534232996269512,5.355891980707358,2.394347355141124
95,20,RANDOM,9,36,10.650577272483753,4.756042987717903,8.274847882750592,3.32850254942086
95,20,RANDOM,10,37,8.15873504565411,10.102365685574627,6.896286991136564,2.9389458725366544
95,20,RANDOM,10,38,12.285136086685963,4.253259371643303,5.50250081172021,3.38664306136363
95,20,RANDOM,10,39,0.7426842207962608,11.53007915942325,3.1302830674983495,2.505539045631779
95,20,RANDOM,11,40,5.297270668847813,2.1436008454180633,13.042811194173035,2.2356208180888246
95,20,RANDOM,11,41,5.816139570485413,13.436386335339973,4.457020458799591,2.804171324999091
95,20,RANDOM,11,42,12.736432351116013,2.3838458742795994,13.434526951172684,2.117900778257579
95,20,RANDOM,12,43,13.640854126684868,5.42207196469576,12.957532371021859,2.2999870057088776
95,20,RANDOM,12,44,3.3535953517345085,10.326938176424221,8.846319743102265,3.1872479430811618
95,20,RANDOM,12,45,13.968317836350806,5.773644683781268,4.295392003531932,2.6238499206310926
95,20,RANDOM,13,46,1.0315906275480073,5.688336170736469,7.137411669948938,2.1387782895113356
95,20,RANDOM,13,47,12.033332496181973,5.182740090610813,14.805783117038725,2.302393543511036
95,20,RANDOM,13,48,7.236956988712592,1.7739312159175098,1.6322104767038477,1.7231006637442965
95,20,RANDOM,14,49,3.4224216334304627,5.621398739243239,6.39623310394231,2.8822624674459867
95,20,RANDOM,14,50,10.404781563137604,7.075030795614539,1.8534731371088191,2.3591333338453433
95,20,RANDOM,14,51,8.455776552890004,14.559593505989756,2.5178664739792755,1.8511196771718115
95,20,RANDOM,15,52,9.25197976847223,11.067964838762926,8.425672852404682,3.146118537926764
95,20,RANDOM,15,53,14.537674592961782,14.959770447698787,1.9076655009210375,0.7349816158465261
95,20,RANDOM,15,54,14.922489908381394,5.843579639726798,7.4078410753520405,1.930765048827706
95,20,RANDOM,16,55,14.255616667029267,3.51228601960907,4.902368106628225,2.7017877633907705
95,20,RANDOM,16,56,5.875866792995923,11.248386416188794,11.615221998221292,3.125392610999695
95,20,RANDOM,16,57,12.498954955613208,14.247149495736569,11.74406311902122,2.4884709749997684
95,20,RANDOM,17,58,0.4988458820981845,14.06531219075527,0.36045115480672685,0.9667690633916992
95,20,RANDOM,17,59,14.330175164400865,14.081130103337426,2.8391991584775282,1.4280193810784652
95,20,RANDOM,17,60,5.390487048869913,14.919635392582496,7.608329177361802,2.066786123814662
95,20,RANDOM,18,61,14.213756107262713,5.089359057479841,0.6389213813211692,1.6926593104227146
95,20,RANDOM,18,62,12.25768419455905,0.13606103866593,9.048369230518908,2.3626799518261645
95,20,RANDOM,18,63,12.60589380526008,10.795167724442626,11.392681513997582,3.2305756571101734
95,20,RANDOM,19,64,11.55596799286568,9.137811140792401,5.482857180659227,3.0564485689081646
95,20,RANDOM,19,65,2.7976342208181384,11.271479708622042,1.8805134871143796,2.325357441588679
95,20,RANDOM,19,66,7.601939177387827,1.5952402539331505,3.840411710241431,2.7724459664039607
95,20,RANDOM,20,67,1.9570908026011657,14.544866756794368,8.144170511248333,1.663298786089868
95,20,RANDOM,20,68,4.999765198995697,5.123769435010932,3.977169162684029,3.5652375453287344
95,20,RANDOM,20,69,7.2185614617421665,7.246319367239655,11.956927943223263,3.0744346942540197
95,20,RANDOM,21,70,3.6118776518398885,14.090712451339964,8.008770502742022,2.6937505538571207
95,20,RANDOM,21,71,1.5797565469232095,0.8645250458771836,10.321582100768069,1.7269174812894352
95,20,RANDOM,21,72,13.943445785632015,13.324658688703973,7.20437510965489,2.0454428515435685
95,20,RANDOM,22,73,13.030816265207058,9.630163343042915,11.51983704422222,2.9569430276029873
95,20,RANDOM,22,74,9.663314013542989,6.090843295244767,2.648778112779156,2.4638831069526734
95,20,RANDOM,22,75,1.4794993030196983,13.532145748831109,8.137586148124218,1.9891313559721286
95,20,RANDOM,23,76,7.880443002938331,7.892757330395994,14.945611982735189,2.188549549803879
95,20,RANDOM,23,77,5.192729734306774,6.041874107952466,1.3736752444266571,2.1757727094567736
95,20,RANDOM,23,78,0.39389847557710966,1.8050906117562093,12.831756083616503,1.5919607245559186
95,20,RANDOM,24,79,1.3618282634549383,14.009794893767374,3.4359783201725995,1.9509143873926607
95,20,RANDOM,24,80,9.586328607400448,3.3483630303110603,14.506834962369517,2.3492408724709857
95,20,RANDOM,24,81,2.472882368979763,0.014960899848600051,11.016351259331824,1.9574684294520515
95,20,RANDOM,25,82,7.668387072202327,5.3124349407464715,11.500809130950024,3.1414570784392755
95,20,RANDOM,25,83,2.710131713051525,8.81423806668851,7.365284184251441,2.719189501555377
95,20,RANDOM,25,84,13.346622222008165,11.589333966551013,6.1212282727253156,2.641343607002239
96,21,RANDOM,0,0,11.716763832262064,9.08770544356452,10.647017856126377,3.223317302256693
96,21,RANDOM,0,1,1.3364680938331341,9.460716238108565,14.712160533366792,1.5062577780019513
96,21,RANDOM,0,2,6.351077585396341,1.686046250210134,14.373996680487636,1.4530948653056994
96,21,RANDOM,0,3,10.139732773825601,2.9578910391741835,10.080888847901806,2.873925457115389
96,21,RANDOM,0,4,14.891124416048894,3.142282110097428,12.807896977688,2.058338526219041
96,21,RANDOM,0,5,10.483661778410251,3.325125413651777,2.7715759838289182,2.9357563533434563
96,21,RANDOM,0,6,14.3123554827077,5.106562914060077,6.620917485291803,2.1839201907101753
96,21,RANDOM,0,7,9.841310276166057,6.6045285555231645,0.003967559706777868,2.0841170178231585
96,21,RANDOM,0,8,3.9038380556747083,7.083532420685154,11.419026660671266,3.5027617269498394
96,21,RANDOM,0,9,9.095795109976418,6.452925439122495,2.8654269515097672,2.650135066453389
96,21,RANDOM,1,10,8.558046569160858,2.687231465373197,11.100729201228924,2.8646769107977788
96,21,RANDOM,1,11,14.72612665811198,7.18563554152078,10.595404950609137,2.171964481232671
96,21,RANDOM,1,12,10.237272698632225,13.381079322094685,13.354580874504503,2.3263119920386357
96,21,RANDOM,2,13,8.845084345333794,7.9712458403793685,13.467187722833074,2.6641386800166336
96,21,RANDOM,2,14,11.079550184012763,8.315754432105914,5.128579181746211,3.2047245973539855
96,21,RANDOM,2,15,2.310673919694305,1.443450745588345,3.6478750667549322,2.202130987095663
96,21,RANDOM,3,16,2.8985684960865616,9.017125682005553,10.689446124694836,2.9121390090725865
96,21,RANDOM,3,17,12.568567930836814,10.089028705870493,12.77724745266156,2.9204124580909223
96,21,RANDOM,3,18,8.259662110718189,2.157533829086894,9.629843446520765,2.48009278182415
96,21,RANDOM,4,19,8.473903840367916,5.427276398009635,1.2782080677442698,2.306863702748684
96,21,RANDOM,4,20,4.710780447943291,9.901595502512428,11.722627998031655,3.3978073814125347
96,21,RANDOM,4,21,5.469585268629378,14.31071889706954,5.433996911251341,2.088352554079589
96,21,RANDOM,5,22,7.378578470164455,7.006932859463316,9.321412920272893,2.893275941094861
96,21,RANDOM,5,23,3.463250145965951,10.149305336407528,5.209602007970418,3.2267244179397583
96,21,RANDOM,5,24,9.496263504952815,0.7051636716153281,11.209969135085,2.4490170705394787
96,21,RANDOM,6,25,11.189795062078554,14.341928414233479,1.9238284229722242,1.8126758727960885
96,21,RANDOM,6,26,2.1452341818102356,7.579494498405663,10.038851223563674,2.45871995742385
96,21,RANDOM,6,27,5.7554047405566635,3.975555867568633,0.6174581526474837,2.567803437410556
96,21,RANDOM,7,28,3.488901346180773,0.4253008538814357,7.550754776963872,2.549613899902733
96,21,RANDOM,7,29,6.289752107631575,9.334024963131736,6.106800954437055,2.6009594766892046
96,21,RANDOM,7,30,11.199023914382709,5.729636028161841,3.903921842645545,3.377516354689959
96,21,RANDOM,8,31,5.110498310075385,2.7189901780533843,7.214419116087905,2.73686311539897
96,21,RANDOM,8,32,2.9091937527181724,1.9243332270512585,14.047569513697868,1.6268467818107721
96,21,RANDOM,8,33,3.849009753838153,13.893011067794047,10.095344824357195,2.8126400003762706
96,21,RANDOM,9,34,12.020750674263937,11.541552168418153,3.9725889607420766,3.7222487141917275
96,21,RANDOM,9,35,14.600632661565728,1.659814319909394,14.24872518039801,0.8649460503350923
96,21,RANDOM,9,36,4.866229856912659,14.551619340663425,7.104761929729148,2.321433159736078
96,21,RANDOM,10,37,13.87157130178074,7.5480861630975395,14.202917425283108,1.752831653573248
96,21,RANDOM,10,38,3.238125200109771,5.167021922431394,7.300267170345854,3.077713272400197
96,21,RANDOM,10,39,1.035718858429625,0.40396068054517176,14.080180565056683,1.0055678471082437
96,21,RANDOM,11,40,2.2269031028842337,11.893680508558777,0.609376936822506,1.9644561855364087
96,21,RANDOM,11,41,12.275794493016772,7.020855454722474,7.079017357456438,2.9549460196062514
96,21,RANDOM,11,42,6.891695174987072,4.5479118157688365,0.483672572056848,2.5358116381197866
96,21,RANDOM,12,43,7.463160216748314,9.690992122805245,13.02016985932494,2.792209874151751
96,21,RANDOM,12,44,4.220363707956797,13.690714160867683,3.743730911880809,3.286714073180792
96,21,RANDOM,12,45,0.12625796164363046,6.864744093862076,1.3278204582297675,1.5253602235004304
96,21,RANDOM,13,46,4.18008602263922,13.6815396985059,10.926881614260193,3.037718872361135
96,21,RANDOM,13,47,1.1084097279983092,9.426759706270381,6.510907060482968,2.172614936906652
96,21,RANDOM,13,48,12.672938856395069,6.510293636884182,10.589727444105204,2.8562109016917816
96,21,RANDOM,14,49,1.9967920722758614,4.624341938887617,10.676125499995695,2.7770447181608393
96,21,RANDOM,14,50,6.235047793251133,10.68605893473826,5.7906288885530355,2.6983099835751987
96,21,RANDOM,14,51,9.225502065199407,2.280291381871357,3.325778749574443,2.634871139456456
96,21,RANDOM,15,52,3.3478044973416505,10.303537491913099,1.1276407093184593,2.5213966098818927
96,21,RANDOM,15,53,10.217109703640299,5.241806179739293,7.075459033064476,2.929740114632395
96,21,RANDOM,15,54,4.291272297799052,1.5931991680714896,4.836188568352105,2.9607255254436553
96,21,RANDOM,16,55,8.764890822249939,4.288917726058398,3.8047916737895413,3.8006493079172463
96,21,RANDOM,16,56,14.742886168424757,8.281494213652511,1.0507297962937179,1.55166338279613
96,21,RANDOM,16,57,4.007418268084843,12.607519569589561,4.994842026961895,3.516586453061845
96,21,RANDOM,17,58,4.0043508285500815,4.2084975534974935,1.5093578933213359,3.200225044863869
96,21,RANDOM,17,59,6.860420550521986,7.015834719858695,7.881436756446206,2.8577097969150165
96,21,RANDOM,17,60,0.05649935107123971,13.880879010545389,0.501387278797556,1.0014131423966273
96,21,RANDOM,18,61,12.527776411015529,11.74823290800017,12.45168813838171,3.224325443606896
96,21,RANDOM,18,62,13.250109940095774,5.603624235188166,0.9515003424266405,1.9224982332020621
96,21,RANDOM,18,63,0.9306690639088716,3.1358607173813406,10.288609178187244,2.3674565553433546
96,21,RANDOM,19,64,1.0885472058214134,10.764674524666148,9.918407587314842,2.411849646532759
96,21,RANDOM,19,65,2.782058627191831,0.2075099938780539,1.0739712744801888,1.3956067425303749
96,21,RANDOM,19,66,7.783363978454995,1.807950450786517,5.558871230458229,2.2907673706116327
96,21,RANDOM,20,67,4.2483704683464,9.425485587399415,6.05388683546493,3.1930608089430867
96,21,RANDOM,20,68,2.6766580847295467,3.3293480933605624,9.165363381260399,2.835763236480821
96,21,RANDOM,20,69,14.34679504088348,11.238895879458699,9.862827030297385,2.3878601544503812
96,21,RANDOM,21,70,4.568582143319906,10.327810611724313,2.867916478850869,3.1536005855544187
96,21,RANDOM,21,71,3.6835201247792586,12.599245081784233,13.776907899451787,2.804862463790394
96,21,RANDOM,21,72,2.64096819334604,0.8531715060706779,12.30703305470274,2.10369416254853
96,21,RANDOM,22,73,12.24910530423818,12.778248107867315,9.336903874915851,3.0045608722691024
96,21,RANDOM,22,74,14.590858981342379,3.3823345469396147,10.223475379094236,2.37755610411757
96,21,RANDOM,22,75,4.934891927368952,9.76043674001563,2.8948076591523817,2.956787858216342
96,21,RANDOM,23,76,5.843635791458006,1.6183665193438168,10.464858863687061,2.222113638141998
96,21,RANDOM,23,77,0.6948697105821089,4.692566154764353,5.840016531516887,2.4054980085549365
96,21,RANDOM,23,78,10.942219708028702,13.965957609576213,6.201193611893039,2.310000776872481
96,21,RANDOM,24,79,3.19207787247703,13.132419948401383,13.428468661953666,2.4509998679893394
96,21,RANDOM,24,80,10.026600376493363,2.5108410775834598,7.8822686125279,2.629600194918172
96,21,RANDOM,24,81,10.1483506747083,12.265172112999151,11.561988710810748,3.257349498034917
96,21,RANDOM,25,82,6.01737837657331,14.380162153711954,2.2571247681277957,1.5558228266523968
96,21,RANDOM,25,83,14.326598240906034,13.140516681602815,6.662733900445984,1.9001044172157568
96,21,RANDOM,25,84,4.552447368620815,7.49129067961637,9.847595158703978,3.2987802484042748
97,22,RANDOM,0,0,5.4952037314811415,2.989430690626244,1.3283755989191837,2.1586260618858195
97,22,RANDOM,0,1,9.7978753140138,6.890055671159201,14.815134283203024,2.027313583579785
97,22,RANDOM,0,2,12.77352104776696,12.554419848555668,0.7715815121288899,2.269873230041228
97,22,RANDOM,0,3,8.330177330423108,9.11196789529001,0.7521194260962444,2.3684996408705294
97,22,RANDOM,0,4,7.159919290608433,4.94345713957603,3.2472852268032715,3.172473335620448
97,22,RANDOM,0,5,11.955250991049661,6.313483346093988,1.5477466279666334,2.3327019355547236
97,22,RANDOM,0,6,5.536059278253402,13.722666400462666,5.843957321106811,2.1947909432337314
97,22,RANDOM,0,7,2.8100378836972344,1.0010423257026009,7.682573375919862,2.1531699180088126
97,22,RANDOM,0,8,10.01333977365762,6.192143764039176,12.724791057359866,2.7393772654071027
97,22,RANDOM,0,9,7.8673359472017514,11.961514620370984,8.477286052589523,3.2146682124643995
97,22,RANDOM,1,10,7.220314229301269,10.439037161025466,0.3199281086885908,2.281714534885203
97,22,RANDOM,1,11,2.7455147925345895,2.0180551030651532,5.027862019943374,2.2619730770487485
97,22,RANDOM,1,12,4.141975263565709,12.684830645171386,9.255969762526755,3.3694363615126908
97,22,RANDOM,2,13,2.514945990453288,6.229765620834877,14.700985460119382,1.5897782772997548
97,22,RANDOM,2,14,12.104790571048023,2.492842064218599,6.813807903601242,2.61611587355035
97,22,RANDOM,2,15,1.4104271911998607,2.402480148921148,5.8509276831297345,1.7337629152117047
97,22,RANDOM,3,16,2.5924940262310745,4.89704859779228,3.089531706001532,2.7874312393714247
97,22,RANDOM,3,17,11.019488305657068,9.884147643021436,8.432093106173227,3.1319707448490828
97,22,RANDOM,3,18,13.974106244088599,2.0416524312289326,0.9002360490257783,1.171726643375224
97,22,RANDOM,4,19,2.854466329409473,1.8372777614005076,10.646262293472288,2.268663518517766
97,22,RANDOM,4,20,11.610146066531653,14.965164688751212,5.47304792634431,2.1849996941691563
97,22,RANDOM,4,21,14.50456153906032,5.069576578002274,13.251376188406677,2.003522587134264
97,22,RANDOM,5,22,5.085649895010275,6.531854002866842,13.500129884304272,2.5039098543092964
97,22,RANDOM,5,23,7.564785937055256,12.561981025093008,8.706690938091842,3.0352283909247095
97,22,RANDOM,5,24,0.42242227814963285,2.311466619611152,1.4666589974317308,1.1846298035324234
97,22,RANDOM,6,25,9.299602446661005,6.55096553471869,8.071289984682336,2.870435661154743
97,22,RANDOM,6,26,4.45942546779579,3.2961846427814563,2.1738984481817107,2.9451275346654118
97,22,RANDOM,6,27,14.741755168766424,11.891619459680507,3.8555975700239604,2.711250628205631
97,22,RANDOM,7,28,3.9409148749276843,6.676894420768108,3.966620572880646,3.6922541873998993
97,22,RANDOM,7,29,10.797417174564595,1.028547018732714,10.163039685766874,2.431595447844974
97,22,RANDOM,7,30,13.909516522605003,11.653951938421184,7.978106439852807,2.6252933769252094
97,22,RANDOM,8,31,0.36248088758097596,4.055427003055547,14.600352034951955,1.9121386688878554
97,22,RANDOM,8,32,12.887541689931213,3.1873459172521263,1.9393954914702227,2.3362527867652974
97,22,RANDOM,8,33,7.20021949235797,14.170042854904,5.343594258451495,2.2262493544001396
97,22,RANDOM,9,34,3.8294100552400763,9.901860429260054,5.012562445674992,3.4671142071419476
97,22,RANDOM,9,35,12.168042281424544,14.611862706266185,0.7481748147145351,1.6399243946397497
97,22,RANDOM,9,36,0.4282325919606311,4.338457595000847,1.3208390845771978,2.0536427243037174
97,22,RANDOM,10,37,10.12234082232618,9.569090841216873,0.3806722393010581,2.2696687145639256
97,22,RANDOM,10,38,5.205402257995048,6.2577908667711775,5.329795506345268,2.768178805605996
97,22,RANDOM,10,39,14.347028843103178,3.668327981652508,7.871233458274619,2.6273338753641156
97,22,RANDOM,11,40,10.547095372591636,11.587372572374766,7.765556718912779,3.2381264213304197
97,22,RANDOM,11,41,14.491427534325917,0.6406659475807047,5.837667831480147,1.3645165156261894
97,22,RANDOM,11,42,0.4736936993887697,14.20377582222923,13.783928124174167,1.0917229340192787
97,22,RANDOM,12,43,5.768828657476055,11.190939071440889,4.1322823302728935,3.386898131346393
97,22,RANDOM,12,44,12.516652160561012,9.25541980563183,14.144783573727974,2.3394772573658624
97,22,RANDOM,12,45,14.319773537536461,14.710062160724203,7.000877298013854,1.364607009793625
97,22,RANDOM,13,46,0.38209741742162073,1.6728823227900491,9.339044426993869,1.6577924582095267
97,22,RANDOM,13,47,2.045319708987394,13.804983571932386,6.103596552518093,1.7013389048128658
97,22,RANDOM,13,48,7.821326118125617,4.616198266800708,4.847326834679716,3.50636211216103
97,22,RANDOM,14,49,4.36130690964948,13.41380125558376,14.209614162354557,2.3326706148936203
97,22,RANDOM,14,50,13.177987504907357,13.113964980391373,13.641640070796296,2.0611583573614873
97,22,RANDOM,14,51,7.148809200240657,6.037862348389459,12.673430840316563,2.7181830813198373
97,22,RANDOM,15,52,9.26192107708034,5.518617834087277,0.08753285904759156,2.1335836866574738
97,22,RANDOM,15,53,5.990135034884336,3.6501625306234544,11.050931273984418,3.2479703260420525
97,22,RANDOM,15,54,14.728899634865089,14.24568995376791,14.613992677148929,0.6514868935394753
97,22,RANDOM,16,55,13.487610799275688,5.855282281136642,1.264525719545344,1.7772876951290184
97,22,RANDOM,16,56,14.190114397228529,5.156405495480659,12.987601523255258,2.178628954473743
97,22,RANDOM,16,57,4.640578332021344,0.8737424387692488,9.683063589479826,2.6011606305782697
97,22,RANDOM,17,58,5.345460301288204,6.075506317484116,7.479408074834301,2.7469097773490883
97,22,RANDOM,17,59,13.70762232468713,2.241766563615747,3.946478431099105,2.4094519182253453
97,22,RANDOM,17,60,0.618579097007762,3.3041541185035914,0.8600986449255182,1.7903669212449616
97,22,RANDOM,18,61,8.615589521592975,0.7312440815893412,4.638232399930339,2.6437719669072504
97,22,RANDOM,18,62,9.288911505881309,10.974279395065652,2.652581429107328,2.781702225950638
97,22,RANDOM,18,63,11.751802961886195,14.810877844042896,14.736887379358672,1.4745694289313822
97,22,RANDOM,19,64,1.4519665121530145,6.146393442618371,12.0926664389875,2.2973465584516886
97,22,RANDOM,19,65,10.675080966698461,4.016859305914843,10.60232179545282,3.537066793451314
97,22,RANDOM,19,66,14.466267299508688,7.663007839153605,4.459886212205558,2.6020581917073193
97,22,RANDOM,20,67,13.13482355461575,12.877981388027534,4.334335807260606,3.0432102629187563
97,22,RANDOM,20,68,6.389298253945055,0.07067140475234046,8.014218538819145,2.1218325546849517
97,22,RANDOM,20,69,10.62267843980403,10.43637435726413,11.361660775980049,3.2414854617853486
97,22,RANDOM,21,70,4.818828573515791,11.963432223505066,14.919610536768579,2.4717666204291717
97,22,RANDOM,21,71,10.895969585926267,10.258496220138083,3.414372333226674,3.302443208434985
97,22,RANDOM,21,72,14.064478030561354,2.1949940512901116,5.094324458376979,1.894431560673885
97,22,RANDOM,22,73,14.082871052984917,9.152949825177423,5.117290082000543,2.3935681970059557
97,22,RANDOM,22,74,3.46330540918928,8.953791508117263,1.0015804370876835,2.580471544014898
97,22,RANDOM,22,75,0.0052342174705560796,3.9864989339948864,7.000575136647322,2.592212139770411
97,22,RANDOM,23,76,9.82635976610577,11.17792559758655,11.74503817469145,3.280784107710777
97,22,RANDOM,23,77,2.707532093666126,14.273699354337547,0.3568290074209429,1.3023997021330411
97,22,RANDOM,23,78,1.2561680472091097,1.736694449828173,4.96284356917596,1.8637635211550931
97,22,RANDOM,24,79,12.670075647411844,2.6667107249848825,7.538841081812386,2.6662922373286593
97,22,RANDOM,24,80,14.1280119044389,14.458486760231363,5.475060755318876,1.4672337062456564
97,22,RANDOM,24,81,3.152185096003752,8.23646570160263,13.918633541679668,2.4787986943020086
97,22,RANDOM,25,82,10.835507310995464,10.947460705656717,1.5866037719087378,2.564126241778768
97,22,RANDOM,25,83,2.9744056649175166,14.3968772840002,9.445112712460144,2.1252968358047153
97,22,RANDOM,25,84,7.768664935087315,2.8054082404313623,11.454608778338883,2.970336467311612
98,23,RANDOM,0,0,10.408996209860463,9.621873313173458,1.9296633647645434,2.4115672409604456
98,23,RANDOM,0,1,1.7056207519699402,9.80018282001881,12.80185658947741,2.2714247788052266
98,23,RANDOM,0,2,3.026687016606094,3.27027955628604,10.748769538853741,3.1117508649592507
98,23,RANDOM,0,3,7.060495060039126,6.228328959610671,5.237217070764293,2.7340263598950187
98,23,RANDOM,0,4,0.9578062971553802,6.819992488673373,4.521799193995163,2.5706127458602923
98,23,RANDOM,0,5,5.8361512993590265,8.104467290000517,10.253845381083268,2.865242146115233
98,23,RANDOM,0,6,9.37128565767344,11.140566808328579,0.27326033668120087,2.399387671229925
98,23,RANDOM,0,7,9.813857245981858,8.130938231331978,12.770115196292824,2.945776406403052
98,23,RANDOM,0,8,14.085438688440279,0.19234677706261083,12.424924469847584,1.6776470475451721
98,23,RANDOM,0,9,3.7998583602408065,9.370619845019032,11.466275402773853,3.523516515253408
98,23,RANDOM,1,10,4.636578661795438,2.0349463283195406,14.94540806248223,1.8378648738067498
98,23,RANDOM,1,11,1.3682545165995719,12.271520263623414,7.134350554015178,2.398965858256063
98,23,RANDOM,1,12,1.8224169597419642,7.279905272717403,7.988388151342901,2.4002975595698626
98,23,RANDOM,2,13,9.338917794596993,5.40282761218917,12.556271156869826,2.914468298624732
98,23,RANDOM,2,14,4.909655190909295,5.028290033826451,5.017684938807237,3.338211721990599
98,23,RANDOM,2,15,11.431713714815558,12.249166498859184,10.692862023836303,3.3244549500654745
98,23,RANDOM,3,16,9.526170577580578,9.168431040932322,10.697696131150963,3.036728230292598
98,23,RANDOM,3,17,12.02804772594436,3.0574374420772243,12.163965618931178,3.2100642396604004
98,23,RANDOM,3,18,12.769652530869415,10.812996296188537,4.594588508793081,3.3157554947107526
98,23,RANDOM,4,19,11.986668416840768,2.175423174055409,0.9171276145855528,1.9597676697931616
98,23,RANDOM,4,20,13.781888434673968,14.028974685821222,8.349620416150568,1.8853965783249786
98,23,RANDOM,4,21,2.6390673079678284,13.545218697294883,12.598480566549338,2.2496136742171884
98,23,RANDOM,5,22,12.437925243231728,11.5522009080007,9.929592902192555,3.1947253082751916
98,23,RANDOM,5,23,1.4150905716145772,4.555098384047973,0.1648286053677983,1.953290203147763
98,23,RANDOM,5,24,8.874067688303109,2.54314683752742,2.2528010431963597,2.132214407355084
98,23,RANDOM,6,25,8.442505376020138,2.81209687805295,6.763343244735912,2.7026233558699717
98,23,RANDOM,6,26,5.637281800140033,11.44161087178725,8.194088662068088,3.054570624726237
98,23,RANDOM,6,27,14.4976235655852,8.634503590274377,3.3993644702029653,2.434010867860083
98,23,RANDOM,7,28,0.7644683935654478,4.93177899345684,13.720332035704246,1.9749574690306333
98,23,RANDOM,7,29,11.99057932477695,7.514097201607936,4.669104525275562,3.4165580322982327
98,23,RANDOM,7,30,1.1625340161239561,1.1649999923463372,5.194602070544304,1.7199131007404478
98,23,RANDOM,8,31,12.008030912228127,8.414765005685233,13.2133819420576,2.910646198473488
98,23,RANDOM,8,32,0.5376750582374534,7.909469226545297,14.694444376270612,1.5213912836029744
98,23,RANDOM,8,33,6.103224285869896,2.1988434038302893,2.201260772685258,1.7590974780090691
98,23,RANDOM,9,34,11.562016051742592,9.054235499858905,3.107771939010587,3.1564509146449407
98,23,RANDOM,9,35,1.4912142115772635,4.871685243975354,3.6953342792994586,2.8773009892222703
98,23,RANDOM,9,36,13.66791518834616,0.6412717501179194,13.14771267956693,1.6105042467504316
98,23,RANDOM,10,37,3.4608663948848224,11.713674609272884,7.8377555794198175,3.421521287838984
98,23,RANDOM,10,38,11.63741734874801,8.871191819082675,0.9205782744450225,2.5240109872575154
98,23,RANDOM,10,39,11.59924945712369,1.3901340671894735,9.8711167146489,2.508509864523151
98,23,RANDOM,11,40,5.567125037653006,10.46210566175228,6.82098492981062,2.795028910927827
98,23,RANDOM,11,41,14.4007140688845,2.901658617768375,14.200857560372873,1.4063408574315601
98,23,RANDOM,11,42,12.686706302187538,11.989690145926442,3.9087380212075544,3.5106221838953817
98,23,RANDOM,12,43,6.087464018372199,2.0552544159986437,12.99311216297454,2.072510578635329
98,23,RANDOM,12,44,8.410817517815032,10.500698255965476,2.4877666416162874,2.6715269713578498
98,23,RANDOM,12,45,13.177766139732359,4.478792315315678,3.5885282805891117,3.390639244709493
98,23,RANDOM,13,46,4.906943141245601,10.149590201768131,9.019781621927928,3.151720731423013
98,23,RANDOM,13,47,8.485416824091434,13.853645199545262,14.564363553171104,1.6800203310238908
98,23,RANDOM,13,48,12.408292682907629,3.342667324590974,8.636924538916082,3.231949371258721
98,23,RANDOM,14,49,3.089676260426499,7.771234677499623,11.021725294188206,3.120410750141083
98,23,RANDOM,14,50,9.485042984644636,6.974605193102328,0.08422996700597041,2.1584602367872607
98,23,RANDOM,14,51,9.51613315191767,11.149722778970668,14.238548943767398,2.409843043795517
98,23,RANDOM,15,52,2.9280474339533575,10.270723733744385,8.896125133140378,2.88396564801321
98,23,RANDOM,15,53,5.890859708674371,4.333932584136237,2.754814351268562,2.9529592974690364
98,23,RANDOM,15,54,5.712787967555984,1.4426359082387856,11.334341886754885,2.353036251811988
98,23,RANDOM,16,55,14.640057503763002,0.20316531594672615,0.832863932436172,0.8007612869779515
98,23,RANDOM,16,56,14.74843245963099,12.403741276790974,12.009180984816975,2.358148789020616
98,23,RANDOM,16,57,1.8195867191994075,0.8106034847039967,8.445471083905115,1.7657081888418973
98,23,RANDOM,17,58,5.94157833034762,7.65121556826772,3.1501292284261746,2.8443593034124444
98,23,RANDOM,17,59,14.76823975722837,1.5402389673218908,1.150538422866122,0.8775216893149105
98,23,RANDOM,17,60,0.5729613026929881,9.896858591778836,11.887097855609104,2.4558406890451723
98,23,RANDOM,18,61,9.981086968661991,6.519637532282298,0.8812166642070368,2.168989817380141
98,23,RANDOM,18,62,6.256226667668077,5.298790811140639,9.896982642565984,2.7562977644435454
98,23,RANDOM,18,63,9.280310051111208,11.810018702620189,13.746546134621553,2.636955648954656
98,23,RANDOM,19,64,0.058075183669082375,1.4004919247504684,9.672437268333638,1.595623305908314
98,23,RANDOM,19,65,7.149136778271438,1.906552616529495,9.347676917224488,2.337550761706551
98,23,RANDOM,19,66,12.914857741097372,9.52457725868355,9.367508504935241,2.826206282651624
98,23,RANDOM,20,67,10.977363595365425,1.0375049043404676,1.8892380889949079,1.8628304840867576
98,23,RANDOM,20,68,3.1280353235495624,1.4816214067021116,9.104958743211158,2.365531542799478
98,23,RANDOM,20,69,12.692577197880459,14.57090351355181,14.55041154243941,1.3661117478131126
98,23,RANDOM,21,70,13.066551663054844,8.59750999143087,5.760898178625863,2.655785110822946
98,23,RANDOM,21,71,2.9054976959964085,11.21906845936708,9.836545312150596,2.969421622988672
98,23,RANDOM,21,72,3.856119763982666,12.64823458909973,2.0841102489973635,2.812380112116302
98,23,RANDOM,22,73,6.8429356047799565,14.642070176546184,5.461152482839912,1.9822560452247182
98,23,RANDOM,22,74,3.4897799480688887,2.7063619835136237,1.4834207797321708,2.3246793996953046
98,23,RANDOM,22,75,13.67178207464184,6.275803585499235,4.4167606548473195,2.702890757476811
98,23,RANDOM,23,76,11.930687640585168,4.997972126994555,14.286863405709921,2.5413115267352886
98,23,RANDOM,23,77,5.809472545648886,4.709965222025327,4.99017864352599,3.1815939865334384
98,23,RANDOM,23,78,14.205247374156361,8.338938157789466,3.482384544944873,2.5854075808285644
98,23,RANDOM,24,79,8.017645071521912,5.93537013410721,10.935294984091005,2.950134020964045
98,23,RANDOM,24,80,13.288109001630737,10.854864714419303,5.111685323740806,2.8383880617138577
98,23,RANDOM,24,81,13.548456116447879,4.327209598236537,3.0294437911271297,2.9057403637713604
98,23,RANDOM,25,82,12.5192814132092,10.056388883604672,3.172548005153639,3.0461083344894604
98,23,RANDOM,25,83,1.1212814275396288,14.951696263911726,2.157944571837131,0.9385154767189995
98,23,RANDOM,25,84,9.228593781241912,0.4063701061069269,11.282624757578288,2.4381983684655926
99,24,RANDOM,0,0,4.954032550039731,6.077659734587158,8.62106728990788,2.959019731999189
99,24,RANDOM,0,1,7.59599650905222,8.463187611453762,8.54530965762603,3.076321404214511
99,24,RANDOM,0,2,13.111747968611118,1.2964569148645961,11.13712906029844,2.269391801302394
99,24,RANDOM,0,3,12.305508966521229,10.682401050407483,6.148884107797466,2.953104444118106
99,24,RANDOM,0,4,14.144306619829239,0.4642370445618099,12.044099531904532,1.7757507147490255
99,24,RANDOM,0,5,9.030729378929852,0.6168934739540161,4.985991179569478,2.435846535706598
99,24,RANDOM,0,6,5.674089671083666,2.640679917133206,9.639012705196148,2.4998495187473306
99,24,RANDOM,0,7,6.5886133899643236,10.737072518728642,5.571556248059411,2.794318598013777
99,24,RANDOM,0,8,0.8127099880391225,10.735498563402155,10.995679482020854,2.5242190717616872
99,24,RANDOM,0,9,1.232172035587395,6.981936362815139,6.828090631484789,2.1694904340862395
99,24,RANDOM,1,10,4.813609311964272,13.846253020654792,13.536036670226816,2.2286753864536193
99,24,RANDOM,1,11,6.61935139559909,9.015586579448412,3.9868368373994385,3.2756126278542963
99,24,RANDOM,1,12,9.441779592622467,10.252440183039766,8.520145740019494,3.0190893599146458
99,24,RANDOM,2,13,14.3610761780161,13.10186359729733,1.3727725598102785,1.4043215786404475
99,24,RANDOM,2,14,7.004327946458705,13.91029084006739,7.472619528136113,2.341299322176242
99,24,RANDOM,2,15,3.703248901262982,14.661529227372291,0.013181467135188751,1.7765724348801912
99,24,RANDOM,3,16,2.7098379714642045,9.51697830138917,12.419254289383101,2.7500579713039546
99,24,RANDOM,3,17,7.931889725478284,3.1839360892101403,11.117278083259107,3.2087068359919035
99,24,RANDOM,3,18,0.4872801257070636,4.637851258286748,1.2436433391137331,1.9510476025858718
99,24,RANDOM,4,19,5.681741323653979,8.549744809995254,1.58632159860074,2.2434511995913913
99,24,RANDOM,4,20,8.495790042793297,10.081785317554631,10.339913149817566,3.0426850318312866
99,24,RANDOM,4,21,1.7428658944235091,5.130065139227551,7.9616993457875544,2.4603708977703005
99,24,RANDOM,5,22,5.546287771661066,12.88531170947652,6.550544165603366,2.601723146260226
99,24,RANDOM,5,23,9.492040617347929,3.411259268721276,4.274825878731202,3.5772323573772264
99,24,RANDOM,5,24,1.542737546637019,1.801147784008001,4.958090177609049,1.8837983372688285
99,24,RANDOM,6,25,7.055608360211178,5.99933990397321,13.170278142448604,2.490063049760148
99,24,RANDOM,6,26,2.2233013015883074,13.022499555235818,2.062504713758556,1.7429552803546084
99,24,RANDOM,6,27,9.418719170905105,9.3460862510006,1.0112922595265084,2.3124772551912223
99,24,RANDOM,7,28,12.964785550095904,11.185926273618094,1.012835851197068,2.332407274131336
99,24,RANDOM,7,29,6.293869347651851,0.9884821775555874,9.47061849188225,2.1407735706283395
99,24,RANDOM,7,30,11.924028579694737,3.3464807016986393,14.207928319012002,2.6155397302101338
99,24,RANDOM,8,31,13.387764517014203,12.687130925319995,2.365532271627573,2.150844193743954
99,24,RANDOM,8,32,4.410693998611437,11.026750456612012,8.097169733574761,3.5280994379858153
99,24,RANDOM,8,33,1.9389907449449724,5.363241346996786,4.2009222887006,2.765941338915971
99,24,RANDOM,9,34,11.122601535167332,13.841766469704247,0.42062416203229425,1.8807754444330225
99,24,RANDOM,9,35,6.473707978656213,6.0242040658459235,12.954101611670662,2.4884050846886616
99,24,RANDOM,9,36,0.3779869560028576,8.422325474161664,1.2147957615323879,1.6899214850619013
99,24,RANDOM,10,37,4.420544818203108,1.1611521168436116,13.28122285936902,2.423260140349135
99,24,RANDOM,10,38,10.212452118097781,5.674386632430115,3.714063114189487,3.1969101712014996
99,24,RANDOM,10,39,4.1071630857870876,2.0622568311587597,1.7467613535589754,2.2439762709208635
99,24,RANDOM,11,40,7.0586734982191786,7.132892843326726,5.675396894919716,2.7242746959338895
99,24,RANDOM,11,41,5.618880385171509,11.727826966908088,12.377044896865083,3.0870426304947953
99,24,RANDOM,11,42,14.900346646612306,1.4712341323597227,0.4625275699736864,0.8012253543864079
99,24,RANDOM,12,43,8.392426458297953,1.9284887749475814,5.722245967549969,2.281018365746259
99,24,RANDOM,12,44,9.05015843526089,12.862208289373541,0.5365338810018533,2.203957352256523
99,24,RANDOM,12,45,1.1860541536800477,4.11341848526661,0.5625065544375524,2.0954719064473393
99,24,RANDOM,13,46,4.3515269636558385,5.213767786908093,2.4031571928377,2.945876287516617
99,24,RANDOM,13,47,5.22332810002457,6.53376335879785,11.276153225222473,2.9882311024390487
99,24,RANDOM,13,48,8.169250894657026,13.812326997317058,7.612372269838916,2.5137738710362467
99,24,RANDOM,14,49,2.430485133886865,10.887613544514618,4.197917977593954,3.082002621838277
99,24,RANDOM,14,50,4.557611358867313,2.5200585940075397,8.177589845341135,2.9721039151697006
99,24,RANDOM,14,51,9.0253818644126,13.309083151381667,9.531655942670952,2.6657144474558536
99,24,RANDOM,15,52,9.820648952554759,5.786946789785549,1.853518757232283,2.199042181656608
99,24,RANDOM,15,53,12.80431327786816,13.551059084463187,0.3567780319584535,1.7842130511186607
99,24,RANDOM,15,54,0.8465545482682757,1.5109283170587688,5.628544469137597,1.561440850536657
99,24,RANDOM,16,55,8.100640403317728,10.207727177151279,14.708879266901807,2.2116996359283765
99,24,RANDOM,16,56,11.480507426122477,14.869727948422295,5.26929324799254,2.2761166622615434
99,24,RANDOM,16,57,13.193765561328835,0.5092603669752238,4.4996553955357035,2.394338622264362
99,24,RANDOM,17,58,10.581626221888518,6.819871569612697,1.8421711054128087,2.3363870947470033
99,24,RANDOM,17,59,9.578447533071204,5.712230773959929,9.834437898121294,2.791499972597891
99,24,RANDOM,17,60,1.8153939110526447,11.290271556127477,5.597946652647781,2.40323330348109
99,24,RANDOM,18,61,4.786318566452821,2.396739495553413,7.743527317539179,2.791531785234721
99,24,RANDOM,18,62,8.707774843601886,7.055101809887373,12.549205163204613,2.964958567332889
99,24,RANDOM,18,63,12.002107168272538,0.1046659787725579,1.5397611522365895,1.7746182760585454
99,24,RANDOM,19,64,7.098036063705343,7.4729073612361265,4.328852921694711,3.330878175267241
99,24,RANDOM,19,65,11.057206958330253,0.6476417514725635,10.034629223462554,2.4354125880193407
99,24,RANDOM,19,66,0.585294270367126,6.065418198955038,10.032160647207746,2.1118153809127183
99,24,RANDOM,20,67,0.029343104593863023,13.31714420562867,7.5254587321330515,1.9415069525754072
99,24,RANDOM,20,68,12.687983069424181,8.640697224415417,6.40607802494959,2.8112382892011576
99,24,RANDOM,20,69,8.086670814977962,2.8272857436816095,1.8265575213797431,2.2293452386669177
99,24,RANDOM,21,70,8.334901063951843,3.0722916173856274,13.082093021226886,2.7966456137380455
99,24,RANDOM,21,71,0.834106012700393,9.457367062399864,5.4470797395701895,2.2267075010439346
99,24,RANDOM,21,72,11.91597774133105,0.8738205416491007,0.27073762805931656,1.7807295068557034
99,24,RANDOM,22,73,2.835136862740705,12.955551785100896,13.632415849928652,2.1895225914336454
99,24,RANDOM,22,74,4.161305801916867,13.935599724795996,4.0294149791345415,3.2509627607054465
99,24,RANDOM,22,75,10.950952068498603,4.938381816755876,11.849772590637068,3.4019792710723578
99,24,RANDOM,23,76,13.803052005838412,14.493472102217291,4.539542884629171,2.0120396341003213
99,24,RANDOM,23,77,4.988106766708764,3.0105515059188064,5.6822789901984585,2.87581460694845
99,24,RANDOM,23,78,13.143664528466699,6.0431765849685695,14.461132599619551,1.7989249862076446
99,24,RANDOM,24,79,3.5330389484250073,1.4436479280652648,1.4397222376978491,1.9910072846990392
99,24,RANDOM,24,80,9.929932766870277,4.757561473553655,0.6684877217930268,2.5376208435213643
99,24,RANDOM,24,81,11.347445481242346,3.0016582587584937,14.960546772756908,2.189501531223619
99,24,RANDOM,25,82,4.797682041210324,12.857375606093532,11.556838079033952,3.2658973055012765
99,24,RANDOM,25,83,13.487700788773301,11.017439100648325,12.234888220545711,2.820483381611892
99,24,RANDOM,25,84,7.835131244762073,12.734993257426662,1.9699454704935242,2.389236670120097
100,0,EI,0,0,9.554425309821815,4.046800706458055,0.6146028590429203,2.7211230754625513
100,0,EI,0,1,0.24791453292793642,12.199053588004086,13.691333659165826,1.9029984161106075
100,0,EI,0,2,9.099536636507699,10.942448414759976,8.154374871981343,3.1416117937407844
100,0,EI,0,3,14.026086356816524,12.237803311822983,0.04107750255222142,1.730427052175427
100,0,EI,0,4,12.86106414881354,0.5037836295819653,10.94483169644916,2.3065979853858973
100,0,EI,0,5,2.6348343090383852,12.947683835248299,8.121918303736376,2.569189241093107
100,0,EI,0,6,4.495678358060772,6.340308317964877,0.4247950671819445,2.463791398938464
100,0,EI,0,7,1.8642491474934593,10.059366220404454,9.70784267361375,2.364948863489002
100,0,EI,0,8,9.230776672218807,5.755163313928252,14.958149036838165,1.9371669755366088
100,0,EI,0,9,14.71253008164345,10.28312976721042,9.756889144017244,2.1554302470234137
100,0,EI,1,10,8.052830887797082,12.781114695373269,5.990002876703204,2.7674140831483665
100,0,EI,1,11,8.082961255270163,3.6984434246075497,6.002083903841776,3.187413959740862
100,0,EI,1,12,8.610170954442061,8.298927222107324,0.4294616813976082,2.3703872260930523
100,0,EI,2,13,10.565936280535484,3.7093287254098737,5.756788608861399,3.2235668320631365
100,0,EI,2,14,1.4991199900812475,3.709792579780864,6.659727610003559,2.5759954731063726
100,0,EI,2,15,6.776279289954323,3.703714696970652,12.23004131785312,3.3297267313398473
100,0,EI,3,16,5.066659342258303,3.711766590736902,12.244684685730322,3.5178814366766815
100,0,EI,3,17,12.378177396287917,3.7803768696794036,12.254433646895274,3.531843629367671
100,0,EI,3,18,10.174564238649529,9.970766392198824,8.140695232342084,3.0249192121300155
100,0,EI,4,19,1.863887743425097,4.169112108050523,12.248688447963035,2.914957376801098
100,0,EI,4,20,9.755055798580317,4.064580525392262,12.254465641895202,3.4948831718841835
100,0,EI,4,21,4.4081887095433805,9.851359572257437,12.245835704370775,3.4487699582661264
100,0,EI,5,22,14.978649001598683,12.01260617906629,12.254569740063408,2.353485433960407
100,0,EI,5,23,13.902289817761863,5.292098617862188,12.25477959848353,2.486432597059826
100,0,EI,5,24,5.4096823194058,11.023671658571535,12.244756620676867,3.1356927197790965
100,0,EI,6,25,2.595182474063598,3.7424414219935755,12.51132337848081,3.0359472804274237
100,0,EI,6,26,10.528073415176895,3.7475234167027938,12.333953074681641,3.479419437148694
100,0,EI,6,27,6.403405387789353,9.851623678816336,12.266534476275432,2.8974013389768993
100,0,EI,7,28,12.079132587426821,3.799646462196384,11.9537399372979,3.6592628983653697
100,0,EI,7,29,4.898551761788232,3.809674612095236,12.235162458012317,3.6387214767813605
100,0,EI,7,30,4.504810465958363,9.889282055586616,13.380811379948511,2.973684412020093
100,0,EI,8,31,5.3430890203113135,4.130722774564171,12.17659001989185,3.4813333314110455
100,0,EI,8,32,12.121777566690279,3.86955982167988,11.389603284548208,3.679078191259109
100,0,EI,8,33,3.484679279320415,9.819914909287318,12.009941071523217,3.3581607083773166
100,0,EI,9,34,4.333954707002333,5.482810046035506,11.920948073802137,3.441056595428289
100,0,EI,9,35,11.75246296524576,4.303067324157644,11.325121123717828,3.716995502549439
100,0,EI,9,36,4.30465149612136,11.14707434137371,11.726857098828237,3.6981287533407308
100,0,EI,10,37,4.209664893169453,4.036422225943369,12.375018326421928,3.900846037242805
100,0,EI,10,38,4.184683240157818,11.021967727442725,11.409101546525553,3.69351496165064
100,0,EI,10,39,11.625323536978428,3.931055194900137,11.58770942339798,3.7444125566216178
100,0,EI,11,40,4.078887115155099,4.0558130025261345,12.44369638109662,3.88913228636262
100,0,EI,11,41,11.351561230077326,4.041900568096585,11.103212649800941,3.7039858973838045
100,0,EI,11,42,4.10706765242187,11.443350556838745,11.669850837283471,3.751533954901963
100,0,EI,12,43,4.181143696254223,4.280350228056231,12.278126855965795,3.912064924861496
100,0,EI,12,44,3.923204537285989,12.074411198507457,12.017245510795318,3.681423465460094
100,0,EI,12,45,11.463368572932161,4.263725167563961,11.551373013120456,3.7359522507413967
100,0,EI,13,46,4.234182456304815,4.129923056156738,12.359749087876725,3.902228574131067
100,0,EI,13,47,3.9813080555188485,11.65054235257497,11.572750651715774,3.751183969645302
100,0,EI,13,48,11.654836797774667,3.9425598212707573,11.559628983294278,3.7456454414205336
100,0,EI,14,49,4.020635194440588,4.2581437388737955,11.87843097752464,3.9853381556321406
100,0,EI,14,50,4.0114055304149066,11.454485689896343,11.847853720042941,3.74150545471014
100,0,EI,14,51,11.643334885794257,4.216318580957731,11.409795663455192,3.7411736304803638
100,0,EI,15,52,3.8915981592353144,4.072091565213696,11.057551184793734,3.9461688196189146
100,0,EI,15,53,3.9963399317415065,11.493906563961106,11.538190791980075,3.748520257646078
100,0,EI,15,54,11.713895334576762,4.037924139360533,11.34334473982247,3.7421915981059275
100,0,EI,16,55,4.0138389892153,4.101383639354231,11.356837807249981,3.9978640256892346
100,0,EI,16,56,4.144621761966208,11.600740843470467,11.735856053744055,3.7543382772015477
100,0,EI,16,57,11.69061607585889,3.945672446685851,11.424765362224523,3.7394713921778058
100,0,EI,17,58,4.078436527559542,4.161287503982734,11.53980422393554,4.008706377338598
100,0,EI,17,59,4.062863559433137,11.668133730129409,11.562081283581266,3.756516452249701
100,0,EI,17,60,11.510888563748592,4.1274523679688055,11.279350409068037,3.7350981256208104
100,0,EI,18,61,4.169303544566228,4.132592024944477,11.890570448112706,3.9970353595334247
100,0,EI,18,62,4.0105610033308565,11.835158147512375,11.701793727505347,3.747043251374996
100,0,EI,18,63,11.56914468855992,4.218203039671812,11.598695195507988,3.7481311080667545
100,0,EI,19,64,4.031307500962296,3.9698547929592074,11.509882523872694,4.001363631904729
100,0,EI,19,65,4.251399402527452,11.802824468242724,11.570197664002713,3.7385585576110896
100,0,EI,19,66,11.611748341359686,4.1708987324584825,11.66663534226162,3.7540964157483914
100,0,EI,20,67,4.153681189983135,4.115866969417189,11.200010557976283,3.982399666221953
100,0,EI,20,68,4.0117021552787095,11.540181219465094,11.724544532346883,3.751976955737867
100,0,EI,20,69,11.574731543714623,4.173910878943272,11.812234950079155,3.747986260462934
100,0,EI,21,70,4.06527263528276,4.126526642410459,11.519543822419461,4.009807688086919
100,0,EI,21,71,11.44026654849409,4.11036345705935,11.449225409278903,3.7457674602559994
100,0,EI,21,72,4.089786450295944,11.887456333650293,11.448076568174196,3.7408871744964056
100,0,EI,22,73,4.0779054630350275,4.243205055062077,11.324236815384356,3.9855367543623466
100,0,EI,22,74,4.080698495889823,11.637445350195026,11.616182821969707,3.7578521694149156
100,0,EI,22,75,11.70437982637102,4.054542133884566,11.587447230280366,3.7561637920214346
100,0,EI,23,76,4.072243708088353,4.056416861006459,11.451025012556286,4.006899935430066
100,0,EI,23,77,11.479265460235444,4.127620277562335,11.591142997927419,3.7527131778018683
100,0,EI,23,78,4.070018404405581,11.606710277645018,11.850603583873749,3.7494625054668917
100,0,EI,24,79,4.121276838828357,4.062129732715852,11.459963521656082,4.007126353476137
100,0,EI,24,80,4.045095208587158,11.520350589415992,11.643664369676916,3.7547271475068835
100,0,EI,24,81,11.662256686369558,3.985283195749385,11.71343166149588,3.7512290555357604
100,0,EI,25,82,4.114382977083235,4.011643795461173,11.531385532623517,4.007833676082887
100,0,EI,25,83,4.171762961606821,11.67477613854561,11.682872496256563,3.7536735734477853
100,0,EI,25,84,11.600017961517617,4.235247234567214,11.762521369520256,3.743734097702594
101,1,EI,0,0,7.67732437050385,14.25695544488903,2.162394190794506,1.7775102756007999
101,1,EI,0,1,14.229741707058658,4.677471780157282,6.349896734588635,2.3873855651360736
101,1,EI,0,2,12.415538907306626,6.137987045537419,8.243905315095892,2.897398623730786
101,1,EI,0,3,0.4133866986460255,11.3026966301221,8.072149698289174,2.4918308167423833
101,1,EI,0,4,4.945975747486383,11.826430551426064,4.547922439374675,3.616167873236414
101,1,EI,0,5,6.802468342209773,2.0106254587074712,6.046694796706938,2.1175295842862845
101,1,EI,0,6,3.0518286101422443,3.9347001066277425,11.255470089450789,3.507058399012259
101,1,EI,0,7,4.206131369790599,7.277864616474526,14.71105799701858,2.553399695960673
101,1,EI,0,8,14.424857904956802,10.871849111603005,8.118402833211514,2.3754851506713957
101,1,EI,0,9,4.153368060680562,2.4097801316269027,14.548881198241988,2.1871644079628743
101,1,EI,1,10,3.6293747699082535,11.941760903013362,4.563702851546243,3.7797027754499806
101,1,EI,1,11,12.324431263140614,11.886632317927267,4.532939097002763,3.5628536001345887
101,1,EI,1,12,1.3228331004766825,3.9515401430625117,11.256799093595324,2.917988026271046
101,1,EI,2,13,3.354466657961087,11.594504355777252,4.549222907282772,3.6478282088300213
101,1,EI,2,14,4.120922597800934,4.0393437426525,11.30649538520232,3.9945630891661827
101,1,EI,2,15,12.214287959348194,11.146704283885507,4.537512262428767,3.564507789906532
101,1,EI,3,16,3.7977146623806406,8.087936341260164,4.648970932270536,3.697061268023962
101,1,EI,3,17,3.6516203109728718,1.0962788188235217,4.648711991338953,2.9549650857583316
101,1,EI,3,18,4.110057765011766,14.949100571925014,4.637961678430219,2.8277347937299266
101,1,EI,4,19,5.0385469753620615,3.5754434483945707,11.295531366608898,3.522417333290653
101,1,EI,4,20,3.504697055348865,9.525276969282254,4.614342005138134,3.5209869389783996
101,1,EI,4,21,12.239306237962841,10.62735473677563,4.516189737444559,3.490796093838817
101,1,EI,5,22,4.140904148068963,4.230436754042285,11.48711966269464,3.9974869662290393
101,1,EI,5,23,4.175022095910385,11.60124979985533,4.402753336219592,3.9596850033128623
101,1,EI,5,24,11.897671116854495,11.712535562083287,4.653932649497107,3.5987909627355337
101,1,EI,6,25,4.195446421160034,4.767377065616004,11.133556125805937,3.7711001095884775
101,1,EI,6,26,4.214917481287822,10.75476645217494,4.098695909608444,3.9132453659022235
101,1,EI,6,27,11.80942090573015,11.682822296351217,4.429060592130072,3.6948950689721123
101,1,EI,7,28,4.074454026932503,2.99774539394351,11.672912046789584,3.503098532462066
101,1,EI,7,29,4.162291413489817,11.540324140013997,4.4777298021907646,3.9348337208444724
101,1,EI,7,30,11.586508982922215,11.576689227109407,3.779929560615756,3.7065860900169394
101,1,EI,8,31,4.030670865202674,11.830170087601424,3.7475761209229668,3.9434517769450457
101,1,EI,8,32,4.167548422576543,4.244316639751279,11.425957244974827,3.990069979707004
101,1,EI,8,33,11.983577149108223,11.829031494391902,3.810725151191616,3.6885450609494326
101,1,EI,9,34,4.077021536308149,4.181784042201474,11.570576460184032,4.007741403388537
101,1,EI,9,35,4.251806544124854,11.693964717951406,3.9451843996661,3.9878910327344084
101,1,EI,9,36,11.362348943616864,11.432729541872227,4.066336217924958,3.7391958657435675
101,1,EI,10,37,4.240763692842353,11.323377007632702,4.068728274823534,3.9856995088695744
101,1,EI,10,38,3.8763932747453973,4.272572512788638,11.80760619124346,3.9666460959227248
101,1,EI,10,39,11.24310363480419,11.681135383805087,4.2285576083758905,3.7241705573535584
101,1,EI,11,40,3.998718380874257,4.105393127735731,11.610563015809406,4.008632565201397
101,1,EI,11,41,4.107592014064057,11.284552620300403,4.06635871834125,3.9937993424795977
101,1,EI,11,42,11.68179083355218,11.208788015561218,4.223437596765905,3.7210472688391762
101,1,EI,12,43,4.22160591391226,11.439653482567834,3.9470917177722304,3.9870517792159204
101,1,EI,12,44,4.1242310236555415,3.8959756996079022,11.392094315906217,3.9833241401937745
101,1,EI,12,45,11.522218435715876,11.613015288923473,4.070135711384314,3.7555109108450533
101,1,EI,13,46,4.101853797934288,4.060332308803319,11.65280128107588,4.012593747204452
101,1,EI,13,47,4.167383680651451,11.821467895603398,4.102116009941391,4.003678278814846
101,1,EI,13,48,11.462806089966312,11.491409648695832,3.9984368490688316,3.745308858502886
101,1,EI,14,49,4.035949027582516,11.639193200866224,4.14007636491131,4.010280588052232
101,1,EI,14,50,4.171022739798239,3.9971364336997888,11.687554727951271,4.00471162461565
101,1,EI,14,51,11.635187477292396,11.520871120086394,4.145575075025016,3.753981199213543
101,1,EI,15,52,4.073065793797028,11.847370351912115,4.055842863568962,4.004564693779717
101,1,EI,15,53,4.089441255501082,3.8967965828147095,11.700333535114739,3.992984184156507
101,1,EI,15,54,11.593632512754127,11.451677531582611,3.959853088771759,3.743356444781491
101,1,EI,16,55,4.157063429594798,11.660336576440372,4.0007577885278405,4.006507777270064
101,1,EI,16,56,4.089449088746473,4.338312149437448,11.56722348501982,3.980624470636057
101,1,EI,16,57,11.787035699586571,11.41535737682115,3.9672300616532077,3.7383866768707876
101,1,EI,17,58,4.127417298536666,11.586902039090953,3.9998107517449952,4.007771949939503
101,1,EI,17,59,4.059592665239949,4.201856979060729,11.598643205526662,4.005716890006716
101,1,EI,17,60,11.525850603657604,11.863508571501917,4.151946147825426,3.744555448680513
101,1,EI,18,61,4.032502131735688,11.812880791843918,4.240535107977028,3.9939904447411467
101,1,EI,18,62,4.131762362040822,4.236812037575701,11.9587000539791,3.981794792822877
101,1,EI,18,63,3.8067696179650627,5.859670348654746,3.7651820867755124,3.562953147258779
101,1,EI,19,64,4.110137571540436,11.527936838824225,4.011058109249059,4.007774064938714
101,1,EI,19,65,4.0727984262864165,4.117571544314524,11.350645742766913,3.999770482868316
101,1,EI,19,66,11.688826370832608,11.70226154277514,4.083110291539498,3.7567416647403826
101,1,EI,20,67,4.080044990660248,4.100086921926399,11.509720414825948,4.01036308677313
101,1,EI,20,68,4.019594163563854,11.32640515346134,4.130172156308635,3.9948163929152045
101,1,EI,20,69,11.673639709290402,11.680132281574647,4.264526130571786,3.741372301275487
101,1,EI,21,70,4.088793239434494,4.021325838919371,11.72927436509652,4.009303692534504
101,1,EI,21,71,4.089788075646956,11.101361577925537,4.020769298585984,3.9703652675600347
101,1,EI,21,72,11.556746670738292,11.620683848062239,3.948061734231368,3.74641599496648
101,1,EI,22,73,4.097141388170227,4.143328633937628,11.342618192903874,3.9980111802982705
101,1,EI,22,74,4.164480281712235,11.593091183382413,3.876807499129144,3.9860074015660247
101,1,EI,22,75,11.64172829186415,11.420823522992652,4.2013803427370835,3.7437838351360373
101,1,EI,23,76,4.147123054045752,4.088918136004633,11.664507862634716,4.011173057533913
101,1,EI,23,77,4.00802152112136,11.844306119064377,4.043663252251032,4.001031044144608
101,1,EI,23,78,11.563071133199115,11.388331907768993,3.9762158853383296,3.7406258274675284
101,1,EI,24,79,4.123759198743504,11.654421720156286,4.134946705644817,4.011251812279805
101,1,EI,24,80,3.9852991703367997,4.109372118434192,11.735709098628726,4.005597697280112
101,1,EI,24,81,11.520939855645482,11.820671220481193,4.0348215343367375,3.7482320736810824
101,1,EI,25,82,4.040151747836299,4.194360998612837,11.608839759000574,4.005898214457965
101,1,EI,25,83,3.98013340287245,11.408495195019569,3.9644859979310185,3.9905400234787884
101,1,EI,25,84,11.517717797895664,11.853254954355757,4.2276680312956865,3.737121327583732
102,2,EI,0,0,3.924182013739746,4.477367151211849,12.213386108914206,3.862697100551329
102,2,EI,0,1,1.3787391320264537,9.00150788948481,10.92840790217692,2.466308755694291
102,2,EI,0,2,2.8185161004990515,0.8271994099960228,4.124540518590571,2.5521033239275877
102,2,EI,0,3,9.861495223133888,8.43398494170642,2.250933949580042,2.5101474025397272
102,2,EI,0,4,6.489461862071807,10.039459478617804,6.341770099051917,2.644083061618751
102,2,EI,0,5,9.497765989111747,14.51153928740515,10.24597233464438,2.2017835020191097
102,2,EI,0,6,5.874372496200392,2.808788545801471,5.189409983575997,2.6099840782227117
102,2,EI,0,7,7.665989603543656,13.368141142508687,11.633459137090341,2.8453606127902904
102,2,EI,0,8,4.772199009230615,13.863253447602363,7.063648281236363,2.594528343907755
102,2,EI,0,9,10.40638263303345,1.6081096268038209,1.5681533764941225,1.766301027091491
102,2,EI,1,10,0.33719097189775005,4.342412411769941,3.938573295293477,3.093829646412508
102,2,EI,1,11,11.374159383195451,4.342570753066084,8.94729509175352,3.553079135681532
102,2,EI,1,12,13.117969470535296,4.342921031853934,1.8487565031858577,2.5623642154839383
102,2,EI,2,13,3.9448359996266404,1.144117934666951,12.197517355745644,2.874672970515064
102,2,EI,2,14,3.933855281360837,9.889884203558449,12.234124309219077,3.4912220130421945
102,2,EI,2,15,11.37027312469373,10.309367387035548,8.928225303982902,3.178009525834649
102,2,EI,3,16,3.9239596794306744,5.168544242652235,5.175753065381873,3.4499812392887828
102,2,EI,3,17,3.922491108851682,5.13812311358742,14.651001782387297,2.6268666104123053
102,2,EI,3,18,3.9235216398405504,10.374396334981814,1.1005561574133949,2.7828982436194813
102,2,EI,4,19,3.921606354833213,7.916805485199886,12.369566032485508,3.5088152491894444
102,2,EI,4,20,11.380366136294837,2.3729202052382368,8.724418185451045,2.7212845194226762
102,2,EI,4,21,3.9276292673751314,2.309653780047072,5.091238435479366,2.985762180699203
102,2,EI,5,22,3.9215531179930836,12.689384700300439,12.223727685975302,3.4700192543998964
102,2,EI,5,23,3.9233857899707054,12.72710612402596,5.248587755755112,3.3389542674729293
102,2,EI,5,24,11.378224175421478,11.072957469870708,8.846301912205108,3.293500596314818
102,2,EI,6,25,3.92402308860777,12.927669983328759,12.406523041499678,3.3251633443123154
102,2,EI,6,26,11.375776062912884,4.445272002741862,9.174259584013674,3.508773135722895
102,2,EI,6,27,11.376485587857914,14.533928270104076,9.297104493289602,2.353183357071985
102,2,EI,7,28,0.027911873579056223,4.316667021514286,12.154503968530351,2.7679900568510476
102,2,EI,7,29,7.539438175885758,4.343291011210695,12.220182232881394,3.498372916400683
102,2,EI,7,30,13.891129946284636,4.289314467962369,11.892619547552217,2.985787637109326
102,2,EI,8,31,3.9326110429839796,2.3673964985327074,12.276976485573721,3.0410480179533677
102,2,EI,8,32,11.381840137010087,8.705251342093982,9.058530294104166,3.1783753511167427
102,2,EI,8,33,3.927166344983455,3.419165408525078,5.204565175854981,3.6140753749887544
102,2,EI,9,34,3.935357997575069,5.225586941860005,12.17040449098808,3.5209667056070053
102,2,EI,9,35,3.8680789932748234,3.752141788498445,5.221094198137916,3.7584167488730342
102,2,EI,9,36,3.94420807236294,12.32702674599993,11.584918725375172,3.6564320265764483
102,2,EI,10,37,4.080399264808196,4.2072266015972195,12.025407552028419,3.9779238159433943
102,2,EI,10,38,3.4754971466207074,3.9831179810765143,5.102764548533088,3.703591854776855
102,2,EI,10,39,3.9612246009325474,11.784038455723831,11.820190857605589,3.739623743751045
102,2,EI,11,40,4.483265538480183,4.284570447765374,11.44279837566685,3.911435771543374
102,2,EI,11,41,4.093893005776466,4.231297778492094,5.648448855199955,3.6849362626101754
102,2,EI,11,42,3.8484335005919688,11.628871590978507,11.90828073857908,3.714096922522431
102,2,EI,12,43,4.144066051371301,4.162592738774716,11.799293113281962,4.003904775802088
102,2,EI,12,44,4.1269743318502075,4.185971153276188,4.749059008051075,4.071666251178332
102,2,EI,12,45,4.379034093394235,11.554786428178181,11.861929402727265,3.705344768122318
102,2,EI,13,46,4.277716194196575,4.126359283984412,3.772985886160467,4.196491464567114
102,2,EI,13,47,3.8321054339762073,4.052989282038022,11.501743589938206,3.9746736401095557
102,2,EI,13,48,4.112150291114452,11.729491294171092,11.41978398904379,3.7486127228795985
102,2,EI,14,49,4.455568800917701,4.192358572983034,3.829982820382441,4.161092484246698
102,2,EI,14,50,4.372057732183634,3.9037500238298293,11.90778122714075,3.9413344671117025
102,2,EI,14,51,4.1433716055804,11.790190692217186,11.553509943886509,3.751028775679784
102,2,EI,15,52,4.126429120755292,4.179630888229809,3.5429012348391313,4.110456995801043
102,2,EI,15,53,4.172576042769303,4.139061435158006,11.926326219309882,3.992833276851526
102,2,EI,15,54,4.064372688755372,11.699344521254762,11.617928303438404,3.7569264698419538
102,2,EI,16,55,4.193412697570809,3.9187179946022095,3.9187063394821084,4.232025797432445
102,2,EI,16,56,4.044637746505341,4.032233646581265,11.71758909538198,4.009376394524827
102,2,EI,16,57,11.331644231135673,4.6296144164288675,7.842048390505331,3.4719284918008335
102,2,EI,17,58,4.191927368849231,3.706118749571108,3.727321961929629,4.117177261378769
102,2,EI,17,59,4.0334126522001625,4.0205266125899985,11.844777453362868,4.001437968997068
102,2,EI,17,60,4.11998318027482,11.750609391572432,11.473250419550666,3.7507886529846486
102,2,EI,18,61,3.8907645987982615,3.9827280201978126,4.058304618912291,4.241270444033412
102,2,EI,18,62,3.9303044697150105,4.00662177963066,11.661156532630402,3.996297401101219
102,2,EI,18,63,4.041986144324606,11.76748196589597,11.602671749866131,3.753641922781778
102,2,EI,19,64,4.051397288298856,4.0007470849215085,3.820598634568632,4.2255833847900375
102,2,EI,19,65,3.904160151911239,4.049022538289079,11.789804052537807,3.9902220392847854
102,2,EI,19,66,4.0953912034264235,11.392635465215847,11.498914609777922,3.7453420865216502
102,2,EI,20,67,4.097154962702558,4.119923008790441,3.9158089196542605,4.251962109509855
102,2,EI,20,68,3.82601311365974,4.095824636630283,11.5711386074908,3.9758935023635757
102,2,EI,20,69,4.044366722655955,11.66787783330196,11.406753228853177,3.748351347491817
102,2,EI,21,70,4.136771479473194,4.056232086246369,4.165039136211621,4.263433005375109
102,2,EI,21,71,3.971579347024488,4.265399819025922,11.917651646978742,3.975479786279937
102,2,EI,21,72,4.04380641300513,11.661626277043235,11.496443905026002,3.7535806190748326
102,2,EI,22,73,4.067807442265782,4.020678992527219,3.99244752619558,4.260870090432341
102,2,EI,22,74,4.114189288573289,4.30038784441751,11.777941329375464,3.986249210356638
102,2,EI,22,75,3.9253132377466233,11.772974655769474,11.479239739272769,3.7365548511711126
102,2,EI,23,76,4.088415669905483,4.017046635424697,4.053963988183076,4.265052023738072
102,2,EI,23,77,3.9113589379705282,3.9963888935629273,11.53164438419224,3.9902391193276
102,2,EI,23,78,3.9628179159147536,11.724197423854694,11.504560712622876,3.745417215825439
102,2,EI,24,79,4.098912648407721,4.205876309899674,4.064906567943024,4.260754458483691
102,2,EI,24,80,4.13417238026825,4.133635745634436,11.653488163608674,4.010872751084843
102,2,EI,24,81,4.122659160029037,11.700276592140035,11.341519338190588,3.743056965565957
102,2,EI,25,82,4.202894829916705,3.9836677115238777,3.9418787230084797,4.244316709342272
102,2,EI,25,83,3.9744493837946964,4.156589631005093,11.612338652461402,4.003717556132932
102,2,EI,25,84,4.069679148632224,11.624396030988272,11.796286766557078,3.7532601698199537
103,3,EI,0,0,1.2847375071543654,3.5521575989414957,12.019116978095953,2.773867226816537
103,3,EI,0,1,8.732430540965517,1.4119296336059879,6.496904103547107,2.220139599236889
103,3,EI,0,2,7.1857694721125105,2.3960837195561786,11.018657271138219,2.6244357623575914
103,3,EI,0,3,1.7050802988210512,5.868422857434931,7.751102739320455,2.21779287924058
103,3,EI,0,4,6.459420306212667,8.80197857157211,11.067566809382402,2.971168020912234
103,3,EI,0,5,14.344008822541477,4.2630174562318714,9.728208106197375,2.648525663052725
103,3,EI,0,6,10.443239950052332,4.390811235187307,0.022351252632542562,2.6612213886516622
103,3,EI,0,7,14.60190412149619,4.476018345253135,4.709790030515052,2.79407047872778
103,3,EI,0,8,13.375666056677357,8.77744409836362,7.069644977727471,2.609643234029753
103,3,EI,0,9,11.599155144732245,0.45519011493706796,10.604476434834352,2.527076269530193
103,3,EI,1,10,10.631562300712297,14.833041605241128,11.915183274096206,2.3534723146046304
103,3,EI,1,11,3.4887314416027246,14.648558905536612,12.192753798231152,2.53234332350668
103,3,EI,1,12,14.978780933685975,11.50526549234277,12.066258340244834,2.414304541521348
103,3,EI,2,13,5.674395584230395,8.80950089791624,9.043016934962639,2.8597749333204954
103,3,EI,2,14,5.69590522387614,8.794069582363552,0.5530861161781225,2.1729654779154632
103,3,EI,2,15,5.445736613695668,8.839521787928403,14.872848089814443,2.056738727699094
103,3,EI,3,16,4.26859867474662,8.936242586228243,10.463053377144973,3.4463570800973296
103,3,EI,3,17,11.27719949416322,8.725452289273518,10.127550368074406,3.1644934406417002
103,3,EI,3,18,14.681491226370083,4.846654748853194,4.1563479691945835,2.778316749169795
103,3,EI,4,19,14.063406904871297,8.935797649785455,10.182639746151569,2.368559006439012
103,3,EI,4,20,4.399721492852631,8.93838072091451,10.39580522733418,3.405787304379894
103,3,EI,4,21,8.792912056254337,8.939300585064919,5.603757244210794,2.884282496805503
103,3,EI,5,22,3.822622447662593,8.933435729830165,9.536795811757584,3.369555435768514
103,3,EI,5,23,11.865331537615077,8.727335299109471,10.033800503052321,3.167452987637615
103,3,EI,5,24,7.356768113492866,8.921155217011489,14.504495075431679,2.2084442328213902
103,3,EI,6,25,3.210672843025492,8.91309991187243,10.432396077129098,3.1002540796519895
103,3,EI,6,26,11.432256206363261,8.683689244747665,10.116693420367065,3.179008852607592
103,3,EI,6,27,8.428726850896266,8.976125805760775,4.875694325256081,3.2086900329124255
103,3,EI,7,28,4.051476419100856,8.827990178987942,10.616052490247373,3.4914128836203684
103,3,EI,7,29,8.190039585070625,8.967394793331234,4.029013000433514,3.4664340520861927
103,3,EI,7,30,11.549504435339362,8.890111451448156,10.082985146280773,3.1685638596530246
103,3,EI,8,31,7.9689919599121515,9.262451802875214,3.3884596885521567,3.2042058725449705
103,3,EI,8,32,4.048897259412549,7.269264906765004,10.86078028118,3.4828984380641215
103,3,EI,8,33,11.60901946730847,7.580966450064573,10.019157709659218,3.164430599476524
103,3,EI,9,34,4.049345250138893,8.325733477238929,10.856115261844025,3.552476926813045
103,3,EI,9,35,8.19088453050042,8.981997156384201,4.017400311888623,3.464661094085869
103,3,EI,9,36,11.546878284349905,7.898722439405883,10.621512832523102,3.2561207971734487
103,3,EI,10,37,4.252715707285075,8.187012433694344,11.389169725352511,3.6071749687724473
103,3,EI,10,38,8.376443889540804,8.478995870045223,4.0191907842088,3.491571391290613
103,3,EI,10,39,11.70039432380238,8.031401746629111,10.608862361457096,3.2596948414164513
103,3,EI,11,40,4.30830822372421,8.193683198699539,11.34262297417269,3.5926578336287536
103,3,EI,11,41,8.439086978796103,7.743742266500304,4.052158174644832,3.481825194074904
103,3,EI,11,42,11.704646308844923,8.181033600121488,10.769301304438706,3.2856769896420275
103,3,EI,12,43,4.108118192172939,8.157524796360741,11.550996200632879,3.6294139140390893
103,3,EI,12,44,8.319448817111471,8.291629830569057,3.9777587411194846,3.494729165691571
103,3,EI,12,45,11.782005404619746,8.516916752693287,11.547828065581248,3.362316703621722
103,3,EI,13,46,4.057045927044588,8.475242171183194,11.60207845589004,3.623634970851044
103,3,EI,13,47,8.608462742971486,8.39641201082401,3.8614576871429946,3.4599399426038584
103,3,EI,13,48,11.831960102933513,8.363850560064156,11.847984002575386,3.358272009997338
103,3,EI,14,49,3.9708776109285333,8.397595744276918,11.35270829789393,3.607290625333625
103,3,EI,14,50,8.196917982231657,7.8941105259016044,4.099741507101464,3.4969700674526893
103,3,EI,14,51,11.72225903710248,8.30644816347265,11.741411754824245,3.3712077392156874
103,3,EI,15,52,4.100068780551273,8.0059131339848,11.562211184476684,3.6274730049848873
103,3,EI,15,53,8.278533892334082,8.161645105555008,3.967742697366533,3.4952962601664863
103,3,EI,15,54,11.426654455937506,8.383074813266715,11.714786981412418,3.3643182249346566
103,3,EI,16,55,4.1273017157798355,8.589489964494001,11.512669315728981,3.615618573223359
103,3,EI,16,56,8.292144802246309,7.78541597484668,3.996547013119657,3.4851753354225194
103,3,EI,16,57,11.473530125335156,8.016975800166986,11.948517320242551,3.35158458675222
103,3,EI,17,58,4.150761724322459,8.086906668310924,11.578000466892238,3.6275887967897997
103,3,EI,17,59,8.127362167684442,8.100080254393477,4.132100347634583,3.5021440036612317
103,3,EI,17,60,11.55938664267604,8.326602643439744,11.888170085973973,3.3615709185847438
103,3,EI,18,61,4.0462083151969495,8.262460257307856,11.50885170316055,3.6266731923296467
103,3,EI,18,62,8.173982683931339,8.302601327597003,4.06620746965941,3.5023262336053635
103,3,EI,18,63,11.685531965793578,8.027479028950317,11.572566383370777,3.3727768634057647
103,3,EI,19,64,4.054065077555987,8.111051690371129,11.763749518691965,3.627120466222702
103,3,EI,19,65,8.056615110097033,8.08712613327564,4.015836505658106,3.4992564451936925
103,3,EI,19,66,11.667753128204046,8.355523065693115,11.654997231567064,3.37302116988373
103,3,EI,20,67,4.08578998557212,8.21680101218962,11.478006676593015,3.6266321166088797
103,3,EI,20,68,8.159931407879291,8.004818750807942,4.0980164650159425,3.5013174276247527
103,3,EI,20,69,11.785701633479102,8.253545894976673,11.552437815942705,3.3701262468036193
103,3,EI,21,70,4.019502318932568,7.819197129026384,11.73226432499268,3.615891915643954
103,3,EI,21,71,8.111822902376181,8.146334810136441,4.095911443223207,3.503390317126816
103,3,EI,21,72,3.994500934669838,10.390360562529274,8.07067635891592,3.4815230572217644
103,3,EI,22,73,3.9612237582787073,7.954702906285275,11.460089484012272,3.6131638771600487
103,3,EI,22,74,8.152287236355578,8.280949244324912,4.110833742534504,3.502638637833769
103,3,EI,22,75,4.080299766228938,10.55338360443174,7.607082687786236,3.4807889486559143
103,3,EI,23,76,4.152878211795614,8.333775840765396,11.673279720008123,3.626534374493245
103,3,EI,23,77,8.212701188062784,8.403565447973376,4.116410962885783,3.499397768174717
103,3,EI,23,78,4.010487503506247,10.720206398897686,7.727693615151854,3.5134852595871138
103,3,EI,24,79,3.590540037723311,13.456911079214132,7.247919068462223,2.8784147569205283
103,3,EI,24,80,4.069833547889264,7.8107108986138964,11.73978686873438,3.6174007716329455
103,3,EI,24,81,8.31443511791004,7.879165888035462,4.028246070184238,3.492952158865646
103,3,EI,25,82,4.054334963900485,7.966160321439038,11.608239902678642,3.6264642096916653
103,3,EI,25,83,3.6181891352025675,10.798750689471245,7.9477201083610085,3.4268674376483754
103,3,EI,25,84,8.29524514762718,8.201965956641846,4.106987265647305,3.502466019728203
104,4,EI,0,0,14.145841583585515,7.669913292215424,14.643655585615562,1.5325889358041664
104,4,EI,0,1,1.2125403584340328,9.110337479925445,5.647298765659088,2.202218450261405
104,4,EI,0,2,12.028518104787109,2.617917242160427,13.074529112814846,2.6018403449745593
104,4,EI,0,3,8.159121011452473,13.533226195739825,7.157302857588094,2.574686016188033
104,4,EI,0,4,6.4574441659411965,11.834200763164942,14.762294998966821,2.149858153272225
104,4,EI,0,5,5.5458868897864315,14.533993039743523,13.935395816481291,1.4977455727903766
104,4,EI,0,6,2.6653887864297165,9.132774252668213,10.572971183471138,2.737279575329577
104,4,EI,0,7,14.142055186937508,9.984861254486301,2.0009363317753968,1.7413125982127977
104,4,EI,0,8,7.468013981780617,7.404297509341723,7.503392840231188,2.985138117558773
104,4,EI,0,9,14.378734291638708,5.249060997333822,3.3565672016732395,2.4006240851002634
104,4,EI,1,10,7.469521120877319,7.444907579623754,5.104450896321497,3.043098615720253
104,4,EI,1,11,7.4706330690438305,7.180671186092828,13.917183008434119,2.36852855902529
104,4,EI,1,12,7.461459218394663,11.89784900641335,9.868429850827713,3.130602560120412
104,4,EI,2,13,7.460307084852005,3.902780126403618,2.0681809294940408,2.839395486877586
104,4,EI,2,14,7.460315746436566,12.844728823460951,1.3184625791997362,2.2513289669382903
104,4,EI,2,15,7.4568685905470975,7.4408623663066455,7.19348343552548,2.9443900938787637
104,4,EI,3,16,7.492444601036496,7.475446331636498,12.197242893928085,3.1053522063026238
104,4,EI,3,17,7.51223676296507,7.448774038747393,1.2989146635443198,2.3542705810107956
104,4,EI,3,18,7.47378779930357,12.005224556209308,4.973839858632091,3.2581792781814674
104,4,EI,4,19,7.475904762150638,14.799775304377466,4.116005258476131,2.5688744297862165
104,4,EI,4,20,7.505314982014877,9.847732595834067,3.8893007586427686,3.381694467150141
104,4,EI,4,21,7.473080981292862,6.43641747904802,11.211889237441818,2.967417177862586
104,4,EI,5,22,7.517046078303867,9.883635969785532,3.8115415407645847,3.3648287112678545
104,4,EI,5,23,7.505120897793573,9.955009576479533,14.676686134734174,2.1604388434016273
104,4,EI,5,24,7.452950899690164,3.8462640581513274,10.659958888265502,3.447804341410214
104,4,EI,6,25,7.490455758005318,2.351640589934272,10.526775848709278,2.5753823838606538
104,4,EI,6,26,7.627217835566794,10.335161222405766,4.327735841832748,3.4247794822588826
104,4,EI,6,27,2.8542783826951594,2.900413467454271,10.409802037257293,2.686169053694246
104,4,EI,7,28,7.972622847492914,4.367233575097918,10.761295318287985,3.497809415009864
104,4,EI,7,29,7.432694474853449,10.33283697867527,4.310523877331524,3.406134425054229
104,4,EI,7,30,3.349139273599814,4.273080264028834,10.762463528335449,3.637775788125012
104,4,EI,8,31,3.9089756485617464,4.653437708819236,10.946145991065649,3.788095409669724
104,4,EI,8,32,10.789699376583249,10.414328102990362,4.464466453424104,3.4618961783466853
104,4,EI,8,33,8.539728123609509,4.2946473519513955,10.943773714305847,3.5369889080427974
104,4,EI,9,34,3.4504615781561263,4.597799448714241,11.667788582649107,3.6871953290881025
104,4,EI,9,35,7.96467945555949,3.9720048400111505,11.774331398574514,3.616677405504524
104,4,EI,9,36,9.519121282552645,10.472134096461904,4.3705531366122985,3.3945290322764454
104,4,EI,10,37,4.549437396346107,4.485347625754022,11.256858945734338,3.8137857604240484
104,4,EI,10,38,12.58906129405137,9.958704621774421,5.254560172615641,2.9634545083118766
104,4,EI,10,39,9.073747406097823,3.9545558776323637,11.562574982706982,3.577992000350296
104,4,EI,11,40,1.2371652286361234,4.784560179073222,11.16813215444128,2.7070559616448264
104,4,EI,11,41,5.905784843143985,4.158497790011956,11.254396270220953,3.375984178427119
104,4,EI,11,42,8.461570605042976,9.30455383704422,4.48563940170448,3.365504429230303
104,4,EI,12,43,4.183398721456747,4.40771012315558,11.5584444832792,3.956584481321082
104,4,EI,12,44,8.93025913885544,3.611639429978693,12.152249583171123,3.4301555502651633
104,4,EI,12,45,7.179331351048662,8.36999034752623,10.121238940709453,2.987043805157417
104,4,EI,13,46,4.3663815488161655,3.9885264388876447,12.15283481714439,3.919214364992578
104,4,EI,13,47,8.99207631479087,4.046219120539174,11.665485858331635,3.5926557529895558
104,4,EI,13,48,10.805520238331267,10.536464528921197,4.49288893438272,3.470859874027383
104,4,EI,14,49,4.210647060507425,4.261263465174174,11.544713485202035,3.988448102086747
104,4,EI,14,50,8.872429249720925,4.180856924798473,11.460532007746103,3.5921445907915137
104,4,EI,14,51,10.662319637136628,10.704176014685135,4.584237195670554,3.4377988877406196
104,4,EI,15,52,3.9628356744032436,4.142209982749996,11.618678852960473,4.003208959096083
104,4,EI,15,53,8.544032764437237,4.169418891085744,11.988407867077033,3.5951653098042526
104,4,EI,15,54,7.734355708355592,10.913930340293458,6.0555612630214535,2.9277075029687136
104,4,EI,16,55,4.21944305632237,3.956774246791062,11.57903189943061,3.9944513664518553
104,4,EI,16,56,10.87294040999075,10.78185191778316,3.75602072022299,3.5389933305264556
104,4,EI,16,57,8.989632634986794,4.108548981938288,11.40608812073193,3.5851715834656357
104,4,EI,17,58,4.309525828885084,4.050814294603773,11.7705880212649,3.984273305990565
104,4,EI,17,59,9.186980678957338,4.147384142082308,11.691249205051655,3.5791145483669213
104,4,EI,17,60,10.888443963870042,10.733042420821054,3.789865278820753,3.5450186697444988
104,4,EI,18,61,4.011024972407363,4.264466238984202,11.547098319218362,3.992634171073526
104,4,EI,18,62,8.752480425340025,4.117525111616346,11.431956555777296,3.6022915916036373
104,4,EI,18,63,10.933156280297972,10.705860431208638,3.77197198940415,3.541817850905086
104,4,EI,19,64,4.040299294100383,3.8954590700142964,11.598116771454867,3.991948140125371
104,4,EI,19,65,8.604614562446464,4.242740916556145,11.619498318999144,3.605755472643666
104,4,EI,19,66,11.102716044101136,10.685680165745113,3.8610336700661496,3.5882953614333495
104,4,EI,20,67,4.148513629215445,4.162378292415489,11.78113047140341,4.004650471879782
104,4,EI,20,68,11.99024495129113,11.682269722638983,3.891637727173054,3.7142011432645807
104,4,EI,20,69,8.818132698695786,4.35141818393976,11.62775472035363,3.5702760584623707
104,4,EI,21,70,4.119640517513376,3.9421091110392457,11.652570494345943,4.001247228229508
104,4,EI,21,71,11.895346671260993,11.418642005935553,3.8725850327395195,3.7135914029862973
104,4,EI,21,72,8.746198282948418,4.193940061790097,11.573805223699766,3.60337140232817
104,4,EI,22,73,4.304193462505771,3.951119905394716,11.694099529144461,3.978775043479946
104,4,EI,22,74,11.770992466588982,11.638223184231853,4.019751457793666,3.7523275000650864
104,4,EI,22,75,8.957488270460864,4.194186586219811,11.55796858241795,3.589092518405675
104,4,EI,23,76,4.150449667605587,3.846540271970744,11.402499398841503,3.971340369214914
104,4,EI,23,77,11.58656306128047,11.86161088346606,4.138588742928206,3.747127840968678
104,4,EI,23,78,8.83799710266331,4.0138978288061775,11.772567579070563,3.597832979843181
104,4,EI,24,79,4.000237128434694,4.110153987607418,11.60206627061331,4.008588100116191
104,4,EI,24,80,11.765131033449316,11.879105584086924,4.197846862098296,3.7382324102313165
104,4,EI,24,81,8.896241038664575,4.048828853610866,11.479227548784587,3.5952428342116534
104,4,EI,25,82,4.185119054308765,4.134302198641703,11.777599566453427,4.003600100215165
104,4,EI,25,83,11.652953219465308,11.660704031903155,3.8032915624475376,3.714771435937622
104,4,EI,25,84,8.806005720423745,3.953093109660158,11.488082845617352,3.5927678076042304
105,5,EI,0,0,12.075043856180702,12.119111846047407,7.72988341563213,3.2795456276400468
105,5,EI,0,1,4.287020701322124,0.8089605357248464,5.750533211782773,2.570462582733815
105,5,EI,0,2,6.12709808129998,0.6791279085366775,0.7313656609075209,1.4652253207597041
105,5,EI,0,3,14.987641725976072,9.785536673819816,3.517653025047359,2.348350454306818
105,5,EI,0,4,6.52421328337713,14.61279289888883,13.465164121628233,1.6475906409282417
105,5,EI,0,5,12.663465564131114,5.886069965021672,7.395345280976139,2.767777332312872
105,5,EI,0,6,10.150340277465991,0.9120406943708409,8.333941753810851,2.3808545813560853
105,5,EI,0,7,4.071774067951523,13.194767600023832,0.9632165596828651,2.5105387656365514
105,5,EI,0,8,10.187722995320474,13.05132753491255,3.409777877413622,3.001190920388761
105,5,EI,0,9,13.43172359121189,13.082932020365025,0.27775826505316126,1.7082781188553398
105,5,EI,1,10,0.07870202120335235,14.907320636474285,5.654234055355624,1.2380063732156685
105,5,EI,1,11,6.027038934894133,14.954061781947381,6.070474447447797,1.7278989297413991
105,5,EI,1,12,11.890946123943971,14.805820514122503,6.60986223633967,2.1588294972338797
105,5,EI,2,13,11.724671091164646,11.609161305337235,7.7961253023426105,3.361803922336983
105,5,EI,2,14,8.002519222960776,14.09055087378753,3.399798037318718,2.576149672336011
105,5,EI,2,15,4.9839700361548305,10.184429067875321,7.781709972359633,3.1412117768100547
105,5,EI,3,16,11.843634039352244,11.182061099700157,7.860476207594866,3.329387990099611
105,5,EI,3,17,5.553833930017696,11.126916022801847,8.067772443044987,3.0444377173316806
105,5,EI,3,18,9.054076230104576,12.248309721497163,3.167283543158222,3.128777945299424
105,5,EI,4,19,14.950512877850734,11.263860889211681,7.602031784956299,2.2791137924983316
105,5,EI,4,20,8.286533078326473,11.143327527627923,7.6521734031716235,3.1887422668848635
105,5,EI,4,21,2.0462390152945975,11.279498277176307,7.6315808315942135,2.5968421892648257
105,5,EI,5,22,11.064078604610504,12.05913510627956,8.082711266950858,3.2966128355536464
105,5,EI,5,23,9.562508815139303,11.290751203753437,3.008231654772002,3.0462372683309544
105,5,EI,5,24,4.9600273972061455,8.707300446086974,7.829501012547971,3.1776089942969414
105,5,EI,6,25,10.740296453849668,14.703407829688103,7.811356347589087,2.2727504404677887
105,5,EI,6,26,9.552950861361643,8.370080209783936,7.815035769082403,3.043660080565272
105,5,EI,6,27,10.06705492809733,11.588176529933634,3.218370644365142,3.2258341250405342
105,5,EI,7,28,11.699254116316181,11.65171970929658,6.938610229364498,3.2469004081114194
105,5,EI,7,29,11.728646074931579,11.600546487433567,12.395686909211886,3.391973871888423
105,5,EI,7,30,11.775487775897059,11.515339399956359,0.7880887440364193,2.6661786278608424
105,5,EI,8,31,11.250041248633988,11.604389548622734,14.643517913333437,2.4961259045105604
105,5,EI,8,32,10.78878462905278,11.17832203901305,7.658820091700868,3.235468156295669
105,5,EI,8,33,10.727261676315246,11.174963515837323,1.4076828705870996,2.5703339082021905
105,5,EI,9,34,12.269628035036048,11.706350278246761,10.357800626858014,3.2785785006129107
105,5,EI,9,35,10.05535184102475,11.667013799333457,4.619818665988035,3.449588622880194
105,5,EI,9,36,6.5752510561133,9.093379509818948,8.014256520540899,2.8845655078795867
105,5,EI,10,37,9.746070146590462,11.664542084669367,4.598936644401437,3.445153599236112
105,5,EI,10,38,11.465242460457455,11.359712468488437,11.794957954518136,3.4815343848036004
105,5,EI,10,39,3.929489299067352,8.617581618320484,7.785781354136101,3.4639129177476953
105,5,EI,11,40,2.7255787397750932,8.407819125573914,7.782962442111993,2.794592168694151
105,5,EI,11,41,11.055004652260784,10.928233717309187,11.592843466409224,3.390804808029529
105,5,EI,11,42,10.175834733803482,11.663053303247418,4.375974426083205,3.548729167480554
105,5,EI,12,43,10.506594298022764,10.909902597451826,4.073355007609749,3.5617860548561113
105,5,EI,12,44,11.747498784747238,11.782982339217591,11.586659738301313,3.4964408513714718
105,5,EI,12,45,3.9887381029697027,9.098270633275536,7.957679229089185,3.4505416636420323
105,5,EI,13,46,10.349509640215471,11.33347203431741,4.0750246982816405,3.5947213850760087
105,5,EI,13,47,11.78574215459967,11.306013555108883,11.652133985954931,3.4820207113255464
105,5,EI,13,48,3.9476804878959655,8.579700262382252,7.6583622102866,3.458542785077179
105,5,EI,14,49,10.03143221087976,11.526161506425044,4.049048372636953,3.575888552563657
105,5,EI,14,50,11.713673362046753,11.870819190607339,11.659362607401228,3.49183782686545
105,5,EI,14,51,4.088345326844997,8.439582275729922,7.826287385084743,3.488187032893576
105,5,EI,15,52,11.056873812008588,11.414816537661915,4.153963020660331,3.70139345731968
105,5,EI,15,53,4.121010680212284,6.866744883109003,8.165723629170976,3.362214270170697
105,5,EI,15,54,11.596370869730729,11.796278876221262,11.503236588527297,3.4950570368264815
105,5,EI,16,55,11.470759102787786,11.400201792924326,4.194359724966834,3.738660966805453
105,5,EI,16,56,4.060335959270736,8.053302792103054,8.079402831176976,3.501427300647559
105,5,EI,16,57,11.841096780684985,11.713216863552683,11.531104094118323,3.492458122158001
105,5,EI,17,58,11.5612231583505,11.52447098133845,4.361281358226911,3.717333179173906
105,5,EI,17,59,4.034948827557164,8.463185931778323,8.171023804957304,3.496280316168334
105,5,EI,17,60,11.742587048127483,11.853645518942256,11.674927626039654,3.4921651488769507
105,5,EI,18,61,11.584623304263335,11.316187530826594,4.01598518491329,3.7388997996662585
105,5,EI,18,62,4.03586677733779,8.029543002565287,8.130163798642261,3.500450162906261
105,5,EI,18,63,11.637622031270515,11.692350357217817,11.703551892375017,3.5014709773087045
105,5,EI,19,64,11.64793832593228,11.588115459902285,4.038809227845984,3.7562519800776712
105,5,EI,19,65,4.027150864460919,8.37414382610135,8.077483133407036,3.498094139298517
105,5,EI,19,66,11.511722970547277,11.566541483672705,11.512282422721633,3.4967856884133104
105,5,EI,20,67,11.784705674750645,11.601872289848032,4.016248668203563,3.751166074210917
105,5,EI,20,68,11.423843639837362,11.706294880439852,11.567949025204852,3.4938633354365463
105,5,EI,20,69,4.0732371855976,8.328957603521781,8.43320443815011,3.4969916144879045
105,5,EI,21,70,11.460732545039676,11.457389427874798,3.971330449117505,3.7404644084257734
105,5,EI,21,71,4.038857937568465,8.222619424401035,8.014705362418153,3.5002178841552594
105,5,EI,21,72,11.549282192864178,11.658461787606697,11.674542502599975,3.5011632829409822
105,5,EI,22,73,11.395282126634614,11.501225959191508,3.967635869699209,3.7379686652607726
105,5,EI,22,74,3.9468409920415097,8.095854949026704,8.16040173892138,3.4926871412081564
105,5,EI,22,75,11.566882090531292,11.718286501842043,11.466661297743077,3.496082989882546
105,5,EI,23,76,11.674393664759666,11.85268476449384,4.03778012814135,3.7480521906328335
105,5,EI,23,77,11.585024056965707,11.695961672719333,11.659884413969767,3.5016209552720454
105,5,EI,23,78,4.1075906937225355,8.552978475831454,8.09256551460554,3.492999623064784
105,5,EI,24,79,11.521110528823108,11.551311265784257,4.13837457608626,3.75317297858211
105,5,EI,24,80,11.612404052059393,11.784580253573816,11.640015630019617,3.498816813378448
105,5,EI,24,81,3.9641831109201062,8.173554581643248,8.080383128776878,3.4949309996957996
105,5,EI,25,82,11.510347308150216,11.617009924834463,4.083982532821768,3.755235790616725
105,5,EI,25,83,4.065529430005513,8.10893823440225,8.177987128066297,3.5031968833750122
105,5,EI,25,84,11.622390120253286,11.823067524451448,11.551368856318652,3.495344287012011
106,6,EI,0,0,8.072465272079148,5.149063047200077,5.536008596930674,2.9507718178828286
106,6,EI,0,1,5.617451483818235,14.811674852797,9.49134408910719,1.9821327029073084
106,6,EI,0,2,10.114858957567403,4.949451830781875,10.198764917460334,3.1277159513464596
106,6,EI,0,3,1.8445856233078506,0.7759384797566282,12.752870202131806,1.665961369564964
106,6,EI,0,4,0.13343708303152013,14.68151343277945,12.405045387285805,1.498196762483445
106,6,EI,0,5,11.778164389895572,0.7212523050381975,3.111588993104621,2.4890947357427744
106,6,EI,0,6,12.747984466428179,6.487422174825462,9.412019005546108,2.753053153842444
106,6,EI,0,7,1.8342359821644572,2.7950447801674425,7.459018691122105,2.1646001329260414
106,6,EI,0,8,11.391998652335026,8.097858065166541,1.603201178535637,2.5692839758633546
106,6,EI,0,9,12.99279117772314,2.094883643612236,6.5948663626843445,2.1316916253508715
106,6,EI,1,10,10.776174803733168,5.309844421630409,10.632805222562647,3.096933490440152
106,6,EI,1,11,10.754947789652821,13.517477983396313,10.698379372537042,2.7344643940541573
106,6,EI,1,12,8.709256391215984,0.07707210436179945,5.52207479657144,2.166009031222318
106,6,EI,2,13,9.769239106713266,4.901208890170995,12.728014661976804,3.0765847673482676
106,6,EI,2,14,9.782458187928615,5.0017158924069856,7.511384054273754,3.0830900375072403
106,6,EI,2,15,3.786019727059289,4.9415102374078,10.174492290027889,3.5092072239399865
106,6,EI,3,16,2.424573232706625,5.1880430897996845,1.086418796766218,1.9319167739975407
106,6,EI,3,17,2.3060184764126057,5.18016553161427,6.187185806646024,2.339236011991288
106,6,EI,3,18,2.3333321342162394,5.1384257662951,11.827757996056777,2.72439933730323
106,6,EI,4,19,4.740977101341701,4.9288604365959765,11.824307099679263,3.538566780579667
106,6,EI,4,20,5.023474096007099,5.106641879884986,6.1824721804434155,2.951607967552696
106,6,EI,4,21,10.849956808256344,4.867998842770746,9.24497639695263,3.25107592254404
106,6,EI,5,22,4.295157564904982,4.785292614595082,9.223300630760932,3.6039950547976076
106,6,EI,5,23,3.1949770994453304,4.7668969243905455,14.898258581293469,2.404933641566383
106,6,EI,5,24,13.255382828656714,4.788897459362816,8.556300812447619,2.9551516849468866
106,6,EI,6,25,5.111029624134632,4.731993389891856,10.236619294555581,3.29614829825627
106,6,EI,6,26,11.54891322702236,4.591254347121741,9.502015783636509,3.4484501430588548
106,6,EI,6,27,10.775524974130345,4.211850738929229,14.842049906800233,2.63488035140277
106,6,EI,7,28,4.2683623207865145,5.4040549823571995,10.188947660931357,3.3305084485641654
106,6,EI,7,29,11.740132916595028,4.410900870861777,8.575880169611052,3.5660855584275097
106,6,EI,7,30,8.896968267284473,5.327173398189946,14.13311544008228,2.297943544047841
106,6,EI,8,31,4.272330639603993,4.33492274035051,10.470586148144696,3.8315247156195946
106,6,EI,8,32,11.681320910714279,4.589593889311974,6.531107424542698,3.3151119359315864
106,6,EI,8,33,4.25663584425079,4.480440878854304,5.104608653032189,3.8091018049756395
106,6,EI,9,34,4.1541165273092355,3.478090548748594,7.924337797299312,3.689880873270887
106,6,EI,9,35,4.248936824324569,3.8909613387866706,2.3431955962575293,3.3421531841685423
106,6,EI,9,36,4.497632733749166,3.7785171635625483,13.304997840804916,3.403118613879571
106,6,EI,10,37,4.142911531868849,4.00780056256109,10.152055193378802,3.8384125611666997
106,6,EI,10,38,4.188532405793429,4.352258478868595,4.703785394224681,4.058782007827256
106,6,EI,10,39,11.703908333294438,4.10666385263979,8.56749815781827,3.6191504727909143
106,6,EI,11,40,4.137200388450243,3.4936044572098766,4.252242934653495,4.073429032918032
106,6,EI,11,41,4.252825470410268,4.069452575764483,10.984819360375717,3.942327260404034
106,6,EI,11,42,11.578793489714766,3.705277179771149,8.893226410568458,3.5225775965953883
106,6,EI,12,43,4.3294923892477595,4.2849441704374716,4.072991256822665,4.218774951158239
106,6,EI,12,44,4.197982622577205,3.984212362450216,11.598966144084914,4.000872877714262
106,6,EI,12,45,11.537760793026859,4.066572626972105,7.8360566454833505,3.6191144556414825
106,6,EI,13,46,4.077088386570685,4.063243741333922,4.006630226248938,4.264434895841211
106,6,EI,13,47,4.181776245309738,3.9550025197111003,11.902394317295368,3.986411087839965
106,6,EI,13,48,11.640439389959184,4.1380855176378954,8.130300405256467,3.629399306556758
106,6,EI,14,49,4.207712897766989,4.184186090392661,3.9224149165760345,4.241447680832545
106,6,EI,14,50,4.106423676651321,3.954351204305022,11.518629607955093,4.001148610828521
106,6,EI,14,51,11.666242996729647,4.015597889994426,8.438452005420075,3.622860486491129
106,6,EI,15,52,3.9682007823255114,4.260907425308891,4.039614556520931,4.244072424268471
106,6,EI,15,53,4.324871630544883,4.018256723902077,11.564667698633908,3.981209816695893
106,6,EI,15,54,11.711497347770903,4.216709485993586,8.155597087492213,3.6212910867826054
106,6,EI,16,55,3.8757310433588676,4.052344852471502,4.071381530453047,4.243530554751193
106,6,EI,16,56,4.09300707357006,4.058085797193569,11.518894603980856,4.010353404353748
106,6,EI,16,57,11.515610637322519,4.196115924009676,7.9820848589967515,3.6192268407176025
106,6,EI,17,58,4.271136885135077,3.979977440068442,4.064144471395334,4.244601537027824
106,6,EI,17,59,4.178359624341541,3.9644843356442907,11.672781615458916,4.000542660998187
106,6,EI,17,60,11.707742066863416,4.216558449587573,8.291799494282062,3.6203895607930594
106,6,EI,18,61,4.091147066042115,4.1236672891147315,3.8283266470405444,4.231802403141428
106,6,EI,18,62,4.202456087498608,4.011914389381318,11.339134076277132,3.98947564557355
106,6,EI,18,63,11.523558903254926,4.044330553104929,8.491353569967231,3.6205348499813548
106,6,EI,19,64,4.124116921057429,4.235951588880721,4.02152844640029,4.253973904915076
106,6,EI,19,65,4.01548109225044,4.035241197700509,11.193449347797097,3.980051134225561
106,6,EI,19,66,11.58175130904967,4.159096712705469,8.266348316284486,3.6270776460913456
106,6,EI,20,67,4.110788666430275,4.000652930043291,4.0571572954404775,4.263505695184332
106,6,EI,20,68,4.210031850997382,3.9986118819441603,11.879760432275015,3.9905532052338373
106,6,EI,20,69,11.584488205245849,4.005104619934477,8.136641229404601,3.6266581268862748
106,6,EI,21,70,4.295211660937822,4.049791305050798,3.906008016909461,4.22798393930455
106,6,EI,21,71,4.127485275869274,3.9592425519830137,11.805196791548497,3.9984871202223435
106,6,EI,21,72,11.82091908415256,4.079077574389066,8.473440984075463,3.6183608593971828
106,6,EI,22,73,4.220722388658651,4.182742071925342,4.097881789440016,4.254444741870245
106,6,EI,22,74,4.132735651338709,4.059570613463819,12.003315293093376,3.987016056917342
106,6,EI,22,75,11.638057904464956,4.157319928553086,7.953231761468674,3.624200220190369
106,6,EI,23,76,4.237532260712564,4.008384478638984,4.078762080177532,4.2533586307550015
106,6,EI,23,77,3.978808486446717,4.002267444949369,11.867318354241204,3.9933858225852683
106,6,EI,23,78,11.6419734700868,4.083962959749361,8.63811716934126,3.616330224642005
106,6,EI,24,79,3.928609927467071,3.975954889874167,3.926350126317776,4.234232789601696
106,6,EI,24,80,4.295200188674936,4.068599082223516,11.815477665115736,3.9853420088964056
106,6,EI,24,81,11.613505411496368,4.117420740391874,8.165529004182586,3.630328434587745
106,6,EI,25,82,4.020008039766168,4.120420814673167,3.902165993076391,4.2469407763086
106,6,EI,25,83,3.9273061663228233,4.134810731987502,11.746591771500023,3.99614186649101
106,6,EI,25,84,11.603862820809812,4.111082066436445,8.01097332445248,3.6281613888259048
107,7,EI,0,0,9.376431999070004,13.458207014543632,11.635285353677903,2.767443173429532
107,7,EI,0,1,3.378107849858878,4.502494273668382,13.103301680943929,3.2965666425518254
107,7,EI,0,2,0.07897956848362087,12.318426275741494,11.956041431280694,2.4896130174937436
107,7,EI,0,3,7.0190242926558115,4.545486402289703,4.1763841815116,3.6687845282119675
107,7,EI,0,4,3.823043814811869,6.676144588239699,7.568223884369299,3.259449306295454
107,7,EI,0,5,8.302460281117387,14.93250425151589,11.889928788206296,2.3193617400139876
107,7,EI,0,6,9.33268844161744,14.834402215228273,3.2296304735339842,2.2013370387602436
107,7,EI,0,7,2.4031805078676682,9.188094064095461,0.6591301194207505,1.8741891642582647
107,7,EI,0,8,0.5352041816039421,7.723332304070555,6.9930903798793365,2.2597515607734993
107,7,EI,0,9,13.757516597892783,9.438393817365156,7.711764698992708,2.4851532085194354
107,7,EI,1,10,7.847057436760566,5.424137102299669,1.9021001966325661,2.3518643618330115
107,7,EI,1,11,7.707919811079232,5.48485760499917,8.43566506746084,2.952270135339121
107,7,EI,1,12,8.281918652918579,5.451573595605274,14.76214465123561,2.1029540039873567
107,7,EI,2,13,6.99791934868537,8.667549590947614,5.029231000235031,3.0376988236942504
107,7,EI,2,14,6.986765202389465,0.1509445820964722,5.133423171043095,2.230078926850106
107,7,EI,2,15,7.046487218870095,14.640448909124325,4.886428273572379,2.2789594138567155
107,7,EI,3,16,14.948985481556962,4.538845186685047,8.559695082647817,2.477258423636893
107,7,EI,3,17,0.25068940209827917,4.538853643257381,1.1185127277281948,1.961711630512553
107,7,EI,3,18,4.1743559168776905,4.5384282218777585,14.163127459768942,3.069778406665856
107,7,EI,4,19,7.577882469567918,4.562812558993819,4.145157398927636,3.746490976536222
107,7,EI,4,20,2.8199938784267924,4.496775810078796,12.62652724619657,3.116184989537306
107,7,EI,4,21,1.7884636500276907,6.6846097894735905,6.115314746433649,2.059557245992528
107,7,EI,5,22,8.021736361454206,4.893128765944434,4.2285153600305545,3.6107177081663666
107,7,EI,5,23,3.3608275944715227,4.051787378120919,13.421054592154324,3.2202208780438717
107,7,EI,5,24,3.708509715834525,7.774284579588437,8.072754726224662,3.413126458979554
107,7,EI,6,25,7.427829169612454,4.456198913848989,3.8505104723011083,3.740383738568477
107,7,EI,6,26,3.58646354201957,8.24191085081948,8.191920446587183,3.3731435995719634
107,7,EI,6,27,4.172801201614681,3.996293694252271,12.878223691897613,3.719963408156101
107,7,EI,7,28,4.521133848414146,3.5661542730807554,12.634479680850967,3.594788412477805
107,7,EI,7,29,7.59977152636213,5.037344969312312,4.102601699841559,3.5203655216712475
107,7,EI,7,30,4.2491802459573496,8.174123345917453,8.055566875911651,3.4892278739439697
107,7,EI,8,31,7.85184861964118,3.873910345973332,4.062228631201291,3.8523524952685237
107,7,EI,8,32,4.750163732284322,4.333151738026854,12.713164931092823,3.5736960633300066
107,7,EI,8,33,4.860152380549611,8.106222132883357,7.744141287086716,3.2409100699533395
107,7,EI,9,34,7.517452851469305,3.698728715536679,3.8702714081470986,3.742905608337577
107,7,EI,9,35,4.088713555411166,4.184580197815776,12.53604182867891,3.855098227031937
107,7,EI,9,36,4.150085096174158,8.771087821961856,8.512981336679635,3.4710590543239883
107,7,EI,10,37,3.920925103843353,4.148338649319508,11.800649029094991,3.991625620343596
107,7,EI,10,38,8.057868555804493,3.9286365305043143,4.074929393861454,3.8713286140484255
107,7,EI,10,39,4.299393910492736,8.517177193414154,8.100983673746217,3.472190798487468
107,7,EI,11,40,3.84845946570088,4.265673301758562,11.615865879128588,3.9663025910175937
107,7,EI,11,41,8.132107665124058,3.855805398134623,4.358289211225014,3.820460284845832
107,7,EI,11,42,4.109338207411642,8.383447876338016,7.6771258174496095,3.478616650667182
107,7,EI,12,43,3.9616949715827654,3.8560662292308994,11.334173093153247,3.961823517208307
107,7,EI,12,44,8.226043272851676,4.044154772320286,3.815222114164036,3.8453250096092635
107,7,EI,12,45,3.9748426758041093,8.34562051080084,7.988955021594111,3.4918989102299895
107,7,EI,13,46,4.071416416867972,4.186797462074807,11.673044703136743,4.007677908872658
107,7,EI,13,47,8.012101027972605,3.8904638098403286,4.243371134933485,3.8506044860539164
107,7,EI,13,48,4.223139121196045,8.377562930585468,8.049401290889696,3.4899545697611143
107,7,EI,14,49,4.236248316058197,4.16844610620733,11.797420754833738,3.993824181695411
107,7,EI,14,50,8.145614546065318,3.765190663136912,3.791235578398461,3.784072043070733
107,7,EI,14,51,4.25211009744355,8.488459181573516,8.32476955336843,3.4811267408723476
107,7,EI,15,52,4.035738703823341,4.2677712065334985,11.664048617492176,3.9949578909094816
107,7,EI,15,53,8.107221169812771,3.9952030099809654,4.193066427604645,3.8753686261151707
107,7,EI,15,54,4.10588369838279,8.39658576426616,8.000740662999068,3.497437037190444
107,7,EI,16,55,4.165021425032802,3.9134974445232835,11.761811720743887,3.9910867149644274
107,7,EI,16,56,8.22146264689962,4.192042032127886,4.014975096368331,3.8774378269310388
107,7,EI,16,57,4.042566007983227,8.288059544116496,8.183012384325027,3.501746509809494
107,7,EI,17,58,3.9752745331985464,4.0060342290935695,11.857579423570012,3.9941087706020735
107,7,EI,17,59,8.029394466429721,4.204618587631247,4.028560862497536,3.8753548393530566
107,7,EI,17,60,4.0938227924176855,8.384093854748583,8.061304688150148,3.499453278865099
107,7,EI,18,61,4.128739569776599,4.14854817588124,11.664462125956147,4.010208719372283
107,7,EI,18,62,8.002215772102293,4.0630520032128565,3.9515442135000454,3.8733374368227027
107,7,EI,18,63,4.124412949141726,8.094315055240488,8.04624597257157,3.5011993326542092
107,7,EI,19,64,4.105994800878949,4.053544624763408,11.451768704614988,4.006800157070624
107,7,EI,19,65,7.8347652969791834,4.108193713532524,4.1063753862456736,3.875704736289585
107,7,EI,19,66,4.109682889514064,8.22364217285418,8.037407451904317,3.501808945356541
107,7,EI,20,67,4.010842873695072,3.9382802700540473,11.878875503881124,3.987532685200308
107,7,EI,20,68,7.843253468584404,4.145329488979785,4.131527541817926,3.8738746911245583
107,7,EI,20,69,4.074446790221023,8.040841519966142,8.320666683353723,3.5006048307501763
107,7,EI,21,70,4.126305998101882,4.327415346883915,11.448144223820044,3.9775344416253886
107,7,EI,21,71,8.040856122062902,4.110380488545278,4.233358369587319,3.8733688463680123
107,7,EI,21,72,4.1478563637873425,8.444897882154805,8.134730470393094,3.49645913737775
107,7,EI,22,73,4.196108823494955,4.035133176415134,11.754154551849382,4.003165430953361
107,7,EI,22,74,8.332935466659153,4.1812990027578785,3.9372620434695693,3.8675393761205985
107,7,EI,22,75,4.0483324073295455,7.951682479390235,8.1251576013384,3.4985622854986964
107,7,EI,23,76,4.009958321003932,3.9253068321944165,11.670408605007543,3.9956351945218174
107,7,EI,23,77,7.999395991008809,4.001042738728956,4.087848391983535,3.8794728971460968
107,7,EI,23,78,4.057262845612009,7.995616720553233,8.139726964845876,3.500515614855903
107,7,EI,24,79,3.9954209012511104,4.0621127576170455,11.520556922438722,4.006001427103685
107,7,EI,24,80,8.220445293695288,3.9377068330014904,4.195764237891439,3.8678445474395664
107,7,EI,24,81,4.097782082339735,8.21324663966125,8.307360102178603,3.502317913800441
107,7,EI,25,82,4.186631953996399,4.153238902926556,11.719990151324595,4.004628435390932
107,7,EI,25,83,8.280822075774982,3.962090301219004,3.967283602527971,3.869040775344438
107,7,EI,25,84,4.0582801128434465,8.381644413525752,8.341194566523944,3.4980609280844703
108,8,EI,0,0,4.90458414908341,14.809152650068883,4.780662577282751,2.5174152587149257
108,8,EI,0,1,11.828234037300435,13.04844767544324,5.86627209808791,2.782790386001085
108,8,EI,0,2,6.568228096841982,5.591233546340296,1.6043039470916154,2.0836786142536226
108,8,EI,0,3,7.184481812440755,3.6202821762702344,3.857178728266946,3.6582849562760646
108,8,EI,0,4,2.7709733525162235,2.9079682335646604,12.207415052325315,2.716842037220546
108,8,EI,0,5,6.344762822163395,3.838807577373391,8.863542776481173,3.2204933625246683
108,8,EI,0,6,9.064084440876837,9.702870405902818,13.670345706727861,2.4965516469002056
108,8,EI,0,7,2.2530916794295264,5.570806926635942,4.269309562662189,2.7713084849459655
108,8,EI,0,8,0.25173078486676104,2.7233090604409425,5.920028719479042,1.821116662723356
108,8,EI,0,9,5.899660651294863,9.250919166105014,6.783997932407195,2.68300579316905
108,8,EI,1,10,7.264079732101049,3.5869386844312707,0.44335308273370844,2.5654908669135246
108,8,EI,1,11,7.329368420941338,3.601066814808056,7.160403521082363,3.228248384354709
108,8,EI,1,12,7.222085407606008,3.605499041640031,14.421127253636653,2.5051122124344665
108,8,EI,2,13,2.855753528132112,2.8845607692726496,12.124629234418222,2.7733703170644946
108,8,EI,2,14,2.1885387229630746,5.608454962198012,4.139520255130414,2.754957271794059
108,8,EI,2,15,7.101671145198514,3.4547599368809023,3.833001165743386,3.5499996434671717
108,8,EI,3,16,7.225120386334335,3.6880179754650917,4.286944241173906,3.7027774901165103
108,8,EI,3,17,3.8302320888314743,2.737250741077509,11.518576476046402,3.290924791833316
108,8,EI,3,18,2.691616041980443,5.2346890278386216,5.698364623159919,2.541539996456494
108,8,EI,4,19,7.212554139660348,3.7666935412291513,4.057102694708202,3.7499534772082805
108,8,EI,4,20,4.459943861908969,2.639998961036129,10.950064416512848,3.140243873197951
108,8,EI,4,21,8.810573082922097,4.115799821878111,9.96049650040619,3.421784316053368
108,8,EI,5,22,7.144552896758907,4.111790309650021,3.998173787748996,3.7894002396917115
108,8,EI,5,23,8.721872707636027,4.2303834275817405,9.743292162281739,3.409783176346855
108,8,EI,5,24,3.972019387735641,2.8757053610677357,11.75875005624015,3.409393765452153
108,8,EI,6,25,7.415239333654003,4.072175799237507,4.0382156616237594,3.833657301144938
108,8,EI,6,26,4.345792495689587,3.060449638403646,12.381555064992432,3.408921519923193
108,8,EI,6,27,8.833423916659896,3.937783781286461,9.786064252497631,3.4019569462538155
108,8,EI,7,28,7.288108063394093,4.027718036947553,4.128474125741047,3.8141624007587085
108,8,EI,7,29,4.0973015783561575,3.3735831743164506,11.813721099136824,3.7556861694755357
108,8,EI,7,30,9.222023814890763,4.213488779790246,10.374713643220268,3.4255368507809174
108,8,EI,8,31,4.004992043074384,3.792710214798997,11.16604506266874,3.9310861586489763
108,8,EI,8,32,7.841695500910212,4.029469601020579,4.081568418770775,3.8746789927999803
108,8,EI,8,33,8.96413819220592,4.167379607145682,10.750424100299586,3.500137396753999
108,8,EI,9,34,4.104327693979975,4.0530862871201006,11.32200940400795,3.997048633098002
108,8,EI,9,35,8.290213536308432,4.125413585334499,4.0234880272687334,3.8821131677008722
108,8,EI,9,36,9.206992731966645,4.3019821954825,12.503969638074166,3.414454354491715
108,8,EI,10,37,4.207064176059603,4.352463882427886,11.733442804591371,3.9688837551055123
108,8,EI,10,38,8.245840930236502,4.154120233159118,4.179702386103953,3.8789951714843065
108,8,EI,10,39,8.049379535655735,5.272378264051118,10.63110416480583,3.0722516906749764
108,8,EI,11,40,4.203156599422025,4.081212032165934,11.487882236849414,4.00257815562162
108,8,EI,11,41,7.990973043018965,4.088294233175931,4.097748697547524,3.883173493460128
108,8,EI,11,42,9.03198555834617,3.547546344060538,11.888051855679436,3.429481541878558
108,8,EI,12,43,4.10290530144419,4.196779414232033,11.638994309467849,4.006854337655957
108,8,EI,12,44,7.856975260037028,4.07625424033197,4.024542217905291,3.8751836893393468
108,8,EI,12,45,8.728257759333413,4.065139309548086,10.856463089729406,3.5348986297069644
108,8,EI,13,46,4.003976480791155,4.2530354678918485,11.667537068249207,3.99519282648591
108,8,EI,13,47,8.074887622072161,4.121776388548362,4.137854912858931,3.883330176832528
108,8,EI,13,48,8.577297977800548,4.055343588340211,11.062745155087615,3.5734608592688346
108,8,EI,14,49,4.043965428793542,4.020432666872883,11.903760564939489,3.996837969776341
108,8,EI,14,50,8.273889966745928,4.112367747122739,3.8025847713501655,3.8417510778900943
108,8,EI,14,51,8.331886195788746,4.049524668702513,11.201402981576368,3.600333264263819
108,8,EI,15,52,4.201512328629152,4.168638772531652,11.654534620371376,4.002972443731611
108,8,EI,15,53,8.056582004110796,4.044256874081716,4.338824462566921,3.8520727761873603
108,8,EI,15,54,8.276496843922649,4.184203823558016,11.53490224875398,3.623529632415414
108,8,EI,16,55,4.461828301227185,4.066776644753982,11.701164034162892,3.943893227132011
108,8,EI,16,56,8.184986472828546,3.9679922264549634,4.178247804101875,3.8741562426255567
108,8,EI,16,57,0.8912115084733724,4.732409621149197,10.371727338633825,2.604840350863897
108,8,EI,17,58,4.00048952654638,4.07323063205275,11.343550669736423,3.9955721863837588
108,8,EI,17,59,7.844611031074918,4.019157366848961,4.098769697194479,3.874110529106312
108,8,EI,17,60,8.113383479684291,4.30209309659545,11.548473387324579,3.605878859784851
108,8,EI,18,61,4.184443579190103,4.079186206768147,11.562438314363268,4.007311582581815
108,8,EI,18,62,8.007743958622655,3.9826924778025274,4.175405794064391,3.8738409863026915
108,8,EI,18,63,8.191648219056065,4.12187365538,11.58646999963939,3.629830792829866
108,8,EI,19,64,4.2065855519777635,4.251598343066567,11.687124925501085,3.9915859045951185
108,8,EI,19,65,8.221310271340755,4.186940135628464,4.312313954273317,3.8551840741324988
108,8,EI,19,66,8.502501860355713,4.157846243086124,11.853523293328896,3.612228675568256
108,8,EI,20,67,4.167339996494835,4.0367591434273,11.51075799519922,4.005830996659965
108,8,EI,20,68,8.0417400580215,4.142150596437698,4.169279819457381,3.879589295460666
108,8,EI,20,69,8.135023343379371,3.9589223940670886,11.568034047541085,3.621099980987262
108,8,EI,21,70,4.026265601607607,4.14343303139958,11.555052613580662,4.00838613628592
108,8,EI,21,71,7.7376780099518925,4.122793026396846,4.1271482906599,3.8679653801811194
108,8,EI,21,72,8.058164868863628,3.9808998893119703,11.723743558922772,3.622350232565994
108,8,EI,22,73,4.008001870378285,4.0016843404719,11.481101263031295,4.001832956721
108,8,EI,22,74,8.018433385697595,4.048325160774163,4.144988609608273,3.8814826776728033
108,8,EI,22,75,8.10232114764785,4.07407272271151,11.68303787025673,3.6299848692796175
108,8,EI,23,76,3.9610539811585332,4.064341374311599,11.789350307930917,4.000178292577033
108,8,EI,23,77,7.824101158568294,4.168847382397513,4.054613530547128,3.8714411699510665
108,8,EI,23,78,8.094738096811838,4.127514315986675,11.745615089844009,3.6274658143349305
108,8,EI,24,79,3.954932322177313,4.138188497002111,11.427969734650722,3.995395628435479
108,8,EI,24,80,8.377795880585158,4.106282305122325,4.049357166971338,3.882023645726852
108,8,EI,24,81,8.08407649904469,3.9988911748483194,11.739941436370813,3.6241387807675562
108,8,EI,25,82,4.188324840397421,4.00503528299358,11.446447440337883,3.9983818458230207
108,8,EI,25,83,8.055269915740205,3.9446152371542476,4.0698540585345375,3.8737724801390474
108,8,EI,25,84,8.0617472039313,3.9587364093304087,11.91808724869122,3.6066195108123233
109,9,EI,0,0,13.05373805955127,4.3022581363133305,9.047222250773428,3.2045011981884883
109,9,EI,0,1,11.663011243802682,10.74111944405348,13.730701807357613,2.7369626718132474
109,9,EI,0,2,12.905904737743269,13.773564435731435,0.3988160170139582,1.6478530500045454
109,9,EI,0,3,6.55872000194263,7.274164904659321,0.9773129605516129,2.16397010566593
109,9,EI,0,4,0.08439076019089387,12.459321554568856,14.749533664292633,1.460469483070271
109,9,EI,0,5,11.769147790090194,4.734052349674097,10.580005568841807,3.4534922652883973
109,9,EI,0,6,4.487716097973701,11.11122724313623,4.196208296224305,3.8905142734359295
109,9,EI,0,7,11.738863729921972,14.81611120341865,14.793578239203576,1.4620730744328985
109,9,EI,0,8,13.242938504950136,13.69215077675877,10.623103711547587,2.2867633267106227
109,9,EI,0,9,8.317453158952631,13.848573121053308,1.3459616978146882,1.8443458929636551
109,9,EI,1,10,6.398329638264418,10.899248480630567,5.920313335399195,2.7321391020839894
109,9,EI,1,11,14.451738633667036,10.84355026219894,5.926917699483415,2.1318271760456344
109,9,EI,1,12,0.014004646113848773,10.919388963111023,8.291066856929644,2.393298284144512
109,9,EI,2,13,2.7890148529524157,11.114772742081636,3.866278686485907,3.296840953294617
109,9,EI,2,14,10.383860817737474,11.150990653853588,3.7456542092013105,3.5173391013610624
109,9,EI,2,15,11.577605534241542,4.713294524059114,10.310056358868595,3.430252486394851
109,9,EI,3,16,4.243164784573415,11.116553079873052,4.005264123771509,3.9586854221608827
109,9,EI,3,17,4.240692967235009,11.13227101383577,11.557289931289835,3.7084812542687615
109,9,EI,3,18,10.553360975693693,11.136615915058382,0.3533873049141345,2.47246190706604
109,9,EI,4,19,4.0877703559673195,11.352278592200973,5.056189317986049,3.6546037908107154
109,9,EI,4,20,10.59787339006004,9.676583508442187,6.472772448191714,2.86258120572263
109,9,EI,4,21,4.235153956175305,10.802003123900453,12.485490802195434,3.526018410967433
109,9,EI,5,22,4.286432054934925,11.000111059862212,2.736197442375181,3.2533321649347826
109,9,EI,5,23,4.352117021533734,11.169424780061245,10.887103434408026,3.6198966746368075
109,9,EI,5,24,10.906236931060052,11.282506258134784,4.525827346541756,3.5788559021500483
109,9,EI,6,25,3.966920080588354,10.980737068664501,4.09263734336632,3.9481197472926635
109,9,EI,6,26,4.153518887622688,10.876345016431605,11.532185384659337,3.6810705349890274
109,9,EI,6,27,10.828149120550453,11.336949749421942,4.109096337008424,3.663571904548254
109,9,EI,7,28,4.228279663625843,12.40864848507597,4.04198009109268,3.8889369874759794
109,9,EI,7,29,4.555049849741259,13.027175797428999,11.48653186989882,3.3007580185937964
109,9,EI,7,30,11.321620625009077,11.752578179936414,3.8309222903776208,3.70513030038929
109,9,EI,8,31,4.1895242269883735,11.351454208783334,3.9865540696501363,3.989579592944618
109,9,EI,8,32,4.803338912991354,10.926631504281929,11.579376588275403,3.4744929501554904
109,9,EI,8,33,11.041054989418058,11.690257798420314,3.961318131668687,3.700336009240794
109,9,EI,9,34,3.9980015342675674,11.616952011486893,3.9281524287428518,3.9951778815280834
109,9,EI,9,35,3.8160865706557816,11.358354618804018,11.454746714231401,3.7011534511922735
109,9,EI,9,36,11.121489638126377,11.076700916105045,3.8008582024007436,3.632746124506575
109,9,EI,10,37,4.132475516974726,11.597148710315931,4.1365904398519815,4.010584650012308
109,9,EI,10,38,3.9557250225058045,11.36913188571456,11.425975784151193,3.7302531453418233
109,9,EI,10,39,11.397909315824862,12.402676507523678,3.936682992210694,3.6255666886362894
109,9,EI,11,40,3.947138606833702,11.785733289299852,4.31050515019758,3.973466548864093
109,9,EI,11,41,4.058718779777709,11.342669707904305,11.729506604990927,3.742541968575572
109,9,EI,11,42,10.968047486980774,11.86484964020823,4.06909305247502,3.6893756528581028
109,9,EI,12,43,4.155420417029402,11.324029569526136,4.021989564642988,3.9933238973443617
109,9,EI,12,44,3.9607464603959235,11.6198935028065,11.523975579134438,3.7471819052232846
109,9,EI,12,45,11.175831926735345,11.680711167917366,3.858961750842517,3.6987739356112366
109,9,EI,13,46,4.15087104122391,11.652955369085959,4.0762151859979046,4.010948468987694
109,9,EI,13,47,3.9326627085681185,11.795387985813097,11.604414775586015,3.740494301443534
109,9,EI,13,48,11.03599042920372,11.769626133236487,3.926931796620012,3.691745740617542
109,9,EI,14,49,4.238050199793008,11.547170609561881,4.114490506919102,3.999779712323331
109,9,EI,14,50,4.134240794477933,11.678091863498729,11.482622807452145,3.7526466378211536
109,9,EI,14,51,11.45385795824474,11.75062360645671,3.953070588629308,3.7405877547974464
109,9,EI,15,52,3.8360903414622634,11.565861968115383,4.245089764133623,3.965800934425278
109,9,EI,15,53,4.114205972972065,11.645791255730982,11.5525487428154,3.756386416912803
109,9,EI,15,54,11.590383026546643,11.567206976978825,4.102028428136315,3.756664765109667
109,9,EI,16,55,3.927858575492284,11.669060930005207,4.021964784627094,3.997008993308299
109,9,EI,16,56,11.582892085503321,11.577597679783752,4.12323861298664,3.756210329646217
109,9,EI,16,57,4.0058714245752665,11.793426027315746,11.755620790928234,3.7475821956332656
109,9,EI,17,58,4.014906831811084,11.457793548405673,4.098029395641515,4.005058051228309
109,9,EI,17,59,11.74598620669533,11.658873055346335,4.039999964316959,3.754577129465222
109,9,EI,17,60,4.145641491168846,11.591337394477668,11.445822928204738,3.7499605051824627
109,9,EI,18,61,4.058902361004434,11.452427972901766,4.194730533353942,4.001251149797189
109,9,EI,18,62,11.582622578995947,11.52688257667684,4.11912857439641,3.754935358116703
109,9,EI,18,63,4.148668052589625,11.576668228551405,11.44487313123836,3.749456727114927
109,9,EI,19,64,4.093855769000717,11.651888536763474,4.147489531533098,4.011223905941926
109,9,EI,19,65,11.751519230680266,11.660113298318713,4.06056917082748,3.755169356009419
109,9,EI,19,66,4.078771699833559,11.701929458014968,11.73899598089137,3.755363061062889
109,9,EI,20,67,4.081096684319306,11.390692082910254,4.201787573434437,3.9967761819283973
109,9,EI,20,68,4.10090115421767,11.684190843251999,11.613019213644858,3.7573833001984474
109,9,EI,20,69,11.561905259004977,11.632501468193936,4.169340309380834,3.7535409561283957
109,9,EI,21,70,3.9403063498077624,11.482426877315064,4.106447961031523,3.997455538468932
109,9,EI,21,71,11.539134633552168,11.673367812361182,4.2172430230588915,3.7474615428929927
109,9,EI,21,72,4.01461025365761,11.377269671122104,11.533822182819616,3.7427126914107776
109,9,EI,22,73,4.0176618261191255,11.286686745052059,4.026610980725352,3.989847801091819
109,9,EI,22,74,11.701681567873816,11.551079676920077,3.980696029575773,3.7498834296972157
109,9,EI,22,75,4.017852657705007,11.544421657423584,11.849048930617416,3.7458761718878026
109,9,EI,23,76,4.055717513898126,11.380620786168183,4.185077131999268,3.9973084723503796
109,9,EI,23,77,4.098925973553239,11.733111242468667,11.573177598559461,3.7555942466771115
109,9,EI,23,78,11.759928756786033,11.44869400923205,4.225201611642592,3.7398177323308452
109,9,EI,24,79,4.206507005987891,11.466797323195966,4.130300523699887,4.00018621649805
109,9,EI,24,80,11.661478079434353,11.638518721545404,4.118562742912407,3.7573566040450572
109,9,EI,24,81,4.047873432290129,11.685843019314662,11.703812010850571,3.75592105059356
109,9,EI,25,82,3.9765862257091413,11.79877874422123,4.206352125381508,3.9946242904353477
109,9,EI,25,83,4.0910530980490085,11.699465912942376,11.83747984652467,3.750099141004603
109,9,EI,25,84,11.814355077116558,11.415556830064006,4.102478052959731,3.7444276407117227
110,10,EI,0,0,14.34002564443463,3.115227151187203,12.426673279117962,2.311593111027947
110,10,EI,0,1,2.239231846230304,7.692069246548472,2.038794060307599,1.94334326022665
110,10,EI,0,2,10.335547196716966,12.626215864684184,6.382634961074649,2.8227562868328016
110,10,EI,0,3,14.353890051800493,12.379993595771975,5.07322968707364,2.3936407384758276
110,10,EI,0,4,8.636408219167704,11.299527970627153,12.406559055371932,3.231554792337795
110,10,EI,0,5,14.001577062773721,2.1749204240434095,11.183703165659061,1.9913929008349873
110,10,EI,0,6,2.0902709080173354,13.597931341693902,3.3917165051179117,2.1817652303152024
110,10,EI,0,7,12.798596248584094,4.594767982981857,14.547455523094825,2.426346416127633
110,10,EI,0,8,7.767513204253045,4.83711838149092,4.236502757470194,3.625563274933772
110,10,EI,0,9,9.08797493729514,5.0064668507900745,10.179731602622143,3.0993701324544505
110,10,EI,1,10,7.756397906482155,3.7356365649213563,8.61425762893682,3.4097528424010237
110,10,EI,1,11,7.7565478582897365,5.074293155851355,1.9424055293041413,2.5050761305068705
110,10,EI,1,12,7.783259118385027,1.0710152177761962,14.726091944524253,1.54364718070946
110,10,EI,2,13,5.242050877649854,4.397928704477123,6.0970505658964385,3.167614092126428
110,10,EI,2,14,12.347374334868334,4.396539786222793,6.18137012019375,3.2536507666339234
110,10,EI,2,15,13.925892502292399,12.435996622886211,9.965200762118481,2.44470629011343
110,10,EI,3,16,8.510542934688377,4.884320523030339,13.308442543390699,2.8843807250422833
110,10,EI,3,17,10.115679006823003,4.884612736965568,2.7239721813758804,2.8885798135739913
110,10,EI,3,18,4.716785466070087,4.888218168472705,7.6881169512888325,3.4294263651897907
110,10,EI,4,19,14.668901004567072,4.369681839734558,4.416657582539419,2.929844962476747
110,10,EI,4,20,8.213161691376401,4.540937299296903,4.4024891998303115,3.73912495772141
110,10,EI,4,21,2.1643631363777294,4.254853021567841,4.354529256451343,3.2617386301293685
110,10,EI,5,22,8.028531243302124,3.363953473819789,4.375175932322197,3.5849640195300747
110,10,EI,5,23,4.188371824471427,5.260923135756718,8.870240901628655,3.409674457213116
110,10,EI,5,24,1.878973318327638,2.4018438852739585,3.8794017358185506,2.356414509388514
110,10,EI,6,25,8.02509486233896,4.067533728812353,4.514732143674754,3.7965072409649654
110,10,EI,6,26,3.1663321881960065,4.855097592001462,8.406687849025584,3.2471507629583654
110,10,EI,6,27,7.6387237834731705,11.244456954344859,12.735099403675468,3.101183029347435
110,10,EI,7,28,7.603670009719029,4.184252482865094,4.4305239792050415,3.7946226382342285
110,10,EI,7,29,12.011140579203817,5.231511191346841,8.622821960944043,3.162306671153271
110,10,EI,7,30,3.8761391918742776,6.335359532758535,8.697005228032596,3.2392912288608144
110,10,EI,8,31,8.295176600886334,4.125936832091213,4.529908272599943,3.790899021902348
110,10,EI,8,32,4.207384645860744,5.397956074288743,8.809384294072398,3.356276154849888
110,10,EI,8,33,11.144149169676064,10.861641425136051,12.126628939814493,3.348165535955309
110,10,EI,9,34,6.864090503400559,4.475897955151667,4.746643985315689,3.481692921944134
110,10,EI,9,35,3.0819490566905543,4.402514262778706,9.50643465777505,3.3234826186071045
110,10,EI,9,36,12.306667337351938,4.29213607164514,7.406490556058682,3.4726708649818843
110,10,EI,10,37,8.250260941377476,4.152378960486758,4.035478766930364,3.882002622544779
110,10,EI,10,38,5.722718175506087,4.963760862911681,9.144331893906026,2.9518137477656814
110,10,EI,10,39,13.242989753663057,4.397619445406478,7.184094451085125,3.048331230550164
110,10,EI,11,40,13.020026108111411,4.139135809613672,3.549401805952394,3.515498685010862
110,10,EI,11,41,4.160419875833145,4.01819798453802,4.033702725401096,4.261438753004769
110,10,EI,11,42,0.8021199967730647,5.3150527645951335,9.196881099457151,2.2861490670049034
110,10,EI,12,43,4.57681741682388,4.05285795958249,3.5479178157702957,4.005390047773197
110,10,EI,12,44,11.250704344160823,3.903186621870044,7.724137816708309,3.5725816005361866
110,10,EI,12,45,4.02648856999326,4.036069353290802,9.105009673275186,3.8381731118481244
110,10,EI,13,46,4.039113204341103,4.114396899034803,4.473208397576544,4.194436487121531
110,10,EI,13,47,4.4312584650215685,3.3478432350661786,9.799321076395827,3.496687066451554
110,10,EI,13,48,11.530420242660867,4.065130765238105,7.4620260693561065,3.5838253256204724
110,10,EI,14,49,3.762337871933908,3.919592738933267,4.019588518833194,4.194588999290726
110,10,EI,14,50,4.176283583341104,3.964537358953514,9.433155540609457,3.8130268542086183
110,10,EI,14,51,11.808005435158506,3.868130324464682,7.539412891165985,3.5643282594306553
110,10,EI,15,52,4.09802512409989,3.76728032388028,4.117776846275375,4.2133103770000435
110,10,EI,15,53,4.308261613275646,4.108318677879122,9.380750942433401,3.8021683689411976
110,10,EI,15,54,11.486006905101164,4.164377885405635,7.470215187100504,3.580226048341104
110,10,EI,16,55,4.1641077525864825,4.022731748193144,4.1457075567863475,4.26128543597001
110,10,EI,16,56,4.202528576957044,4.1180739437689144,9.238579277130833,3.826480038639371
110,10,EI,16,57,11.658373152996461,4.008056276479045,7.529948564787078,3.590701519824713
110,10,EI,17,58,4.311504778947298,3.9643949698740832,4.079824522227458,4.234737403172161
110,10,EI,17,59,4.1396711315753105,3.8260894024406324,9.149150522872711,3.8010209541830724
110,10,EI,17,60,11.481326328506519,4.006527775286981,7.58902237159961,3.593178462087741
110,10,EI,18,61,3.8798522465834075,4.251170519317922,4.056874334020992,4.231021311625398
110,10,EI,18,62,4.00069708136342,3.974938615587825,9.190812959053156,3.8256100125608805
110,10,EI,18,63,11.712026398947465,3.9746388000552777,7.835407972445754,3.6131484682588315
110,10,EI,19,64,4.063594123998201,3.989931346034396,4.143639649515388,4.261281860135743
110,10,EI,19,65,4.221997705403747,3.985920560255107,9.046483728804,3.8304838957089906
110,10,EI,19,66,11.786583727414284,4.164399830832563,7.919115791969851,3.618301360542999
110,10,EI,20,67,3.9875539493817573,4.0722496123712,4.305681046206935,4.2386830408977
110,10,EI,20,68,4.116686918407188,4.196907480704954,9.585349107595075,3.8151547790033895
110,10,EI,20,69,11.584286986264718,3.9874850874910095,7.849455136884384,3.615942022775017
110,10,EI,21,70,4.209319830135526,4.125949651833058,4.270235086382435,4.2428490026414245
110,10,EI,21,71,3.873700359451921,4.090859750990527,9.122692200687862,3.8160538093604224
110,10,EI,21,72,11.755664650158263,4.1229516860009126,8.100305073636914,3.6273107078064695
110,10,EI,22,73,4.273569645375975,4.086104785054946,4.168952891390686,4.247211806278028
110,10,EI,22,74,3.906449541015532,4.086941477454676,9.04244071030636,3.828047821019706
110,10,EI,22,75,12.679443282034226,3.50632610575897,2.850694406257881,3.0250615058378845
110,10,EI,23,76,4.220602016181459,4.028421366412343,4.131631653687029,4.256321948786567
110,10,EI,23,77,4.092235102416512,4.290340567339967,8.981140968090124,3.8286718980368337
110,10,EI,23,78,12.992759109899495,5.311241498868556,3.0912151638801237,2.770993529504469
110,10,EI,24,79,4.257615002629821,3.9404146103873265,4.0719527339886135,4.241784107726292
110,10,EI,24,80,4.051049807655305,4.227422911204334,8.993149884166002,3.8380374956222187
110,10,EI,24,81,12.51599533274373,3.961263975751306,4.336618771212162,3.826844729579741
110,10,EI,25,82,4.295779270692805,3.9172053256350274,3.9890226667780464,4.225540328891549
110,10,EI,25,83,12.236902046796455,3.7980693601546727,4.474953499539043,3.8278982042864547
110,10,EI,25,84,4.246515329679501,4.044974620963645,8.766330336085955,3.8498604880500515
111,11,EI,0,0,1.9285530415379943,7.489167936601724,9.022475364350361,2.4096367577753544
111,11,EI,0,1,0.4303351255791682,2.2188912686618387,13.923165344405543,1.2025493014752686
111,11,EI,0,2,1.0563086423129526,1.9466092409894697,14.224926799376625,1.0674053653917148
111,11,EI,0,3,9.328253891945742,5.534896855946865,7.67085032704894,2.8818483097791305
111,11,EI,0,4,9.942644287751989,4.129632236416939,2.06952109300433,2.8447417201944507
111,11,EI,0,5,11.820593917559878,10.055408761537256,7.685734702247407,3.1712016345187113
111,11,EI,0,6,12.251046539544872,8.236129033050394,14.713704589459581,2.3042398340726384
111,11,EI,0,7,3.067641919950673,8.305955442978417,7.254370453850816,2.9676555537797995
111,11,EI,0,8,5.299122825906721,8.873929559235652,3.5295184750137083,3.238547029203167
111,11,EI,0,9,12.033040256677252,13.01000327763622,1.9313950684177654,2.3735708611196773
111,11,EI,1,10,13.893083159912656,9.284523228460015,5.902474927269123,2.223518362549533
111,11,EI,1,11,5.367177447432851,9.26762321215098,5.751010674314135,2.753386072658637
111,11,EI,1,12,0.08713130810303615,9.55957295018624,10.680688362475111,2.3031884223414645
111,11,EI,2,13,4.248207559240207,7.441755544258374,3.4851070611481445,3.6407981402863685
111,11,EI,2,14,10.587076512798285,12.8377520969846,7.873129215656415,2.983202442456313
111,11,EI,2,15,5.753201958921494,2.6957934378168464,3.3371392617868145,2.689301709420927
111,11,EI,3,16,3.005355394776135,12.651103044037562,1.4302665925494018,2.254643790204237
111,11,EI,3,17,2.91583758679766,7.406921634079751,0.8813597425786374,2.1874053020631514
111,11,EI,3,18,2.6464906549230744,2.161513095099022,1.1308722209290663,1.5022694240203738
111,11,EI,4,19,4.437663761237155,6.607239980922538,3.509115473696831,3.468831928157474
111,11,EI,4,20,11.530237809701719,6.073574673468279,3.112519180643732,2.9631504095179717
111,11,EI,4,21,11.486098184711723,10.060340623557728,8.07023277508455,3.1938734835576104
111,11,EI,5,22,2.698778587182104,7.518963090193249,3.6680527755190924,3.047173079981663
111,11,EI,5,23,9.611878233829833,7.186538269468104,3.55939963820265,3.210077329003578
111,11,EI,5,24,11.13656197332364,10.874307076065337,7.971952704313255,3.2632917966819504
111,11,EI,6,25,3.9276858296588015,8.515340181783793,4.065032899301788,3.8638437217471004
111,11,EI,6,26,10.811213843735471,9.888947501326397,6.374932697126063,2.887464412980577
111,11,EI,6,27,10.154315549734502,5.296264927098039,3.754419415743219,3.327540125747235
111,11,EI,7,28,3.9964264163200918,8.8697628824263,4.453205069586609,3.7872529409307125
111,11,EI,7,29,11.897987624894453,11.950271093564332,7.9465179008602,3.3410958467692957
111,11,EI,7,30,9.955443652298284,4.962898904996784,4.369985446063832,3.490588023109981
111,11,EI,8,31,3.8638186542195267,2.6200942588667733,3.9082184780795988,3.469355655046886
111,11,EI,8,32,3.876497886768693,14.620043993372224,3.898966602683866,2.9919561692683025
111,11,EI,8,33,3.8191815348014884,9.74983530023557,3.8745192566133317,3.7594613903096707
111,11,EI,9,34,3.9526304642690757,8.51588455841036,2.62792911648619,3.1175100012329953
111,11,EI,9,35,4.200856225650919,8.51757628443941,8.317358447439322,3.487261832289274
111,11,EI,9,36,4.433671364425211,8.513179381757356,14.389578253490155,2.6476815018383215
111,11,EI,10,37,3.841238397359052,7.993036028394322,4.107336283021342,3.850703447761365
111,11,EI,10,38,3.618954704619405,3.0379197039969883,4.601328524420627,3.5496325520420373
111,11,EI,10,39,9.641480174779993,4.558901623626727,4.613563447852266,3.5886121897896213
111,11,EI,11,40,14.766887904268508,7.936606829326584,3.3532173705337165,2.34957076998868
111,11,EI,11,41,8.113449759498728,8.14549501102317,3.354554946432511,3.2394317182139662
111,11,EI,11,42,1.567682725561434,8.012172223236675,3.367521050166932,2.5743396765426745
111,11,EI,12,43,4.023906449928865,8.592372282239817,3.926058519759775,3.857887009422804
111,11,EI,12,44,9.273860148029865,3.446233148997147,4.4835709340720555,3.5488132382289885
111,11,EI,12,45,3.489468571746502,1.3321658273932284,4.416294866200573,2.9696369788456844
111,11,EI,13,46,3.9099804275147,8.317089373395977,4.113517134189576,3.867318628665985
111,11,EI,13,47,3.8746539407558656,3.161075910382483,4.508960847698063,3.763999479527982
111,11,EI,13,48,9.364029972789043,5.690765040397114,4.835943700425921,3.0117891882364596
111,11,EI,14,49,9.9813764062049,3.266280053112344,5.323309171100533,3.040096561460249
111,11,EI,14,50,3.992192917271341,4.512222254250236,4.50758928616018,4.092171225799562
111,11,EI,14,51,3.825250759558936,9.423023736325005,3.9159645789173765,3.773096388888196
111,11,EI,15,52,4.108585162303763,5.3001853148891165,4.801904704048459,3.5923163708471892
111,11,EI,15,53,9.585126865387151,3.077901905834455,3.9785704136014646,3.3621075507674525
111,11,EI,15,54,4.054694638303334,10.086698540965488,3.7160328994037584,3.7643832820550793
111,11,EI,16,55,4.299246200944168,5.20285579679243,4.292259386504153,3.8079966367010663
111,11,EI,16,56,10.242063606745088,2.950866873883999,4.635090233336961,3.1722998760350474
111,11,EI,16,57,4.357127199105305,10.417644715959753,4.130652709509584,3.835382004911771
111,11,EI,17,58,3.913010696079289,4.16967751362545,3.841757881682122,4.21628376973022
111,11,EI,17,59,4.130468009299878,10.695267980441676,4.2140377122630746,3.903352540871656
111,11,EI,17,60,9.791465840655357,4.160376341777721,4.295244128551991,3.7982517358563825
111,11,EI,18,61,4.02568693532819,4.27775616016919,4.041082136579003,4.246639006014625
111,11,EI,18,62,4.312898702709783,11.330096117194712,4.52835230244264,3.8801170957201068
111,11,EI,18,63,9.961804135759596,4.298402629366398,4.032030357404429,3.8053670728166447
111,11,EI,19,64,4.1172141870377335,4.257788724070276,4.061785089783604,4.252663828244995
111,11,EI,19,65,4.240869259267655,11.084481801586291,4.289234730640587,3.93770317422336
111,11,EI,19,66,9.961440314707186,4.02144380473697,4.174306913344079,3.8233687631510596
111,11,EI,20,67,4.223114520067844,4.132521284114642,4.263240698757063,4.242010801421772
111,11,EI,20,68,4.169010553398872,11.39904015270444,3.976865299901177,3.994157871819473
111,11,EI,20,69,10.110584744248694,4.1261826320815445,3.9003561865521514,3.8203352768103214
111,11,EI,21,70,4.028596823790698,4.411611242809056,4.13571813687572,4.213303122844486
111,11,EI,21,71,4.310777809654799,11.673224474670832,4.051126926046327,3.986924945455411
111,11,EI,21,72,9.820417742276591,4.189816330266051,4.0173836463067705,3.815658726577393
111,11,EI,22,73,4.1603936568778295,4.085414325027317,4.208350659654183,4.258042308476702
111,11,EI,22,74,4.373095535664312,11.664046434226702,4.059972597079336,3.971846134655964
111,11,EI,22,75,10.47620303606255,4.036318370363188,4.166327634743975,3.8759872203614747
111,11,EI,23,76,4.3167037677959925,4.160409952012966,3.944649452916671,4.228046446135841
111,11,EI,23,77,12.11659735600122,3.980605611985305,4.246290811857612,3.9512321505764643
111,11,EI,23,78,4.047096052334395,11.764252633326958,3.979610741909609,4.0031732590309685
111,11,EI,24,79,3.9317878034397937,3.880298146382045,4.145370301748661,4.230647914258552
111,11,EI,24,80,4.0068110240418,11.735367419155864,4.1051923033014655,4.0078006882374195
111,11,EI,24,81,11.706865228561572,4.004644571144896,4.4333679451882055,3.9498061876661232
111,11,EI,25,82,4.061433913733665,4.2945994522524815,4.112988035097439,4.245809368266205
111,11,EI,25,83,3.8277550998359033,11.634861840349839,4.035047041514537,3.9756530562289853
111,11,EI,25,84,11.830510449612774,4.103988099986689,4.34472080406355,3.973039569731122
112,12,EI,0,0,3.762366871626692,14.201294142891369,2.8398057680964195,2.482869939853861
112,12,EI,0,1,2.689371156271614,5.248338608939362,3.458118698848589,2.9174226516486903
112,12,EI,0,2,10.05668614159177,1.7261907318517122,13.444640605570207,1.9957966663713735
112,12,EI,0,3,12.871957336258633,0.0424054827993009,8.121992425781913,2.1817305483972556
112,12,EI,0,4,1.6027691103560993,3.869324381414854,6.253440609496541,2.5791051584911577
112,12,EI,0,5,6.804241827799148,7.02219886415851,13.912750513084895,2.2348144282269815
112,12,EI,0,6,3.8815663413322565,2.8183531617680693,10.057657110817502,3.1807365710642643
112,12,EI,0,7,14.199280550279665,13.842163131656271,13.203749998852105,1.496934489652682
112,12,EI,0,8,0.9653354388542218,14.050441873937006,9.73860553581713,1.6892913188543621
112,12,EI,0,9,13.073337682879444,6.121477020839764,3.290849017625073,2.717672070454755
112,12,EI,1,10,7.242369054920755,2.8182212828169826,10.071685907695613,2.7459294277765953
112,12,EI,1,11,14.369689004301673,2.818254949937684,14.677930241836922,1.2233468959928038
112,12,EI,1,12,13.88296147968072,2.8187254899676955,4.5508145478424,2.5431617947653278
112,12,EI,2,13,4.85976213395291,0.11024690969082263,3.7447958878766476,2.8018769661044773
112,12,EI,2,14,4.634862660144817,0.0004265089553767698,10.24845457736885,2.5435218705672797
112,12,EI,2,15,5.139440851250699,6.374121008382783,0.25080640434714196,2.1406291056763473
112,12,EI,3,16,3.7282255283347396,1.3462935199322545,10.047531828957448,2.7038540014680303
112,12,EI,3,17,3.7382437704948295,12.240248436849887,10.027987685167991,3.4453181044871677
112,12,EI,3,18,2.535649345967242,6.864265354366036,3.868543259859055,2.9174814550223855
112,12,EI,4,19,4.2816280942242875,7.379840950064608,9.03257765783068,3.388968629972373
112,12,EI,4,20,4.233112609606808,14.587609201267666,10.40022645067662,2.6341391141612123
112,12,EI,4,21,5.110866183741463,1.7204778835466783,4.803758324590644,2.635558556436205
112,12,EI,5,22,3.981005347992395,8.308979400509466,9.416371205663832,3.4360724394853195
112,12,EI,5,23,4.184268373966121,1.0525727291904574,7.263389878499656,2.7365580855401004
112,12,EI,5,24,3.626133804007536,14.843840852371281,12.71662418150748,2.4005918397092545
112,12,EI,6,25,3.989927927890473,11.160710290481054,9.987247254993955,3.53801461960367
112,12,EI,6,26,4.2167690155492785,4.321262412742241,12.934208456550774,3.667828956052748
112,12,EI,6,27,3.5165897901212224,4.435097367625811,6.755088599501942,3.498853055165309
112,12,EI,7,28,4.066597732448932,4.408441253758356,12.414213964214364,3.8473764973826756
112,12,EI,7,29,2.839142431653295,7.523459280234484,6.391232349853661,2.6312370800284848
112,12,EI,7,30,6.651602064457509,11.161506328474204,10.649165731495925,3.0567114434733034
112,12,EI,8,31,3.8939768885615993,5.455543544945928,12.250860151567682,3.4043234671816585
112,12,EI,8,32,3.931865605515221,5.2457809476052555,6.24055537089433,3.2068210831770103
112,12,EI,8,33,3.7471426613650047,11.957547742072467,9.235007981941912,3.4985981486028117
112,12,EI,9,34,3.8034050557960852,4.261432495828101,13.21198809658881,3.5198036184776536
112,12,EI,9,35,3.743820330561269,4.367405900038511,7.465844834293302,3.73980475175142
112,12,EI,9,36,3.877628033325511,11.594034130975436,11.212553758459492,3.7074684717263127
112,12,EI,10,37,4.148509131098192,4.4593832764376895,10.160749907786741,3.774807664048713
112,12,EI,10,38,3.80916086957432,11.528874069322773,12.433307458988544,3.5944637554391607
112,12,EI,10,39,3.4647655892124356,11.650477291258495,6.807819843735123,3.2829898379716718
112,12,EI,11,40,4.051762258476278,12.041578896890359,11.841647653955743,3.7195593879426143
112,12,EI,11,41,4.006805458616599,4.417488998950988,11.01775630005006,3.9039894981101537
112,12,EI,11,42,3.9262634450691887,4.173359850448816,5.401551797636088,3.7519175279398125
112,12,EI,12,43,3.968398682593963,4.253987106980913,9.909884724425515,3.8052200357194526
112,12,EI,12,44,3.9941476510511253,11.910192479481832,11.276288375551308,3.7200495024715057
112,12,EI,12,45,3.7587214082728533,3.753896320153202,4.249423655340419,4.138400834701153
112,12,EI,13,46,3.7490251020090417,3.5719225159724988,2.8925158901714316,3.487335703983269
112,12,EI,13,47,4.011181742370544,4.654670306738527,12.25792939720456,3.791100209771294
112,12,EI,13,48,4.037524894836196,11.998691759740442,11.850390664023452,3.72444796866957
112,12,EI,14,49,3.8629405787854703,3.373385337076657,4.180672846405738,3.984897643947293
112,12,EI,14,50,3.2534924165732946,5.000888300051091,9.563690277167257,3.172980340733569
112,12,EI,14,51,4.355916584244754,11.706394739675236,11.55261682970528,3.719776674613408
112,12,EI,15,52,4.397266329673094,3.8308035167296905,4.193387272228787,4.179718248480935
112,12,EI,15,53,4.265900021898231,4.034375819831349,11.626552587134885,3.9953252192525412
112,12,EI,15,54,4.015608375319505,11.799489559403382,11.608187709788528,3.75036051260866
112,12,EI,16,55,4.40291836750431,3.8626718643614715,4.370256279523538,4.152002951326582
112,12,EI,16,56,4.131956879755236,4.076660858623404,11.631605387299164,4.0120499338891396
112,12,EI,16,57,3.8675614201416266,11.943066146836141,11.739055280912385,3.7132257587246578
112,12,EI,17,58,4.275482101350614,4.0250514230032755,4.098515273204784,4.248131002975546
112,12,EI,17,59,3.8971014129908554,4.213556093493889,11.808579936967043,3.980325451306003
112,12,EI,17,60,3.978536924460842,11.757951173582514,11.528692987854999,3.7470793885684843
112,12,EI,18,61,4.3172651657160355,4.3267277688962515,3.9933161046986316,4.207929246456448
112,12,EI,18,62,4.1396992825420185,3.970244951809447,11.467856773623403,3.9997181541250697
112,12,EI,18,63,4.275501023909757,11.896690361255267,11.501243785012239,3.724708047494408
112,12,EI,19,64,4.298726199057753,4.023731451391862,4.187369106280738,4.2383109284326315
112,12,EI,19,65,4.127472533222824,4.279381662935091,11.67933561344117,3.993226375523726
112,12,EI,19,66,4.155619599054052,11.47885170597512,11.870533441513103,3.741677596873708
112,12,EI,20,67,3.9782167172460987,4.049019418183287,3.978025593917602,4.254701222654571
112,12,EI,20,68,4.169921576867136,4.106498983387608,11.804126348646268,4.004492598398365
112,12,EI,20,69,3.9422108914551495,11.834976607412447,11.43029031719946,3.732799924201578
112,12,EI,21,70,4.019770986604783,4.052767717368682,4.089781807911667,4.265207979484875
112,12,EI,21,71,4.030726187708221,3.989611962048634,11.735575295632394,4.00457236582706
112,12,EI,21,72,4.115154083799359,11.68154479766034,11.728358104348604,3.755767638059077
112,12,EI,22,73,4.230432334251028,4.248175595602031,4.161530304505331,4.2417414104880535
112,12,EI,22,74,4.239015706450072,4.129629865422016,11.3764729444633,3.9897492922498916
112,12,EI,22,75,4.1430305793268305,11.70303123545622,11.867063873436493,3.746102201800057
112,12,EI,23,76,4.160268296306658,4.16188628770097,4.103221427678456,4.26260196938715
112,12,EI,23,77,4.116166520596546,4.032459043581249,12.06741607034894,3.9767749229181035
112,12,EI,23,78,4.0076458172043115,11.671556074810413,11.723390108137407,3.753027905409126
112,12,EI,24,79,4.210839053950181,4.135195095339741,4.04851099448802,4.258487352738942
112,12,EI,24,80,4.042809268464589,4.0760127522108895,11.803176847359515,4.007093735986809
112,12,EI,24,81,4.143149322560735,11.663735804611562,11.681645671149914,3.7558881632062753
112,12,EI,25,82,4.031391453857173,4.213955585839061,3.998115086960972,4.254105071704657
112,12,EI,25,83,3.8640400284292618,3.9938023062799872,11.767934105077254,3.97872388031477
112,12,EI,25,84,4.157245228727072,11.522256734945573,11.844394702465586,3.7455718848555817
113,13,EI,0,0,12.971963805248798,12.829537723980884,12.165350981765132,2.8604339060572723
113,13,EI,0,1,3.921695421247149,1.157991865776321,14.19698670669095,2.0757207092867724
113,13,EI,0,2,9.206875365706528,0.0394613043944958,13.656107670987566,1.773957952510027
113,13,EI,0,3,14.772052128563331,4.294449062492556,12.204916845584693,2.662888200023712
113,13,EI,0,4,1.2361191582196236,6.574200709551321,12.265556621172113,2.2992122669063377
113,13,EI,0,5,6.130999990346605,7.766245607804657,1.755598252125995,2.214755379348739
113,13,EI,0,6,12.210097788751677,7.468011124987683,3.724187923300079,3.4551661666808915
113,13,EI,0,7,11.650292340013026,14.68842433784344,8.07514851114435,2.3803958742676885
113,13,EI,0,8,11.057253339311753,14.89141033272544,0.45191244562985955,1.5586824480153403
113,13,EI,0,9,8.984664785501568,14.5094291668738,1.760048607649753,1.6062484319979846
113,13,EI,1,10,13.237505643517208,7.433225091675461,4.715209887739262,2.9610757845309656
113,13,EI,1,11,13.140420460436669,9.248986200309822,12.734552893298126,2.695136948996881
113,13,EI,1,12,7.641932981314621,7.893861666781305,8.63593775776906,3.0754421248770116
113,13,EI,2,13,12.465991378762027,4.431867194735989,0.014134501881499228,2.654239824708813
113,13,EI,2,14,12.492282936225902,14.936471579950164,0.015063443790474529,1.4048593033363086
113,13,EI,2,15,12.427715377173174,9.396293930919155,5.743114782242929,2.8609553437748074
113,13,EI,3,16,11.979111519550715,7.107863742201677,3.6562729639548666,3.413562518194931
113,13,EI,3,17,6.263310464295101,7.327255153581637,3.6517726062477163,3.1118081734444996
113,13,EI,3,18,0.5129941619624101,7.895540956787493,3.699029005407843,2.6895412026630536
113,13,EI,4,19,14.516009351416168,9.108787594245424,3.7931079962573837,2.5882233040951763
113,13,EI,4,20,8.038761884440703,8.676525431441839,3.8299522004385955,3.450114972456217
113,13,EI,4,21,3.43662628870889,6.504494985083348,8.779334278924411,3.0660796304100235
113,13,EI,5,22,10.513577941984499,7.497705822176252,3.4911338411625565,3.2819161294028376
113,13,EI,5,23,0.948794564162474,7.473299738287743,3.6122570485566055,2.6485074923542236
113,13,EI,5,24,5.679359113390274,6.500510042198194,8.80173569568364,2.6974524125949975
113,13,EI,6,25,11.512208351640602,9.573134765594201,3.989156830836666,3.558983490604895
113,13,EI,6,26,6.9958863260254756,5.176405607646244,4.062482871501376,3.363876644306533
113,13,EI,6,27,2.345777462849769,7.192957653429849,8.651661602893522,2.513342332951636
113,13,EI,7,28,11.437754678030714,9.590765779404828,3.4114681159772036,3.33193225212758
113,13,EI,7,29,11.372449795408022,9.610446409237618,10.79577773173736,3.2150075815052483
113,13,EI,7,30,6.976533028064017,5.185581486372534,8.120563052583284,2.9740106582849744
113,13,EI,8,31,11.849320485751175,10.439225478507907,4.15397649270416,3.6101014124659283
113,13,EI,8,32,8.426681464429585,5.782220640471521,4.015678043739757,3.2804715096344395
113,13,EI,8,33,7.998855727817556,0.0944978404926583,3.819360194146938,2.685113086770805
113,13,EI,9,34,11.988418325150436,11.388618742545153,4.1961839491965724,3.719468052309555
113,13,EI,9,35,7.108564337325672,7.793582802086545,4.542758519828635,3.2946776192424467
113,13,EI,9,36,6.91775931975727,14.793226834825553,4.535391954235974,2.3865029012201564
113,13,EI,10,37,12.089883642837535,14.78187341018232,4.015723769833798,2.7023406707948316
113,13,EI,10,38,11.912897872232572,8.685161078701576,3.778116383394394,3.548928875559539
113,13,EI,10,39,6.956814101189523,5.182902195827511,4.272190877749299,3.3367984958751107
113,13,EI,11,40,12.197672278598429,11.856224681868015,4.300344816137802,3.667324551394401
113,13,EI,11,41,7.755097926456395,7.839444031277695,3.899761441279897,3.4599304252421277
113,13,EI,11,42,3.66774218436888,4.936461922255372,8.914908603644294,3.476123851383881
113,13,EI,12,43,11.406980768188868,11.698053647601462,4.069857766622841,3.748718737071981
113,13,EI,12,44,3.6237490818274325,4.2493823864266345,8.70220312275808,3.7420138528405933
113,13,EI,12,45,7.863775307349305,6.91164484244236,4.02023231896781,3.36013573453251
113,13,EI,13,46,3.640474512883115,3.310941451044461,8.026031120547009,3.4871318169230894
113,13,EI,13,47,11.599801775621696,11.666514555335535,4.125778946244736,3.756816137338851
113,13,EI,13,48,7.660102322142252,4.247971058215858,3.8783048497121397,3.8262112131085764
113,13,EI,14,49,7.760972425854405,3.260345789351966,3.713169463088489,3.470780242279411
113,13,EI,14,50,3.259944355587816,3.502450937018868,8.734439490347086,3.364482349260858
113,13,EI,14,51,11.48018153579565,11.73246543957381,4.151776817147037,3.7502167452885464
113,13,EI,15,52,4.283211166757953,4.0542642807848,8.001147871676029,3.8634090499793583
113,13,EI,15,53,8.200510581204124,4.325876242774729,3.6426734377498704,3.7536582755730556
113,13,EI,15,54,11.429431883756088,11.49235091609213,4.191596024974731,3.7420205358280327
113,13,EI,16,55,3.5708330963031996,4.465210857672519,8.022187990870421,3.676473744559804
113,13,EI,16,56,7.910477495552816,4.066467182448125,4.087414677782052,3.879866466002369
113,13,EI,16,57,11.648051724927656,11.75881803185415,3.975252430163078,3.748575304361239
113,13,EI,17,58,4.683944816764724,3.8073557306410093,8.573346071014592,3.6734375814913838
113,13,EI,17,59,7.950130321749683,4.237720120420691,4.208247604643949,3.862675036979283
113,13,EI,17,60,11.36230024560228,11.74542617864208,4.039913188504743,3.742858412163468
113,13,EI,18,61,7.620700054805663,3.879500251468497,4.302853866241958,3.8123723622448753
113,13,EI,18,62,3.8916223688357956,3.9868258975613013,8.341775640448562,3.8580014270041527
113,13,EI,18,63,11.583317103713817,11.653782569073233,4.177528753791726,3.753228070670337
113,13,EI,19,64,4.134622918200531,4.0810184708875425,8.085176845535816,3.884235180607453
113,13,EI,19,65,8.196615117757217,3.8217803140114732,4.176635308574899,3.844263447843424
113,13,EI,19,66,11.899751328030629,11.585551648618987,4.13376509660648,3.7439326910173425
113,13,EI,20,67,4.101432188050847,4.277248941235968,8.02635030777617,3.8657536568836415
113,13,EI,20,68,7.841350960627917,4.197037157086891,3.9755109714413854,3.86357295238611
113,13,EI,20,69,11.551391034832054,11.615579640628422,4.016489888077383,3.753944346703247
113,13,EI,21,70,4.210934097601221,4.021256617041983,8.401079529297535,3.8720530159586275
113,13,EI,21,71,7.972937124003509,4.004289953199043,4.301067882805462,3.8557419869986593
113,13,EI,21,72,11.517529328988292,11.681904462675384,3.953468331039905,3.745626442122999
113,13,EI,22,73,4.225353547124325,4.2247272828770015,8.243962652257853,3.8662325499649284
113,13,EI,22,74,8.114230451544383,3.989067371505218,3.9783131749127727,3.8741838596651714
113,13,EI,22,75,11.64376848884896,11.89066825561064,4.1840491589845215,3.741522696675288
113,13,EI,23,76,4.117794730163674,4.067956838689914,8.324848113192202,3.8836834575472534
113,13,EI,23,77,7.947270695998061,4.100830792679291,4.089936148534053,3.881588663651937
113,13,EI,23,78,11.721740004514217,11.724401860047497,3.9816135838026345,3.749364602941514
113,13,EI,24,79,4.008222914567658,4.033597161099298,8.184171256320635,3.8811326677337923
113,13,EI,24,80,7.856198430211568,4.2054379273309355,4.0963607378550595,3.8701280896713763
113,13,EI,24,81,11.618248263269438,11.536593684116422,4.100258655086345,3.7561391479297948
113,13,EI,25,82,4.0368864882559095,4.1917771418965994,8.022821098971775,3.8771374783770582
113,13,EI,25,83,7.749521785524946,4.106352990851317,4.17116372855091,3.86652297253124
113,13,EI,25,84,11.745102507698306,11.553111600259069,4.029720757148828,3.752938588008464
114,14,EI,0,0,12.464749783336671,5.414200002513849,10.541089583730823,3.0012571813564435
114,14,EI,0,1,12.901781799788917,9.61976221182247,8.225448132199709,2.8888108655283147
114,14,EI,0,2,11.4347013379679,10.744715739600606,7.00753130866278,3.1603273792175095
114,14,EI,0,3,8.586884072739705,11.194835401369675,0.9534587870879535,2.5143609602086032
114,14,EI,0,4,9.70314064063311,11.040857143436163,5.98138267691912,2.900458243782964
114,14,EI,0,5,7.607737954831852,3.43080941645436,9.75291271270783,3.1951801958958317
114,14,EI,0,6,14.5692639630101,4.480696270870219,6.942461839266503,2.4628633196975738
114,14,EI,0,7,13.374208500357161,8.271013159462559,6.321971101689447,2.5134740938298705
114,14,EI,0,8,10.024361187010985,0.4623034710469909,2.306946268288694,1.8110837812612608
114,14,EI,0,9,13.069850765261243,2.3735976614762926,0.44200258231388234,1.6465263535293826
114,14,EI,1,10,8.114906975313009,4.676661465757006,12.886488130973259,3.185771017631428
114,14,EI,1,11,12.650139200036506,11.695780486057663,10.239566667805748,3.1472630722512305
114,14,EI,1,12,7.644821742724469,4.5524841260746545,7.680666850935491,3.355496024390503
114,14,EI,2,13,6.711927177078078,5.80287658212921,6.755540721692475,2.5733118239157173
114,14,EI,2,14,10.995988394690066,8.794518661353385,13.380059407094375,2.783443491083922
114,14,EI,2,15,7.586598975754541,6.956989749775485,12.145948840929695,3.0449524579794174
114,14,EI,3,16,8.327170912945084,11.372328891245056,8.025783541923248,3.2339974207855002
114,14,EI,3,17,8.397168158309551,6.096840359274657,8.27895126937982,2.8802627430550474
114,14,EI,3,18,8.182432813854017,0.902633534441295,7.566014683557475,2.3923855480255853
114,14,EI,4,19,7.650587539387318,6.371283993383514,6.34958915872001,2.657396638802367
114,14,EI,4,20,7.650304672340393,14.516835223819434,1.3482610118533938,1.591941532929145
114,14,EI,4,21,7.650633365057551,14.900596865610504,12.959745796096714,1.9934926610251376
114,14,EI,5,22,4.321822003894296,8.408868747404501,7.618276942045971,3.444736327569993
114,14,EI,5,23,8.026127925774274,8.535807852235695,7.605806407313381,3.0819813738321664
114,14,EI,5,24,0.452609214874789,8.983271852475012,7.6329127588942605,2.324736060554197
114,14,EI,6,25,4.327366361455105,8.377749777213147,7.346541819638645,3.411173097887046
114,14,EI,6,26,7.645697841096301,4.161057103930481,9.783078922304373,3.413114261678676
114,14,EI,6,27,4.327977759369251,7.933430867083093,12.981771898433776,3.2667689208130564
114,14,EI,7,28,4.899018941119201,9.39864489464387,10.568413547511032,3.1855480376619063
114,14,EI,7,29,4.801308447460852,9.47876553174363,5.0595061846124745,3.2596242309605445
114,14,EI,7,30,7.704990533802227,11.124906812000486,14.946672114179433,2.273064813554099
114,14,EI,8,31,4.2609642683656554,8.79964513967115,12.661244312810256,3.3932860618213545
114,14,EI,8,32,4.275069705340512,8.743770222911026,6.3859545468452295,3.2478421675489617
114,14,EI,8,33,4.2377791670621585,8.647390420711899,0.7119138797178642,2.767682780853014
114,14,EI,9,34,4.757611587013138,8.299125098844277,9.561301777072327,3.2436255852057614
114,14,EI,9,35,8.323832194868505,4.320734917249814,8.502532844231228,3.466908683499205
114,14,EI,9,36,5.34739853086498,10.21180098870497,3.9035238986275416,3.352940895178918
114,14,EI,10,37,3.6347422724365486,8.16202332932615,10.639507955703479,3.4145994172350234
114,14,EI,10,38,8.139788982199947,4.416862446540467,9.187329252134587,3.400710401428093
114,14,EI,10,39,5.356459609939094,10.238693007840476,5.3534420702242915,2.889852815660418
114,14,EI,11,40,4.886614426259801,9.405602581754913,3.5099022841644203,3.3957351224144716
114,14,EI,11,41,8.916037643732002,3.9193043395266898,7.386836697396341,3.4017445285771255
114,14,EI,11,42,2.97179950377548,8.811127515571053,11.774422143232856,3.07454434219825
114,14,EI,12,43,3.7714521890822246,8.048367758609645,9.12687134272733,3.403553014418975
114,14,EI,12,44,5.153544458514004,10.314339736779752,2.644544168260326,2.7259861421432343
114,14,EI,12,45,8.260233887497579,4.081279289715643,7.391543168098668,3.4490551563153318
114,14,EI,13,46,5.406370167622965,10.120602754344352,0.626327201881372,2.241140723314718
114,14,EI,13,47,4.317823426941654,8.664228457911115,9.585534536359612,3.3966270278394823
114,14,EI,13,48,8.265927109973154,4.066545586154148,9.182109941193744,3.4538130728201857
114,14,EI,14,49,7.636655903773476,1.3137659302766265,6.555294015088723,2.220426955929869
114,14,EI,14,50,7.640473688124616,1.5065656151861933,14.346923042592548,1.6455949118676867
114,14,EI,14,51,7.636440269336713,2.359624453535039,0.34271646860100147,1.8460837875607399
114,14,EI,15,52,8.042918371076835,3.9234465368961935,8.279276793451174,3.487117434071102
114,14,EI,15,53,3.994757325416851,8.790132676830044,8.413984885861975,3.4711849594897735
114,14,EI,15,54,6.730217070316041,9.180283169047408,3.6773428080062316,3.2009400200112683
114,14,EI,16,55,5.598749632244119,8.824646892132135,12.89340012214311,2.7527935666521652
114,14,EI,16,56,4.55570478420411,9.253082324104648,4.0361694448214624,3.7280404070900426
114,14,EI,16,57,8.652770504682296,4.151513944278591,8.22669412794912,3.4861207256701126
114,14,EI,17,58,3.4755341181053145,8.7128932888894,4.240224371119528,3.665137350585172
114,14,EI,17,59,7.3095352636942375,4.735604961789321,11.187498770179827,3.3511324088247045
114,14,EI,17,60,4.127945083940342,8.483214966392083,11.40646177881974,3.6147172178378493
114,14,EI,18,61,4.013612732030392,8.95521307867031,4.0720102732140875,3.848290499854806
114,14,EI,18,62,4.178044681905215,8.514733453310948,11.445060085131205,3.6124591651332643
114,14,EI,18,63,8.455525602515598,3.7432957052065285,8.525342354858935,3.426505221375919
114,14,EI,19,64,4.052729385318946,9.22637796250075,4.168875171881597,3.8303683483169175
114,14,EI,19,65,4.024279326559709,8.51322916691242,11.580733313998662,3.620024202095002
114,14,EI,19,66,8.200710118644858,4.148762547516184,8.235313222400142,3.5015511094721448
114,14,EI,20,67,4.116729931610546,8.516172175816052,4.309141520477089,3.8524088017494655
114,14,EI,20,68,4.05860416378112,8.651240549866932,11.641710430325686,3.6151411831988405
114,14,EI,20,69,8.345766183747397,4.147783523937998,8.160313262246783,3.499715601688326
114,14,EI,21,70,4.006847570898441,8.855823340616956,4.329546562431578,3.8249150447828058
114,14,EI,21,71,4.0368268958368585,8.490536386523612,11.541644430125512,3.6208084867748886
114,14,EI,21,72,8.097217385473964,4.199778984209461,7.959194142857027,3.492871635845259
114,14,EI,22,73,4.160763264048714,8.425960387399991,4.1035261843950215,3.8785172914339805
114,14,EI,22,74,4.086644593869141,8.331747624898075,11.835449558694641,3.6219907267452043
114,14,EI,22,75,8.51574461481152,4.162638451613086,8.100670570550076,3.49214768754549
114,14,EI,23,76,4.230313300532939,8.41767755587771,3.909313465073216,3.854225587028923
114,14,EI,23,77,3.986199314667398,8.271344008120629,11.525151576422177,3.622600432616723
114,14,EI,23,78,8.333092106175105,4.175150564143176,7.6762788727301725,3.47616377899157
114,14,EI,24,79,4.340788808205251,8.044308874505958,4.1627025379344165,3.8494141805468125
114,14,EI,24,80,4.051394929267563,8.339901616254824,11.520754430809209,3.625885286248967
114,14,EI,24,81,7.934000678961226,4.144729345960752,8.213452810614706,3.4970820673949112
114,14,EI,25,82,4.0820182973336765,8.236421288891963,4.079544958267901,3.8857288427786303
114,14,EI,25,83,4.06404230127261,8.53416370862519,11.745028947782256,3.619395789090439
114,14,EI,25,84,8.048616881393894,4.006281110901199,8.180090464952137,3.4989495740291447
115,15,EI,0,0,10.391150519477286,12.237256670040862,5.16610136689285,3.1472246934359482
115,15,EI,0,1,0.6725726353562822,8.573958855505964,2.193681400853963,1.8327668148490628
115,15,EI,0,2,10.781570653132068,5.180347561137596,6.855145134133069,2.994598567712395
115,15,EI,0,3,14.639068310852629,11.72199041658046,12.656850678959639,2.3224208257805428
115,15,EI,0,4,8.326715761122903,14.124320438788397,0.27488729062664696,1.6626617216630144
115,15,EI,0,5,13.337758588377918,5.846377250248704,3.4761019182572106,2.7232939621748398
115,15,EI,0,6,8.015913408800413,14.170354179791348,4.964974662061009,2.483581355773995
115,15,EI,0,7,13.629317716330378,7.009974187576284,14.509316471830967,1.682901879258382
115,15,EI,0,8,11.463404750987774,11.750307714958112,5.422912243961154,3.2443988319179664
115,15,EI,0,9,8.816819853202484,3.72823739238798,12.002079750194575,3.51255012632752
115,15,EI,1,10,8.370120182108568,4.781406310757624,11.744577376515775,3.419237174669859
115,15,EI,1,11,8.328634158091134,14.116559772882802,11.736277623208045,2.5459122911321765
115,15,EI,1,12,11.511770060342354,14.60061860476178,5.343005159385052,2.305524807839405
115,15,EI,2,13,5.2960713778483,2.6693153922059527,11.68692782547801,2.8293967081088276
115,15,EI,2,14,14.322461710695057,2.8171221932534833,11.65784922734747,2.2290908956927242
115,15,EI,2,15,11.718235778710865,9.560253120655945,5.11145211461765,3.1926965588014795
115,15,EI,3,16,8.794723389358,3.6037778979632855,11.60239197275689,3.484775997401491
115,15,EI,3,17,10.249009483041213,10.870896225009009,6.219067706693942,2.9095813654718117
115,15,EI,3,18,10.146799202904077,4.227304007888619,5.152799718730978,3.43997384453545
115,15,EI,4,19,8.35191204140224,4.068886677397445,9.958894995910299,3.4446606143105396
115,15,EI,4,20,8.815302208084299,3.970135063048586,3.650018386557466,3.7529047600562273
115,15,EI,4,21,13.422878288405817,11.405114867110612,3.812457870405255,3.1759757192527585
115,15,EI,5,22,8.241041539434447,3.903721001779,2.690425690448768,3.1541571342561294
115,15,EI,5,23,8.393435169773369,3.9152950829490356,14.54559165511942,2.6518405173735324
115,15,EI,5,24,12.450057144694096,9.471420758010957,3.00708462765329,2.9402966026578863
115,15,EI,6,25,9.072615767781182,4.32888640599376,4.213520318763239,3.80603712624573
115,15,EI,6,26,9.251777397880717,4.500674951566126,12.375257666745842,3.3924495854029306
115,15,EI,6,27,11.258570385688287,10.810422266064405,4.596187369512481,3.5330797624830006
115,15,EI,7,28,8.696001558067225,3.3366338837000056,4.322359612207028,3.56467665758992
115,15,EI,7,29,10.543278793392338,10.84213290958256,4.208750822922193,3.5491959817117946
115,15,EI,7,30,8.834263252576655,3.4784013905497546,12.10437750365423,3.3752132390897285
115,15,EI,8,31,8.54545434256875,4.113949469867347,4.014375651430488,3.8731578081257436
115,15,EI,8,32,4.292927134923538,4.026337459905812,4.381037591213604,4.201875441625781
115,15,EI,8,33,7.259752261480575,4.187137983444281,11.535514120295534,3.5505729512536566
115,15,EI,9,34,3.014516207707374,4.233156263461301,4.186193523321232,3.7544284940325285
115,15,EI,9,35,7.426410277781762,3.9950156839636857,4.0428520084513515,3.8309148581903485
115,15,EI,9,36,9.884800341013797,4.137107446668886,11.279617032874299,3.550102483436384
115,15,EI,10,37,4.59133610066699,3.972493888297668,5.193783921451667,3.730841258037163
115,15,EI,10,38,9.180302913999524,3.8872228655053753,4.321587579900435,3.787874564435839
115,15,EI,10,39,8.60635276599406,4.2286570768403235,11.286066214433253,3.5890953580026794
115,15,EI,11,40,4.429113126182226,3.9304697240157305,3.8475170181946576,4.166919422769209
115,15,EI,11,41,9.00852151905425,4.179783083315393,4.169520241984491,3.8399310668302107
115,15,EI,11,42,8.11544681180728,4.1494546038285804,11.743210699145271,3.6266370325940125
115,15,EI,12,43,4.907260153762723,4.16536912357016,4.120337470915016,3.994261457653337
115,15,EI,12,44,9.459284043620741,3.913676993121941,4.0533252093678085,3.807577933840599
115,15,EI,12,45,8.013083252182556,4.187917631472112,11.8085588005166,3.618254553564852
115,15,EI,13,46,3.7425257884127845,3.2533101373759936,4.331122489797735,3.8441687153797
115,15,EI,13,47,8.27013319587229,4.177354900622989,3.981747811829583,3.875206035409505
115,15,EI,13,48,8.613051784137312,4.056055401812154,11.686292011672878,3.616770713389065
115,15,EI,14,49,4.04556906202864,3.929442001015102,4.14858506926471,4.252070068305003
115,15,EI,14,50,8.549581786504659,4.190796719373377,4.418286100885469,3.816651945958538
115,15,EI,14,51,8.097329610441014,4.1299715840308835,11.609562148395758,3.6293304886731437
115,15,EI,15,52,4.077660435915568,3.809003841966805,4.074420666177083,4.226831259964326
115,15,EI,15,53,8.566142019022655,4.0027957212586145,4.1572451742012815,3.8689998894236934
115,15,EI,15,54,8.186251852494017,3.9994752182355855,11.708557235082624,3.6258356695980662
115,15,EI,16,55,4.107876511680184,3.9147462295366653,4.035356047651297,4.25067618229665
115,15,EI,16,56,8.636546962151579,4.131456058947124,4.133672605556589,3.8695218624530403
115,15,EI,16,57,8.33902034139101,4.190836462546602,11.551898006768807,3.6221192080305444
115,15,EI,17,58,4.174321606097632,3.923160105153394,4.043724442982862,4.2489328737310545
115,15,EI,17,59,8.795583914710521,4.138293885910199,4.31830019619016,3.8336401048665834
115,15,EI,17,60,7.87521081643307,4.049417668664559,11.63775130469862,3.6224013599647336
115,15,EI,18,61,3.897504421616362,4.185072299787269,4.269473693979488,4.227163572638448
115,15,EI,18,62,8.526156322957256,3.929369256455316,4.058049161798633,3.863438103406719
115,15,EI,18,63,8.076777987619083,4.1488744304625165,11.636379539915868,3.6281387143090074
115,15,EI,19,64,3.8682649842338526,4.088019604506864,3.6955423549079036,4.161579473946087
115,15,EI,19,65,8.475530031871175,4.219036466533035,4.157181353126242,3.8680963322407464
115,15,EI,19,66,8.20258960608824,4.135896068295823,11.86039192811746,3.6206732477776984
115,15,EI,20,67,3.865006932595936,3.940205092324361,4.0245697758875,4.228114247400582
115,15,EI,20,68,8.382285118241837,4.154638015195907,4.074933896475322,3.880434338858185
115,15,EI,20,69,8.08948453135088,4.106056181562875,11.716347301647811,3.6290146842564965
115,15,EI,21,70,4.1021084119975555,4.250985769010861,3.992055130755907,4.249632538469409
115,15,EI,21,71,8.859272519097598,4.124618252738588,4.1589580338742484,3.854408013984766
115,15,EI,21,72,8.059335053661814,4.093771202848159,11.461694215622657,3.624774611175966
115,15,EI,22,73,3.9491524062588197,4.085718102959571,4.121724637456838,4.257470762275371
115,15,EI,22,74,8.425942997792292,4.222835981709942,4.15144264833143,3.8698780375957726
115,15,EI,22,75,8.297353596035341,4.167895332902848,11.88053465302775,3.615719664808641
115,15,EI,23,76,3.9315254622370173,4.1147012067827085,4.209930892116435,4.2471910890100535
115,15,EI,23,77,8.449002398605415,4.041112710352809,3.9314728668434435,3.8663759017129387
115,15,EI,23,78,7.981810381405291,4.045955037329238,11.5728159354248,3.6261170438679287
115,15,EI,24,79,3.888945621277383,4.059619687140557,4.267042434325963,4.230329188159741
115,15,EI,24,80,8.220541170739939,4.219520560561147,4.291653662619471,3.8557244543524094
115,15,EI,24,81,12.369482093520313,2.907290451053153,4.030672847486995,3.337280584211304
115,15,EI,25,82,4.16844478943388,4.030877036427643,3.9609058806139337,4.254625770351696
115,15,EI,25,83,8.565165818845008,4.203944141435298,4.2688686931717905,3.8516032188664573
115,15,EI,25,84,8.31861444080655,4.087570721341874,11.514232018896887,3.62682842845112
116,16,EI,0,0,8.503752583190476,6.461162182352783,1.411107381922868,2.227543569383063
116,16,EI,0,1,5.221193256539932,9.32263557571019,0.3248250477406578,2.2736883457963146
116,16,EI,0,2,13.119485669183065,12.810742972904134,0.6645632368242721,2.0134547539218595
116,16,EI,0,3,12.036314442988562,2.771927422302729,10.434358723478912,2.9278455309809552
116,16,EI,0,4,2.3250038229850007,10.374296339748998,14.379507465966306,1.7994402164774892
116,16,EI,0,5,14.774774816249215,9.949429004898004,2.4538224348335542,1.7177907535015349
116,16,EI,0,6,5.923659709135047,4.169928189673522,14.335045429197878,2.4961186781546965
116,16,EI,0,7,4.49017595249607,8.416154920894945,6.110479427991566,3.1845850965477833
116,16,EI,0,8,2.080913262011364,5.771122677982829,11.541225807430717,2.435136983607115
116,16,EI,0,9,6.203990361965557,10.189718808872792,8.727808147443787,2.829437336895726
116,16,EI,1,10,3.6500433529196235,6.831669314004978,6.485974156555667,3.051792755397397
116,16,EI,1,11,7.450031286130791,3.1207940562189425,8.172195899008269,3.034310405393021
116,16,EI,1,12,3.121965238902267,11.49556152498817,6.103041004312008,2.968638710326533
116,16,EI,2,13,6.736372208897325,8.106583220682031,6.283987659455763,2.7294983957308214
116,16,EI,2,14,6.7701541323714896,2.9194557141714856,6.269334124139958,2.5527357125790813
116,16,EI,2,15,6.791103516267862,14.500938409975406,6.265862015148728,1.917380177680537
116,16,EI,3,16,13.569570623301463,7.551386706569925,6.112989339497657,2.3772750212069136
116,16,EI,3,17,4.519431120006894,7.552479102313711,6.113174096252625,3.143841104173265
116,16,EI,3,18,9.65308373348677,3.216836866802981,6.112271769625532,2.846480526414741
116,16,EI,4,19,8.729351891050568,3.156569622568784,9.588961170100388,3.0215663716631527
116,16,EI,4,20,4.315699223554373,8.65370315536009,7.049837398871336,3.353682785628297
116,16,EI,4,21,8.810533635509627,8.373188060881144,11.193212995243316,3.191711063446294
116,16,EI,5,22,4.265939177895569,8.550039126935623,7.049820463494161,3.369286723383002
116,16,EI,5,23,3.800219936760227,13.79173463794259,7.04961053223681,2.7802271637178553
116,16,EI,5,24,5.081028696440176,2.4075283598551938,7.04875294491296,2.555066453639101
116,16,EI,6,25,4.366386798247668,8.005671620386257,8.023301092783932,3.4605576838782137
116,16,EI,6,26,9.056717672751889,7.7464631607816,11.24576441640426,3.1683215844074963
116,16,EI,6,27,6.871349588481831,3.1154807625072847,9.195874788428336,2.8868828941534512
116,16,EI,7,28,4.254546559929397,8.243355709277068,8.214881829710821,3.4890402675543917
116,16,EI,7,29,9.913099368466302,3.134327797216505,8.237063867938419,3.031055739911445
116,16,EI,7,30,9.172172854178486,8.735267443420842,11.597973234873038,3.17951582633902
116,16,EI,8,31,4.234295090488498,7.967468333513957,9.534372757236538,3.4255803704323258
116,16,EI,8,32,7.924730973730531,4.437612470168892,10.237314279741456,3.4038887109102074
116,16,EI,8,33,9.1225553717034,9.214443141896961,11.942473907298696,3.135124620888453
116,16,EI,9,34,4.01918432654986,8.015977453335797,8.518685919383493,3.4907650136938786
116,16,EI,9,35,10.14421726645779,9.525081186133285,10.21331649410952,2.978000324711493
116,16,EI,9,36,7.642528899970452,5.080683787982073,10.792555948113131,3.162322650059837
116,16,EI,10,37,8.716431039422593,4.799265690671401,8.660285684759474,3.2532138768303516
116,16,EI,10,38,3.7162960180093902,8.364751594485387,8.489716131285732,3.4210914978330176
116,16,EI,10,39,12.578270175697066,4.331502204775343,12.062110210581702,3.526758810504683
116,16,EI,11,40,12.763998074553676,5.11941506743374,12.945869946548843,2.8291835362130855
116,16,EI,11,41,4.143661149174288,8.009453116453864,8.399054920619664,3.4961500799234964
116,16,EI,11,42,8.050501646037004,4.382172748005922,9.979125895190899,3.403778416783014
116,16,EI,12,43,11.865581583436466,4.2136650357469305,10.595968330677223,3.624879117184679
116,16,EI,12,44,4.1636295259556775,7.995350762361102,8.698524063188858,3.4800459090172433
116,16,EI,12,45,7.5684316066619015,4.140530461844127,7.727498846544314,3.452478382190834
116,16,EI,13,46,12.169981090191287,4.069468300822859,11.169533922433315,3.6728815630724494
116,16,EI,13,47,4.10668283966266,8.170210921293238,8.234378818781245,3.5033631313697855
116,16,EI,13,48,7.574498068865305,4.31162838189411,8.743414107119072,3.4257655122543724
116,16,EI,14,49,12.221356964425935,3.9582765291559707,11.82316614365044,3.6786301643604604
116,16,EI,14,50,4.188501244115664,8.169704190093821,8.155383258182376,3.4985164922042777
116,16,EI,14,51,7.698960110105188,4.262600554528087,6.772167555315151,3.310384849825836
116,16,EI,15,52,11.940505509601271,4.003245127884436,11.14199962640819,3.7022685016881516
116,16,EI,15,53,7.402440421489805,4.058951213233685,8.44935537081035,3.445165517366144
116,16,EI,15,54,4.210105870892534,8.126077790491053,8.342380504238678,3.493746845820672
116,16,EI,16,55,10.285811438046736,4.083018822436729,11.609651036688703,3.601545883334147
116,16,EI,16,56,3.613580558609182,8.214377464694962,7.836712955209691,3.3767194529508737
116,16,EI,16,57,6.481705603679332,4.205316835978815,7.840692109656199,3.2820963575318336
116,16,EI,17,58,11.494677373770754,4.033311371467537,11.749556711812133,3.7508352681359227
116,16,EI,17,59,4.146442397548173,8.08637489456417,8.420105772603414,3.496927888353252
116,16,EI,17,60,7.497300958198751,4.123680139827077,8.271260607719352,3.4618751075898815
116,16,EI,18,61,11.31892461904779,4.004356346067021,12.056353786165687,3.7061236433923677
116,16,EI,18,62,4.2192108678577585,8.171820715403548,8.322423187883492,3.4932280920775933
116,16,EI,18,63,7.75289360892433,4.153966221686449,8.23395182635429,3.485770701255136
116,16,EI,19,64,11.604720571541717,3.9923817519151594,11.420469880566007,3.745429640049496
116,16,EI,19,65,4.217932252380959,8.191730422658484,8.279490406714645,3.49419629031401
116,16,EI,19,66,8.006193610875124,3.924889645418739,7.92537779462796,3.4819696917730774
116,16,EI,20,67,11.448664334009326,4.214748042099197,11.547490805578455,3.7425481645042664
116,16,EI,20,68,8.14497928428142,4.052937106556923,8.030956717568666,3.501365003040446
116,16,EI,20,69,4.07187486437172,8.299312561801635,8.180982332267023,3.5024998715296705
116,16,EI,21,70,11.582506215000803,4.116988500600682,11.461910391995907,3.7520386962258705
116,16,EI,21,71,8.274913470374784,4.1291390451482215,8.050905723105403,3.5008759964945653
116,16,EI,21,72,4.054584045803924,8.04286164158444,8.112278172699549,3.5014515414728575
116,16,EI,22,73,11.56882302100987,4.001136980256277,11.49549559529502,3.7498907214168913
116,16,EI,22,74,4.153496362149963,8.244815407143923,8.451622566568012,3.4955910933273
116,16,EI,22,75,7.898909002282851,4.199097727956664,8.022119162221749,3.48892435275596
116,16,EI,23,76,11.703712218109258,4.026049653244611,11.61850267793236,3.755094203466426
116,16,EI,23,77,4.06203445886164,8.162334251625584,8.119061928070865,3.503196291672325
116,16,EI,23,78,8.155704148496,4.092724238471678,8.299127658542314,3.502597546113904
116,16,EI,24,79,11.525853392976753,4.011219185695339,11.770228888360188,3.7496621371003283
116,16,EI,24,80,8.112017449986414,4.085189257271501,8.103193749269623,3.5030634129446696
116,16,EI,24,81,4.09018361497378,8.006114877383723,8.414539417237835,3.4971695843625374
116,16,EI,25,82,11.806122112884433,4.206644087684428,11.567566499034506,3.74474871320397
116,16,EI,25,83,8.216089752640086,4.054478560336252,7.9781120321263765,3.4998311927038097
116,16,EI,25,84,4.155968620874076,8.06674986328938,8.052477394681443,3.49917142139794
117,17,EI,0,0,12.676121891968522,2.4145963675366042,8.366168210485382,2.5636567147546687
117,17,EI,0,1,5.521199124964069,3.224129453426526,5.787360563837977,2.779478723694631
117,17,EI,0,2,6.422467486404127,9.170146627484709,11.045788057699298,2.9394920817633023
117,17,EI,0,3,0.2293448489506733,3.810613706889589,9.062187818458952,2.6604248021489707
117,17,EI,0,4,1.2560504203071476,14.966455213844648,12.485191867510558,1.5067392787174776
117,17,EI,0,5,0.5516603650098723,8.513097197226669,9.140102055676552,2.3427492249636974
117,17,EI,0,6,0.10389869271402341,2.686258108698518,2.4738332028959356,1.56050358968349
117,17,EI,0,7,6.929368643007963,8.505054243409388,6.778638357557275,2.827209087869619
117,17,EI,0,8,13.796635201623943,12.223863103037363,6.017490817499124,2.3742668591068066
117,17,EI,0,9,3.047423346927461,5.374883077730401,12.930525543560506,2.7422084260140194
117,17,EI,1,10,6.586696000043379,9.002348588480462,12.466344119440278,2.891038076171739
117,17,EI,1,11,6.599713082521502,9.012466396425072,7.417763498441655,2.8451863258582453
117,17,EI,1,12,6.575539177271547,8.982596837019027,0.2827189858823681,2.1397750646378353
117,17,EI,2,13,6.41711237847336,2.543823687425954,10.432240943019183,2.4818624810789904
117,17,EI,2,14,8.32219051517867,8.080290429254788,10.616132451268385,3.1337299316952905
117,17,EI,2,15,11.026159575277248,4.1645287780820865,14.334782657194939,2.804705430711686
117,17,EI,3,16,8.344054039248942,11.493655798974585,10.668701665561594,3.2655488514228166
117,17,EI,3,17,8.268424487533538,4.86874118879609,10.626815172213659,3.2685699998806395
117,17,EI,3,18,6.662439666778152,0.4132179769574401,7.130222665108144,2.111315205877514
117,17,EI,4,19,8.824428432402694,5.487566936148916,8.25117745144223,2.948989232112661
117,17,EI,4,20,8.787541641201193,11.088472807584111,11.247627468180973,3.2872587801398008
117,17,EI,4,21,10.646559510560758,5.932348691718565,13.429885632777031,2.499094882828866
117,17,EI,5,22,8.142651270208596,3.2902697906139418,10.662093392153507,3.2190061173914657
117,17,EI,5,23,8.073370591037536,13.672113798808775,10.65969784692155,2.62239682948609
117,17,EI,5,24,6.5476115531779415,8.684825888133732,7.426079887879908,2.859434718890785
117,17,EI,6,25,8.464080444779714,10.491669321207619,10.738529155986656,3.1452460312889885
117,17,EI,6,26,8.618589339443856,3.76615763876488,12.135426544404387,3.516186827300074
117,17,EI,6,27,6.680219324474296,5.645933257867205,7.671198864228702,2.735506136588276
117,17,EI,7,28,8.60273918667183,3.97077687280528,13.865412078702597,2.8818645909784144
117,17,EI,7,29,9.273636454750992,11.447386544978048,12.077514966925653,3.279795748681586
117,17,EI,7,30,8.825660049079406,4.082713126825245,8.822006118258232,3.451848871366672
117,17,EI,8,31,12.725356755899732,3.959865187565914,11.31527005292331,3.510924831488717
117,17,EI,8,32,7.506918356764189,3.9526434781418853,11.185087277075917,3.551909424148951
117,17,EI,8,33,10.186031015693795,4.169704027943424,6.939974595459104,3.3329499712769395
117,17,EI,9,34,9.612901917375712,3.937508241778141,11.474489510434031,3.5499832739407386
117,17,EI,9,35,12.924387988197676,4.247907544204366,7.83999167326893,3.3032338390945197
117,17,EI,9,36,14.713100815893009,3.514129677785804,12.62480965448646,2.405365583632978
117,17,EI,10,37,11.933591995551613,4.262974787747243,10.396463418172923,3.5831669829275743
117,17,EI,10,38,6.843312579995633,3.7738371828443764,11.995816929838485,3.4097156089494733
117,17,EI,10,39,8.745922832818923,11.35290877427505,11.500591001136895,3.3390743681339625
117,17,EI,11,40,12.299457453650499,4.118837788298571,10.692749894239503,3.573572986254876
117,17,EI,11,41,6.963180908054833,4.060838379689912,11.449166686043142,3.50111648154391
117,17,EI,11,42,7.470850989039884,11.47127170804577,11.97510552378246,3.306527455627351
117,17,EI,12,43,12.228111123246153,4.466045752097212,10.889059176515572,3.5515890823366147
117,17,EI,12,44,6.950152437477435,4.224273422551003,10.409054072886258,3.3537968193411682
117,17,EI,12,45,8.522641007360466,11.496798886059201,11.83752755831705,3.3566880623623447
117,17,EI,13,46,8.341852899625033,3.960848625738235,11.191579614768614,3.591126922046998
117,17,EI,13,47,12.312191995643493,4.478511990675227,8.447900022270296,3.4651115302345388
117,17,EI,13,48,8.109416269088952,11.487008446226605,11.793368731170755,3.367342930213921
117,17,EI,14,49,8.222092019773122,4.0515793188823785,11.45683277923371,3.624765307915016
117,17,EI,14,50,12.314703872410677,4.323540544183544,8.932105470630301,3.4827113403279064
117,17,EI,14,51,8.131960114956382,11.57217043114016,11.564361053747406,3.3739578346686545
117,17,EI,15,52,8.30274572766501,4.063955317008737,11.580085545272802,3.628788482687886
117,17,EI,15,53,12.579203774446391,4.46898282617699,9.40775142807748,3.3320982728607897
117,17,EI,15,54,8.260064063027462,11.69900944944509,11.491231400681235,3.370999496988367
117,17,EI,16,55,11.106280282119357,4.1527718650922525,8.547850074890897,3.5791472373903996
117,17,EI,16,56,7.865990957758124,4.103655428609474,11.755636166356146,3.6200957592449408
117,17,EI,16,57,12.865556160264667,4.328733148209684,12.36911170821458,3.3474580513666305
117,17,EI,17,58,11.408787517932558,4.160186167488488,11.34135439027071,3.733344532689652
117,17,EI,17,59,10.986045554638185,4.431403063297797,7.2785183587972755,3.445685484178518
117,17,EI,17,60,6.404564988110064,4.143544238247434,11.733260369389424,3.412672145261248
117,17,EI,18,61,11.764075873774056,4.175029130141834,11.704799942632995,3.7503572623499255
117,17,EI,18,62,11.05874183491073,4.113514100133772,7.65874466891375,3.561028561709425
117,17,EI,18,63,6.811637731445661,4.112648536730205,11.740827020972844,3.4777676091681182
117,17,EI,19,64,11.563999434398111,4.107213244180353,11.649170762163564,3.7568397264838254
117,17,EI,19,65,10.929130489899773,4.064602870595009,7.730346975598936,3.5485240638969833
117,17,EI,19,66,6.624531516144699,4.304073199464009,11.472853015070312,3.419484927514613
117,17,EI,20,67,11.440036047363899,3.943023766252851,11.933533906918134,3.7245536754281696
117,17,EI,20,68,11.676471572551938,3.995471519334867,7.970789170022442,3.622555921540845
117,17,EI,20,69,6.546344969975957,4.127266100891535,11.864476075525802,3.4252462481510735
117,17,EI,21,70,11.2118276990268,4.1573655011061295,11.823473612537402,3.7225401576800685
117,17,EI,21,71,11.404161646535945,4.120828804042339,7.948457523942719,3.617350273073058
117,17,EI,21,72,6.345907796931267,3.989566316123794,11.755474757583825,3.4016993503252317
117,17,EI,22,73,11.585922458565154,3.9757756992827438,11.48317942179873,3.7469605817049167
117,17,EI,22,74,11.60881527068121,4.171197484228061,7.632372733603654,3.601261357218577
117,17,EI,22,75,6.815242617188763,4.189560186200859,11.761759566673216,3.4725017049381743
117,17,EI,23,76,11.743702910594028,4.128591435121388,11.693522594460797,3.754541437287145
117,17,EI,23,77,11.818487338291927,4.0127504210806535,7.796591881398905,3.6096352088201216
117,17,EI,23,78,6.9413845111598125,4.231896954922912,11.387908107125261,3.4827637546483414
117,17,EI,24,79,11.907745364265365,4.099249165386803,11.33852449015159,3.730796288731316
117,17,EI,24,80,11.72427115841257,4.002261050381472,7.46799122769888,3.5815074981496915
117,17,EI,24,81,7.163893553979524,4.232485473363038,11.664995913509557,3.531073842318718
117,17,EI,25,82,11.665807745578812,4.135241689306818,11.721594082615137,3.755390808255605
117,17,EI,25,83,11.675177156923308,3.8989835690447454,7.868413942215158,3.603556017255274
117,17,EI,25,84,6.895370806104076,3.9084087830975496,11.494473771983795,3.4745197061228286
118,18,EI,0,0,5.989586538263591,10.761220189323241,4.212349920540051,3.2970055466536135
118,18,EI,0,1,1.2408737699717447,14.546569789392896,8.45890118051928,1.5993581159881853
118,18,EI,0,2,9.664814432268697,8.653071952539136,7.130414545949041,2.9470033720550486
118,18,EI,0,3,1.836029847717855,4.703941818348271,11.04312874027488,2.767357707086912
118,18,EI,0,4,13.610835495724974,13.329029177645817,14.224813228049129,1.530264787535835
118,18,EI,0,5,0.3810588205746557,11.070578777986816,10.08900114852732,2.413648156697696
118,18,EI,0,6,9.377814607335326,9.564362818695985,1.8940633729780099,2.361491498316816
118,18,EI,0,7,9.392491665246641,11.806377160291449,0.11101558986839566,2.4084756207050915
118,18,EI,0,8,13.815657408215623,1.9594676611959227,5.635591090842819,1.727352190792002
118,18,EI,0,9,8.2604782032736,9.123831657327319,8.241429132646836,3.075021188552314
118,18,EI,1,10,5.989574842312642,1.0401937799286654,4.589699439992751,2.4608010973507466
118,18,EI,1,11,5.989402173369978,12.232816541304768,14.945281549408888,2.0277418606061204
118,18,EI,1,12,5.989284132304681,8.830261376624112,5.757835415444466,2.647763332392519
118,18,EI,2,13,6.241601441616385,10.807266387427692,4.479314079654842,3.2423439423093603
118,18,EI,2,14,12.839010243349534,10.802670707805747,4.736339209472615,3.220780345571697
118,18,EI,2,15,0.07931991662409821,10.747164355439448,6.2505792896165815,2.1462279734845424
118,18,EI,3,16,14.4829277418069,10.751863797870772,3.98705842283488,2.717800495177638
118,18,EI,3,17,7.456103566852769,10.854851689477032,4.10265921841578,3.5090328241339868
118,18,EI,3,18,0.6846643303018707,10.832442678001366,4.014812481316442,2.8368182877588084
118,18,EI,4,19,8.98354038434881,11.531451636761874,4.132505560072398,3.5913901399169728
118,18,EI,4,20,8.972361126747032,8.046083593951488,8.729022790777286,3.0643962151395567
118,18,EI,4,21,1.8938683299642434,11.927606721149196,3.206035646241187,2.61479677460823
118,18,EI,5,22,9.25918279824553,11.319806873182946,4.145469786981023,3.5602651177844975
118,18,EI,5,23,6.68948328994,6.6015361469931,3.9169646912772293,3.1289833000320675
118,18,EI,5,24,9.694953290314032,8.319791171824566,8.717314217278755,3.03618866777159
118,18,EI,6,25,8.944109243919566,14.25690206167545,4.119737544535899,2.7217549794995533
118,18,EI,6,26,7.396542187939465,9.517885077863548,3.6100678100899537,3.2683314695683423
118,18,EI,6,27,14.887714798253796,12.560485874162001,5.448129043770454,2.0457116455510946
118,18,EI,7,28,8.001599391898884,11.714150476354336,4.044160575545145,3.626313968112222
118,18,EI,7,29,13.872783455270158,9.33563998827589,5.328359569582274,2.3712825036058325
118,18,EI,7,30,6.139956531865641,7.014704130291266,3.6419392291373667,3.049433785566951
118,18,EI,8,31,7.6536334287283525,11.68794508517989,3.8114050408857896,3.56595228541336
118,18,EI,8,32,7.608351968572908,5.905601289404769,4.191447774505292,3.2397103170223644
118,18,EI,8,33,8.795657967118265,8.963791319346665,8.549325495018216,3.052255501083101
118,18,EI,9,34,7.656619039911699,11.874687376173952,4.201951961545481,3.590398986952165
118,18,EI,9,35,8.854695226468806,5.572347786351757,4.18265844002779,3.2997681214372756
118,18,EI,9,36,7.487686835838773,7.961835755497339,8.304704774826336,3.074713249942065
118,18,EI,10,37,8.337938697447086,11.819925016922468,4.1270923257663,3.622112761328026
118,18,EI,10,38,9.733332372240005,5.539278699553708,3.990987413057147,3.2726319089655784
118,18,EI,10,39,7.9339985464480565,8.516055056106296,8.260343230279997,3.107762658401767
118,18,EI,11,40,8.267803222431628,11.552353413349168,4.1727662821416684,3.62526686313669
118,18,EI,11,41,8.5917489713795,5.956806466705114,3.9041334871494753,3.23998169357277
118,18,EI,11,42,8.713478577447331,8.084412915149784,8.24194835045117,3.1015734027211854
118,18,EI,12,43,8.168072068260097,12.009395509438194,4.193568526506472,3.59958086831862
118,18,EI,12,44,9.06419869218633,5.392906515531653,4.527148920693911,3.2564781997603225
118,18,EI,12,45,3.7529657170240283,9.160954246186193,3.8862702603456993,3.7571225133698727
118,18,EI,13,46,2.947004270248705,8.770363246727852,3.9377468822127026,3.306431012306178
118,18,EI,13,47,8.36566383509654,11.411303496794606,4.06716895661831,3.619804724397373
118,18,EI,13,48,9.182110766177509,4.76423883147672,3.916389708667488,3.6229859323624702
118,18,EI,14,49,9.326762989527257,3.315656569958458,3.4231764039022683,3.3190222434039134
118,18,EI,14,50,4.338486498149626,9.926862526160336,3.6078592824261024,3.676222975557936
118,18,EI,14,51,11.59991722286603,11.583853901794079,4.261216199719601,3.741798042854887
118,18,EI,15,52,4.006436263583046,9.515376433994808,3.9557333353299287,3.8101103469206334
118,18,EI,15,53,11.53405381713673,11.626590923050214,3.929312398466464,3.742775904261551
118,18,EI,15,54,8.9122516988733,4.396542857058033,3.668484006392985,3.714484171862381
118,18,EI,16,55,4.248334348954639,9.388447871677066,3.952111102539606,3.803719398844958
118,18,EI,16,56,11.678415842254477,11.700935070285249,4.08222285890064,3.7569349427417693
118,18,EI,16,57,8.354154498244446,4.4385282462873015,3.2437384431649203,3.4855477054835555
118,18,EI,17,58,8.679006939949856,3.959310739119011,4.114127894815448,3.860008348345298
118,18,EI,17,59,4.253959564777794,9.519463768524252,3.752046243638996,3.7489278869258444
118,18,EI,17,60,11.68970835222166,11.820590157563592,4.032999745969649,3.749879514966496
118,18,EI,18,61,8.260026310151584,3.445602577815607,4.213869386624411,3.6697219942270753
118,18,EI,18,62,3.957237870205235,9.441475915373104,4.114246166456744,3.815479001646175
118,18,EI,18,63,11.615403336020833,11.601420791068175,4.0879277845289845,3.7576593021989044
118,18,EI,19,64,8.711407791339424,4.049694057888014,4.28434677819488,3.8467092713198934
118,18,EI,19,65,4.228562216415705,9.066180011845015,4.297892300020428,3.8113213962355106
118,18,EI,19,66,11.591260401623414,11.510225344346875,4.143635582646222,3.753324855703962
118,18,EI,20,67,8.480963091757213,4.0664376979073715,4.252773517260295,3.865051120575983
118,18,EI,20,68,4.068824931662316,9.112923568174457,4.292949042495832,3.8194365227190983
118,18,EI,20,69,11.905041461154102,11.493147951789716,3.987035314594969,3.736163416480861
118,18,EI,21,70,8.272200327278073,3.9952899100176986,4.1598806777228825,3.8780757532763714
118,18,EI,21,71,4.033998867149036,9.306030898555772,4.169045424451144,3.8253859843389315
118,18,EI,21,72,11.707616179308634,11.743512494516878,3.982612860050293,3.74920785435987
118,18,EI,22,73,8.353902212831551,4.126387290543484,4.123995526082589,3.8821926524969976
118,18,EI,22,74,4.013757567305122,9.429763272919653,4.021361510471179,3.8200483418994997
118,18,EI,22,75,11.807426009601393,11.681186615774736,4.193496462520913,3.7466608711339457
118,18,EI,23,76,8.180610291435098,4.1344668686833295,4.088933580252637,3.8849355442738656
118,18,EI,23,77,4.022694529211764,9.4125146387343,4.02578458548022,3.8216101741856523
118,18,EI,23,78,11.535158096284627,11.636437918256615,4.002901902762286,3.7523921016551665
118,18,EI,24,79,8.308701521591628,4.158043568899315,4.0001665850180785,3.8780407254898828
118,18,EI,24,80,4.170608626348205,9.46088368621817,4.223405073029394,3.8112567104044883
118,18,EI,24,81,11.54387960735825,11.570191699378912,4.203048181567226,3.7488704842130565
118,18,EI,25,82,7.962208186770777,4.2211179939382,4.145273115135735,3.87132531925752
118,18,EI,25,83,4.114118218424918,9.209667950284103,4.166023859894321,3.8318226253503993
118,18,EI,25,84,11.589913257412928,11.684308703416415,4.125868137013279,3.756436422387689
119,19,EI,0,0,6.305681935938913,13.888040172250555,4.108049818474232,2.6667593984216253
119,19,EI,0,1,0.9007290618378999,4.658151874696679,10.772778868081154,2.6977715734370045
119,19,EI,0,2,11.714483726522747,8.080497541193894,4.674981267357308,3.4735398894929705
119,19,EI,0,3,13.745245940837243,13.921132672794862,6.547814635592413,1.7502031266539664
119,19,EI,0,4,6.145389036232025,9.198678387418612,10.704195981108837,2.8636187333511276
119,19,EI,0,5,9.301767698495787,6.4944310457420436,6.628471311678256,2.680347383678167
119,19,EI,0,6,9.689926701613219,13.767956833009872,0.7193523304631838,1.786976138355374
119,19,EI,0,7,1.3446551785219574,11.423146624157338,6.895460301899329,2.424843286518883
119,19,EI,0,8,11.65729857134558,8.090895484786092,6.927930221033626,3.1179661960115848
119,19,EI,0,9,14.312621568202283,5.525663417646697,9.705218274721009,2.133615303528225
119,19,EI,1,10,11.735844524878882,6.570754450065857,4.119983844592995,3.436848559284343
119,19,EI,1,11,11.73605880705772,10.41852054523406,8.935054907514461,3.2004002311103674
119,19,EI,1,12,11.735640060758245,4.246008502185944,9.702265294178178,3.5517725997507994
119,19,EI,2,13,11.71453811153299,14.228979148716157,1.709699404134481,1.8484231247056198
119,19,EI,2,14,11.714587877871585,8.593294010088156,12.699841738279105,3.150088868769878
119,19,EI,2,15,11.735820699092866,2.4691144828843905,2.6489092538809507,2.437829427143934
119,19,EI,3,16,11.692934075444645,5.118954143521949,10.618174726898001,3.2684995961908254
119,19,EI,3,17,11.667538553434094,10.857782042284137,10.566429615205031,3.3071619597969404
119,19,EI,3,18,11.693308222674357,7.642635235904774,4.538674981788619,3.5087127958259154
119,19,EI,4,19,11.176673689448746,4.458919727031928,4.47027113020572,3.843775157179702
119,19,EI,4,20,11.091329122437136,10.813920019974498,4.510828449399567,3.547885559329367
119,19,EI,4,21,11.43558977265046,4.133856849878471,9.832758322033147,3.5612651666951773
119,19,EI,5,22,10.948503996817392,1.3109337679925153,4.885447308888969,2.628102159162075
119,19,EI,5,23,10.853961662824945,6.996776191194915,4.589882247703457,3.3192388778233513
119,19,EI,5,24,11.424215049086635,3.9924714342375047,9.386430484372752,3.559609227131329
119,19,EI,6,25,11.088818054026046,4.594174211747453,4.7830875627529625,3.6439368033392436
119,19,EI,6,26,11.950047772995987,7.8047116235054546,0.5113259663411079,2.49079059608069
119,19,EI,6,27,10.829034369241365,4.442972757634961,9.82624633073704,3.426710025877253
119,19,EI,7,28,11.525303312028141,4.228257456254748,3.3985047687310637,3.764663259446608
119,19,EI,7,29,12.396726202004352,3.841359322378503,9.405407743241822,3.429224371332644
119,19,EI,7,30,10.971073488880513,10.645631171799824,4.263919150188509,3.575300859512187
119,19,EI,8,31,11.162738372951818,4.216709511569927,4.051345224227032,3.9712963009460167
119,19,EI,8,32,10.584564355725595,10.637462712664597,4.09798058432972,3.531410008599104
119,19,EI,8,33,11.530086814299342,3.756188010353778,9.857710134771738,3.5095523522058167
119,19,EI,9,34,11.106292833362307,4.1181855894682595,4.168337894442734,3.969547606639199
119,19,EI,9,35,11.722269801897896,10.452196631584883,4.143583664109594,3.619289792172551
119,19,EI,9,36,11.577649269910403,3.9703521366799293,9.628099471277404,3.55829678984787
119,19,EI,10,37,10.567807285830977,4.237161533124846,3.8792919935859693,3.85883723815906
119,19,EI,10,38,11.77611527065812,10.382742168185203,4.16001173161021,3.607043185361742
119,19,EI,10,39,11.641857127181154,4.187265936744573,9.56189152818657,3.5617455380760257
119,19,EI,11,40,11.478052357984897,4.20574936215223,4.112079475532765,4.001501251903409
119,19,EI,11,41,11.63864203270073,10.611376335716638,3.8871894177366375,3.6232728349672714
119,19,EI,11,42,11.513837246677008,3.9261814561246817,9.62176607215035,3.5498400778692316
119,19,EI,12,43,11.964539837113964,4.279131590031898,4.199452593102168,3.968344671649895
119,19,EI,12,44,11.590567141454143,10.719740931788984,3.9193700902080657,3.6456108664633557
119,19,EI,12,45,11.709710821164418,4.120097793853344,9.677303693638196,3.5647585783931506
119,19,EI,13,46,11.583543952720683,3.987790927177371,4.163144550151834,4.004367847252643
119,19,EI,13,47,12.038907669661098,11.129653002341255,4.044765103626748,3.6904622609954894
119,19,EI,13,48,11.663382852207887,4.056758637737325,9.998057540455548,3.5759270555417313
119,19,EI,14,49,11.592641411259402,4.06051915977594,4.131502738044607,4.011413038407475
119,19,EI,14,50,12.550406547411963,11.03630886211181,3.9318639707249274,3.5376708072758767
119,19,EI,14,51,12.294912697319312,4.148088240774084,11.776805086122273,3.6708524923278256
119,19,EI,15,52,11.760904519495899,3.945534745204652,4.218988275309367,3.990742423318063
119,19,EI,15,53,11.688434256698615,11.693170550442794,4.181595776175212,3.752374954722237
119,19,EI,15,54,11.983313659154009,4.190128691469109,11.340982882952613,3.716932739339234
119,19,EI,16,55,11.643197315802068,3.9820955615036797,4.167467653793319,4.003869843187753
119,19,EI,16,56,11.495764848024182,11.739747767159255,4.111721894157837,3.752541190078114
119,19,EI,16,57,11.656481609338897,4.0723633101011085,11.447194865510246,3.7519498901960775
119,19,EI,17,58,11.53969148670964,4.1271281479648065,4.097550636041763,4.010709758834566
119,19,EI,17,59,11.350486690036876,4.174662866630259,11.947808467970862,3.723631229652212
119,19,EI,17,60,11.635530792704614,11.751316866929294,4.195108432457512,3.749682488032949
119,19,EI,18,61,11.699536416175242,4.100348394230618,4.1294499581987,4.011476518643915
119,19,EI,18,62,11.521190076710429,3.941819974540699,11.678091363156554,3.744079510334699
119,19,EI,18,63,11.452050926424576,11.748093718928242,3.9753056128109447,3.743519281605229
119,19,EI,19,64,11.287405178967488,3.994254341208672,4.051799219041173,3.98917914990447
119,19,EI,19,65,11.687288823378582,4.034814849204845,11.518865034081951,3.7537187096896796
119,19,EI,19,66,11.834202834664158,11.737856173090485,4.184241367255185,3.744401396221906
119,19,EI,20,67,11.55528914811395,4.21577978320812,4.079290735521196,4.003505953991462
119,19,EI,20,68,11.528959231910697,3.9805572341943867,11.61993639224187,3.749839288355008
119,19,EI,20,69,11.299980679642495,11.570828836629037,4.035464868716232,3.738382417718431
119,19,EI,21,70,11.667312320283058,4.245657796897401,4.136929532870251,3.998885793203776
119,19,EI,21,71,11.539623827578986,4.196797746001888,11.642051011369004,3.7502039114717287
119,19,EI,21,72,11.42976576935288,11.687815935690958,4.041144248614929,3.749462446731589
119,19,EI,22,73,11.65551753031359,4.076703431295195,4.051193701185726,4.012302525528752
119,19,EI,22,74,11.460789549833487,4.011192287956777,11.568162687777775,3.749001334192008
119,19,EI,22,75,11.479312361604952,11.837108350499959,4.109376945402622,3.7465093708186434
119,19,EI,23,76,11.574620063921772,4.255922695085566,4.090719645881858,3.9979504950476272
119,19,EI,23,77,11.487244905777919,4.161988468965513,11.541088078436792,3.74988741495531
119,19,EI,23,78,11.8980395217231,11.734376806393593,4.202883947747749,3.737123183757869
119,19,EI,24,79,11.397812607641512,4.2919493263547075,4.019602971896915,3.9803168569542073
119,19,EI,24,80,11.700296526216839,4.116962863803041,11.539569427581894,3.7552389028218025
119,19,EI,24,81,11.433165405215714,11.704054546143073,4.209502532154184,3.742827722504362
119,19,EI,25,82,11.886004503049694,4.135210925040493,4.014062816823992,3.9978984849705066
119,19,EI,25,83,11.581190402577894,11.620861747604122,4.099114800045731,3.757318222184144
119,19,EI,25,84,11.791130633087377,4.096547214177594,11.501570653270845,3.750702749871512
120,20,EI,0,0,4.2011394394523895,6.917200647044132,1.8257953886466283,2.717708018570864
120,20,EI,0,1,7.839125275783988,6.137526131613074,1.0745932080699738,2.1872086838167673
120,20,EI,0,2,1.4845001372779771,14.794325459501204,10.4110182353638,1.5414939145492244
120,20,EI,0,3,6.73032690394678,9.60265212884643,4.057332846817459,3.273563445017652
120,20,EI,0,4,4.528109504729433,1.1001310132745645,0.7887835668373977,2.0197765427452827
120,20,EI,0,5,12.112126925317034,12.199580036845244,0.0745741868912686,2.493973916524582
120,20,EI,0,6,4.950830161462462,1.3363028491644373,7.019203616841655,2.416600049978821
120,20,EI,0,7,9.265341898200745,8.265720944291333,2.0109280871735846,2.452624927321804
120,20,EI,0,8,10.536642548776433,9.194541089763723,7.011380364684423,2.9595935204104453
120,20,EI,0,9,4.456907105158894,13.77590826026294,1.2515954701346983,2.189459232565757
120,20,EI,1,10,3.7366700283295557,1.0093284274309267,3.2108229431061264,2.7693553941766
120,20,EI,1,11,3.7843258853933937,8.080627089797595,3.229646513430432,3.4891577917463223
120,20,EI,1,12,4.782383151433185,14.979402652533754,3.28510809549275,2.4446774148342363
120,20,EI,2,13,1.6805518963968429,7.51166222692916,3.878716931402997,2.7781461044539224
120,20,EI,2,14,6.386856041893755,7.511786800989476,4.132602165501538,3.2468673801773376
120,20,EI,2,15,10.693506015433726,8.384115677719597,5.696566931906453,2.9436775507288955
120,20,EI,3,16,3.678119648066614,7.878443841122881,3.549743336610244,3.6412271638115907
120,20,EI,3,17,3.6638539500025518,8.277634524512894,7.726332079964679,3.3911537486644563
120,20,EI,3,18,6.551751620270791,8.997469105926548,0.26678930886448904,2.1331704177198247
120,20,EI,4,19,3.294979991293607,8.196354067974958,4.815746598686447,3.3591007393918577
120,20,EI,4,20,6.765990687293876,12.13871001771011,6.021704971343237,2.8062392828921716
120,20,EI,4,21,3.122194360619976,1.9789330907553904,5.61618749451712,2.2774748656865373
120,20,EI,5,22,3.979345684756363,7.495118133600556,4.033886411630607,3.8374343245314986
120,20,EI,5,23,3.590595317469285,8.489592595140403,8.086166916151942,3.3677592587553895
120,20,EI,5,24,7.606688839042558,11.154031894800871,4.254664747326508,3.55454125504622
120,20,EI,6,25,3.944564850181988,7.579665564269056,2.90687883132446,3.2711377862293496
120,20,EI,6,26,3.9327049039346162,7.632123113193589,12.521451800592239,3.4438806227860583
120,20,EI,6,27,3.8891179542345595,7.724083553837038,8.040299388290908,3.463515429575601
120,20,EI,7,28,4.244641981672283,7.635855808356318,4.199465391727796,3.841397723999812
120,20,EI,7,29,8.32386297909367,12.388522833637012,4.39200563003183,3.4760544346686144
120,20,EI,7,30,4.054518505430979,6.934847820429132,12.614290824385412,3.3210128840806163
120,20,EI,8,31,4.081446285211115,7.651416013591737,4.031419988979753,3.8603071591507225
120,20,EI,8,32,3.6775753930784347,9.432000399725904,12.48638423261338,3.3447841847048587
120,20,EI,8,33,7.983498859315722,10.086661524663192,4.413801323142431,3.3999593273082214
120,20,EI,9,34,4.501523309773121,7.581391778291092,3.818955038079006,3.734062550426782
120,20,EI,9,35,7.684679253860418,11.93178378739328,4.140192010087177,3.5926281046347137
120,20,EI,9,36,3.8275051386883865,8.154325116315357,11.934864113161597,3.5786554886171804
120,20,EI,10,37,4.106827033448193,8.373986389516094,4.181029285969405,3.878388051584575
120,20,EI,10,38,7.692458517457522,12.560705022768508,4.086351843214734,3.4489340973970637
120,20,EI,10,39,3.812658806666072,7.346621754449539,11.762986454265127,3.5273351069678074
120,20,EI,11,40,4.216364561777153,8.40104188206543,4.101128776623196,3.8736194187624333
120,20,EI,11,41,8.086042920871314,11.31670408092099,3.5072117126676403,3.44234792091016
120,20,EI,11,42,3.9223581739269986,8.25588694630572,11.666718235225126,3.615628566867655
120,20,EI,12,43,4.1787830397575325,8.225470977975737,4.029600124617637,3.879766094416671
120,20,EI,12,44,4.201386350389123,8.094315879981496,11.547357903456803,3.622314375306928
120,20,EI,12,45,7.9968225679431635,11.75137627381768,4.314771787412797,3.599761644113074
120,20,EI,13,46,4.145429424012969,8.153935378943183,4.076401560669214,3.884233841153231
120,20,EI,13,47,3.9669392103335803,8.359348007187775,11.421751451181658,3.613123940155159
120,20,EI,13,48,7.984809193132735,11.613311496902817,4.109964803883697,3.62748802212729
120,20,EI,14,49,4.183262500099993,8.01380305380709,4.123764906181651,3.878478831819527
120,20,EI,14,50,4.278898702622559,8.23035700982805,11.665805460644997,3.6118185027194754
120,20,EI,14,51,8.170323580789168,11.72677085108238,4.120009307164172,3.628941324115572
120,20,EI,15,52,4.141338479748981,8.014601520598132,4.181945907374102,3.8778080448266445
120,20,EI,15,53,8.373626759175897,11.70540001207458,4.184895920830752,3.6222089629183127
120,20,EI,15,54,4.154448551836604,8.268247398788178,11.324929181688415,3.612856171238194
120,20,EI,16,55,3.9148054410963256,7.857470190209112,4.0926237609125575,3.8614355270973593
120,20,EI,16,56,8.47781409369749,11.334544395468999,4.183571786592278,3.605287374561912
120,20,EI,16,57,4.061217187307296,8.074741510116858,11.379527474034454,3.6192297939821483
120,20,EI,17,58,4.269684249759522,8.21953816821749,4.211003476702493,3.8610938817500617
120,20,EI,17,59,8.061014880793202,11.505279766678905,4.1798939048971615,3.622539545324449
120,20,EI,17,60,4.012412473094567,8.048749289324201,11.475832481145892,3.6223016276315545
120,20,EI,18,61,4.164620499588708,8.034492917636484,3.994281059018587,3.8766873798392667
120,20,EI,18,62,8.198809687979095,11.782761170457217,4.0395690941717985,3.625858044900776
120,20,EI,18,63,4.23896926509508,8.066635286494591,11.342756558948155,3.6046634509089035
120,20,EI,19,64,4.181680472510302,8.068041228052161,4.095118391121755,3.880510300699511
120,20,EI,19,65,8.134686187583213,11.638445519665472,4.11617409883822,3.6303327220935917
120,20,EI,19,66,4.002844162669832,8.236244018147456,11.663193711526858,3.6266358121438675
120,20,EI,20,67,4.131248099527207,8.24634688234542,4.156283435922876,3.8822475079797503
120,20,EI,20,68,8.494796304706263,11.659407448707617,4.087923625130387,3.6234353821791907
120,20,EI,20,69,4.290282535703366,8.107703623398754,11.512545598877214,3.6070259736195727
120,20,EI,21,70,4.10879067074718,8.247271630924851,3.9556178866625857,3.876123256174435
120,20,EI,21,71,4.149665100687156,8.297186385208063,11.538453105250046,3.626130238615268
120,20,EI,21,72,8.16967169638752,11.432673105488211,4.087968633533517,3.6241844353358843
120,20,EI,22,73,4.037266943379961,8.699915901535514,4.152806267164095,3.86436280793754
120,20,EI,22,74,8.20548010744441,11.786545520247156,4.107079710506388,3.6266744652554537
120,20,EI,22,75,4.067714454791272,8.101033977222933,11.73486580006401,3.6285480753343764
120,20,EI,23,76,4.1683274973738875,7.989137604839619,4.034718448267412,3.87828607387308
120,20,EI,23,77,7.9947017446382675,11.703075585028765,4.010611058439191,3.6242238920247924
120,20,EI,23,78,3.971575621838027,8.09902005000011,11.619336316079366,3.623154064318353
120,20,EI,24,79,4.216942048821229,8.26868749724594,4.127197177349819,3.875953079129068
120,20,EI,24,80,4.037595298270908,8.09777290034742,11.473962470044036,3.624725736103085
120,20,EI,24,81,8.573566921501474,11.700932217361364,4.103402344223595,3.6189699194401115
120,20,EI,25,82,3.9272620260577202,8.005146060079431,4.1506983551796885,3.8678367810435876
120,20,EI,25,83,8.028220180710209,11.71760861488616,4.096501079199773,3.627917689519535
120,20,EI,25,84,7.953579366675548,6.333582515839867,4.911014141464037,3.0045286023553226
121,21,EI,0,0,11.716763832262064,9.08770544356452,10.647017856126377,3.223317302256693
121,21,EI,0,1,1.3364680938331341,9.460716238108565,14.712160533366792,1.5062577780019513
121,21,EI,0,2,6.351077585396341,1.686046250210134,14.373996680487636,1.4530948653056994
121,21,EI,0,3,10.139732773825601,2.9578910391741835,10.080888847901806,2.873925457115389
121,21,EI,0,4,14.891124416048894,3.142282110097428,12.807896977688,2.058338526219041
121,21,EI,0,5,10.483661778410251,3.325125413651777,2.7715759838289182,2.9357563533434563
121,21,EI,0,6,14.3123554827077,5.106562914060077,6.620917485291803,2.1839201907101753
121,21,EI,0,7,9.841310276166057,6.6045285555231645,0.003967559706777868,2.0841170178231585
121,21,EI,0,8,3.9038380556747083,7.083532420685154,11.419026660671266,3.5027617269498394
121,21,EI,0,9,9.095795109976418,6.452925439122495,2.8654269515097672,2.650135066453389
121,21,EI,1,10,0.42445295386386805,7.080924466930366,11.279703968199396,2.3887656155501986
121,21,EI,1,11,6.996658148428602,7.159052577368313,11.255175706114873,3.0193262274101054
121,21,EI,1,12,13.435632192888939,6.656509248403654,11.294173260730545,2.6408337471623584
121,21,EI,2,13,4.3649402430575694,12.608478608301068,11.462491711242494,3.5360542608055905
121,21,EI,2,14,4.366385785286885,8.536974713153072,11.422524622890354,3.5753169980838897
121,21,EI,2,15,4.392538091819022,4.215606198616203,11.441090665492514,3.95224277244656
121,21,EI,3,16,1.0966262390543757,0.35839405165885685,11.442680586343966,1.8094957274155306
121,21,EI,3,17,8.648181250562935,1.0168071519187256,11.443002750693113,2.5365079443231684
121,21,EI,3,18,3.803067290131523,4.958664969035078,11.445770602627968,3.6675009238793663
121,21,EI,4,19,4.399170818635157,9.325092424671311,4.176194822690381,3.7772008241605692
121,21,EI,4,20,4.399016433557239,2.582224623315505,0.6181453391428543,2.343977753381991
121,21,EI,4,21,4.399753052752654,13.19374612943356,12.120440748869498,3.239639878768285
121,21,EI,5,22,4.534104651129811,1.3578950636524807,11.238378364382243,2.831990557355052
121,21,EI,5,23,4.67474983830938,6.730590073693529,11.020305227150505,3.2586661533745476
121,21,EI,5,24,4.277350518039189,9.553717286347316,4.238554223056744,3.792091266310503
121,21,EI,6,25,4.86673825460098,0.4656958733243888,11.517291196030579,2.6458166426210195
121,21,EI,6,26,5.038824868367595,6.429357326251819,11.51449010505989,3.0792916760013034
121,21,EI,6,27,4.737853429662721,12.206059400798297,11.565527986504966,3.5108801514411963
121,21,EI,7,28,4.481868293490862,4.427299171045956,12.195327246230269,3.822449674048733
121,21,EI,7,29,4.482877937476702,4.465047635083492,0.16337877583908422,2.9719464881309827
121,21,EI,7,30,4.483643414000989,9.600633443146636,7.239170181383303,3.286699918966623
121,21,EI,8,31,4.334901746921745,2.233313140263297,11.437656219639326,3.0419664628420358
121,21,EI,8,32,4.396105954717144,9.298945239463963,4.2070029514813285,3.7760341383212763
121,21,EI,8,33,4.287594249625331,9.708086549916926,11.497348044400919,3.542819923333674
121,21,EI,9,34,4.530055867855892,4.423277813336915,10.453331033415388,3.7285699660737395
121,21,EI,9,35,4.013855895158293,9.395732122727525,3.036467627708684,3.341103379342809
121,21,EI,9,36,4.088659883778731,11.977654722224873,10.866402098982642,3.662399769125547
121,21,EI,10,37,4.37604380708798,4.092438519914125,11.546984336202508,3.9702087591650246
121,21,EI,10,38,4.585781469390506,9.777204369395083,4.755502783197568,3.512637594575727
121,21,EI,10,39,3.938775661370148,12.150610991933618,10.764990396319154,3.6069058423191356
121,21,EI,11,40,4.6266618785895535,3.935944950586447,11.44758475550276,3.8613801910606
121,21,EI,11,41,3.510720613507808,9.170939056544952,4.314485370557904,3.64135545667202
121,21,EI,11,42,4.164654389238468,10.984345945601287,11.013969085258914,3.64575704471705
121,21,EI,12,43,4.057694530408977,4.093912272618883,11.525183376100157,4.010570291204877
121,21,EI,12,44,4.0975850372961435,9.495560022877521,4.184478799804125,3.8184892631173555
121,21,EI,12,45,4.489668429113103,11.585123465173982,10.651654345822509,3.572156906669043
121,21,EI,13,46,4.121546674110159,4.017703677980214,11.775964535423112,4.006526525839032
121,21,EI,13,47,4.030009207685058,9.312930320358612,4.62520790480816,3.695235923923671
121,21,EI,13,48,4.084174415301158,11.80299259590501,11.469031085611764,3.7484784253173813
121,21,EI,14,49,3.883064519900751,3.949252505193614,11.55215381936426,3.979344172550393
121,21,EI,14,50,4.109335140476275,9.935814140166247,4.112820150816851,3.8276966479750123
121,21,EI,14,51,3.735367372430095,11.555776481368222,11.40605495443342,3.682663138495556
121,21,EI,15,52,4.025829923644411,4.063010174812614,11.71417290262056,4.009734272039704
121,21,EI,15,53,3.8657357071781013,10.102591465686638,4.142160631896827,3.811362461718517
121,21,EI,15,54,4.119826295549144,11.663919916092961,11.455108071803448,3.7519427666788188
121,21,EI,16,55,4.170352959436095,4.103136088129438,11.599625994406498,4.009230568132992
121,21,EI,16,56,3.9406060647974854,9.846168072413873,4.143859441013219,3.811313570099953
121,21,EI,16,57,4.2281981878725725,11.577016420027368,11.420794818827364,3.7396897903586357
121,21,EI,17,58,4.125369890528627,4.051099592090848,11.677558501958169,4.011403168182145
121,21,EI,17,59,4.059302521459806,10.338881559279839,4.052444355369143,3.861897500398017
121,21,EI,17,60,4.0291997028490565,11.699345643176073,11.319098644818887,3.739877717081108
121,21,EI,18,61,3.985612481559567,4.027034391608037,11.666972637980889,4.00545518261552
121,21,EI,18,62,4.264836243942286,11.786813207150056,3.8289792606257484,3.9574212778214797
121,21,EI,18,63,4.102104861677714,11.686124290683255,11.567536645425642,3.756622785362248
121,21,EI,19,64,3.940283619673324,4.149437250056838,11.69777329282981,3.998910097329454
121,21,EI,19,65,3.938677881833279,11.836711663947968,3.9876376906786293,3.9888121543583814
121,21,EI,19,66,4.183222868238644,11.613642673725764,11.804356857465518,3.748157485507976
121,21,EI,20,67,3.924027483425543,4.028255913112094,11.616129156777923,3.9968689471494274
121,21,EI,20,68,3.990545932301324,12.083486242795322,3.8578293319705077,3.942912916959143
121,21,EI,20,69,4.001027732502958,11.339677963325958,11.754457568900515,3.73779367470894
121,21,EI,21,70,4.181904562812851,11.890955686043688,4.4014527884330406,3.9480135190658587
121,21,EI,21,71,4.209500704466193,4.05470187254329,11.767929232745024,4.001865725165501
121,21,EI,21,72,3.961713269381195,11.768045164350427,11.681322940774272,3.7461172958156483
121,21,EI,22,73,3.87964016239642,11.6560333235584,4.127341821757398,3.9891526108693207
121,21,EI,22,74,4.0480876225118205,3.888778905761514,11.789587164289875,3.987058225966562
121,21,EI,22,75,4.08178382976652,11.694134044498366,11.621656874745684,3.7573299926682346
121,21,EI,23,76,4.089290290748922,4.02988041754143,11.414510768871061,4.00345678466711
121,21,EI,23,77,4.028936910693803,11.82455439427498,4.1760959021512365,4.000973109693504
121,21,EI,23,78,4.084012169401511,11.568149983020946,11.470555765483457,3.7526469701949923
121,21,EI,24,79,4.195552611990565,4.105751449205719,11.761817248914152,4.004206666406718
121,21,EI,24,80,3.9018080978971064,11.78581340536849,4.032592862897376,3.9891527416155688
121,21,EI,24,81,4.19077657663337,11.651256013183318,11.575270015905298,3.751767168055763
121,21,EI,25,82,4.014143005193346,11.89031821994536,4.286693287522263,3.978465611404908
121,21,EI,25,83,3.9473979862254236,4.095403730293139,11.354465998177671,3.9901308971874085
121,21,EI,25,84,4.130948617758671,11.66372937071576,11.759623586302677,3.754218975768161
122,22,EI,0,0,5.4952037314811415,2.989430690626244,1.3283755989191837,2.1586260618858195
122,22,EI,0,1,9.7978753140138,6.890055671159201,14.815134283203024,2.027313583579785
122,22,EI,0,2,12.77352104776696,12.554419848555668,0.7715815121288899,2.269873230041228
122,22,EI,0,3,8.330177330423108,9.11196789529001,0.7521194260962444,2.3684996408705294
122,22,EI,0,4,7.159919290608433,4.94345713957603,3.2472852268032715,3.172473335620448
122,22,EI,0,5,11.955250991049661,6.313483346093988,1.5477466279666334,2.3327019355547236
122,22,EI,0,6,5.536059278253402,13.722666400462666,5.843957321106811,2.1947909432337314
122,22,EI,0,7,2.8100378836972344,1.0010423257026009,7.682573375919862,2.1531699180088126
122,22,EI,0,8,10.01333977365762,6.192143764039176,12.724791057359866,2.7393772654071027
122,22,EI,0,9,7.8673359472017514,11.961514620370984,8.477286052589523,3.2146682124643995
122,22,EI,1,10,7.899948246088032,3.5062496557208966,8.5029002974829,3.3170190814282656
122,22,EI,1,11,8.064387455674527,13.718690762060891,8.493660567883614,2.5733958836235438
122,22,EI,1,12,11.43364081212631,8.073446461886022,8.500399075649408,3.2335264428546915
122,22,EI,2,13,7.91495719360631,2.3671394263631758,10.787877165528592,2.6566895079007713
122,22,EI,2,14,7.914763277655771,14.897590752548995,4.763266810939339,2.3900127870638332
122,22,EI,2,15,7.914681416610911,6.671440875181991,3.8596259916740565,3.294890234773465
122,22,EI,3,16,13.181621895338482,3.0677177986576742,8.502923711076956,2.7419149631461632
122,22,EI,3,17,3.4225808114365988,9.066325235297604,8.503126215126592,3.232651013907999
122,22,EI,3,18,10.161883463883395,8.815499785947974,8.502328870588519,3.046660045663685
122,22,EI,4,19,7.135999502438916,1.9020391632526479,8.501087689708616,2.3845355592894264
122,22,EI,4,20,7.310121696730309,8.501485228333408,8.500750416491304,3.0404623548187413
122,22,EI,4,21,11.969868791538147,4.163252585951421,8.499052178457289,3.600118168450586
122,22,EI,5,22,11.97988409576459,5.44812731820864,8.548460820732856,3.0842870468544183
122,22,EI,5,23,11.965977496384829,13.210471599299314,8.624750914662098,2.9079933231693946
122,22,EI,5,24,7.921528005950236,3.1722187400861577,8.544736924496773,3.101667745747765
122,22,EI,6,25,10.741289687896533,4.321050520144062,8.609737748998963,3.496775121987593
122,22,EI,6,26,6.224633261183612,4.058825258311885,8.7720292647536,3.2488774173195853
122,22,EI,6,27,0.5930030355948285,9.521392450713405,8.374300827322912,2.3353586057003595
122,22,EI,7,28,12.422089710407574,4.206447958365679,8.020669417449179,3.5047160033508415
122,22,EI,7,29,7.672011497653937,3.9785593092981157,8.317551388283299,3.473743231355966
122,22,EI,7,30,4.638539422382417,9.027269659333406,8.742784319386598,3.3045941600706983
122,22,EI,8,31,10.956115282895183,3.936014093539748,8.982821588882508,3.521208127096938
122,22,EI,8,32,6.692117434009844,6.798088084901298,4.829917424732181,2.9475568921390853
122,22,EI,8,33,3.9388721135306097,8.895183385593583,8.819522471131263,3.4355855440348266
122,22,EI,9,34,11.19721596638238,4.013074490987067,8.374747774432233,3.596525555550776
122,22,EI,9,35,0.8754953390465603,8.766945097000681,9.085505891930174,2.357976129731143
122,22,EI,9,36,6.189359834428505,3.658287316763288,7.866824654661083,3.1650655571912187
122,22,EI,10,37,11.550122262380691,4.099584420572316,7.336223638835332,3.5675689760661395
122,22,EI,10,38,4.024024054349387,8.311903742010495,10.041668159960926,3.448760813145968
122,22,EI,10,39,7.30075878703763,3.926870614716545,9.908211433136001,3.3636620118223197
122,22,EI,11,40,11.5056773529067,4.0040192694203345,8.260396273429697,3.623749673522902
122,22,EI,11,41,4.026566977028245,8.445914393580123,8.71179179395451,3.477576033748817
122,22,EI,11,42,7.542702467670129,4.38232161890489,5.314218057091601,3.3428475214256483
122,22,EI,12,43,11.498828843203857,4.080881051251033,8.682238070259896,3.6106386034925855
122,22,EI,12,44,4.096979430187725,8.544846295342381,9.93315708666066,3.4361764648576827
122,22,EI,12,45,7.834296207108103,4.421524676230933,5.5309044541775885,3.279257548695041
122,22,EI,13,46,11.556378039292856,4.028254591688046,8.204166153005001,3.6278497689224194
122,22,EI,13,47,3.9557850897469087,8.36429361849509,8.953089340580306,3.457248603118275
122,22,EI,13,48,6.8621253463349134,4.080925092333849,6.468171945539039,3.155139027536022
122,22,EI,14,49,11.887205677226753,3.820597331530999,8.531446901934032,3.572582674893403
122,22,EI,14,50,4.156610920371631,8.616369866046188,6.548187513835431,3.2927469210401634
122,22,EI,14,51,8.002518916843332,3.9544279029782983,11.3792140717602,3.6084303806505784
122,22,EI,15,52,8.51093105930207,4.275510926539833,10.904962840300355,3.5362923830376665
122,22,EI,15,53,11.795125125524748,4.1182784324560275,7.727375861171945,3.608506405334177
122,22,EI,15,54,4.381038610192334,7.863462014515407,9.86127418820714,3.391489310116022
122,22,EI,16,55,8.081386850480783,4.206716978998573,10.736094672460412,3.5284925730591716
122,22,EI,16,56,11.734471611386786,4.166794311444473,7.872668603265873,3.6181413598449828
122,22,EI,16,57,4.154978647234094,8.656948730887585,8.698298203061075,3.46780174997171
122,22,EI,17,58,7.891203306788951,3.9288140991601384,12.708105294968346,3.394864786956791
122,22,EI,17,59,11.668308068865986,4.059604881934683,8.186868155615795,3.6302870761699406
122,22,EI,17,60,3.896411132234361,7.95794026394765,11.88190204789755,3.5965615733261367
122,22,EI,18,61,11.69461805414194,4.075026259661671,8.060205252094656,3.6291302344665266
122,22,EI,18,62,8.312033498281602,3.9910595635022457,11.629226470512501,3.6244539079867595
122,22,EI,18,63,3.9185292103071427,7.752088498475853,11.893330842679054,3.5881883071632927
122,22,EI,19,64,11.579017095960094,3.9949266603885043,8.199761782482884,3.6256800864782477
122,22,EI,19,65,8.351641495085499,4.098771112692877,11.517690145057864,3.6261157901348904
122,22,EI,19,66,3.7708930210407363,8.082701420458827,12.169389489620569,3.5238226879037278
122,22,EI,20,67,4.342563995868401,7.7653024992225985,11.69182970838727,3.5830375316675616
122,22,EI,20,68,7.99924435724866,4.1794339047680165,11.62802229618241,3.6239064227182665
122,22,EI,20,69,11.42845315117583,3.974522222556657,8.267055487773751,3.6164212602665153
122,22,EI,21,70,8.154173549763042,4.110920376765035,11.668365922540103,3.630404842538147
122,22,EI,21,71,3.8123662674405336,7.869285563139864,11.452827317896752,3.5770283525595943
122,22,EI,21,72,11.763185479858072,4.045148384730397,8.403236189997331,3.623244207544654
122,22,EI,22,73,11.780370980911428,4.052677076077946,8.16706195194501,3.6266006817603387
122,22,EI,22,74,8.248281275102785,4.091345908031201,11.822281829022094,3.6243575877626983
122,22,EI,22,75,3.983363266819293,7.898240517626366,11.920090023716748,3.6040047614786186
122,22,EI,23,76,8.179075991615084,4.122571970540668,11.526391342056943,3.628231237152357
122,22,EI,23,77,11.7267348283631,4.158968965794288,8.562433388930533,3.616319665447091
122,22,EI,23,78,4.221288480132595,8.00079490857854,11.860778085459076,3.6101391262613456
122,22,EI,24,79,8.235256050494817,4.134971121619266,11.730603298272701,3.6279173761098846
122,22,EI,24,80,11.596390417423457,4.191466015589917,8.176514995665388,3.6250247149887675
122,22,EI,24,81,4.132584637626342,7.972705427007817,11.91116639505854,3.6127798600622247
122,22,EI,25,82,11.596715266244898,4.087226822139928,8.258588705385556,3.6300733599180735
122,22,EI,25,83,8.02423438728013,4.134502702852153,11.819564961876093,3.621916980409964
122,22,EI,25,84,4.169909262218522,7.972252177008297,11.709737275747274,3.622986212538451
123,23,EI,0,0,10.408996209860463,9.621873313173458,1.9296633647645434,2.4115672409604456
123,23,EI,0,1,1.7056207519699402,9.80018282001881,12.80185658947741,2.2714247788052266
123,23,EI,0,2,3.026687016606094,3.27027955628604,10.748769538853741,3.1117508649592507
123,23,EI,0,3,7.060495060039126,6.228328959610671,5.237217070764293,2.7340263598950187
123,23,EI,0,4,0.9578062971553802,6.819992488673373,4.521799193995163,2.5706127458602923
123,23,EI,0,5,5.8361512993590265,8.104467290000517,10.253845381083268,2.865242146115233
123,23,EI,0,6,9.37128565767344,11.140566808328579,0.27326033668120087,2.399387671229925
123,23,EI,0,7,9.813857245981858,8.130938231331978,12.770115196292824,2.945776406403052
123,23,EI,0,8,14.085438688440279,0.19234677706261083,12.424924469847584,1.6776470475451721
123,23,EI,0,9,3.7998583602408065,9.370619845019032,11.466275402773853,3.523516515253408
123,23,EI,1,10,7.822534961659477,9.349417316695092,6.954868602843296,2.9279978487010903
123,23,EI,1,11,4.896748781832195,9.349261360206313,13.474719935605457,2.751123979908196
123,23,EI,1,12,14.954791286038652,9.348488656137269,13.01976112627671,1.9237626726966917
123,23,EI,2,13,11.560843911670016,9.37052602624407,6.579388526211725,2.99866431925782
123,23,EI,2,14,2.7274294206046563,9.370526020486546,12.3758881232676,2.7781712615069805
123,23,EI,2,15,0.9008612490284035,9.34995483143155,1.0209746644443856,1.6765077625129308
123,23,EI,3,16,3.803811235777816,9.366889858525568,14.03887136650276,2.731981583887369
123,23,EI,3,17,3.7695445643132124,9.387773865573154,4.944987735867413,3.483444666218557
123,23,EI,3,18,3.0328564591382574,3.2628256248846315,14.904776427496586,2.164834572429341
123,23,EI,4,19,3.936843083598885,14.272475849112158,8.880539556135961,2.709292726945838
123,23,EI,4,20,3.8527164318150753,9.676034896014517,9.055943174041406,3.3683405139335605
123,23,EI,4,21,3.8899700259626324,5.3423775394516575,8.516149017189317,3.3808733538352236
123,23,EI,5,22,3.9064957908952644,9.38903977704472,0.2721541227395341,2.6715032751984182
123,23,EI,5,23,4.0663919550886325,9.677291986970394,13.306111355032584,3.087282063998461
123,23,EI,5,24,11.634017290686335,9.371229560878895,4.231897132379542,3.561578692932218
123,23,EI,6,25,8.961939371394012,9.371304987369607,4.607817857691936,3.284645788275923
123,23,EI,6,26,3.2844074329676802,9.369566649221323,11.42716180011784,3.2552154108844364
123,23,EI,6,27,0.5793103423492818,9.37766645908519,4.871121396613077,2.4717593590644404
123,23,EI,7,28,4.118371215674767,7.5980408869066,10.893892583091523,3.5309556263231787
123,23,EI,7,29,11.950870759224458,9.32294387407583,4.343059842480124,3.523566937454892
123,23,EI,7,30,3.6260311835452064,9.941839011655409,5.02492320339965,3.3870623914131786
123,23,EI,8,31,2.4769582624991466,9.37167209734019,4.329535638695474,2.9664453332196183
123,23,EI,8,32,0.9870365423047617,9.370473994899598,11.450258146035416,2.492200297306125
123,23,EI,8,33,14.202298111202127,9.321254741719002,4.543834392840388,2.6193312668217184
123,23,EI,9,34,4.04963764894167,6.2183067900142595,4.824568041584137,3.4246856190580868
123,23,EI,9,35,4.177545848469816,9.717914753174178,11.32804801170936,3.547553918105962
123,23,EI,9,36,11.453723340361897,9.572050379785763,4.581748263291946,3.4470194769577924
123,23,EI,10,37,11.860331128111088,8.680880457319526,3.341835557881378,3.332718691187792
123,23,EI,10,38,4.275989706413325,9.040708741560646,5.105808933722288,3.457237372773734
123,23,EI,10,39,11.870514937176539,4.925175745925151,3.468969568188557,3.5299888113529256
123,23,EI,11,40,4.050301202606808,10.13040218985998,4.146959132796083,3.838935420494489
123,23,EI,11,41,11.709731004745905,4.572566484922572,4.1194104387780355,3.9012320199967143
123,23,EI,11,42,4.267339048957632,13.865466832333544,4.196342168867775,3.261348512856864
123,23,EI,12,43,11.473715140547345,3.5883012349028895,4.367195234503679,3.840253775721365
123,23,EI,12,44,4.103709631443925,8.844325008222999,3.6836603809738806,3.7727024390535986
123,23,EI,12,45,11.448003500913446,7.818944980630999,4.182292434594799,3.609533158147589
123,23,EI,13,46,11.492366451634878,2.9969905445980216,4.110505913785452,3.4991923842616526
123,23,EI,13,47,11.489599801245731,12.733598435886783,4.034846252372351,3.527299840219392
123,23,EI,13,48,11.486073594271865,7.898848745284981,3.7636436182932496,3.564930865365376
123,23,EI,14,49,11.864403986290059,4.3900305279589835,5.0212107634575345,3.6299611414170228
123,23,EI,14,50,4.305235436361887,9.701157435483228,3.9420531205083975,3.786147395905169
123,23,EI,14,51,11.836718911439087,11.0878055176391,4.017391072604875,3.706006336634009
123,23,EI,15,52,11.076492909763271,4.620170478097846,4.4306885124442665,3.780675743701939
123,23,EI,15,53,4.0012633435337,10.286809606143127,3.90230139051883,3.8346372929384276
123,23,EI,15,54,12.049249551451169,11.265793840032826,4.02795660289147,3.7038362713956983
123,23,EI,16,55,11.8388635453549,4.9856647719626945,4.263127778850401,3.6797032515148818
123,23,EI,16,56,3.986397528964587,9.933730601146241,3.980783333852025,3.816575408890208
123,23,EI,16,57,11.957495609376732,11.145523052499305,4.093977217570421,3.7045228342712724
123,23,EI,17,58,11.411285355268516,4.913467007606248,4.434255084233239,3.6723825519632145
123,23,EI,17,59,4.162762896896791,10.443708925930341,3.925994800873558,3.8593368595119517
123,23,EI,17,60,11.928298355093826,11.273414079172952,3.7020110778121214,3.6440750725085445
123,23,EI,18,61,11.763325080476191,4.0430375983227576,4.0670434406821885,4.009040203040881
123,23,EI,18,62,4.245145699631474,10.668297305850318,4.15001605344205,3.8936844536452417
123,23,EI,18,63,11.855217620042474,11.478754511703286,4.224818967030161,3.73563491572737
123,23,EI,19,64,11.85360907173637,4.129661376218658,4.16621263479745,4.000617010969764
123,23,EI,19,65,4.283482904898182,11.07797355771679,4.129838963678172,3.9491236710350175
123,23,EI,19,66,11.6729733783134,11.515289984549945,4.182923886900186,3.750580593724254
123,23,EI,20,67,11.580901157305806,4.0826686460672,3.9842161009840598,4.00687736253601
123,23,EI,20,68,4.050741635362493,11.633895218540205,3.9412997574911763,4.000958505600984
123,23,EI,20,69,11.622081102281633,11.36492770405847,4.190359790199335,3.7408446644751985
123,23,EI,21,70,4.207705179629292,11.685474616281173,4.022164859222428,4.002988357037789
123,23,EI,21,71,11.71088817360781,4.003561314449841,4.2210769221135,3.999224213709726
123,23,EI,21,72,11.411917909410628,11.563170356303512,4.199838127443279,3.742450531408706
123,23,EI,22,73,4.123352123191144,11.794723399281239,3.8466146191374824,3.9770831035494867
123,23,EI,22,74,11.815233106422308,3.9171691630800054,3.950203299766118,3.9818639588721685
123,23,EI,22,75,4.198325980326473,7.351664593260386,3.8491054758146563,3.789605745920862
123,23,EI,23,76,4.047371755052897,11.93678947349918,4.242340385647301,3.9836230183685046
123,23,EI,23,77,11.461973511779371,4.152240990507924,4.162385100748323,4.003105256729551
123,23,EI,23,78,4.1380587346930895,7.287766349749371,3.8540466690340756,3.7864550200245484
123,23,EI,24,79,3.9262655305079703,11.73943843444612,4.113236361421961,3.9970489796799793
123,23,EI,24,80,12.110398745094749,4.02132577677629,4.09176190265092,3.9690628389706593
123,23,EI,24,81,4.25289636652254,7.182050781310666,3.8897264183459668,3.765247385817249
123,23,EI,25,82,4.18145177865767,11.619972127728099,4.184411280975244,4.003671617306923
123,23,EI,25,83,11.458199375985998,4.014504886727522,4.1976465595466195,3.9988383045151252
123,23,EI,25,84,4.047850979363693,7.129961225409232,3.6238900106130574,3.6784049182306346
124,24,EI,0,0,4.954032550039731,6.077659734587158,8.62106728990788,2.959019731999189
124,24,EI,0,1,7.59599650905222,8.463187611453762,8.54530965762603,3.076321404214511
124,24,EI,0,2,13.111747968611118,1.2964569148645961,11.13712906029844,2.269391801302394
124,24,EI,0,3,12.305508966521229,10.682401050407483,6.148884107797466,2.953104444118106
124,24,EI,0,4,14.144306619829239,0.4642370445618099,12.044099531904532,1.7757507147490255
124,24,EI,0,5,9.030729378929852,0.6168934739540161,4.985991179569478,2.435846535706598
124,24,EI,0,6,5.674089671083666,2.640679917133206,9.639012705196148,2.4998495187473306
124,24,EI,0,7,6.5886133899643236,10.737072518728642,5.571556248059411,2.794318598013777
124,24,EI,0,8,0.8127099880391225,10.735498563402155,10.995679482020854,2.5242190717616872
124,24,EI,0,9,1.232172035587395,6.981936362815139,6.828090631484789,2.1694904340862395
124,24,EI,1,10,7.089030751830642,8.46823599680236,8.207607159096574,3.0136999708181156
124,24,EI,1,11,14.137663511051976,8.439287529805519,8.343309470027904,2.4075242151769647
124,24,EI,1,12,0.12877582750201955,8.4346147972295,8.523417143246444,2.3345624258844353
124,24,EI,2,13,13.478102825285111,8.463744176139638,9.038054346135299,2.6437128846537075
124,24,EI,2,14,3.830157069836212,8.46090891669691,8.042919174552061,3.461055506790545
124,24,EI,2,15,12.101366743047143,8.465795219958697,12.298875151729487,3.2466792391326473
124,24,EI,3,16,3.8168607591083443,9.616164793904693,8.913010806359397,3.368281250251696
124,24,EI,3,17,3.7922442502398224,9.280025120180424,5.394863105497326,3.2890153824175696
124,24,EI,3,18,3.889040110096231,8.943561613017,12.245788696116193,3.5060670905045628
124,24,EI,4,19,3.708757103073552,6.944490631209496,13.885078457671154,2.690881234371512
124,24,EI,4,20,3.7233129099861166,6.5936785253071335,10.343815940502346,3.222955920813658
124,24,EI,4,21,3.7289284429225007,6.562931902760326,6.735563350674939,3.0783574914674636
124,24,EI,5,22,3.958228350407695,8.440385199336797,10.32435788670091,3.4648963144728344
124,24,EI,5,23,3.938750330478134,8.69036078298269,6.506791645969095,3.2730067864881787
124,24,EI,5,24,4.09946079122262,10.059458685325747,13.88040034853606,2.8453615045668688
124,24,EI,6,25,3.890587657188499,6.1453781230299995,9.860437133547364,3.186297001024853
124,24,EI,6,26,3.9058647251793728,7.858905669044009,13.613096520767899,2.9844823822642503
124,24,EI,6,27,3.8507729531335877,8.458859144959609,5.78109860462868,3.252266221036887
124,24,EI,7,28,4.083710240099546,8.891839999008495,11.680809449140266,3.6000645521834667
124,24,EI,7,29,3.739871176699499,8.30456780610676,7.613029303827169,3.4106969427052425
124,24,EI,7,30,4.026569900481451,9.411976636217105,3.6469714820019816,3.7222133362626577
124,24,EI,8,31,4.04166579199335,9.30810587737096,2.949604962819717,3.2858273041743926
124,24,EI,8,32,4.690746244176646,8.64227896706726,12.007132763494038,3.428018364035668
124,24,EI,8,33,3.86771461736918,8.134881429828457,7.814147128799235,3.466614015009629
124,24,EI,9,34,4.31929921782014,8.90528740102093,4.042957524191685,3.8264313208191307
124,24,EI,9,35,4.080063934802794,9.660804318731882,11.20689488590806,3.538885629759275
124,24,EI,9,36,4.203832936652216,6.550637516518216,8.08807919519956,3.301321772917688
124,24,EI,10,37,4.4114895726736165,9.012170932630307,4.078355088863484,3.7956055176203813
124,24,EI,10,38,4.170650566657824,8.757550848606243,11.336703387389095,3.591613537332702
124,24,EI,10,39,3.9431344743828762,13.078177151500393,3.6708703130365574,3.537433237594243
124,24,EI,11,40,4.220250222834241,7.2876118294306975,4.0204085312968285,3.805378575080791
124,24,EI,11,41,3.812281753413089,11.37097153587678,3.8136852730955066,3.9216577680960443
124,24,EI,11,42,4.0530580113452555,8.495903272506187,11.72088569897809,3.6216062803527582
124,24,EI,12,43,3.4263444554567584,11.351761657789412,3.987184324530611,3.7759219099654118
124,24,EI,12,44,4.775902989551474,7.343594006351327,4.17680754465665,3.6169898492858708
124,24,EI,12,45,3.669600567793462,8.810723645323264,11.59130949758564,3.513580327779138
124,24,EI,13,46,4.024280490101776,10.648309490509103,4.186272894352934,3.8982524153944302
124,24,EI,13,47,4.350770950821153,6.659142069676304,4.191644928325538,3.6681717727205774
124,24,EI,13,48,4.1987797987338595,8.233284438646383,11.711239675783142,3.623275678511258
124,24,EI,14,49,4.013310689158534,10.932530553099992,4.052522048145186,3.9451898996346175
124,24,EI,14,50,4.1217642075449215,6.965400463198098,4.028664099432908,3.7603187689584034
124,24,EI,14,51,4.10331958273523,8.50768145564005,11.626743889631904,3.6228116435494755
124,24,EI,15,52,4.210340564157379,11.366874976644501,4.095952428028634,3.993878935588799
124,24,EI,15,53,4.178434652054844,7.438509925121595,4.185463841778753,3.8289228751377777
124,24,EI,15,54,4.063787547464811,8.257068445156644,11.840807384142058,3.6226402027123057
124,24,EI,16,55,4.159237265281187,11.42167825244781,4.083082381954927,4.003051491759179
124,24,EI,16,56,4.1022120645446005,7.440433724810567,4.227810399408199,3.8281723109891383
124,24,EI,16,57,4.064034083210598,8.385750595702223,11.616302955785727,3.627188182337573
124,24,EI,17,58,4.126122387978763,11.813109287992699,4.00386420569287,4.003111156558139
124,24,EI,17,59,4.380972018589792,8.071545486525947,4.175146142956516,3.8382628095673574
124,24,EI,17,60,4.100263981413235,8.200344972674904,11.967733389053329,3.610776548468925
124,24,EI,18,61,4.14863923908675,11.666447221214787,4.232732515138007,4.000214151926199
124,24,EI,18,62,4.175127248856326,7.878574917571756,4.185538519675215,3.8696085475893724
124,24,EI,18,63,4.09231968941602,8.203415420429025,11.72735684115462,3.6293949660125024
124,24,EI,19,64,4.0996949713310995,11.647281289506438,4.132481556080358,4.0120064059517215
124,24,EI,19,65,4.133681423216258,7.7783222286502935,4.248211878648245,3.8580761240455064
124,24,EI,19,66,4.161206775162529,8.529276523426217,11.70997451037341,3.6182339899768223
124,24,EI,20,67,4.217046578283947,11.838783098359887,4.127529299010811,3.996398078536537
124,24,EI,20,68,4.264350811484362,8.133870196470486,4.343891796403945,3.836853117820881
124,24,EI,20,69,4.112792918621862,8.243657062975618,11.86175748713813,3.6211370684931907
124,24,EI,21,70,4.179488511653515,11.89355231876669,4.120623160958678,3.996326488020788
124,24,EI,21,71,4.120502489509471,7.955833140440236,4.239195788172226,3.8696290326776133
124,24,EI,21,72,4.021838250171079,8.32709284657128,11.548497816648522,3.625503418388781
124,24,EI,22,73,4.239400693893705,11.732857274737045,4.078713737545959,3.9996413565784854
124,24,EI,22,74,4.086450635131486,7.895110523172571,4.091074047130442,3.8793748703510795
124,24,EI,22,75,4.01184978127966,8.196555364055465,11.650101524756417,3.6277521497374003
124,24,EI,23,76,3.980599365521539,11.815959003485391,4.13557890749997,4.000129844956207
124,24,EI,23,77,4.136366126640896,8.02638472642649,4.212657680697828,3.8749181727521176
124,24,EI,23,78,4.3340259468917095,12.514147527400832,10.933965000888236,3.517318179243786
124,24,EI,24,79,3.988891943604827,11.662144847181986,4.12404149664577,4.007132655752818
124,24,EI,24,80,4.265830073066019,7.793280059417384,3.898144552168607,3.8380037539698257
124,24,EI,24,81,4.13070408310092,8.110788353102919,11.783400466701579,3.625802023027002
124,24,EI,25,82,4.055550517036658,11.888073507639207,4.060712463401989,4.000832973847806
124,24,EI,25,83,4.11153667133141,8.151425990742794,4.044747673087813,3.8847482557038164
124,24,EI,25,84,4.11340996494174,8.136011321358124,11.489862424885162,3.626878148973578
