run_id,seed,acq,iteration,best_value,best_x1,best_x2,best_x3
0,0,TEI,0,3.911910942489584,1.166997894041951,1.0532379634439946,8.154831246989877
0,0,TEI,1,4.107466065820677,1.577435886795107,1.0663140335216394,8.683024326441613
0,0,TEI,2,4.107466065820677,1.577435886795107,1.0663140335216394,8.683024326441613
0,0,TEI,3,4.201576342712849,1.492005983949936,1.1869432092549195,7.488163401516627
0,0,TEI,4,4.239564300551363,1.4560622986499405,1.1450801984222023,4.945026189024883
0,0,TEI,5,4.239564300551363,1.4560622986499405,1.1450801984222023,4.945026189024883
0,0,TEI,6,4.239564300551363,1.4560622986499405,1.1450801984222023,4.945026189024883
0,0,TEI,7,4.239564300551363,1.4560622986499405,1.1450801984222023,4.945026189024883
0,0,TEI,8,4.239564300551363,1.4560622986499405,1.1450801984222023,4.945026189024883
0,0,TEI,9,4.239564300551363,1.4560622986499405,1.1450801984222023,4.945026189024883
0,0,TEI,10,4.239564300551363,1.4560622986499405,1.1450801984222023,4.945026189024883
0,0,TEI,11,4.352751997537455,1.4610868228805152,1.257628982266049,2.424489242258198
0,0,TEI,12,4.352751997537455,1.4610868228805152,1.257628982266049,2.424489242258198
0,0,TEI,13,4.352751997537455,1.4610868228805152,1.257628982266049,2.424489242258198
0,0,TEI,14,4.375916532749025,1.6148248896350377,1.2752820271461953,2.2457776132464944
0,0,TEI,15,4.375916532749025,1.6148248896350377,1.2752820271461953,2.2457776132464944
0,0,TEI,16,4.375916532749025,1.6148248896350377,1.2752820271461953,2.2457776132464944
0,0,TEI,17,4.375916532749025,1.6148248896350377,1.2752820271461953,2.2457776132464944
0,0,TEI,18,4.375916532749025,1.6148248896350377,1.2752820271461953,2.2457776132464944
0,0,TEI,19,4.375916532749025,1.6148248896350377,1.2752820271461953,2.2457776132464944
0,0,TEI,20,4.375916532749025,1.6148248896350377,1.2752820271461953,2.2457776132464944
0,0,TEI,21,4.375916532749025,1.6148248896350377,1.2752820271461953,2.2457776132464944
0,0,TEI,22,4.375916532749025,1.6148248896350377,1.2752820271461953,2.2457776132464944
0,0,TEI,23,4.375916532749025,1.6148248896350377,1.2752820271461953,2.2457776132464944
0,0,TEI,24,4.375916532749025,1.6148248896350377,1.2752820271461953,2.2457776132464944
0,0,TEI,25,4.375916532749025,1.6148248896350377,1.2752820271461953,2.2457776132464944
1,1,TEI,0,3.104339427457295,0.8126774115048594,1.8266229371407734,2.163250031181786
1,1,TEI,1,3.7906295680478936,0.7862657828950466,1.2840864123686342,2.1612987038284133
1,1,TEI,2,3.8488116230431886,1.2463324682377181,0.91156973942832,7.149226750454886
1,1,TEI,3,3.8488116230431886,1.2463324682377181,0.91156973942832,7.149226750454886
1,1,TEI,4,4.141023581406615,1.2888870760799178,1.268692602126694,7.447815497396314
1,1,TEI,5,4.141023581406615,1.2888870760799178,1.268692602126694,7.447815497396314
1,1,TEI,6,4.198775889972303,1.2900350731237453,1.3020093053538728,5.571784001628721
1,1,TEI,7,4.295945727053487,1.4956303262620172,1.471200968016908,3.9818701137192964
1,1,TEI,8,4.295945727053487,1.4956303262620172,1.471200968016908,3.9818701137192964
1,1,TEI,9,4.295945727053487,1.4956303262620172,1.471200968016908,3.9818701137192964
1,1,TEI,10,4.329639225628404,1.4471904502513726,1.3717875483046176,3.8826510839788897
1,1,TEI,11,4.329639225628404,1.4471904502513726,1.3717875483046176,3.8826510839788897
1,1,TEI,12,4.341148088087055,1.4562837727066764,1.3360288018901088,3.76830308293281
1,1,TEI,13,4.342695105694589,1.4534063240170259,1.344850193352463,3.6715736763283333
1,1,TEI,14,4.342695105694589,1.4534063240170259,1.344850193352463,3.6715736763283333
1,1,TEI,15,4.342695105694589,1.4534063240170259,1.344850193352463,3.6715736763283333
1,1,TEI,16,4.342695105694589,1.4534063240170259,1.344850193352463,3.6715736763283333
1,1,TEI,17,4.342695105694589,1.4534063240170259,1.344850193352463,3.6715736763283333
1,1,TEI,18,4.342695105694589,1.4534063240170259,1.344850193352463,3.6715736763283333
1,1,TEI,19,4.342695105694589,1.4534063240170259,1.344850193352463,3.6715736763283333
1,1,TEI,20,4.342695105694589,1.4534063240170259,1.344850193352463,3.6715736763283333
1,1,TEI,21,4.342695105694589,1.4534063240170259,1.344850193352463,3.6715736763283333
1,1,TEI,22,4.342695105694589,1.4534063240170259,1.344850193352463,3.6715736763283333
1,1,TEI,23,4.342695105694589,1.4534063240170259,1.344850193352463,3.6715736763283333
1,1,TEI,24,4.342695105694589,1.4534063240170259,1.344850193352463,3.6715736763283333
1,1,TEI,25,4.347872419843838,1.480883730995581,1.3023222337753109,3.7733704072959657
2,2,TEI,0,3.444127279905535,1.3568271765900897,0.46792981973149805,2.2517838873167366
2,2,TEI,1,3.903079646368007,1.0815031993598834,0.9747124325522618,2.257569482215577
2,2,TEI,2,3.903079646368007,1.0815031993598834,0.9747124325522618,2.257569482215577
2,2,TEI,3,4.107436553067623,1.3619225569510145,1.1018628120303084,7.028637592716784
2,2,TEI,4,4.107436553067623,1.3619225569510145,1.1018628120303084,7.028637592716784
2,2,TEI,5,4.107436553067623,1.3619225569510145,1.1018628120303084,7.028637592716784
2,2,TEI,6,4.218940716207489,1.362298252079944,1.3912923142845295,1.6282141087898376
2,2,TEI,7,4.218940716207489,1.362298252079944,1.3912923142845295,1.6282141087898376
2,2,TEI,8,4.267312015901171,1.4589498846406657,1.5212229687336687,2.3858354114265574
2,2,TEI,9,4.267312015901171,1.4589498846406657,1.5212229687336687,2.3858354114265574
2,2,TEI,10,4.33926608164949,1.4497777374616558,1.2183566637135392,2.760915613692078
2,2,TEI,11,4.35443279241946,1.4545756317142704,1.3035438074915664,3.276165457750761
2,2,TEI,12,4.362277341360703,1.4742154943700516,1.309018622613915,3.229461720950103
2,2,TEI,13,4.362277341360703,1.4742154943700516,1.309018622613915,3.229461720950103
2,2,TEI,14,4.362277341360703,1.4742154943700516,1.309018622613915,3.229461720950103
2,2,TEI,15,4.369512329188678,1.4868616643450894,1.2811929553160848,2.7452824288257847
2,2,TEI,16,4.369512329188678,1.4868616643450894,1.2811929553160848,2.7452824288257847
2,2,TEI,17,4.369512329188678,1.4868616643450894,1.2811929553160848,2.7452824288257847
2,2,TEI,18,4.369512329188678,1.4868616643450894,1.2811929553160848,2.7452824288257847
2,2,TEI,19,4.369512329188678,1.4868616643450894,1.2811929553160848,2.7452824288257847
2,2,TEI,20,4.369512329188678,1.4868616643450894,1.2811929553160848,2.7452824288257847
2,2,TEI,21,4.369512329188678,1.4868616643450894,1.2811929553160848,2.7452824288257847
2,2,TEI,22,4.369512329188678,1.4868616643450894,1.2811929553160848,2.7452824288257847
2,2,TEI,23,4.369512329188678,1.4868616643450894,1.2811929553160848,2.7452824288257847
2,2,TEI,24,4.369512329188678,1.4868616643450894,1.2811929553160848,2.7452824288257847
2,2,TEI,25,4.369512329188678,1.4868616643450894,1.2811929553160848,2.7452824288257847
3,3,TEI,0,3.0102610659693836,2.232324270253552,0.5480702896181784,7.0701736680622895
3,3,TEI,1,3.0102610659693836,2.232324270253552,0.5480702896181784,7.0701736680622895
3,3,TEI,2,3.0102610659693836,2.232324270253552,0.5480702896181784,7.0701736680622895
3,3,TEI,3,3.5172705348753484,1.4177071682316473,0.549003485842277,5.372809253882937
3,3,TEI,4,3.5172705348753484,1.4177071682316473,0.549003485842277,5.372809253882937
3,3,TEI,5,3.5172705348753484,1.4177071682316473,0.549003485842277,5.372809253882937
3,3,TEI,6,4.092816835567947,1.168407141555694,1.2574629753548732,5.916229404953641
3,3,TEI,7,4.110185477772894,1.1822258240668977,1.2553704908644319,5.6877030182439965
3,3,TEI,8,4.2677462044651655,1.4029099148791722,1.3496157070740855,5.286839900908181
3,3,TEI,9,4.305164975490015,1.3954512630304654,1.445398342667365,2.5179505005893428
3,3,TEI,10,4.305164975490015,1.3954512630304654,1.445398342667365,2.5179505005893428
3,3,TEI,11,4.330712298990326,1.4458811440944208,1.3340201143098578,2.0077466689565395
3,3,TEI,12,4.330712298990326,1.4458811440944208,1.3340201143098578,2.0077466689565395
3,3,TEI,13,4.377339765464705,1.5823332759142694,1.2634074690036496,2.369295685090552
3,3,TEI,14,4.377339765464705,1.5823332759142694,1.2634074690036496,2.369295685090552
3,3,TEI,15,4.38316636421362,1.5603218055409944,1.3200763511741544,2.3811723802726217
3,3,TEI,16,4.384807996424854,1.5669774630551716,1.3024570576110714,2.443640033554344
3,3,TEI,17,4.384807996424854,1.5669774630551716,1.3024570576110714,2.443640033554344
3,3,TEI,18,4.386520898242032,1.5858794497026771,1.3587311675768197,2.5106093335768245
3,3,TEI,19,4.386520898242032,1.5858794497026771,1.3587311675768197,2.5106093335768245
3,3,TEI,20,4.386520898242032,1.5858794497026771,1.3587311675768197,2.5106093335768245
3,3,TEI,21,4.386520898242032,1.5858794497026771,1.3587311675768197,2.5106093335768245
3,3,TEI,22,4.386520898242032,1.5858794497026771,1.3587311675768197,2.5106093335768245
3,3,TEI,23,4.386520898242032,1.5858794497026771,1.3587311675768197,2.5106093335768245
3,3,TEI,24,4.386520898242032,1.5858794497026771,1.3587311675768197,2.5106093335768245
3,3,TEI,25,4.389718216057915,1.5896838568176044,1.3261315270072385,2.535994147663133
4,4,TEI,0,3.557458546444625,0.9327090146531924,1.6577527790059592,7.157825704064256
4,4,TEI,1,3.7987193172066664,2.000197114769294,1.6574764158150699,6.967170176575253
4,4,TEI,2,4.054984261492192,1.6840480498007828,1.6632504188843535,1.977640941655509
4,4,TEI,3,4.2271841713916976,1.5149016720056743,1.4085629971396498,7.54227867304174
4,4,TEI,4,4.2271841713916976,1.5149016720056743,1.4085629971396498,7.54227867304174
4,4,TEI,5,4.2271841713916976,1.5149016720056743,1.4085629971396498,7.54227867304174
4,4,TEI,6,4.2271841713916976,1.5149016720056743,1.4085629971396498,7.54227867304174
4,4,TEI,7,4.2271841713916976,1.5149016720056743,1.4085629971396498,7.54227867304174
4,4,TEI,8,4.344368109465428,1.814721505052042,1.34764391201302,2.859690051791032
4,4,TEI,9,4.344368109465428,1.814721505052042,1.34764391201302,2.859690051791032
4,4,TEI,10,4.379018131000363,1.5531559761527287,1.2616003868348118,2.6538579502847894
4,4,TEI,11,4.389339347381015,1.6614137255366392,1.339272909490068,2.6907266861183863
4,4,TEI,12,4.389339347381015,1.6614137255366392,1.339272909490068,2.6907266861183863
4,4,TEI,13,4.389339347381015,1.6614137255366392,1.339272909490068,2.6907266861183863
4,4,TEI,14,4.389339347381015,1.6614137255366392,1.339272909490068,2.6907266861183863
4,4,TEI,15,4.389339347381015,1.6614137255366392,1.339272909490068,2.6907266861183863
4,4,TEI,16,4.389339347381015,1.6614137255366392,1.339272909490068,2.6907266861183863
4,4,TEI,17,4.389339347381015,1.6614137255366392,1.339272909490068,2.6907266861183863
4,4,TEI,18,4.389339347381015,1.6614137255366392,1.339272909490068,2.6907266861183863
4,4,TEI,19,4.389339347381015,1.6614137255366392,1.339272909490068,2.6907266861183863
4,4,TEI,20,4.389339347381015,1.6614137255366392,1.339272909490068,2.6907266861183863
4,4,TEI,21,4.389339347381015,1.6614137255366392,1.339272909490068,2.6907266861183863
4,4,TEI,22,4.389339347381015,1.6614137255366392,1.339272909490068,2.6907266861183863
4,4,TEI,23,4.389339347381015,1.6614137255366392,1.339272909490068,2.6907266861183863
4,4,TEI,24,4.389398219100246,1.627022887551227,1.3521150220728053,2.8783643966540895
4,4,TEI,25,4.389398219100246,1.627022887551227,1.3521150220728053,2.8783643966540895
5,5,TEI,0,4.227399987146568,1.438101388900841,1.5453097581462618,3.4105505588884606
5,5,TEI,1,4.344712143985989,1.5200983392205956,1.2999009844405909,4.147784827325646
5,5,TEI,2,4.344712143985989,1.5200983392205956,1.2999009844405909,4.147784827325646
5,5,TEI,3,4.344712143985989,1.5200983392205956,1.2999009844405909,4.147784827325646
5,5,TEI,4,4.344712143985989,1.5200983392205956,1.2999009844405909,4.147784827325646
5,5,TEI,5,4.344712143985989,1.5200983392205956,1.2999009844405909,4.147784827325646
5,5,TEI,6,4.344712143985989,1.5200983392205956,1.2999009844405909,4.147784827325646
5,5,TEI,7,4.344712143985989,1.5200983392205956,1.2999009844405909,4.147784827325646
5,5,TEI,8,4.344712143985989,1.5200983392205956,1.2999009844405909,4.147784827325646
5,5,TEI,9,4.344712143985989,1.5200983392205956,1.2999009844405909,4.147784827325646
5,5,TEI,10,4.344712143985989,1.5200983392205956,1.2999009844405909,4.147784827325646
5,5,TEI,11,4.344712143985989,1.5200983392205956,1.2999009844405909,4.147784827325646
5,5,TEI,12,4.344712143985989,1.5200983392205956,1.2999009844405909,4.147784827325646
5,5,TEI,13,4.344712143985989,1.5200983392205956,1.2999009844405909,4.147784827325646
5,5,TEI,14,4.344712143985989,1.5200983392205956,1.2999009844405909,4.147784827325646
5,5,TEI,15,4.344712143985989,1.5200983392205956,1.2999009844405909,4.147784827325646
5,5,TEI,16,4.344712143985989,1.5200983392205956,1.2999009844405909,4.147784827325646
5,5,TEI,17,4.344712143985989,1.5200983392205956,1.2999009844405909,4.147784827325646
5,5,TEI,18,4.344712143985989,1.5200983392205956,1.2999009844405909,4.147784827325646
5,5,TEI,19,4.344712143985989,1.5200983392205956,1.2999009844405909,4.147784827325646
5,5,TEI,20,4.344712143985989,1.5200983392205956,1.2999009844405909,4.147784827325646
5,5,TEI,21,4.344712143985989,1.5200983392205956,1.2999009844405909,4.147784827325646
5,5,TEI,22,4.344712143985989,1.5200983392205956,1.2999009844405909,4.147784827325646
5,5,TEI,23,4.344712143985989,1.5200983392205956,1.2999009844405909,4.147784827325646
5,5,TEI,24,4.344712143985989,1.5200983392205956,1.2999009844405909,4.147784827325646
5,5,TEI,25,4.344885364522062,1.5501289990242988,1.3610712600882495,4.251434672283989
6,6,TEI,0,3.300511306741468,1.7381265975850662,0.38950021520552625,1.6040942984570679
6,6,TEI,1,4.055265855069783,1.7382630571541378,1.6650526295026085,2.144840368053014
6,6,TEI,2,4.055265855069783,1.7382630571541378,1.6650526295026085,2.144840368053014
6,6,TEI,3,4.055265855069783,1.7382630571541378,1.6650526295026085,2.144840368053014
6,6,TEI,4,4.1100774551142605,1.5590400792116101,1.650821083211187,2.4729976877903432
6,6,TEI,5,4.1100774551142605,1.5590400792116101,1.650821083211187,2.4729976877903432
6,6,TEI,6,4.318626721261114,1.7073644422646121,1.1950561394009478,4.019944078388581
6,6,TEI,7,4.318626721261114,1.7073644422646121,1.1950561394009478,4.019944078388581
6,6,TEI,8,4.343827516153531,1.6575982077254476,1.1702387869831803,2.6433085853185347
6,6,TEI,9,4.380096808058848,1.6410127623479052,1.3666115069795834,2.3194561978470682
6,6,TEI,10,4.380096808058848,1.6410127623479052,1.3666115069795834,2.3194561978470682
6,6,TEI,11,4.380096808058848,1.6410127623479052,1.3666115069795834,2.3194561978470682
6,6,TEI,12,4.380096808058848,1.6410127623479052,1.3666115069795834,2.3194561978470682
6,6,TEI,13,4.380190582690475,1.6209061963638085,1.2653030114134256,3.115143349347422
6,6,TEI,14,4.380190582690475,1.6209061963638085,1.2653030114134256,3.115143349347422
6,6,TEI,15,4.38608125252429,1.591443291512448,1.3180880654341962,3.139070278679534
6,6,TEI,16,4.38608125252429,1.591443291512448,1.3180880654341962,3.139070278679534
6,6,TEI,17,4.38608125252429,1.591443291512448,1.3180880654341962,3.139070278679534
6,6,TEI,18,4.390193114147351,1.6246473459923312,1.3260983023866197,2.9518113424164056
6,6,TEI,19,4.390193114147351,1.6246473459923312,1.3260983023866197,2.9518113424164056
6,6,TEI,20,4.390193114147351,1.6246473459923312,1.3260983023866197,2.9518113424164056
6,6,TEI,21,4.390193114147351,1.6246473459923312,1.3260983023866197,2.9518113424164056
6,6,TEI,22,4.390193114147351,1.6246473459923312,1.3260983023866197,2.9518113424164056
6,6,TEI,23,4.390193114147351,1.6246473459923312,1.3260983023866197,2.9518113424164056
6,6,TEI,24,4.390193114147351,1.6246473459923312,1.3260983023866197,2.9518113424164056
6,6,TEI,25,4.390193114147351,1.6246473459923312,1.3260983023866197,2.9518113424164056
7,7,TEI,0,3.781100281171634,1.2359817587016404,1.640248303393514,11.635509667987657
7,7,TEI,1,4.106600883027305,1.4217592615668075,1.515301124920292,1.4365740220440069
7,7,TEI,2,4.336452583911185,1.4887892501377111,1.1861578935254573,2.7515552059624016
7,7,TEI,3,4.336452583911185,1.4887892501377111,1.1861578935254573,2.7515552059624016
7,7,TEI,4,4.336452583911185,1.4887892501377111,1.1861578935254573,2.7515552059624016
7,7,TEI,5,4.336452583911185,1.4887892501377111,1.1861578935254573,2.7515552059624016
7,7,TEI,6,4.35800402745308,1.6394495839956722,1.3442300503737572,4.062977436024265
7,7,TEI,7,4.35800402745308,1.6394495839956722,1.3442300503737572,4.062977436024265
7,7,TEI,8,4.35800402745308,1.6394495839956722,1.3442300503737572,4.062977436024265
7,7,TEI,9,4.359726087836737,1.5932856426480249,1.4414599365459422,2.817505153061286
7,7,TEI,10,4.365696708095324,1.4840464154146984,1.3415875689940648,3.2017069974662156
7,7,TEI,11,4.365696708095324,1.4840464154146984,1.3415875689940648,3.2017069974662156
7,7,TEI,12,4.382501641332151,1.5864938824272654,1.3039015077360019,3.2467984883477436
7,7,TEI,13,4.385197767252889,1.5791472744060036,1.356259500340184,3.0306337972831305
7,7,TEI,14,4.385197767252889,1.5791472744060036,1.356259500340184,3.0306337972831305
7,7,TEI,15,4.385197767252889,1.5791472744060036,1.356259500340184,3.0306337972831305
7,7,TEI,16,4.390466947288889,1.6417299336190654,1.312642463688901,2.8463744648596574
7,7,TEI,17,4.390466947288889,1.6417299336190654,1.312642463688901,2.8463744648596574
7,7,TEI,18,4.390466947288889,1.6417299336190654,1.312642463688901,2.8463744648596574
7,7,TEI,19,4.390466947288889,1.6417299336190654,1.312642463688901,2.8463744648596574
7,7,TEI,20,4.390466947288889,1.6417299336190654,1.312642463688901,2.8463744648596574
7,7,TEI,21,4.390466947288889,1.6417299336190654,1.312642463688901,2.8463744648596574
7,7,TEI,22,4.390466947288889,1.6417299336190654,1.312642463688901,2.8463744648596574
7,7,TEI,23,4.390466947288889,1.6417299336190654,1.312642463688901,2.8463744648596574
7,7,TEI,24,4.390466947288889,1.6417299336190654,1.312642463688901,2.8463744648596574
7,7,TEI,25,4.390466947288889,1.6417299336190654,1.312642463688901,2.8463744648596574
8,8,TEI,0,4.1189671343701795,1.8468073731594483,1.5446377909367563,5.866881013281371
8,8,TEI,1,4.1189671343701795,1.8468073731594483,1.5446377909367563,5.866881013281371
8,8,TEI,2,4.135250322827608,1.7218064640423303,1.5013557614880515,9.11043229043993
8,8,TEI,3,4.135250322827608,1.7218064640423303,1.5013557614880515,9.11043229043993
8,8,TEI,4,4.2504710332821425,1.5672643352089857,1.3465334033267098,7.548924404539404
8,8,TEI,5,4.2504710332821425,1.5672643352089857,1.3465334033267098,7.548924404539404
8,8,TEI,6,4.2504710332821425,1.5672643352089857,1.3465334033267098,7.548924404539404
8,8,TEI,7,4.2504710332821425,1.5672643352089857,1.3465334033267098,7.548924404539404
8,8,TEI,8,4.2504710332821425,1.5672643352089857,1.3465334033267098,7.548924404539404
8,8,TEI,9,4.2504710332821425,1.5672643352089857,1.3465334033267098,7.548924404539404
8,8,TEI,10,4.2504710332821425,1.5672643352089857,1.3465334033267098,7.548924404539404
8,8,TEI,11,4.2504710332821425,1.5672643352089857,1.3465334033267098,7.548924404539404
8,8,TEI,12,4.2504710332821425,1.5672643352089857,1.3465334033267098,7.548924404539404
8,8,TEI,13,4.2504710332821425,1.5672643352089857,1.3465334033267098,7.548924404539404
8,8,TEI,14,4.2504710332821425,1.5672643352089857,1.3465334033267098,7.548924404539404
8,8,TEI,15,4.2504710332821425,1.5672643352089857,1.3465334033267098,7.548924404539404
8,8,TEI,16,4.2504710332821425,1.5672643352089857,1.3465334033267098,7.548924404539404
8,8,TEI,17,4.314891114357193,1.5511911040361368,1.4248305237235024,4.547525977736295
8,8,TEI,18,4.314891114357193,1.5511911040361368,1.4248305237235024,4.547525977736295
8,8,TEI,19,4.314891114357193,1.5511911040361368,1.4248305237235024,4.547525977736295
8,8,TEI,20,4.314891114357193,1.5511911040361368,1.4248305237235024,4.547525977736295
8,8,TEI,21,4.314891114357193,1.5511911040361368,1.4248305237235024,4.547525977736295
8,8,TEI,22,4.314891114357193,1.5511911040361368,1.4248305237235024,4.547525977736295
8,8,TEI,23,4.314891114357193,1.5511911040361368,1.4248305237235024,4.547525977736295
8,8,TEI,24,4.314891114357193,1.5511911040361368,1.4248305237235024,4.547525977736295
8,8,TEI,25,4.314891114357193,1.5511911040361368,1.4248305237235024,4.547525977736295
9,9,TEI,0,3.939896854241996,1.805644867872708,1.0062612036124783,13.730786427237122
9,9,TEI,1,3.9547087886091825,1.9058600329944313,1.0817335620136745,13.211672525351041
9,9,TEI,2,4.0979507549806335,1.8006673938560378,1.5237239497782902,8.551268860155904
9,9,TEI,3,4.245139816477358,1.3143546879218997,1.416645870247498,4.102586683102067
9,9,TEI,4,4.245139816477358,1.3143546879218997,1.416645870247498,4.102586683102067
9,9,TEI,5,4.245139816477358,1.3143546879218997,1.416645870247498,4.102586683102067
9,9,TEI,6,4.247634596514369,1.5781315338262538,1.3447236468522235,7.7254511695214125
9,9,TEI,7,4.295260271394131,1.5807208193912046,1.3467218971768764,5.914391308421222
9,9,TEI,8,4.295260271394131,1.5807208193912046,1.3467218971768764,5.914391308421222
9,9,TEI,9,4.295260271394131,1.5807208193912046,1.3467218971768764,5.914391308421222
9,9,TEI,10,4.295260271394131,1.5807208193912046,1.3467218971768764,5.914391308421222
9,9,TEI,11,4.295260271394131,1.5807208193912046,1.3467218971768764,5.914391308421222
9,9,TEI,12,4.295260271394131,1.5807208193912046,1.3467218971768764,5.914391308421222
9,9,TEI,13,4.295260271394131,1.5807208193912046,1.3467218971768764,5.914391308421222
9,9,TEI,14,4.295260271394131,1.5807208193912046,1.3467218971768764,5.914391308421222
9,9,TEI,15,4.295260271394131,1.5807208193912046,1.3467218971768764,5.914391308421222
9,9,TEI,16,4.295260271394131,1.5807208193912046,1.3467218971768764,5.914391308421222
9,9,TEI,17,4.295260271394131,1.5807208193912046,1.3467218971768764,5.914391308421222
9,9,TEI,18,4.295260271394131,1.5807208193912046,1.3467218971768764,5.914391308421222
9,9,TEI,19,4.295260271394131,1.5807208193912046,1.3467218971768764,5.914391308421222
9,9,TEI,20,4.295260271394131,1.5807208193912046,1.3467218971768764,5.914391308421222
9,9,TEI,21,4.295260271394131,1.5807208193912046,1.3467218971768764,5.914391308421222
9,9,TEI,22,4.295260271394131,1.5807208193912046,1.3467218971768764,5.914391308421222
9,9,TEI,23,4.295260271394131,1.5807208193912046,1.3467218971768764,5.914391308421222
9,9,TEI,24,4.295260271394131,1.5807208193912046,1.3467218971768764,5.914391308421222
9,9,TEI,25,4.295260271394131,1.5807208193912046,1.3467218971768764,5.914391308421222
10,10,TEI,0,4.228476437661166,1.474929324942087,1.4461170350929762,6.383209452077245
10,10,TEI,1,4.228476437661166,1.474929324942087,1.4461170350929762,6.383209452077245
10,10,TEI,2,4.228476437661166,1.474929324942087,1.4461170350929762,6.383209452077245
10,10,TEI,3,4.228476437661166,1.474929324942087,1.4461170350929762,6.383209452077245
10,10,TEI,4,4.228476437661166,1.474929324942087,1.4461170350929762,6.383209452077245
10,10,TEI,5,4.228476437661166,1.474929324942087,1.4461170350929762,6.383209452077245
10,10,TEI,6,4.239070602840167,1.4682929656249915,1.3516121946719792,7.125439617383099
10,10,TEI,7,4.245184503186687,1.509385492851457,1.3347357427758704,7.38735819789859
10,10,TEI,8,4.246327666557078,1.517585926576701,1.3614834018094037,7.3025926319869585
10,10,TEI,9,4.246327666557078,1.517585926576701,1.3614834018094037,7.3025926319869585
10,10,TEI,10,4.246327666557078,1.517585926576701,1.3614834018094037,7.3025926319869585
10,10,TEI,11,4.246327666557078,1.517585926576701,1.3614834018094037,7.3025926319869585
10,10,TEI,12,4.246327666557078,1.517585926576701,1.3614834018094037,7.3025926319869585
10,10,TEI,13,4.246327666557078,1.517585926576701,1.3614834018094037,7.3025926319869585
10,10,TEI,14,4.246327666557078,1.517585926576701,1.3614834018094037,7.3025926319869585
10,10,TEI,15,4.246327666557078,1.517585926576701,1.3614834018094037,7.3025926319869585
10,10,TEI,16,4.246327666557078,1.517585926576701,1.3614834018094037,7.3025926319869585
10,10,TEI,17,4.257118334601495,1.5065240410399325,1.3331628684475092,6.885070089369429
10,10,TEI,18,4.259172061703474,1.5047696990226922,1.3256090100168434,6.796213136037404
10,10,TEI,19,4.265570524395342,1.5220586730462742,1.3204843288645227,6.698853215478016
10,10,TEI,20,4.265570524395342,1.5220586730462742,1.3204843288645227,6.698853215478016
10,10,TEI,21,4.265570524395342,1.5220586730462742,1.3204843288645227,6.698853215478016
10,10,TEI,22,4.265570524395342,1.5220586730462742,1.3204843288645227,6.698853215478016
10,10,TEI,23,4.265570524395342,1.5220586730462742,1.3204843288645227,6.698853215478016
10,10,TEI,24,4.26786040456255,1.516557108532727,1.3220355161175226,6.571700188938945
10,10,TEI,25,4.26786040456255,1.516557108532727,1.3220355161175226,6.571700188938945
11,11,TEI,0,4.150840781678124,1.8978314292801928,1.5356674314484513,1.9322663087465377
11,11,TEI,1,4.150840781678124,1.8978314292801928,1.5356674314484513,1.9322663087465377
11,11,TEI,2,4.150840781678124,1.8978314292801928,1.5356674314484513,1.9322663087465377
11,11,TEI,3,4.150840781678124,1.8978314292801928,1.5356674314484513,1.9322663087465377
11,11,TEI,4,4.150840781678124,1.8978314292801928,1.5356674314484513,1.9322663087465377
11,11,TEI,5,4.150840781678124,1.8978314292801928,1.5356674314484513,1.9322663087465377
11,11,TEI,6,4.150840781678124,1.8978314292801928,1.5356674314484513,1.9322663087465377
11,11,TEI,7,4.236908085090709,1.6435763653577191,1.5647130602376391,2.22132034796743
11,11,TEI,8,4.255143238672042,1.4732801389239083,1.3480165918102731,6.582987404396979
11,11,TEI,9,4.259220680184864,1.5345794689673875,1.3522615985627175,6.972451803774524
11,11,TEI,10,4.263557689146191,1.5937436223571542,1.2701916053404592,6.899404340446164
11,11,TEI,11,4.319376827987935,1.4734520479906856,1.2582848176673593,1.911642214190326
11,11,TEI,12,4.355212078766228,1.5330343690190116,1.3411796615208065,2.0205241885908416
11,11,TEI,13,4.363993584477363,1.5258721200136791,1.3599231849130557,2.1639606388716803
11,11,TEI,14,4.367515574019692,1.5452108642635114,1.3958178610320426,2.320545262849381
11,11,TEI,15,4.375792976232153,1.5474690682259742,1.3627327792748907,2.31631317671918
11,11,TEI,16,4.378098571546988,1.5495989961174486,1.3566043494848028,2.341730769391637
11,11,TEI,17,4.378098571546988,1.5495989961174486,1.3566043494848028,2.341730769391637
11,11,TEI,18,4.381786154948345,1.572209052514343,1.3544760698369096,2.357154089433342
11,11,TEI,19,4.381786154948345,1.572209052514343,1.3544760698369096,2.357154089433342
11,11,TEI,20,4.381786154948345,1.572209052514343,1.3544760698369096,2.357154089433342
11,11,TEI,21,4.388562875772932,1.6037704546394322,1.3413452851233476,2.471234529824629
11,11,TEI,22,4.388562875772932,1.6037704546394322,1.3413452851233476,2.471234529824629
11,11,TEI,23,4.388562875772932,1.6037704546394322,1.3413452851233476,2.471234529824629
11,11,TEI,24,4.388562875772932,1.6037704546394322,1.3413452851233476,2.471234529824629
11,11,TEI,25,4.388613847290242,1.5789190140779583,1.3232097330567192,2.517576864061135
12,12,TEI,0,2.7840997575435598,2.4375140944263407,1.72983806405313,13.203869748852181
12,12,TEI,1,3.7311895416048313,1.9635450945110229,0.8841096125013839,11.167940473068176
12,12,TEI,2,3.836031057338308,1.9719349804896509,0.9359347067222097,8.144284551845908
12,12,TEI,3,4.197196752314472,1.7620633875538707,1.1221906676271822,5.900496975903011
12,12,TEI,4,4.197196752314472,1.7620633875538707,1.1221906676271822,5.900496975903011
12,12,TEI,5,4.197196752314472,1.7620633875538707,1.1221906676271822,5.900496975903011
12,12,TEI,6,4.197196752314472,1.7620633875538707,1.1221906676271822,5.900496975903011
12,12,TEI,7,4.235961669692067,1.5919166291243942,1.0402876565904084,3.4051528928129517
12,12,TEI,8,4.239302035448286,1.4926495056300393,1.198187323661415,6.259587979647928
12,12,TEI,9,4.239302035448286,1.4926495056300393,1.198187323661415,6.259587979647928
12,12,TEI,10,4.239302035448286,1.4926495056300393,1.198187323661415,6.259587979647928
12,12,TEI,11,4.261121395588396,1.5694474509693426,1.0924782065484067,3.9599550883351697
12,12,TEI,12,4.261121395588396,1.5694474509693426,1.0924782065484067,3.9599550883351697
12,12,TEI,13,4.261121395588396,1.5694474509693426,1.0924782065484067,3.9599550883351697
12,12,TEI,14,4.266817793644068,1.5795244883200472,1.1471625540363486,4.95557420542396
12,12,TEI,15,4.266817793644068,1.5795244883200472,1.1471625540363486,4.95557420542396
12,12,TEI,16,4.266817793644068,1.5795244883200472,1.1471625540363486,4.95557420542396
12,12,TEI,17,4.266817793644068,1.5795244883200472,1.1471625540363486,4.95557420542396
12,12,TEI,18,4.266817793644068,1.5795244883200472,1.1471625540363486,4.95557420542396
12,12,TEI,19,4.269815427895847,1.5314840132338294,1.1780819595063123,5.218069880690557
12,12,TEI,20,4.342848727089976,1.5860474212494746,1.2525772924291263,4.200499751972545
12,12,TEI,21,4.348869561371972,1.5983495664920455,1.2552461304407045,4.068461914374722
12,12,TEI,22,4.350782246938957,1.5852309376613416,1.2921467380114233,4.211966283758163
12,12,TEI,23,4.350782246938957,1.5852309376613416,1.2921467380114233,4.211966283758163
12,12,TEI,24,4.35493322212103,1.5518863586290057,1.3121199071068128,4.04193332072052
12,12,TEI,25,4.35493322212103,1.5518863586290057,1.3121199071068128,4.04193332072052
13,13,TEI,0,3.7676746364093363,2.131748582680984,1.4935588022622066,12.165539958366347
13,13,TEI,1,3.9595353749861393,1.845473551109142,1.573851885885484,12.18129235511676
13,13,TEI,2,3.9595353749861393,1.845473551109142,1.573851885885484,12.18129235511676
13,13,TEI,3,3.9595353749861393,1.845473551109142,1.573851885885484,12.18129235511676
13,13,TEI,4,4.004468517661307,1.4350212789461803,1.6847879295702999,2.2725379101162777
13,13,TEI,5,4.100186878211329,1.473357788131767,1.5379749212891967,8.533123903140414
13,13,TEI,6,4.100186878211329,1.473357788131767,1.5379749212891967,8.533123903140414
13,13,TEI,7,4.100186878211329,1.473357788131767,1.5379749212891967,8.533123903140414
13,13,TEI,8,4.142062112655133,1.6062414125391928,1.3732429456610715,14.756244035697241
13,13,TEI,9,4.142062112655133,1.6062414125391928,1.3732429456610715,14.756244035697241
13,13,TEI,10,4.142062112655133,1.6062414125391928,1.3732429456610715,14.756244035697241
13,13,TEI,11,4.142062112655133,1.6062414125391928,1.3732429456610715,14.756244035697241
13,13,TEI,12,4.165971140714183,1.6392567389460564,1.3571143557231427,12.707018387051834
13,13,TEI,13,4.261013753010006,1.3966664162507474,1.4596920093255696,1.9392122158873064
13,13,TEI,14,4.346898135985075,1.4919259103694018,1.4010759546349187,3.5206942869804614
13,13,TEI,15,4.347222890988408,1.434648789113489,1.3750752369413202,3.0691719274207463
13,13,TEI,16,4.347222890988408,1.434648789113489,1.3750752369413202,3.0691719274207463
13,13,TEI,17,4.347222890988408,1.434648789113489,1.3750752369413202,3.0691719274207463
13,13,TEI,18,4.347222890988408,1.434648789113489,1.3750752369413202,3.0691719274207463
13,13,TEI,19,4.347222890988408,1.434648789113489,1.3750752369413202,3.0691719274207463
13,13,TEI,20,4.347222890988408,1.434648789113489,1.3750752369413202,3.0691719274207463
13,13,TEI,21,4.39002837551172,1.5936083815776119,1.3428938081549129,2.8469571716698105
13,13,TEI,22,4.39002837551172,1.5936083815776119,1.3428938081549129,2.8469571716698105
13,13,TEI,23,4.39002837551172,1.5936083815776119,1.3428938081549129,2.8469571716698105
13,13,TEI,24,4.39002837551172,1.5936083815776119,1.3428938081549129,2.8469571716698105
13,13,TEI,25,4.39002837551172,1.5936083815776119,1.3428938081549129,2.8469571716698105
14,14,TEI,0,4.091506261911437,1.317375771603062,1.0762000001351049,5.981983918073993
14,14,TEI,1,4.091506261911437,1.317375771603062,1.0762000001351049,5.981983918073993
14,14,TEI,2,4.091506261911437,1.317375771603062,1.0762000001351049,5.981983918073993
14,14,TEI,3,4.354297369356065,1.6329133251488455,1.2494707647689616,3.865038136350338
14,14,TEI,4,4.354297369356065,1.6329133251488455,1.2494707647689616,3.865038136350338
14,14,TEI,5,4.354297369356065,1.6329133251488455,1.2494707647689616,3.865038136350338
14,14,TEI,6,4.354297369356065,1.6329133251488455,1.2494707647689616,3.865038136350338
14,14,TEI,7,4.354297369356065,1.6329133251488455,1.2494707647689616,3.865038136350338
14,14,TEI,8,4.354297369356065,1.6329133251488455,1.2494707647689616,3.865038136350338
14,14,TEI,9,4.354297369356065,1.6329133251488455,1.2494707647689616,3.865038136350338
14,14,TEI,10,4.354297369356065,1.6329133251488455,1.2494707647689616,3.865038136350338
14,14,TEI,11,4.354297369356065,1.6329133251488455,1.2494707647689616,3.865038136350338
14,14,TEI,12,4.354297369356065,1.6329133251488455,1.2494707647689616,3.865038136350338
14,14,TEI,13,4.354297369356065,1.6329133251488455,1.2494707647689616,3.865038136350338
14,14,TEI,14,4.354297369356065,1.6329133251488455,1.2494707647689616,3.865038136350338
14,14,TEI,15,4.354297369356065,1.6329133251488455,1.2494707647689616,3.865038136350338
14,14,TEI,16,4.354297369356065,1.6329133251488455,1.2494707647689616,3.865038136350338
14,14,TEI,17,4.354297369356065,1.6329133251488455,1.2494707647689616,3.865038136350338
14,14,TEI,18,4.354297369356065,1.6329133251488455,1.2494707647689616,3.865038136350338
14,14,TEI,19,4.354297369356065,1.6329133251488455,1.2494707647689616,3.865038136350338
14,14,TEI,20,4.354297369356065,1.6329133251488455,1.2494707647689616,3.865038136350338
14,14,TEI,21,4.354297369356065,1.6329133251488455,1.2494707647689616,3.865038136350338
14,14,TEI,22,4.354297369356065,1.6329133251488455,1.2494707647689616,3.865038136350338
14,14,TEI,23,4.354297369356065,1.6329133251488455,1.2494707647689616,3.865038136350338
14,14,TEI,24,4.354297369356065,1.6329133251488455,1.2494707647689616,3.865038136350338
14,14,TEI,25,4.354297369356065,1.6329133251488455,1.2494707647689616,3.865038136350338
15,15,TEI,0,4.301455439918212,1.4887819660857744,1.3553598896762011,5.166756960135058
15,15,TEI,1,4.301455439918212,1.4887819660857744,1.3553598896762011,5.166756960135058
15,15,TEI,2,4.301455439918212,1.4887819660857744,1.3553598896762011,5.166756960135058
15,15,TEI,3,4.301455439918212,1.4887819660857744,1.3553598896762011,5.166756960135058
15,15,TEI,4,4.301455439918212,1.4887819660857744,1.3553598896762011,5.166756960135058
15,15,TEI,5,4.301455439918212,1.4887819660857744,1.3553598896762011,5.166756960135058
15,15,TEI,6,4.301455439918212,1.4887819660857744,1.3553598896762011,5.166756960135058
15,15,TEI,7,4.313012545678402,1.5436335679060718,1.3290373029233078,5.238126463779315
15,15,TEI,8,4.313012545678402,1.5436335679060718,1.3290373029233078,5.238126463779315
15,15,TEI,9,4.313012545678402,1.5436335679060718,1.3290373029233078,5.238126463779315
15,15,TEI,10,4.313012545678402,1.5436335679060718,1.3290373029233078,5.238126463779315
15,15,TEI,11,4.313012545678402,1.5436335679060718,1.3290373029233078,5.238126463779315
15,15,TEI,12,4.313012545678402,1.5436335679060718,1.3290373029233078,5.238126463779315
15,15,TEI,13,4.313012545678402,1.5436335679060718,1.3290373029233078,5.238126463779315
15,15,TEI,14,4.313012545678402,1.5436335679060718,1.3290373029233078,5.238126463779315
15,15,TEI,15,4.313012545678402,1.5436335679060718,1.3290373029233078,5.238126463779315
15,15,TEI,16,4.313012545678402,1.5436335679060718,1.3290373029233078,5.238126463779315
15,15,TEI,17,4.313012545678402,1.5436335679060718,1.3290373029233078,5.238126463779315
15,15,TEI,18,4.313012545678402,1.5436335679060718,1.3290373029233078,5.238126463779315
15,15,TEI,19,4.313012545678402,1.5436335679060718,1.3290373029233078,5.238126463779315
15,15,TEI,20,4.313012545678402,1.5436335679060718,1.3290373029233078,5.238126463779315
15,15,TEI,21,4.313012545678402,1.5436335679060718,1.3290373029233078,5.238126463779315
15,15,TEI,22,4.313012545678402,1.5436335679060718,1.3290373029233078,5.238126463779315
15,15,TEI,23,4.313012545678402,1.5436335679060718,1.3290373029233078,5.238126463779315
15,15,TEI,24,4.313012545678402,1.5436335679060718,1.3290373029233078,5.238126463779315
15,15,TEI,25,4.313012545678402,1.5436335679060718,1.3290373029233078,5.238126463779315
16,16,TEI,0,3.031516033515698,2.1685011963824743,1.4891733603442976,0.6655189326084838
16,16,TEI,1,3.031516033515698,2.1685011963824743,1.4891733603442976,0.6655189326084838
16,16,TEI,2,4.132837309022943,1.9998958730532888,1.4847551655534432,3.599835349742883
16,16,TEI,3,4.132837309022943,1.9998958730532888,1.4847551655534432,3.599835349742883
16,16,TEI,4,4.132837309022943,1.9998958730532888,1.4847551655534432,3.599835349742883
16,16,TEI,5,4.20926933333596,1.8579475273763761,1.2455532155314897,6.148376965609135
16,16,TEI,6,4.20926933333596,1.8579475273763761,1.2455532155314897,6.148376965609135
16,16,TEI,7,4.270517585890903,1.6108719883176956,1.44615719503525,5.697778609505706
16,16,TEI,8,4.288542229512789,1.6767429944743384,1.3548517126674273,6.0289475073607806
16,16,TEI,9,4.288542229512789,1.6767429944743384,1.3548517126674273,6.0289475073607806
16,16,TEI,10,4.288542229512789,1.6767429944743384,1.3548517126674273,6.0289475073607806
16,16,TEI,11,4.295119755791982,1.6695408651363688,1.3081881977637702,5.885733525792646
16,16,TEI,12,4.295119755791982,1.6695408651363688,1.3081881977637702,5.885733525792646
16,16,TEI,13,4.295119755791982,1.6695408651363688,1.3081881977637702,5.885733525792646
16,16,TEI,14,4.295119755791982,1.6695408651363688,1.3081881977637702,5.885733525792646
16,16,TEI,15,4.295119755791982,1.6695408651363688,1.3081881977637702,5.885733525792646
16,16,TEI,16,4.295119755791982,1.6695408651363688,1.3081881977637702,5.885733525792646
16,16,TEI,17,4.295119755791982,1.6695408651363688,1.3081881977637702,5.885733525792646
16,16,TEI,18,4.30809041550465,1.679967952633446,1.3023914297196661,5.410548073835104
16,16,TEI,19,4.30809041550465,1.679967952633446,1.3023914297196661,5.410548073835104
16,16,TEI,20,4.30809041550465,1.679967952633446,1.3023914297196661,5.410548073835104
16,16,TEI,21,4.30809041550465,1.679967952633446,1.3023914297196661,5.410548073835104
16,16,TEI,22,4.30809041550465,1.679967952633446,1.3023914297196661,5.410548073835104
16,16,TEI,23,4.30809041550465,1.679967952633446,1.3023914297196661,5.410548073835104
16,16,TEI,24,4.30809041550465,1.679967952633446,1.3023914297196661,5.410548073835104
16,16,TEI,25,4.3089006541795,1.6714282570471841,1.3208072890052205,5.452213198936472
17,17,TEI,0,3.590879773810102,2.337201716564578,1.3522347240420514,6.018089651444624
17,17,TEI,1,4.109670217306533,1.857192229856539,1.0633315892358333,5.797857343782422
17,17,TEI,2,4.109670217306533,1.857192229856539,1.0633315892358333,5.797857343782422
17,17,TEI,3,4.109670217306533,1.857192229856539,1.0633315892358333,5.797857343782422
17,17,TEI,4,4.141156137095139,1.7134530687197485,1.370719797357233,13.84878505575515
17,17,TEI,5,4.141156137095139,1.7134530687197485,1.370719797357233,13.84878505575515
17,17,TEI,6,4.3085676030936195,1.6412028102661158,1.176468316942084,4.279544116381906
17,17,TEI,7,4.3085676030936195,1.6412028102661158,1.176468316942084,4.279544116381906
17,17,TEI,8,4.34001712162763,1.6039803051411017,1.2861190280120973,4.523748091894333
17,17,TEI,9,4.341576351893617,1.5941203143901541,1.27368719831043,4.401581543961973
17,17,TEI,10,4.341576351893617,1.5941203143901541,1.27368719831043,4.401581543961973
17,17,TEI,11,4.342259757087436,1.6532883495845239,1.2746583926128467,4.365610821165704
17,17,TEI,12,4.342259757087436,1.6532883495845239,1.2746583926128467,4.365610821165704
17,17,TEI,13,4.342259757087436,1.6532883495845239,1.2746583926128467,4.365610821165704
17,17,TEI,14,4.342259757087436,1.6532883495845239,1.2746583926128467,4.365610821165704
17,17,TEI,15,4.342259757087436,1.6532883495845239,1.2746583926128467,4.365610821165704
17,17,TEI,16,4.342259757087436,1.6532883495845239,1.2746583926128467,4.365610821165704
17,17,TEI,17,4.342259757087436,1.6532883495845239,1.2746583926128467,4.365610821165704
17,17,TEI,18,4.342259757087436,1.6532883495845239,1.2746583926128467,4.365610821165704
17,17,TEI,19,4.342259757087436,1.6532883495845239,1.2746583926128467,4.365610821165704
17,17,TEI,20,4.343745483415189,1.6363336639873851,1.2919954014194657,4.43691558364848
17,17,TEI,21,4.343745483415189,1.6363336639873851,1.2919954014194657,4.43691558364848
17,17,TEI,22,4.343745483415189,1.6363336639873851,1.2919954014194657,4.43691558364848
17,17,TEI,23,4.343745483415189,1.6363336639873851,1.2919954014194657,4.43691558364848
17,17,TEI,24,4.343745483415189,1.6363336639873851,1.2919954014194657,4.43691558364848
17,17,TEI,25,4.343745483415189,1.6363336639873851,1.2919954014194657,4.43691558364848
18,18,TEI,0,3.699557492002483,1.2363262125074743,0.7316846576957299,1.894937102086478
18,18,TEI,1,3.699557492002483,1.2363262125074743,0.7316846576957299,1.894937102086478
18,18,TEI,2,3.9049447941191833,1.2362240245370302,0.8795277710078522,3.8989728371301626
18,18,TEI,3,4.206357843683836,1.2360831676818833,1.4369583418214829,3.430509589155954
18,18,TEI,4,4.206357843683836,1.2360831676818833,1.4369583418214829,3.430509589155954
18,18,TEI,5,4.206357843683836,1.2360831676818833,1.4369583418214829,3.430509589155954
18,18,TEI,6,4.206357843683836,1.2360831676818833,1.4369583418214829,3.430509589155954
18,18,TEI,7,4.206357843683836,1.2360831676818833,1.4369583418214829,3.430509589155954
18,18,TEI,8,4.206357843683836,1.2360831676818833,1.4369583418214829,3.430509589155954
18,18,TEI,9,4.206357843683836,1.2360831676818833,1.4369583418214829,3.430509589155954
18,18,TEI,10,4.236118961902041,1.2355574942327947,1.2596337096334227,2.9897638302775453
18,18,TEI,11,4.236118961902041,1.2355574942327947,1.2596337096334227,2.9897638302775453
18,18,TEI,12,4.236118961902041,1.2355574942327947,1.2596337096334227,2.9897638302775453
18,18,TEI,13,4.236118961902041,1.2355574942327947,1.2596337096334227,2.9897638302775453
18,18,TEI,14,4.236118961902041,1.2355574942327947,1.2596337096334227,2.9897638302775453
18,18,TEI,15,4.236118961902041,1.2355574942327947,1.2596337096334227,2.9897638302775453
18,18,TEI,16,4.236118961902041,1.2355574942327947,1.2596337096334227,2.9897638302775453
18,18,TEI,17,4.246922847666731,1.2365559299882007,1.3217345777539595,2.8760809542921577
18,18,TEI,18,4.246922847666731,1.2365559299882007,1.3217345777539595,2.8760809542921577
18,18,TEI,19,4.246922847666731,1.2365559299882007,1.3217345777539595,2.8760809542921577
18,18,TEI,20,4.246922847666731,1.2365559299882007,1.3217345777539595,2.8760809542921577
18,18,TEI,21,4.246922847666731,1.2365559299882007,1.3217345777539595,2.8760809542921577
18,18,TEI,22,4.246922847666731,1.2365559299882007,1.3217345777539595,2.8760809542921577
18,18,TEI,23,4.246922847666731,1.2365559299882007,1.3217345777539595,2.8760809542921577
18,18,TEI,24,4.246922847666731,1.2365559299882007,1.3217345777539595,2.8760809542921577
18,18,TEI,25,4.246922847666731,1.2365559299882007,1.3217345777539595,2.8760809542921577
19,19,TEI,0,3.3124351758533965,1.8184683790677,0.38544942627857526,4.675669601939484
19,19,TEI,1,3.3124351758533965,1.8184683790677,0.38544942627857526,4.675669601939484
19,19,TEI,2,3.3124351758533965,1.8184683790677,0.38544942627857526,4.675669601939484
19,19,TEI,3,3.3124351758533965,1.8184683790677,0.38544942627857526,4.675669601939484
19,19,TEI,4,4.160578214231427,1.813677888118626,1.202245904104121,8.407737941547323
19,19,TEI,5,4.3025259867607755,1.8133801038337625,1.1954416784339514,3.400074770998302
19,19,TEI,6,4.3025259867607755,1.8133801038337625,1.1954416784339514,3.400074770998302
19,19,TEI,7,4.3025259867607755,1.8133801038337625,1.1954416784339514,3.400074770998302
19,19,TEI,8,4.3025259867607755,1.8133801038337625,1.1954416784339514,3.400074770998302
19,19,TEI,9,4.3025259867607755,1.8133801038337625,1.1954416784339514,3.400074770998302
19,19,TEI,10,4.343944298701748,1.5886530650111177,1.1780998547069341,3.152228143497837
19,19,TEI,11,4.343944298701748,1.5886530650111177,1.1780998547069341,3.152228143497837
19,19,TEI,12,4.343944298701748,1.5886530650111177,1.1780998547069341,3.152228143497837
19,19,TEI,13,4.343944298701748,1.5886530650111177,1.1780998547069341,3.152228143497837
19,19,TEI,14,4.343944298701748,1.5886530650111177,1.1780998547069341,3.152228143497837
19,19,TEI,15,4.343944298701748,1.5886530650111177,1.1780998547069341,3.152228143497837
19,19,TEI,16,4.343944298701748,1.5886530650111177,1.1780998547069341,3.152228143497837
19,19,TEI,17,4.343944298701748,1.5886530650111177,1.1780998547069341,3.152228143497837
19,19,TEI,18,4.343944298701748,1.5886530650111177,1.1780998547069341,3.152228143497837
19,19,TEI,19,4.347980799545798,1.6179121197340662,1.2208925399091135,3.760665726550556
19,19,TEI,20,4.347980799545798,1.6179121197340662,1.2208925399091135,3.760665726550556
19,19,TEI,21,4.347980799545798,1.6179121197340662,1.2208925399091135,3.760665726550556
19,19,TEI,22,4.347980799545798,1.6179121197340662,1.2208925399091135,3.760665726550556
19,19,TEI,23,4.347980799545798,1.6179121197340662,1.2208925399091135,3.760665726550556
19,19,TEI,24,4.347980799545798,1.6179121197340662,1.2208925399091135,3.760665726550556
19,19,TEI,25,4.347980799545798,1.6179121197340662,1.2208925399091135,3.760665726550556
20,20,TEI,0,3.636075606287758,1.525028880318502,0.6453929209448686,7.011912939326778
20,20,TEI,1,3.7117749979167165,1.7661125928943346,0.655481955348594,1.8742177661908832
20,20,TEI,2,3.8737499123617027,1.4729763657582882,0.8265448905301067,6.644667628497496
20,20,TEI,3,3.8737499123617027,1.4729763657582882,0.8265448905301067,6.644667628497496
20,20,TEI,4,4.068967528819535,1.3860714224414905,1.4397789657705,13.947842387648016
20,20,TEI,5,4.068967528819535,1.3860714224414905,1.4397789657705,13.947842387648016
20,20,TEI,6,4.322264613187582,1.64373110722733,1.1340759678908334,2.8116410594319485
20,20,TEI,7,4.322264613187582,1.64373110722733,1.1340759678908334,2.8116410594319485
20,20,TEI,8,4.375192437049812,1.5854857167459193,1.237094107193804,2.6681065014225127
20,20,TEI,9,4.381971339270267,1.5520720154916487,1.2782098620563245,2.5814346166820683
20,20,TEI,10,4.388783608840676,1.5783015553168664,1.3105011405987241,2.5596978790497813
20,20,TEI,11,4.388783608840676,1.5783015553168664,1.3105011405987241,2.5596978790497813
20,20,TEI,12,4.388783608840676,1.5783015553168664,1.3105011405987241,2.5596978790497813
20,20,TEI,13,4.388783608840676,1.5783015553168664,1.3105011405987241,2.5596978790497813
20,20,TEI,14,4.388783608840676,1.5783015553168664,1.3105011405987241,2.5596978790497813
20,20,TEI,15,4.388783608840676,1.5783015553168664,1.3105011405987241,2.5596978790497813
20,20,TEI,16,4.388783608840676,1.5783015553168664,1.3105011405987241,2.5596978790497813
20,20,TEI,17,4.388783608840676,1.5783015553168664,1.3105011405987241,2.5596978790497813
20,20,TEI,18,4.388783608840676,1.5783015553168664,1.3105011405987241,2.5596978790497813
20,20,TEI,19,4.388783608840676,1.5783015553168664,1.3105011405987241,2.5596978790497813
20,20,TEI,20,4.388783608840676,1.5783015553168664,1.3105011405987241,2.5596978790497813
20,20,TEI,21,4.388783608840676,1.5783015553168664,1.3105011405987241,2.5596978790497813
20,20,TEI,22,4.388783608840676,1.5783015553168664,1.3105011405987241,2.5596978790497813
20,20,TEI,23,4.388783608840676,1.5783015553168664,1.3105011405987241,2.5596978790497813
20,20,TEI,24,4.391385242011193,1.6164462917051425,1.3224547526846977,2.5985994773617187
20,20,TEI,25,4.391385242011193,1.6164462917051425,1.3224547526846977,2.5985994773617187
21,21,TEI,0,3.4918112135270585,1.8190364294108887,0.6204646034983883,10.64730805493597
21,21,TEI,1,3.5440952227823246,1.8749810575943022,1.7781749291560178,10.643240674907723
21,21,TEI,2,4.183707248119097,1.6406096729102733,1.254393577131398,10.759439258647738
21,21,TEI,3,4.183707248119097,1.6406096729102733,1.254393577131398,10.759439258647738
21,21,TEI,4,4.183707248119097,1.6406096729102733,1.254393577131398,10.759439258647738
21,21,TEI,5,4.183707248119097,1.6406096729102733,1.254393577131398,10.759439258647738
21,21,TEI,6,4.187107817682512,1.5229203258080477,1.3275986608717796,10.587213146310653
21,21,TEI,7,4.193350751294673,1.546084041736937,1.2977093224004714,10.353964880345343
21,21,TEI,8,4.210741222684139,1.5363959659405504,1.26403155352518,8.906955705557506
21,21,TEI,9,4.228660339913521,1.5436558807295495,1.2695608193468892,8.145615443843774
21,21,TEI,10,4.229559401107752,1.56968026644723,1.306769716593045,8.538267203074833
21,21,TEI,11,4.288521758006679,1.5620560852506609,1.260548296673635,5.829774632440365
21,21,TEI,12,4.288521758006679,1.5620560852506609,1.260548296673635,5.829774632440365
21,21,TEI,13,4.288521758006679,1.5620560852506609,1.260548296673635,5.829774632440365
21,21,TEI,14,4.288521758006679,1.5620560852506609,1.260548296673635,5.829774632440365
21,21,TEI,15,4.301121925816738,1.4803148886238793,1.2605980414987332,4.915235007873233
21,21,TEI,16,4.301121925816738,1.4803148886238793,1.2605980414987332,4.915235007873233
21,21,TEI,17,4.302134075284444,1.4703447022443634,1.2784750986814704,4.915275011792108
21,21,TEI,18,4.308081241457009,1.458442094428218,1.2932419641998392,4.698946507769681
21,21,TEI,19,4.324143009014438,1.4863842902502094,1.280950090637571,4.426136565023513
21,21,TEI,20,4.324143009014438,1.4863842902502094,1.280950090637571,4.426136565023513
21,21,TEI,21,4.324143009014438,1.4863842902502094,1.280950090637571,4.426136565023513
21,21,TEI,22,4.324143009014438,1.4863842902502094,1.280950090637571,4.426136565023513
21,21,TEI,23,4.324143009014438,1.4863842902502094,1.280950090637571,4.426136565023513
21,21,TEI,24,4.324143009014438,1.4863842902502094,1.280950090637571,4.426136565023513
21,21,TEI,25,4.3291811179478366,1.532944507501242,1.2701990795970088,4.527842587290346
22,22,TEI,0,3.734442057073772,0.8600156289795298,1.291020078086563,8.477720900186016
22,22,TEI,1,3.734442057073772,0.8600156289795298,1.291020078086563,8.477720900186016
22,22,TEI,2,4.107751050935564,1.2715781500358418,1.3679579295624107,8.569636873977979
22,22,TEI,3,4.164130493764691,1.7645888789479214,1.3401669557681206,11.080765314457686
22,22,TEI,4,4.348557240216781,1.738183503886571,1.4278326885792318,3.006755056210085
22,22,TEI,5,4.348557240216781,1.738183503886571,1.4278326885792318,3.006755056210085
22,22,TEI,6,4.348557240216781,1.738183503886571,1.4278326885792318,3.006755056210085
22,22,TEI,7,4.34920018395568,1.5635859616688088,1.335948145727257,4.253928129026358
22,22,TEI,8,4.34920018395568,1.5635859616688088,1.335948145727257,4.253928129026358
22,22,TEI,9,4.34920018395568,1.5635859616688088,1.335948145727257,4.253928129026358
22,22,TEI,10,4.34920018395568,1.5635859616688088,1.335948145727257,4.253928129026358
22,22,TEI,11,4.3593276512845005,1.6595907185252945,1.3328176403282477,4.002248989936369
22,22,TEI,12,4.3593276512845005,1.6595907185252945,1.3328176403282477,4.002248989936369
22,22,TEI,13,4.3593276512845005,1.6595907185252945,1.3328176403282477,4.002248989936369
22,22,TEI,14,4.3593276512845005,1.6595907185252945,1.3328176403282477,4.002248989936369
22,22,TEI,15,4.3593276512845005,1.6595907185252945,1.3328176403282477,4.002248989936369
22,22,TEI,16,4.3593276512845005,1.6595907185252945,1.3328176403282477,4.002248989936369
22,22,TEI,17,4.3593276512845005,1.6595907185252945,1.3328176403282477,4.002248989936369
22,22,TEI,18,4.3593276512845005,1.6595907185252945,1.3328176403282477,4.002248989936369
22,22,TEI,19,4.3593276512845005,1.6595907185252945,1.3328176403282477,4.002248989936369
22,22,TEI,20,4.3593276512845005,1.6595907185252945,1.3328176403282477,4.002248989936369
22,22,TEI,21,4.3593276512845005,1.6595907185252945,1.3328176403282477,4.002248989936369
22,22,TEI,22,4.3593276512845005,1.6595907185252945,1.3328176403282477,4.002248989936369
22,22,TEI,23,4.3593276512845005,1.6595907185252945,1.3328176403282477,4.002248989936369
22,22,TEI,24,4.363401475705033,1.6822304022183028,1.3184272865716027,3.801250973028544
22,22,TEI,25,4.370884058075341,1.6605890726434773,1.3017163835456262,3.6187737153094797
23,23,TEI,0,3.849876599270708,1.4932279224165703,0.745103773073807,1.9305347205402257
23,23,TEI,1,3.936601805469911,1.7542131107103192,0.8982956650683724,7.673021183412141
23,23,TEI,2,3.936601805469911,1.7542131107103192,0.8982956650683724,7.673021183412141
23,23,TEI,3,3.936601805469911,1.7542131107103192,0.8982956650683724,7.673021183412141
23,23,TEI,4,3.936601805469911,1.7542131107103192,0.8982956650683724,7.673021183412141
23,23,TEI,5,3.936601805469911,1.7542131107103192,0.8982956650683724,7.673021183412141
23,23,TEI,6,3.936601805469911,1.7542131107103192,0.8982956650683724,7.673021183412141
23,23,TEI,7,3.9382690731204777,1.1904897089653246,1.1991901647800614,14.730670413179608
23,23,TEI,8,4.262657880408722,1.5289726162378598,1.084402840081105,2.177944373301299
23,23,TEI,9,4.343898437272939,1.5618986706284006,1.1743946947275363,2.872475214994053
23,23,TEI,10,4.343898437272939,1.5618986706284006,1.1743946947275363,2.872475214994053
23,23,TEI,11,4.343898437272939,1.5618986706284006,1.1743946947275363,2.872475214994053
23,23,TEI,12,4.343898437272939,1.5618986706284006,1.1743946947275363,2.872475214994053
23,23,TEI,13,4.343898437272939,1.5618986706284006,1.1743946947275363,2.872475214994053
23,23,TEI,14,4.344877296954865,1.5529031454384974,1.181139789224917,2.991387185961459
23,23,TEI,15,4.344877296954865,1.5529031454384974,1.181139789224917,2.991387185961459
23,23,TEI,16,4.344877296954865,1.5529031454384974,1.181139789224917,2.991387185961459
23,23,TEI,17,4.344877296954865,1.5529031454384974,1.181139789224917,2.991387185961459
23,23,TEI,18,4.344877296954865,1.5529031454384974,1.181139789224917,2.991387185961459
23,23,TEI,19,4.348280957914042,1.6123964984189323,1.1876389467163118,3.2240238868293045
23,23,TEI,20,4.3581408212124515,1.5725647479459979,1.20276965363445,2.9839181951380973
23,23,TEI,21,4.36013418359651,1.5859698805499405,1.2105474457912724,3.130482032586642
23,23,TEI,22,4.36013418359651,1.5859698805499405,1.2105474457912724,3.130482032586642
23,23,TEI,23,4.36013418359651,1.5859698805499405,1.2105474457912724,3.130482032586642
23,23,TEI,24,4.36013418359651,1.5859698805499405,1.2105474457912724,3.130482032586642
23,23,TEI,25,4.36013418359651,1.5859698805499405,1.2105474457912724,3.130482032586642
24,24,TEI,0,3.9519987751424406,1.9657124671926556,0.9925602450950795,6.14947418219028
24,24,TEI,1,4.089166452902255,1.3722125948274257,1.6112504990731678,1.9836569023104584
24,24,TEI,2,4.237131677491056,1.583952920991635,1.525778772006912,4.741984574565453
24,24,TEI,3,4.237131677491056,1.583952920991635,1.525778772006912,4.741984574565453
24,24,TEI,4,4.237131677491056,1.583952920991635,1.525778772006912,4.741984574565453
24,24,TEI,5,4.237131677491056,1.583952920991635,1.525778772006912,4.741984574565453
24,24,TEI,6,4.254917532400424,1.3805023027001657,1.4087425398508913,4.929825967527714
24,24,TEI,7,4.29480895219381,1.4037709112776637,1.3828813343537756,4.322787396821369
24,24,TEI,8,4.306464458048563,1.4466520143128312,1.358070508995286,4.618655465753819
24,24,TEI,9,4.306464458048563,1.4466520143128312,1.358070508995286,4.618655465753819
24,24,TEI,10,4.317926658724732,1.4708901400624628,1.3260099702326071,4.588958181300708
24,24,TEI,11,4.317926658724732,1.4708901400624628,1.3260099702326071,4.588958181300708
24,24,TEI,12,4.317926658724732,1.4708901400624628,1.3260099702326071,4.588958181300708
24,24,TEI,13,4.366964077082075,1.630180368479306,1.4178127337750333,3.1513943492378673
24,24,TEI,14,4.366964077082075,1.630180368479306,1.4178127337750333,3.1513943492378673
24,24,TEI,15,4.366964077082075,1.630180368479306,1.4178127337750333,3.1513943492378673
24,24,TEI,16,4.366964077082075,1.630180368479306,1.4178127337750333,3.1513943492378673
24,24,TEI,17,4.366964077082075,1.630180368479306,1.4178127337750333,3.1513943492378673
24,24,TEI,18,4.366964077082075,1.630180368479306,1.4178127337750333,3.1513943492378673
24,24,TEI,19,4.366964077082075,1.630180368479306,1.4178127337750333,3.1513943492378673
24,24,TEI,20,4.366964077082075,1.630180368479306,1.4178127337750333,3.1513943492378673
24,24,TEI,21,4.369043046132204,1.526184057073849,1.3574189414628437,3.399177929241671
24,24,TEI,22,4.369043046132204,1.526184057073849,1.3574189414628437,3.399177929241671
24,24,TEI,23,4.369043046132204,1.526184057073849,1.3574189414628437,3.399177929241671
24,24,TEI,24,4.369043046132204,1.526184057073849,1.3574189414628437,3.399177929241671
24,24,TEI,25,4.369043046132204,1.526184057073849,1.3574189414628437,3.399177929241671
25,0,EI,0,3.911910942489584,1.166997894041951,1.0532379634439946,8.154831246989877
25,0,EI,1,4.107466065820677,1.577435886795107,1.0663140335216394,8.683024326441613
25,0,EI,2,4.107466065820677,1.577435886795107,1.0663140335216394,8.683024326441613
25,0,EI,3,4.107466065820677,1.577435886795107,1.0663140335216394,8.683024326441613
25,0,EI,4,4.107466065820677,1.577435886795107,1.0663140335216394,8.683024326441613
25,0,EI,5,4.139744863462836,1.6423007682299606,1.1114617018276491,8.934218989338042
25,0,EI,6,4.139744863462836,1.6423007682299606,1.1114617018276491,8.934218989338042
25,0,EI,7,4.309624409640364,1.3551366632438944,1.2514883647004442,2.79297896302775
25,0,EI,8,4.309624409640364,1.3551366632438944,1.2514883647004442,2.79297896302775
25,0,EI,9,4.309624409640364,1.3551366632438944,1.2514883647004442,2.79297896302775
25,0,EI,10,4.309624409640364,1.3551366632438944,1.2514883647004442,2.79297896302775
25,0,EI,11,4.309624409640364,1.3551366632438944,1.2514883647004442,2.79297896302775
25,0,EI,12,4.309624409640364,1.3551366632438944,1.2514883647004442,2.79297896302775
25,0,EI,13,4.3528372341159685,1.5162348919650088,1.2091119155701402,2.5330781305324868
25,0,EI,14,4.3528372341159685,1.5162348919650088,1.2091119155701402,2.5330781305324868
25,0,EI,15,4.3528372341159685,1.5162348919650088,1.2091119155701402,2.5330781305324868
25,0,EI,16,4.3528372341159685,1.5162348919650088,1.2091119155701402,2.5330781305324868
25,0,EI,17,4.3528372341159685,1.5162348919650088,1.2091119155701402,2.5330781305324868
25,0,EI,18,4.367180906849885,1.5575517752801362,1.226494553767151,2.531171865351284
25,0,EI,19,4.370140142456265,1.565531979817505,1.228308342555021,2.7786545887903005
25,0,EI,20,4.370140142456265,1.565531979817505,1.228308342555021,2.7786545887903005
25,0,EI,21,4.370140142456265,1.565531979817505,1.228308342555021,2.7786545887903005
25,0,EI,22,4.370140142456265,1.565531979817505,1.228308342555021,2.7786545887903005
25,0,EI,23,4.370140142456265,1.565531979817505,1.228308342555021,2.7786545887903005
25,0,EI,24,4.370140142456265,1.565531979817505,1.228308342555021,2.7786545887903005
25,0,EI,25,4.375606046164994,1.5507285437284004,1.252346965375915,2.865340170949756
26,1,EI,0,3.104339427457295,0.8126774115048594,1.8266229371407734,2.163250031181786
26,1,EI,1,4.141834431798918,1.6781843123038476,1.0003497637678906,4.974922891115098
26,1,EI,2,4.141834431798918,1.6781843123038476,1.0003497637678906,4.974922891115098
26,1,EI,3,4.212078651433863,1.6578298874933113,1.1838056274686863,7.6234331955230905
26,1,EI,4,4.212078651433863,1.6578298874933113,1.1838056274686863,7.6234331955230905
26,1,EI,5,4.268076734821812,1.5855135238415392,1.2303724158451117,6.280853211100014
26,1,EI,6,4.302286724586042,1.5422844062768903,1.4932488877551084,3.5663503364917792
26,1,EI,7,4.302286724586042,1.5422844062768903,1.4932488877551084,3.5663503364917792
26,1,EI,8,4.302286724586042,1.5422844062768903,1.4932488877551084,3.5663503364917792
26,1,EI,9,4.349035838220748,1.6699808903655549,1.288287072598159,1.9431368511505638
26,1,EI,10,4.385326598919976,1.6011752454032964,1.272433286284226,2.860702709335149
26,1,EI,11,4.385326598919976,1.6011752454032964,1.272433286284226,2.860702709335149
26,1,EI,12,4.385326598919976,1.6011752454032964,1.272433286284226,2.860702709335149
26,1,EI,13,4.385326598919976,1.6011752454032964,1.272433286284226,2.860702709335149
26,1,EI,14,4.38771481607306,1.670423266397259,1.302281519027471,2.67656098704441
26,1,EI,15,4.38771481607306,1.670423266397259,1.302281519027471,2.67656098704441
26,1,EI,16,4.38771481607306,1.670423266397259,1.302281519027471,2.67656098704441
26,1,EI,17,4.38771481607306,1.670423266397259,1.302281519027471,2.67656098704441
26,1,EI,18,4.390431621309993,1.6230255199396026,1.3496450076214312,2.7839460503362132
26,1,EI,19,4.390431621309993,1.6230255199396026,1.3496450076214312,2.7839460503362132
26,1,EI,20,4.390431621309993,1.6230255199396026,1.3496450076214312,2.7839460503362132
26,1,EI,21,4.390431621309993,1.6230255199396026,1.3496450076214312,2.7839460503362132
26,1,EI,22,4.391344196554617,1.6122860685605587,1.3167401883180858,2.611537911613693
26,1,EI,23,4.391344196554617,1.6122860685605587,1.3167401883180858,2.611537911613693
26,1,EI,24,4.391344196554617,1.6122860685605587,1.3167401883180858,2.611537911613693
26,1,EI,25,4.391344196554617,1.6122860685605587,1.3167401883180858,2.611537911613693
27,2,EI,0,3.444127279905535,1.3568271765900897,0.46792981973149805,2.2517838873167366
27,2,EI,1,3.903079646368007,1.0815031993598834,0.9747124325522618,2.257569482215577
27,2,EI,2,3.903079646368007,1.0815031993598834,0.9747124325522618,2.257569482215577
27,2,EI,3,3.903079646368007,1.0815031993598834,0.9747124325522618,2.257569482215577
27,2,EI,4,3.9751622639780124,0.9794019650223715,1.182270315235129,3.2729663712695234
27,2,EI,5,3.9751622639780124,0.9794019650223715,1.182270315235129,3.2729663712695234
27,2,EI,6,4.374798985199635,1.5389755455793028,1.2759611666848398,3.1587325731750924
27,2,EI,7,4.37851412393404,1.5706936588437515,1.2951180012424546,3.3144450863000543
27,2,EI,8,4.37851412393404,1.5706936588437515,1.2951180012424546,3.3144450863000543
27,2,EI,9,4.37851412393404,1.5706936588437515,1.2951180012424546,3.3144450863000543
27,2,EI,10,4.378545672604467,1.54752937464652,1.3208928195107683,3.2671268970052814
27,2,EI,11,4.378545672604467,1.54752937464652,1.3208928195107683,3.2671268970052814
27,2,EI,12,4.380808101305737,1.5499199694644665,1.320787322257416,3.1866277427729126
27,2,EI,13,4.380808101305737,1.5499199694644665,1.320787322257416,3.1866277427729126
27,2,EI,14,4.380808101305737,1.5499199694644665,1.320787322257416,3.1866277427729126
27,2,EI,15,4.380808101305737,1.5499199694644665,1.320787322257416,3.1866277427729126
27,2,EI,16,4.380808101305737,1.5499199694644665,1.320787322257416,3.1866277427729126
27,2,EI,17,4.380808101305737,1.5499199694644665,1.320787322257416,3.1866277427729126
27,2,EI,18,4.381829377620679,1.5924534788241038,1.3258772100918117,3.324442614572799
27,2,EI,19,4.381829377620679,1.5924534788241038,1.3258772100918117,3.324442614572799
27,2,EI,20,4.381829377620679,1.5924534788241038,1.3258772100918117,3.324442614572799
27,2,EI,21,4.382879309858065,1.571724292354785,1.3027429243352517,3.1715165835571657
27,2,EI,22,4.382879309858065,1.571724292354785,1.3027429243352517,3.1715165835571657
27,2,EI,23,4.382879309858065,1.571724292354785,1.3027429243352517,3.1715165835571657
27,2,EI,24,4.385065518427036,1.6127577391713732,1.3382087836562682,3.205696382278025
27,2,EI,25,4.385065518427036,1.6127577391713732,1.3382087836562682,3.205696382278025
28,3,EI,0,3.0102610659693836,2.232324270253552,0.5480702896181784,7.0701736680622895
28,3,EI,1,3.0102610659693836,2.232324270253552,0.5480702896181784,7.0701736680622895
28,3,EI,2,3.0102610659693836,2.232324270253552,0.5480702896181784,7.0701736680622895
28,3,EI,3,3.393559426545613,1.570272569476011,0.48652913336539694,8.31220052973476
28,3,EI,4,3.393559426545613,1.570272569476011,0.48652913336539694,8.31220052973476
28,3,EI,5,4.008585791927596,1.4214371236364713,1.5437770133955904,12.939099724130495
28,3,EI,6,4.119174555889883,1.4616614464881312,1.330989603514757,14.980608189046766
28,3,EI,7,4.119174555889883,1.4616614464881312,1.330989603514757,14.980608189046766
28,3,EI,8,4.236251072367171,1.6499464655048883,1.341823361838137,8.284653297659652
28,3,EI,9,4.255195020265257,1.578526044354264,1.2937938352047293,7.3562181380310445
28,3,EI,10,4.255195020265257,1.578526044354264,1.2937938352047293,7.3562181380310445
28,3,EI,11,4.255195020265257,1.578526044354264,1.2937938352047293,7.3562181380310445
28,3,EI,12,4.255195020265257,1.578526044354264,1.2937938352047293,7.3562181380310445
28,3,EI,13,4.307875135928684,1.4377250614318102,1.174829899776943,3.190264709236504
28,3,EI,14,4.307875135928684,1.4377250614318102,1.174829899776943,3.190264709236504
28,3,EI,15,4.307875135928684,1.4377250614318102,1.174829899776943,3.190264709236504
28,3,EI,16,4.307875135928684,1.4377250614318102,1.174829899776943,3.190264709236504
28,3,EI,17,4.307875135928684,1.4377250614318102,1.174829899776943,3.190264709236504
28,3,EI,18,4.307875135928684,1.4377250614318102,1.174829899776943,3.190264709236504
28,3,EI,19,4.307875135928684,1.4377250614318102,1.174829899776943,3.190264709236504
28,3,EI,20,4.307875135928684,1.4377250614318102,1.174829899776943,3.190264709236504
28,3,EI,21,4.307875135928684,1.4377250614318102,1.174829899776943,3.190264709236504
28,3,EI,22,4.348574028805177,1.4215410856249542,1.3208764121321783,3.0180729062957914
28,3,EI,23,4.3595847850498775,1.473653232574101,1.2677501500575676,3.057132830207895
28,3,EI,24,4.365721783566488,1.4763050977585994,1.315881385241961,3.117906298903979
28,3,EI,25,4.372543869159482,1.503668696447647,1.3500237352400823,3.0845087398071005
29,4,EI,0,3.557458546444625,0.9327090146531924,1.6577527790059592,7.157825704064256
29,4,EI,1,3.7987193172066664,2.000197114769294,1.6574764158150699,6.967170176575253
29,4,EI,2,4.140585817819785,1.541153731776808,1.543217043744657,7.179925583469291
29,4,EI,3,4.140585817819785,1.541153731776808,1.543217043744657,7.179925583469291
29,4,EI,4,4.243267295605493,1.5249912455783732,1.3179281266362688,7.6159569596650964
29,4,EI,5,4.243267295605493,1.5249912455783732,1.3179281266362688,7.6159569596650964
29,4,EI,6,4.243267295605493,1.5249912455783732,1.3179281266362688,7.6159569596650964
29,4,EI,7,4.243267295605493,1.5249912455783732,1.3179281266362688,7.6159569596650964
29,4,EI,8,4.243267295605493,1.5249912455783732,1.3179281266362688,7.6159569596650964
29,4,EI,9,4.243267295605493,1.5249912455783732,1.3179281266362688,7.6159569596650964
29,4,EI,10,4.261056255752825,1.609919517418707,1.2638244056997365,6.961463512514127
29,4,EI,11,4.274892755015087,1.6247871731926442,1.22200942606522,5.9751552763514155
29,4,EI,12,4.274892755015087,1.6247871731926442,1.22200942606522,5.9751552763514155
29,4,EI,13,4.303897663739388,1.5140270432718244,1.3627881409905136,5.247979910338122
29,4,EI,14,4.303897663739388,1.5140270432718244,1.3627881409905136,5.247979910338122
29,4,EI,15,4.303897663739388,1.5140270432718244,1.3627881409905136,5.247979910338122
29,4,EI,16,4.333610261739205,1.3891251411130106,1.3001832869503898,3.0047477363772295
29,4,EI,17,4.333610261739205,1.3891251411130106,1.3001832869503898,3.0047477363772295
29,4,EI,18,4.362541788713003,1.5960714411398547,1.2038802897339513,2.6920897534000203
29,4,EI,19,4.362541788713003,1.5960714411398547,1.2038802897339513,2.6920897534000203
29,4,EI,20,4.362541788713003,1.5960714411398547,1.2038802897339513,2.6920897534000203
29,4,EI,21,4.362541788713003,1.5960714411398547,1.2038802897339513,2.6920897534000203
29,4,EI,22,4.362541788713003,1.5960714411398547,1.2038802897339513,2.6920897534000203
29,4,EI,23,4.362541788713003,1.5960714411398547,1.2038802897339513,2.6920897534000203
29,4,EI,24,4.365357925706992,1.5866987220986823,1.216601791664579,2.987474152897698
29,4,EI,25,4.365357925706992,1.5866987220986823,1.216601791664579,2.987474152897698
30,5,EI,0,4.227399987146568,1.438101388900841,1.5453097581462618,3.4105505588884606
30,5,EI,1,4.227399987146568,1.438101388900841,1.5453097581462618,3.4105505588884606
30,5,EI,2,4.229941894133584,1.4358255923207377,1.5448495684517343,2.2873080273646966
30,5,EI,3,4.229941894133584,1.4358255923207377,1.5448495684517343,2.2873080273646966
30,5,EI,4,4.32505129924317,1.4788920776872154,1.3733139753821373,1.9132741693819169
30,5,EI,5,4.32505129924317,1.4788920776872154,1.3733139753821373,1.9132741693819169
30,5,EI,6,4.32505129924317,1.4788920776872154,1.3733139753821373,1.9132741693819169
30,5,EI,7,4.32505129924317,1.4788920776872154,1.3733139753821373,1.9132741693819169
30,5,EI,8,4.375234112732909,1.5007840566492612,1.3451701455239258,2.892507954951325
30,5,EI,9,4.377745306032313,1.5040093775303065,1.3291961804206842,2.6606448051508584
30,5,EI,10,4.378520078744952,1.5090158244523906,1.3410919814972941,2.7222589258091885
30,5,EI,11,4.378520078744952,1.5090158244523906,1.3410919814972941,2.7222589258091885
30,5,EI,12,4.382322724734172,1.5311667161618896,1.3434325636727005,2.588427981032813
30,5,EI,13,4.385977720608733,1.5499016176487932,1.3042024087332127,2.705669512819959
30,5,EI,14,4.385977720608733,1.5499016176487932,1.3042024087332127,2.705669512819959
30,5,EI,15,4.38608767426369,1.548860131471257,1.3161900250849197,2.8371010432526274
30,5,EI,16,4.38622407358829,1.550527198442405,1.337540533766525,2.825007723483994
30,5,EI,17,4.38622407358829,1.550527198442405,1.337540533766525,2.825007723483994
30,5,EI,18,4.38622407358829,1.550527198442405,1.337540533766525,2.825007723483994
30,5,EI,19,4.38622407358829,1.550527198442405,1.337540533766525,2.825007723483994
30,5,EI,20,4.38622407358829,1.550527198442405,1.337540533766525,2.825007723483994
30,5,EI,21,4.386780192978794,1.5576661903933098,1.3177741841866024,2.5544208682554967
30,5,EI,22,4.386780192978794,1.5576661903933098,1.3177741841866024,2.5544208682554967
30,5,EI,23,4.3880529474620324,1.5590811256033077,1.3271257096076843,2.7634493354004857
30,5,EI,24,4.3880529474620324,1.5590811256033077,1.3271257096076843,2.7634493354004857
30,5,EI,25,4.3880529474620324,1.5590811256033077,1.3271257096076843,2.7634493354004857
31,6,EI,0,3.300511306741468,1.7381265975850662,0.38950021520552625,1.6040942984570679
31,6,EI,1,3.9392069844066917,1.4906899472850812,0.8921787876652143,7.430644503187159
31,6,EI,2,3.9392069844066917,1.4906899472850812,0.8921787876652143,7.430644503187159
31,6,EI,3,3.9392069844066917,1.4906899472850812,0.8921787876652143,7.430644503187159
31,6,EI,4,3.9392069844066917,1.4906899472850812,0.8921787876652143,7.430644503187159
31,6,EI,5,4.04577517109091,1.5163692368904202,1.1036896612326386,14.750519772627946
31,6,EI,6,4.106451754116802,1.509645488376282,1.1522998717311084,12.109457225709738
31,6,EI,7,4.106451754116802,1.509645488376282,1.1522998717311084,12.109457225709738
31,6,EI,8,4.106451754116802,1.509645488376282,1.1522998717311084,12.109457225709738
31,6,EI,9,4.109365891306915,1.5003644556917268,1.1566928305919184,11.917074931720311
31,6,EI,10,4.209487972125623,1.5523072023860722,1.4207882379515966,8.426022426315159
31,6,EI,11,4.230105042694527,1.5566703002013198,1.3387682684500168,8.447339158277552
31,6,EI,12,4.2415389906744005,1.6212379487692816,1.3702630224196048,7.910355915765687
31,6,EI,13,4.278836793546364,1.7102698999991475,1.3627260593105612,6.120068162826766
31,6,EI,14,4.3034849261627794,1.6239902940600568,1.324173131452147,5.7276626177517596
31,6,EI,15,4.315203072075348,1.7143838794338078,1.2825125595491498,4.9240432353939285
31,6,EI,16,4.315203072075348,1.7143838794338078,1.2825125595491498,4.9240432353939285
31,6,EI,17,4.315203072075348,1.7143838794338078,1.2825125595491498,4.9240432353939285
31,6,EI,18,4.315203072075348,1.7143838794338078,1.2825125595491498,4.9240432353939285
31,6,EI,19,4.315203072075348,1.7143838794338078,1.2825125595491498,4.9240432353939285
31,6,EI,20,4.329282087388867,1.7166829219571031,1.2917496932493422,4.5406022731302285
31,6,EI,21,4.329282087388867,1.7166829219571031,1.2917496932493422,4.5406022731302285
31,6,EI,22,4.329282087388867,1.7166829219571031,1.2917496932493422,4.5406022731302285
31,6,EI,23,4.329282087388867,1.7166829219571031,1.2917496932493422,4.5406022731302285
31,6,EI,24,4.330177639625153,1.6799151780368056,1.2646501245026203,4.56379571596767
31,6,EI,25,4.330177639625153,1.6799151780368056,1.2646501245026203,4.56379571596767
32,7,EI,0,3.781100281171634,1.2359817587016404,1.640248303393514,11.635509667987657
32,7,EI,1,4.106600883027305,1.4217592615668075,1.515301124920292,1.4365740220440069
32,7,EI,2,4.336452583911185,1.4887892501377111,1.1861578935254573,2.7515552059624016
32,7,EI,3,4.336452583911185,1.4887892501377111,1.1861578935254573,2.7515552059624016
32,7,EI,4,4.366566819131815,1.700001735990801,1.329988473120212,3.609935928313817
32,7,EI,5,4.366566819131815,1.700001735990801,1.329988473120212,3.609935928313817
32,7,EI,6,4.366566819131815,1.700001735990801,1.329988473120212,3.609935928313817
32,7,EI,7,4.366566819131815,1.700001735990801,1.329988473120212,3.609935928313817
32,7,EI,8,4.383093489165639,1.561552893528754,1.3611733955397338,2.476347252005281
32,7,EI,9,4.383093489165639,1.561552893528754,1.3611733955397338,2.476347252005281
32,7,EI,10,4.390602059670321,1.6286485966531083,1.3176341269919956,2.9047743937991313
32,7,EI,11,4.390602059670321,1.6286485966531083,1.3176341269919956,2.9047743937991313
32,7,EI,12,4.390602059670321,1.6286485966531083,1.3176341269919956,2.9047743937991313
32,7,EI,13,4.390602059670321,1.6286485966531083,1.3176341269919956,2.9047743937991313
32,7,EI,14,4.390602059670321,1.6286485966531083,1.3176341269919956,2.9047743937991313
32,7,EI,15,4.390602059670321,1.6286485966531083,1.3176341269919956,2.9047743937991313
32,7,EI,16,4.390602059670321,1.6286485966531083,1.3176341269919956,2.9047743937991313
32,7,EI,17,4.390602059670321,1.6286485966531083,1.3176341269919956,2.9047743937991313
32,7,EI,18,4.390602059670321,1.6286485966531083,1.3176341269919956,2.9047743937991313
32,7,EI,19,4.390602059670321,1.6286485966531083,1.3176341269919956,2.9047743937991313
32,7,EI,20,4.390602059670321,1.6286485966531083,1.3176341269919956,2.9047743937991313
32,7,EI,21,4.390602059670321,1.6286485966531083,1.3176341269919956,2.9047743937991313
32,7,EI,22,4.390602059670321,1.6286485966531083,1.3176341269919956,2.9047743937991313
32,7,EI,23,4.390602059670321,1.6286485966531083,1.3176341269919956,2.9047743937991313
32,7,EI,24,4.390602059670321,1.6286485966531083,1.3176341269919956,2.9047743937991313
32,7,EI,25,4.390602059670321,1.6286485966531083,1.3176341269919956,2.9047743937991313
33,8,EI,0,4.1189671343701795,1.8468073731594483,1.5446377909367563,5.866881013281371
33,8,EI,1,4.1189671343701795,1.8468073731594483,1.5446377909367563,5.866881013281371
33,8,EI,2,4.1189671343701795,1.8468073731594483,1.5446377909367563,5.866881013281371
33,8,EI,3,4.1189671343701795,1.8468073731594483,1.5446377909367563,5.866881013281371
33,8,EI,4,4.194049594779294,1.6590717428317627,1.4708435620937879,7.926899674767297
33,8,EI,5,4.3230977556773835,1.6294632161779652,1.2497559058591259,4.774513757144482
33,8,EI,6,4.3230977556773835,1.6294632161779652,1.2497559058591259,4.774513757144482
33,8,EI,7,4.325699259829378,1.8021489511383457,1.307622979456481,3.858075140766339
33,8,EI,8,4.325699259829378,1.8021489511383457,1.307622979456481,3.858075140766339
33,8,EI,9,4.325699259829378,1.8021489511383457,1.307622979456481,3.858075140766339
33,8,EI,10,4.33903761450253,1.7442858077480947,1.36986800900441,3.985362629292416
33,8,EI,11,4.33903761450253,1.7442858077480947,1.36986800900441,3.985362629292416
33,8,EI,12,4.346705534400792,1.7058185602715787,1.3511721867583208,4.129051009022974
33,8,EI,13,4.346705534400792,1.7058185602715787,1.3511721867583208,4.129051009022974
33,8,EI,14,4.346705534400792,1.7058185602715787,1.3511721867583208,4.129051009022974
33,8,EI,15,4.346705534400792,1.7058185602715787,1.3511721867583208,4.129051009022974
33,8,EI,16,4.346705534400792,1.7058185602715787,1.3511721867583208,4.129051009022974
33,8,EI,17,4.346705534400792,1.7058185602715787,1.3511721867583208,4.129051009022974
33,8,EI,18,4.357625973455942,1.7128276408558958,1.344017788613646,3.7836595641713076
33,8,EI,19,4.357625973455942,1.7128276408558958,1.344017788613646,3.7836595641713076
33,8,EI,20,4.357625973455942,1.7128276408558958,1.344017788613646,3.7836595641713076
33,8,EI,21,4.357625973455942,1.7128276408558958,1.344017788613646,3.7836595641713076
33,8,EI,22,4.357625973455942,1.7128276408558958,1.344017788613646,3.7836595641713076
33,8,EI,23,4.357625973455942,1.7128276408558958,1.344017788613646,3.7836595641713076
33,8,EI,24,4.357625973455942,1.7128276408558958,1.344017788613646,3.7836595641713076
33,8,EI,25,4.357625973455942,1.7128276408558958,1.344017788613646,3.7836595641713076
34,9,EI,0,3.939896854241996,1.805644867872708,1.0062612036124783,13.730786427237122
34,9,EI,1,3.939896854241996,1.805644867872708,1.0062612036124783,13.730786427237122
34,9,EI,2,4.057020997240304,1.8455011004960502,1.1703214270939184,13.045369340765145
34,9,EI,3,4.195593668629746,1.5512892327254884,1.291605501204919,10.213208419441834
34,9,EI,4,4.195593668629746,1.5512892327254884,1.291605501204919,10.213208419441834
34,9,EI,5,4.200945644730623,1.372116689801207,1.3512365736383858,7.1039757422146
34,9,EI,6,4.382518576317184,1.5511981618957402,1.286325012735472,2.527772966745615
34,9,EI,7,4.382518576317184,1.5511981618957402,1.286325012735472,2.527772966745615
34,9,EI,8,4.382518576317184,1.5511981618957402,1.286325012735472,2.527772966745615
34,9,EI,9,4.382518576317184,1.5511981618957402,1.286325012735472,2.527772966745615
34,9,EI,10,4.382518576317184,1.5511981618957402,1.286325012735472,2.527772966745615
34,9,EI,11,4.382518576317184,1.5511981618957402,1.286325012735472,2.527772966745615
34,9,EI,12,4.382518576317184,1.5511981618957402,1.286325012735472,2.527772966745615
34,9,EI,13,4.382518576317184,1.5511981618957402,1.286325012735472,2.527772966745615
34,9,EI,14,4.382518576317184,1.5511981618957402,1.286325012735472,2.527772966745615
34,9,EI,15,4.382518576317184,1.5511981618957402,1.286325012735472,2.527772966745615
34,9,EI,16,4.382518576317184,1.5511981618957402,1.286325012735472,2.527772966745615
34,9,EI,17,4.382518576317184,1.5511981618957402,1.286325012735472,2.527772966745615
34,9,EI,18,4.382518576317184,1.5511981618957402,1.286325012735472,2.527772966745615
34,9,EI,19,4.382518576317184,1.5511981618957402,1.286325012735472,2.527772966745615
34,9,EI,20,4.382518576317184,1.5511981618957402,1.286325012735472,2.527772966745615
34,9,EI,21,4.382518576317184,1.5511981618957402,1.286325012735472,2.527772966745615
34,9,EI,22,4.382518576317184,1.5511981618957402,1.286325012735472,2.527772966745615
34,9,EI,23,4.382518576317184,1.5511981618957402,1.286325012735472,2.527772966745615
34,9,EI,24,4.382518576317184,1.5511981618957402,1.286325012735472,2.527772966745615
34,9,EI,25,4.382518576317184,1.5511981618957402,1.286325012735472,2.527772966745615
35,10,EI,0,4.228476437661166,1.474929324942087,1.4461170350929762,6.383209452077245
35,10,EI,1,4.228476437661166,1.474929324942087,1.4461170350929762,6.383209452077245
35,10,EI,2,4.228476437661166,1.474929324942087,1.4461170350929762,6.383209452077245
35,10,EI,3,4.228476437661166,1.474929324942087,1.4461170350929762,6.383209452077245
35,10,EI,4,4.270511766813371,1.623428306259345,1.351120496590474,6.833470549960456
35,10,EI,5,4.270511766813371,1.623428306259345,1.351120496590474,6.833470549960456
35,10,EI,6,4.356174245408149,1.7597618992159494,1.3934518882357918,2.9630048104014874
35,10,EI,7,4.372101300202975,1.7059518829207914,1.3541344623457436,3.313274260664932
35,10,EI,8,4.372101300202975,1.7059518829207914,1.3541344623457436,3.313274260664932
35,10,EI,9,4.372101300202975,1.7059518829207914,1.3541344623457436,3.313274260664932
35,10,EI,10,4.372101300202975,1.7059518829207914,1.3541344623457436,3.313274260664932
35,10,EI,11,4.372101300202975,1.7059518829207914,1.3541344623457436,3.313274260664932
35,10,EI,12,4.372101300202975,1.7059518829207914,1.3541344623457436,3.313274260664932
35,10,EI,13,4.381203029094763,1.6520047331183352,1.3486401191259523,2.3014718228386735
35,10,EI,14,4.390877987387019,1.5915490570141553,1.3128560412753831,2.72067876456261
35,10,EI,15,4.390877987387019,1.5915490570141553,1.3128560412753831,2.72067876456261
35,10,EI,16,4.390877987387019,1.5915490570141553,1.3128560412753831,2.72067876456261
35,10,EI,17,4.390877987387019,1.5915490570141553,1.3128560412753831,2.72067876456261
35,10,EI,18,4.390877987387019,1.5915490570141553,1.3128560412753831,2.72067876456261
35,10,EI,19,4.390877987387019,1.5915490570141553,1.3128560412753831,2.72067876456261
35,10,EI,20,4.390877987387019,1.5915490570141553,1.3128560412753831,2.72067876456261
35,10,EI,21,4.390877987387019,1.5915490570141553,1.3128560412753831,2.72067876456261
35,10,EI,22,4.390877987387019,1.5915490570141553,1.3128560412753831,2.72067876456261
35,10,EI,23,4.390877987387019,1.5915490570141553,1.3128560412753831,2.72067876456261
35,10,EI,24,4.390877987387019,1.5915490570141553,1.3128560412753831,2.72067876456261
35,10,EI,25,4.390877987387019,1.5915490570141553,1.3128560412753831,2.72067876456261
36,11,EI,0,4.150840781678124,1.8978314292801928,1.5356674314484513,1.9322663087465377
36,11,EI,1,4.150840781678124,1.8978314292801928,1.5356674314484513,1.9322663087465377
36,11,EI,2,4.150840781678124,1.8978314292801928,1.5356674314484513,1.9322663087465377
36,11,EI,3,4.150840781678124,1.8978314292801928,1.5356674314484513,1.9322663087465377
36,11,EI,4,4.150840781678124,1.8978314292801928,1.5356674314484513,1.9322663087465377
36,11,EI,5,4.150840781678124,1.8978314292801928,1.5356674314484513,1.9322663087465377
36,11,EI,6,4.150840781678124,1.8978314292801928,1.5356674314484513,1.9322663087465377
36,11,EI,7,4.347963200981061,1.6983025953239363,1.2212059990996078,3.530559199657819
36,11,EI,8,4.347963200981061,1.6983025953239363,1.2212059990996078,3.530559199657819
36,11,EI,9,4.347963200981061,1.6983025953239363,1.2212059990996078,3.530559199657819
36,11,EI,10,4.367852488157656,1.7304129858457138,1.3255153134130166,3.3287053930279207
36,11,EI,11,4.367852488157656,1.7304129858457138,1.3255153134130166,3.3287053930279207
36,11,EI,12,4.367852488157656,1.7304129858457138,1.3255153134130166,3.3287053930279207
36,11,EI,13,4.367852488157656,1.7304129858457138,1.3255153134130166,3.3287053930279207
36,11,EI,14,4.367852488157656,1.7304129858457138,1.3255153134130166,3.3287053930279207
36,11,EI,15,4.3705913366343845,1.7040543582616698,1.3885560266924069,3.0813930545351322
36,11,EI,16,4.3705913366343845,1.7040543582616698,1.3885560266924069,3.0813930545351322
36,11,EI,17,4.3705913366343845,1.7040543582616698,1.3885560266924069,3.0813930545351322
36,11,EI,18,4.3705913366343845,1.7040543582616698,1.3885560266924069,3.0813930545351322
36,11,EI,19,4.3705913366343845,1.7040543582616698,1.3885560266924069,3.0813930545351322
36,11,EI,20,4.3705913366343845,1.7040543582616698,1.3885560266924069,3.0813930545351322
36,11,EI,21,4.3705913366343845,1.7040543582616698,1.3885560266924069,3.0813930545351322
36,11,EI,22,4.3705913366343845,1.7040543582616698,1.3885560266924069,3.0813930545351322
36,11,EI,23,4.3705913366343845,1.7040543582616698,1.3885560266924069,3.0813930545351322
36,11,EI,24,4.3705913366343845,1.7040543582616698,1.3885560266924069,3.0813930545351322
36,11,EI,25,4.3705913366343845,1.7040543582616698,1.3885560266924069,3.0813930545351322
37,12,EI,0,2.7840997575435598,2.4375140944263407,1.72983806405313,13.203869748852181
37,12,EI,1,3.7311895416048313,1.9635450945110229,0.8841096125013839,11.167940473068176
37,12,EI,2,3.836031057338308,1.9719349804896509,0.9359347067222097,8.144284551845908
37,12,EI,3,4.197196752314472,1.7620633875538707,1.1221906676271822,5.900496975903011
37,12,EI,4,4.197196752314472,1.7620633875538707,1.1221906676271822,5.900496975903011
37,12,EI,5,4.197196752314472,1.7620633875538707,1.1221906676271822,5.900496975903011
37,12,EI,6,4.197196752314472,1.7620633875538707,1.1221906676271822,5.900496975903011
37,12,EI,7,4.235961669692067,1.5919166291243942,1.0402876565904084,3.4051528928129517
37,12,EI,8,4.237848046830793,1.3947787610075073,1.3009359826530846,6.144500974248465
37,12,EI,9,4.237848046830793,1.3947787610075073,1.3009359826530846,6.144500974248465
37,12,EI,10,4.249707617542951,1.5902071307032535,1.2276546898838605,6.933235771472793
37,12,EI,11,4.249707617542951,1.5902071307032535,1.2276546898838605,6.933235771472793
37,12,EI,12,4.25111100601441,1.5128719996305122,1.2376278742968756,6.595268004874329
37,12,EI,13,4.25111100601441,1.5128719996305122,1.2376278742968756,6.595268004874329
37,12,EI,14,4.25111100601441,1.5128719996305122,1.2376278742968756,6.595268004874329
37,12,EI,15,4.280950734091395,1.6575051679500685,1.1086029778450817,3.7617279549160827
37,12,EI,16,4.280950734091395,1.6575051679500685,1.1086029778450817,3.7617279549160827
37,12,EI,17,4.280950734091395,1.6575051679500685,1.1086029778450817,3.7617279549160827
37,12,EI,18,4.28406112495856,1.6735878207262078,1.1083404252476274,3.6032175049741766
37,12,EI,19,4.289362000008511,1.6680658371391033,1.1212550584886953,3.753556621661834
37,12,EI,20,4.289362000008511,1.6680658371391033,1.1212550584886953,3.753556621661834
37,12,EI,21,4.289362000008511,1.6680658371391033,1.1212550584886953,3.753556621661834
37,12,EI,22,4.322331603606005,1.6408411487906571,1.1657496837105499,3.6948810715703915
37,12,EI,23,4.322331603606005,1.6408411487906571,1.1657496837105499,3.6948810715703915
37,12,EI,24,4.3449038144132786,1.6244598799864112,1.188672443932529,3.3765594354321733
37,12,EI,25,4.379090012111583,1.678549841941491,1.2690352055566212,2.993125435173418
38,13,EI,0,3.7676746364093363,2.131748582680984,1.4935588022622066,12.165539958366347
38,13,EI,1,4.295739466440893,1.7750645049690168,1.4935148817552846,2.6916941443627938
38,13,EI,2,4.295739466440893,1.7750645049690168,1.4935148817552846,2.6916941443627938
38,13,EI,3,4.295739466440893,1.7750645049690168,1.4935148817552846,2.6916941443627938
38,13,EI,4,4.295739466440893,1.7750645049690168,1.4935148817552846,2.6916941443627938
38,13,EI,5,4.315621026539422,1.571100010617411,1.4946123402545681,2.3647412497892004
38,13,EI,6,4.315621026539422,1.571100010617411,1.4946123402545681,2.3647412497892004
38,13,EI,7,4.315621026539422,1.571100010617411,1.4946123402545681,2.3647412497892004
38,13,EI,8,4.342728005713463,1.5077748142559035,1.3422502226757143,4.144311914809417
38,13,EI,9,4.364321432510975,1.5938089011135803,1.2992839862561247,2.047297011197487
38,13,EI,10,4.364321432510975,1.5938089011135803,1.2992839862561247,2.047297011197487
38,13,EI,11,4.364321432510975,1.5938089011135803,1.2992839862561247,2.047297011197487
38,13,EI,12,4.364321432510975,1.5938089011135803,1.2992839862561247,2.047297011197487
38,13,EI,13,4.364321432510975,1.5938089011135803,1.2992839862561247,2.047297011197487
38,13,EI,14,4.383795544578931,1.5796438630773944,1.3100251163482204,2.353263895627915
38,13,EI,15,4.3847137877892415,1.5656970841895381,1.3087330472009695,2.4267203484445834
38,13,EI,16,4.3847137877892415,1.5656970841895381,1.3087330472009695,2.4267203484445834
38,13,EI,17,4.389298217964457,1.59643793610863,1.342678747106885,2.5296034918379404
38,13,EI,18,4.389298217964457,1.59643793610863,1.342678747106885,2.5296034918379404
38,13,EI,19,4.389298217964457,1.59643793610863,1.342678747106885,2.5296034918379404
38,13,EI,20,4.389298217964457,1.59643793610863,1.342678747106885,2.5296034918379404
38,13,EI,21,4.389298217964457,1.59643793610863,1.342678747106885,2.5296034918379404
38,13,EI,22,4.389298217964457,1.59643793610863,1.342678747106885,2.5296034918379404
38,13,EI,23,4.389298217964457,1.59643793610863,1.342678747106885,2.5296034918379404
38,13,EI,24,4.390261751878335,1.614576732058925,1.339451851521599,2.544492002886899
38,13,EI,25,4.390261751878335,1.614576732058925,1.339451851521599,2.544492002886899
39,14,EI,0,4.091506261911437,1.317375771603062,1.0762000001351049,5.981983918073993
39,14,EI,1,4.091506261911437,1.317375771603062,1.0762000001351049,5.981983918073993
39,14,EI,2,4.091506261911437,1.317375771603062,1.0762000001351049,5.981983918073993
39,14,EI,3,4.354297369356065,1.6329133251488455,1.2494707647689616,3.865038136350338
39,14,EI,4,4.354297369356065,1.6329133251488455,1.2494707647689616,3.865038136350338
39,14,EI,5,4.354297369356065,1.6329133251488455,1.2494707647689616,3.865038136350338
39,14,EI,6,4.354297369356065,1.6329133251488455,1.2494707647689616,3.865038136350338
39,14,EI,7,4.354297369356065,1.6329133251488455,1.2494707647689616,3.865038136350338
39,14,EI,8,4.354297369356065,1.6329133251488455,1.2494707647689616,3.865038136350338
39,14,EI,9,4.354297369356065,1.6329133251488455,1.2494707647689616,3.865038136350338
39,14,EI,10,4.354297369356065,1.6329133251488455,1.2494707647689616,3.865038136350338
39,14,EI,11,4.354297369356065,1.6329133251488455,1.2494707647689616,3.865038136350338
39,14,EI,12,4.354297369356065,1.6329133251488455,1.2494707647689616,3.865038136350338
39,14,EI,13,4.354297369356065,1.6329133251488455,1.2494707647689616,3.865038136350338
39,14,EI,14,4.354297369356065,1.6329133251488455,1.2494707647689616,3.865038136350338
39,14,EI,15,4.354297369356065,1.6329133251488455,1.2494707647689616,3.865038136350338
39,14,EI,16,4.354297369356065,1.6329133251488455,1.2494707647689616,3.865038136350338
39,14,EI,17,4.354297369356065,1.6329133251488455,1.2494707647689616,3.865038136350338
39,14,EI,18,4.354297369356065,1.6329133251488455,1.2494707647689616,3.865038136350338
39,14,EI,19,4.354297369356065,1.6329133251488455,1.2494707647689616,3.865038136350338
39,14,EI,20,4.354297369356065,1.6329133251488455,1.2494707647689616,3.865038136350338
39,14,EI,21,4.354297369356065,1.6329133251488455,1.2494707647689616,3.865038136350338
39,14,EI,22,4.354297369356065,1.6329133251488455,1.2494707647689616,3.865038136350338
39,14,EI,23,4.354297369356065,1.6329133251488455,1.2494707647689616,3.865038136350338
39,14,EI,24,4.354297369356065,1.6329133251488455,1.2494707647689616,3.865038136350338
39,14,EI,25,4.354297369356065,1.6329133251488455,1.2494707647689616,3.865038136350338
40,15,EI,0,4.301455439918212,1.4887819660857744,1.3553598896762011,5.166756960135058
40,15,EI,1,4.304385714362173,1.5347754947542276,1.3213420251790668,5.458587178108894
40,15,EI,2,4.316504278479314,1.5597256684701817,1.2716071419254997,5.028529134476735
40,15,EI,3,4.31900175558355,1.587912150314497,1.308956883571239,5.194703280894692
40,15,EI,4,4.31900175558355,1.587912150314497,1.308956883571239,5.194703280894692
40,15,EI,5,4.31900175558355,1.587912150314497,1.308956883571239,5.194703280894692
40,15,EI,6,4.31900175558355,1.587912150314497,1.308956883571239,5.194703280894692
40,15,EI,7,4.31900175558355,1.587912150314497,1.308956883571239,5.194703280894692
40,15,EI,8,4.31900175558355,1.587912150314497,1.308956883571239,5.194703280894692
40,15,EI,9,4.31900175558355,1.587912150314497,1.308956883571239,5.194703280894692
40,15,EI,10,4.31900175558355,1.587912150314497,1.308956883571239,5.194703280894692
40,15,EI,11,4.31900175558355,1.587912150314497,1.308956883571239,5.194703280894692
40,15,EI,12,4.31900175558355,1.587912150314497,1.308956883571239,5.194703280894692
40,15,EI,13,4.31900175558355,1.587912150314497,1.308956883571239,5.194703280894692
40,15,EI,14,4.31900175558355,1.587912150314497,1.308956883571239,5.194703280894692
40,15,EI,15,4.31900175558355,1.587912150314497,1.308956883571239,5.194703280894692
40,15,EI,16,4.31900175558355,1.587912150314497,1.308956883571239,5.194703280894692
40,15,EI,17,4.31900175558355,1.587912150314497,1.308956883571239,5.194703280894692
40,15,EI,18,4.31900175558355,1.587912150314497,1.308956883571239,5.194703280894692
40,15,EI,19,4.31900175558355,1.587912150314497,1.308956883571239,5.194703280894692
40,15,EI,20,4.31900175558355,1.587912150314497,1.308956883571239,5.194703280894692
40,15,EI,21,4.31900175558355,1.587912150314497,1.308956883571239,5.194703280894692
40,15,EI,22,4.31900175558355,1.587912150314497,1.308956883571239,5.194703280894692
40,15,EI,23,4.31900175558355,1.587912150314497,1.308956883571239,5.194703280894692
40,15,EI,24,4.31900175558355,1.587912150314497,1.308956883571239,5.194703280894692
40,15,EI,25,4.31900175558355,1.587912150314497,1.308956883571239,5.194703280894692
41,16,EI,0,3.031516033515698,2.1685011963824743,1.4891733603442976,0.6655189326084838
41,16,EI,1,3.824951211899431,1.0190968720134097,1.4892310551385592,9.303968067067316
41,16,EI,2,3.826421347674355,1.1981607830509127,1.6220204687296884,8.985025157727607
41,16,EI,3,3.826421347674355,1.1981607830509127,1.6220204687296884,8.985025157727607
41,16,EI,4,4.231977747960372,1.5064256021190476,1.1754721852211278,6.227552829352383
41,16,EI,5,4.231977747960372,1.5064256021190476,1.1754721852211278,6.227552829352383
41,16,EI,6,4.241314137158273,1.4611988307411146,1.2486207341289703,6.562126150707743
41,16,EI,7,4.241314137158273,1.4611988307411146,1.2486207341289703,6.562126150707743
41,16,EI,8,4.241314137158273,1.4611988307411146,1.2486207341289703,6.562126150707743
41,16,EI,9,4.241314137158273,1.4611988307411146,1.2486207341289703,6.562126150707743
41,16,EI,10,4.241314137158273,1.4611988307411146,1.2486207341289703,6.562126150707743
41,16,EI,11,4.284192025553212,1.4290297986073548,1.1994476235350215,4.251974839159321
41,16,EI,12,4.323979026652278,1.4747817464993234,1.2081522679679617,3.6564521149060116
41,16,EI,13,4.328062896998297,1.4563792486682643,1.195488941119153,3.0500899353447646
41,16,EI,14,4.338571615143591,1.4987966510192865,1.2050870508038596,3.337985822738989
41,16,EI,15,4.338571615143591,1.4987966510192865,1.2050870508038596,3.337985822738989
41,16,EI,16,4.3473483477344175,1.5261677712214485,1.193267493979027,2.937556054737346
41,16,EI,17,4.3473483477344175,1.5261677712214485,1.193267493979027,2.937556054737346
41,16,EI,18,4.3473483477344175,1.5261677712214485,1.193267493979027,2.937556054737346
41,16,EI,19,4.3473483477344175,1.5261677712214485,1.193267493979027,2.937556054737346
41,16,EI,20,4.3473483477344175,1.5261677712214485,1.193267493979027,2.937556054737346
41,16,EI,21,4.3473483477344175,1.5261677712214485,1.193267493979027,2.937556054737346
41,16,EI,22,4.3473483477344175,1.5261677712214485,1.193267493979027,2.937556054737346
41,16,EI,23,4.3473483477344175,1.5261677712214485,1.193267493979027,2.937556054737346
41,16,EI,24,4.3473483477344175,1.5261677712214485,1.193267493979027,2.937556054737346
41,16,EI,25,4.3473483477344175,1.5261677712214485,1.193267493979027,2.937556054737346
42,17,EI,0,3.590879773810102,2.337201716564578,1.3522347240420514,6.018089651444624
42,17,EI,1,4.109670217306533,1.857192229856539,1.0633315892358333,5.797857343782422
42,17,EI,2,4.109670217306533,1.857192229856539,1.0633315892358333,5.797857343782422
42,17,EI,3,4.109670217306533,1.857192229856539,1.0633315892358333,5.797857343782422
42,17,EI,4,4.141156137095139,1.7134530687197485,1.370719797357233,13.84878505575515
42,17,EI,5,4.141156137095139,1.7134530687197485,1.370719797357233,13.84878505575515
42,17,EI,6,4.3085676030936195,1.6412028102661158,1.176468316942084,4.279544116381906
42,17,EI,7,4.3085676030936195,1.6412028102661158,1.176468316942084,4.279544116381906
42,17,EI,8,4.3085676030936195,1.6412028102661158,1.176468316942084,4.279544116381906
42,17,EI,9,4.3085676030936195,1.6412028102661158,1.176468316942084,4.279544116381906
42,17,EI,10,4.3085676030936195,1.6412028102661158,1.176468316942084,4.279544116381906
42,17,EI,11,4.3085676030936195,1.6412028102661158,1.176468316942084,4.279544116381906
42,17,EI,12,4.3116473712986805,1.6457806494917167,1.1946322346282652,4.454283033873258
42,17,EI,13,4.3116473712986805,1.6457806494917167,1.1946322346282652,4.454283033873258
42,17,EI,14,4.3116473712986805,1.6457806494917167,1.1946322346282652,4.454283033873258
42,17,EI,15,4.334119573910812,1.6239744292236815,1.2189380245159636,4.145873823724364
42,17,EI,16,4.334119573910812,1.6239744292236815,1.2189380245159636,4.145873823724364
42,17,EI,17,4.334119573910812,1.6239744292236815,1.2189380245159636,4.145873823724364
42,17,EI,18,4.337698922264831,1.656626733337998,1.2544272582569218,4.347762802238409
42,17,EI,19,4.337698922264831,1.656626733337998,1.2544272582569218,4.347762802238409
42,17,EI,20,4.338426406216923,1.6306191720026675,1.2377607017533774,4.221153502568982
42,17,EI,21,4.338426406216923,1.6306191720026675,1.2377607017533774,4.221153502568982
42,17,EI,22,4.338426406216923,1.6306191720026675,1.2377607017533774,4.221153502568982
42,17,EI,23,4.346539220551419,1.5960676153785247,1.2811598288887525,4.30333141574295
42,17,EI,24,4.346539220551419,1.5960676153785247,1.2811598288887525,4.30333141574295
42,17,EI,25,4.3553013591069965,1.6585604621516579,1.2827321830362317,4.019844654266794
43,18,EI,0,3.699557492002483,1.2363262125074743,0.7316846576957299,1.894937102086478
43,18,EI,1,3.699557492002483,1.2363262125074743,0.7316846576957299,1.894937102086478
43,18,EI,2,3.699557492002483,1.2363262125074743,0.7316846576957299,1.894937102086478
43,18,EI,3,3.8476276438833095,1.3094974974779259,1.6132106430966604,13.94592118774806
43,18,EI,4,4.015324395495502,1.5612168696218207,0.8345103383371439,2.4839561159485
43,18,EI,5,4.015324395495502,1.5612168696218207,0.8345103383371439,2.4839561159485
43,18,EI,6,4.015324395495502,1.5612168696218207,0.8345103383371439,2.4839561159485
43,18,EI,7,4.068179958534622,1.5874619611649115,1.5135843974769325,14.020750637066469
43,18,EI,8,4.154533039246345,1.6874486086101412,1.3168187252673462,13.476819336437645
43,18,EI,9,4.15940146719509,1.5913802531007164,1.3215451081211893,13.472442654262881
43,18,EI,10,4.1596512570918325,1.608587103861733,1.3103470606747796,13.474653994151087
43,18,EI,11,4.1596512570918325,1.608587103861733,1.3103470606747796,13.474653994151087
43,18,EI,12,4.263072189462067,1.7316072179622957,1.0834208467895543,2.3156803070144525
43,18,EI,13,4.263072189462067,1.7316072179622957,1.0834208467895543,2.3156803070144525
43,18,EI,14,4.280370996848192,1.7789757215333823,1.1213675889784658,2.423666363673391
43,18,EI,15,4.28576890286851,1.8379419990831942,1.1668419495776017,2.6064177700107063
43,18,EI,16,4.314767235497371,1.7100771550400942,1.138294658568856,2.9460442342047073
43,18,EI,17,4.337624487806223,1.6889523230286376,1.17057428845163,3.013400491166549
43,18,EI,18,4.337624487806223,1.6889523230286376,1.17057428845163,3.013400491166549
43,18,EI,19,4.337624487806223,1.6889523230286376,1.17057428845163,3.013400491166549
43,18,EI,20,4.355416944407226,1.6378556556942798,1.2179271701412322,3.467846972938374
43,18,EI,21,4.355416944407226,1.6378556556942798,1.2179271701412322,3.467846972938374
43,18,EI,22,4.355416944407226,1.6378556556942798,1.2179271701412322,3.467846972938374
43,18,EI,23,4.355416944407226,1.6378556556942798,1.2179271701412322,3.467846972938374
43,18,EI,24,4.355416944407226,1.6378556556942798,1.2179271701412322,3.467846972938374
43,18,EI,25,4.355416944407226,1.6378556556942798,1.2179271701412322,3.467846972938374
44,19,EI,0,3.3124351758533965,1.8184683790677,0.38544942627857526,4.675669601939484
44,19,EI,1,3.3124351758533965,1.8184683790677,0.38544942627857526,4.675669601939484
44,19,EI,2,3.3124351758533965,1.8184683790677,0.38544942627857526,4.675669601939484
44,19,EI,3,4.232381598899002,1.6987695247703853,1.5264030879398471,4.68187615720916
44,19,EI,4,4.232381598899002,1.6987695247703853,1.5264030879398471,4.68187615720916
44,19,EI,5,4.325188569559915,1.6751716249536495,1.3414088539073195,4.926368001240833
44,19,EI,6,4.325188569559915,1.6751716249536495,1.3414088539073195,4.926368001240833
44,19,EI,7,4.340105451280376,1.7441348109384576,1.2660028838178468,3.8777365741380945
44,19,EI,8,4.340105451280376,1.7441348109384576,1.2660028838178468,3.8777365741380945
44,19,EI,9,4.340105451280376,1.7441348109384576,1.2660028838178468,3.8777365741380945
44,19,EI,10,4.340105451280376,1.7441348109384576,1.2660028838178468,3.8777365741380945
44,19,EI,11,4.340105451280376,1.7441348109384576,1.2660028838178468,3.8777365741380945
44,19,EI,12,4.375596343452828,1.7255841997865966,1.3068194453152513,2.9947015009572033
44,19,EI,13,4.375596343452828,1.7255841997865966,1.3068194453152513,2.9947015009572033
44,19,EI,14,4.375596343452828,1.7255841997865966,1.3068194453152513,2.9947015009572033
44,19,EI,15,4.375596343452828,1.7255841997865966,1.3068194453152513,2.9947015009572033
44,19,EI,16,4.375596343452828,1.7255841997865966,1.3068194453152513,2.9947015009572033
44,19,EI,17,4.375596343452828,1.7255841997865966,1.3068194453152513,2.9947015009572033
44,19,EI,18,4.375596343452828,1.7255841997865966,1.3068194453152513,2.9947015009572033
44,19,EI,19,4.375596343452828,1.7255841997865966,1.3068194453152513,2.9947015009572033
44,19,EI,20,4.375596343452828,1.7255841997865966,1.3068194453152513,2.9947015009572033
44,19,EI,21,4.375596343452828,1.7255841997865966,1.3068194453152513,2.9947015009572033
44,19,EI,22,4.375596343452828,1.7255841997865966,1.3068194453152513,2.9947015009572033
44,19,EI,23,4.375596343452828,1.7255841997865966,1.3068194453152513,2.9947015009572033
44,19,EI,24,4.375596343452828,1.7255841997865966,1.3068194453152513,2.9947015009572033
44,19,EI,25,4.375596343452828,1.7255841997865966,1.3068194453152513,2.9947015009572033
45,20,EI,0,3.636075606287758,1.525028880318502,0.6453929209448686,7.011912939326778
45,20,EI,1,3.636075606287758,1.525028880318502,0.6453929209448686,7.011912939326778
45,20,EI,2,4.132491748986012,1.524688570942105,1.1569501398413866,10.655578058094557
45,20,EI,3,4.132491748986012,1.524688570942105,1.1569501398413866,10.655578058094557
45,20,EI,4,4.198340454336108,1.558326661562612,1.2441441952784271,9.459338169039109
45,20,EI,5,4.200615199742098,1.1904344785953302,1.3791263042672584,2.3434176164089195
45,20,EI,6,4.200615199742098,1.1904344785953302,1.3791263042672584,2.3434176164089195
45,20,EI,7,4.200615199742098,1.1904344785953302,1.3791263042672584,2.3434176164089195
45,20,EI,8,4.200615199742098,1.1904344785953302,1.3791263042672584,2.3434176164089195
45,20,EI,9,4.37036415054553,1.6069057323268647,1.2292832736704553,3.044461281283242
45,20,EI,10,4.37036415054553,1.6069057323268647,1.2292832736704553,3.044461281283242
45,20,EI,11,4.37036415054553,1.6069057323268647,1.2292832736704553,3.044461281283242
45,20,EI,12,4.37036415054553,1.6069057323268647,1.2292832736704553,3.044461281283242
45,20,EI,13,4.385677450549165,1.5917285761679336,1.2771079016017777,2.574182388109135
45,20,EI,14,4.385677450549165,1.5917285761679336,1.2771079016017777,2.574182388109135
45,20,EI,15,4.385677450549165,1.5917285761679336,1.2771079016017777,2.574182388109135
45,20,EI,16,4.385677450549165,1.5917285761679336,1.2771079016017777,2.574182388109135
45,20,EI,17,4.385677450549165,1.5917285761679336,1.2771079016017777,2.574182388109135
45,20,EI,18,4.385677450549165,1.5917285761679336,1.2771079016017777,2.574182388109135
45,20,EI,19,4.385677450549165,1.5917285761679336,1.2771079016017777,2.574182388109135
45,20,EI,20,4.385677450549165,1.5917285761679336,1.2771079016017777,2.574182388109135
45,20,EI,21,4.385677450549165,1.5917285761679336,1.2771079016017777,2.574182388109135
45,20,EI,22,4.385677450549165,1.5917285761679336,1.2771079016017777,2.574182388109135
45,20,EI,23,4.385677450549165,1.5917285761679336,1.2771079016017777,2.574182388109135
45,20,EI,24,4.385677450549165,1.5917285761679336,1.2771079016017777,2.574182388109135
45,20,EI,25,4.385677450549165,1.5917285761679336,1.2771079016017777,2.574182388109135
46,21,EI,0,3.4918112135270585,1.8190364294108887,0.6204646034983883,10.64730805493597
46,21,EI,1,3.5440952227823246,1.8749810575943022,1.7781749291560178,10.643240674907723
46,21,EI,2,4.183707248119097,1.6406096729102733,1.254393577131398,10.759439258647738
46,21,EI,3,4.183707248119097,1.6406096729102733,1.254393577131398,10.759439258647738
46,21,EI,4,4.183707248119097,1.6406096729102733,1.254393577131398,10.759439258647738
46,21,EI,5,4.188022457234961,1.556435858081501,1.2913460555183307,10.749942295380453
46,21,EI,6,4.188022457234961,1.556435858081501,1.2913460555183307,10.749942295380453
46,21,EI,7,4.188022457234961,1.556435858081501,1.2913460555183307,10.749942295380453
46,21,EI,8,4.188022457234961,1.556435858081501,1.2913460555183307,10.749942295380453
46,21,EI,9,4.188022457234961,1.556435858081501,1.2913460555183307,10.749942295380453
46,21,EI,10,4.296409375114113,1.3678877058645602,1.238734294553526,3.552414378172951
46,21,EI,11,4.358266195388354,1.5200796887424128,1.2320107620857623,3.1845318665630904
46,21,EI,12,4.377461168746068,1.5520689393877873,1.2597477187850057,2.901448600768583
46,21,EI,13,4.377461168746068,1.5520689393877873,1.2597477187850057,2.901448600768583
46,21,EI,14,4.3851028626712205,1.550186186577661,1.3046373573339887,2.890236793935607
46,21,EI,15,4.386890843021609,1.6201564158434847,1.2822849925305255,2.9217612592657356
46,21,EI,16,4.386890843021609,1.6201564158434847,1.2822849925305255,2.9217612592657356
46,21,EI,17,4.3872629119625435,1.5692974068180825,1.2934771191819312,2.748934314283393
46,21,EI,18,4.388361662518836,1.5731712668792874,1.3418743155775577,2.8681091259690494
46,21,EI,19,4.389820979155686,1.5883578737749056,1.3437360212288412,2.8239588018881454
46,21,EI,20,4.389820979155686,1.5883578737749056,1.3437360212288412,2.8239588018881454
46,21,EI,21,4.3902285488017885,1.612437820222687,1.3473579358245775,2.8506792888426404
46,21,EI,22,4.3902285488017885,1.612437820222687,1.3473579358245775,2.8506792888426404
46,21,EI,23,4.3902285488017885,1.612437820222687,1.3473579358245775,2.8506792888426404
46,21,EI,24,4.3902285488017885,1.612437820222687,1.3473579358245775,2.8506792888426404
46,21,EI,25,4.3902285488017885,1.612437820222687,1.3473579358245775,2.8506792888426404
47,22,EI,0,3.734442057073772,0.8600156289795298,1.291020078086563,8.477720900186016
47,22,EI,1,3.734442057073772,0.8600156289795298,1.291020078086563,8.477720900186016
47,22,EI,2,4.107751050935564,1.2715781500358418,1.3679579295624107,8.569636873977979
47,22,EI,3,4.107751050935564,1.2715781500358418,1.3679579295624107,8.569636873977979
47,22,EI,4,4.203052357568281,1.6413273752828355,1.364154220466494,9.948370014897089
47,22,EI,5,4.203052357568281,1.6413273752828355,1.364154220466494,9.948370014897089
47,22,EI,6,4.203052357568281,1.6413273752828355,1.364154220466494,9.948370014897089
47,22,EI,7,4.203052357568281,1.6413273752828355,1.364154220466494,9.948370014897089
47,22,EI,8,4.356365989554057,1.7351316549859699,1.4003027113962756,3.2268301723910566
47,22,EI,9,4.362394974525863,1.7159511879199751,1.3660423515713478,3.516596934637408
47,22,EI,10,4.362394974525863,1.7159511879199751,1.3660423515713478,3.516596934637408
47,22,EI,11,4.368028401754343,1.7205564758355205,1.3949305662475457,2.8784719206551865
47,22,EI,12,4.368028401754343,1.7205564758355205,1.3949305662475457,2.8784719206551865
47,22,EI,13,4.368028401754343,1.7205564758355205,1.3949305662475457,2.8784719206551865
47,22,EI,14,4.371314289106054,1.7103344905754212,1.3906837400083134,2.9108457087177313
47,22,EI,15,4.371314289106054,1.7103344905754212,1.3906837400083134,2.9108457087177313
47,22,EI,16,4.371314289106054,1.7103344905754212,1.3906837400083134,2.9108457087177313
47,22,EI,17,4.371314289106054,1.7103344905754212,1.3906837400083134,2.9108457087177313
47,22,EI,18,4.371314289106054,1.7103344905754212,1.3906837400083134,2.9108457087177313
47,22,EI,19,4.371314289106054,1.7103344905754212,1.3906837400083134,2.9108457087177313
47,22,EI,20,4.371314289106054,1.7103344905754212,1.3906837400083134,2.9108457087177313
47,22,EI,21,4.371314289106054,1.7103344905754212,1.3906837400083134,2.9108457087177313
47,22,EI,22,4.371314289106054,1.7103344905754212,1.3906837400083134,2.9108457087177313
47,22,EI,23,4.371314289106054,1.7103344905754212,1.3906837400083134,2.9108457087177313
47,22,EI,24,4.371314289106054,1.7103344905754212,1.3906837400083134,2.9108457087177313
47,22,EI,25,4.371314289106054,1.7103344905754212,1.3906837400083134,2.9108457087177313
48,23,EI,0,3.849876599270708,1.4932279224165703,0.745103773073807,1.9305347205402257
48,23,EI,1,3.849876599270708,1.4932279224165703,0.745103773073807,1.9305347205402257
48,23,EI,2,3.8617825739673624,1.4775422382646206,0.7495740135845401,3.938201334668283
48,23,EI,3,3.8617825739673624,1.4775422382646206,0.7495740135845401,3.938201334668283
48,23,EI,4,3.937765386302777,1.5795545962862274,0.7713766500239103,2.5873444697819212
48,23,EI,5,4.010344295952791,1.7068807266675363,0.8459138583565733,3.5561847422953536
48,23,EI,6,4.111008278855722,1.7463318659968365,0.941747639256783,3.625894472653669
48,23,EI,7,4.11254699771006,1.8138356484545017,1.0694696777366133,1.55588847620091
48,23,EI,8,4.171795782909733,1.8241188747334278,1.05920231971847,4.3620070981304675
48,23,EI,9,4.179731346614801,1.8447487004245215,1.0983994199002889,4.747618346072392
48,23,EI,10,4.182683901479346,1.8541871789755553,1.1198933334343257,4.972596951264089
48,23,EI,11,4.312649361056079,1.5854560593151956,1.1204923668237239,2.7535002803029975
48,23,EI,12,4.312649361056079,1.5854560593151956,1.1204923668237239,2.7535002803029975
48,23,EI,13,4.312649361056079,1.5854560593151956,1.1204923668237239,2.7535002803029975
48,23,EI,14,4.357508261533183,1.7205127978218395,1.2379319728065306,3.2342645245723913
48,23,EI,15,4.357508261533183,1.7205127978218395,1.2379319728065306,3.2342645245723913
48,23,EI,16,4.35849495381322,1.754789455084103,1.2576793270137863,3.0056403495390733
48,23,EI,17,4.35849495381322,1.754789455084103,1.2576793270137863,3.0056403495390733
48,23,EI,18,4.369257934912829,1.6935891056774857,1.2511226258162553,3.1459889294016
48,23,EI,19,4.369257934912829,1.6935891056774857,1.2511226258162553,3.1459889294016
48,23,EI,20,4.369257934912829,1.6935891056774857,1.2511226258162553,3.1459889294016
48,23,EI,21,4.369257934912829,1.6935891056774857,1.2511226258162553,3.1459889294016
48,23,EI,22,4.369257934912829,1.6935891056774857,1.2511226258162553,3.1459889294016
48,23,EI,23,4.369493397462623,1.6809254455768894,1.2496279439429534,3.2065307895799804
48,23,EI,24,4.369493397462623,1.6809254455768894,1.2496279439429534,3.2065307895799804
48,23,EI,25,4.369493397462623,1.6809254455768894,1.2496279439429534,3.2065307895799804
49,24,EI,0,3.9519987751424406,1.9657124671926556,0.9925602450950795,6.14947418219028
49,24,EI,1,4.089166452902255,1.3722125948274257,1.6112504990731678,1.9836569023104584
49,24,EI,2,4.089166452902255,1.3722125948274257,1.6112504990731678,1.9836569023104584
49,24,EI,3,4.089166452902255,1.3722125948274257,1.6112504990731678,1.9836569023104584
49,24,EI,4,4.089166452902255,1.3722125948274257,1.6112504990731678,1.9836569023104584
49,24,EI,5,4.360035494031746,1.6041303643951141,1.393211361853539,3.7245737467119215
49,24,EI,6,4.360035494031746,1.6041303643951141,1.393211361853539,3.7245737467119215
49,24,EI,7,4.360035494031746,1.6041303643951141,1.393211361853539,3.7245737467119215
49,24,EI,8,4.360035494031746,1.6041303643951141,1.393211361853539,3.7245737467119215
49,24,EI,9,4.360035494031746,1.6041303643951141,1.393211361853539,3.7245737467119215
49,24,EI,10,4.360035494031746,1.6041303643951141,1.393211361853539,3.7245737467119215
49,24,EI,11,4.360035494031746,1.6041303643951141,1.393211361853539,3.7245737467119215
49,24,EI,12,4.3673985303995675,1.558418135466475,1.3699018578432876,3.562587658633928
49,24,EI,13,4.376080425114791,1.546037391123538,1.3613180860908458,3.2402650083976545
49,24,EI,14,4.376080425114791,1.546037391123538,1.3613180860908458,3.2402650083976545
49,24,EI,15,4.376080425114791,1.546037391123538,1.3613180860908458,3.2402650083976545
49,24,EI,16,4.376080425114791,1.546037391123538,1.3613180860908458,3.2402650083976545
49,24,EI,17,4.376080425114791,1.546037391123538,1.3613180860908458,3.2402650083976545
49,24,EI,18,4.376080425114791,1.546037391123538,1.3613180860908458,3.2402650083976545
49,24,EI,19,4.376080425114791,1.546037391123538,1.3613180860908458,3.2402650083976545
49,24,EI,20,4.376080425114791,1.546037391123538,1.3613180860908458,3.2402650083976545
49,24,EI,21,4.376080425114791,1.546037391123538,1.3613180860908458,3.2402650083976545
49,24,EI,22,4.376080425114791,1.546037391123538,1.3613180860908458,3.2402650083976545
49,24,EI,23,4.3766387439460654,1.5395144971444168,1.3410199785524464,3.2701427779123406
49,24,EI,24,4.3766387439460654,1.5395144971444168,1.3410199785524464,3.2701427779123406
49,24,EI,25,4.3766387439460654,1.5395144971444168,1.3410199785524464,3.2701427779123406
50,0,PI,0,3.911910942489584,1.166997894041951,1.0532379634439946,8.154831246989877
50,0,PI,1,3.911910942489584,1.166997894041951,1.0532379634439946,8.154831246989877
50,0,PI,2,3.911910942489584,1.166997894041951,1.0532379634439946,8.154831246989877
50,0,PI,3,3.911910942489584,1.166997894041951,1.0532379634439946,8.154831246989877
50,0,PI,4,3.911910942489584,1.166997894041951,1.0532379634439946,8.154831246989877
50,0,PI,5,3.911910942489584,1.166997894041951,1.0532379634439946,8.154831246989877
50,0,PI,6,4.095464586810971,1.3199874780303582,1.3474770785303591,11.267994187641435
50,0,PI,7,4.095464586810971,1.3199874780303582,1.3474770785303591,11.267994187641435
50,0,PI,8,4.095464586810971,1.3199874780303582,1.3474770785303591,11.267994187641435
50,0,PI,9,4.095464586810971,1.3199874780303582,1.3474770785303591,11.267994187641435
50,0,PI,10,4.095464586810971,1.3199874780303582,1.3474770785303591,11.267994187641435
50,0,PI,11,4.095464586810971,1.3199874780303582,1.3474770785303591,11.267994187641435
50,0,PI,12,4.095464586810971,1.3199874780303582,1.3474770785303591,11.267994187641435
50,0,PI,13,4.095464586810971,1.3199874780303582,1.3474770785303591,11.267994187641435
50,0,PI,14,4.095464586810971,1.3199874780303582,1.3474770785303591,11.267994187641435
50,0,PI,15,4.095464586810971,1.3199874780303582,1.3474770785303591,11.267994187641435
50,0,PI,16,4.155398792660343,1.640817967980297,1.26116770303542,13.10177704951026
50,0,PI,17,4.155398792660343,1.640817967980297,1.26116770303542,13.10177704951026
50,0,PI,18,4.155398792660343,1.640817967980297,1.26116770303542,13.10177704951026
50,0,PI,19,4.155398792660343,1.640817967980297,1.26116770303542,13.10177704951026
50,0,PI,20,4.155398792660343,1.640817967980297,1.26116770303542,13.10177704951026
50,0,PI,21,4.155398792660343,1.640817967980297,1.26116770303542,13.10177704951026
50,0,PI,22,4.155398792660343,1.640817967980297,1.26116770303542,13.10177704951026
50,0,PI,23,4.155398792660343,1.640817967980297,1.26116770303542,13.10177704951026
50,0,PI,24,4.155398792660343,1.640817967980297,1.26116770303542,13.10177704951026
50,0,PI,25,4.155398792660343,1.640817967980297,1.26116770303542,13.10177704951026
51,1,PI,0,3.104339427457295,0.8126774115048594,1.8266229371407734,2.163250031181786
51,1,PI,1,3.606891279802186,2.1813710416508734,0.9763081051000193,8.79206323938506
51,1,PI,2,4.1208547758553165,1.5067313482622824,1.2281781116674142,14.177942044414618
51,1,PI,3,4.1208547758553165,1.5067313482622824,1.2281781116674142,14.177942044414618
51,1,PI,4,4.1208547758553165,1.5067313482622824,1.2281781116674142,14.177942044414618
51,1,PI,5,4.14881609055627,1.6072141368114763,1.3012193457341037,14.469238322609089
51,1,PI,6,4.14881609055627,1.6072141368114763,1.3012193457341037,14.469238322609089
51,1,PI,7,4.14881609055627,1.6072141368114763,1.3012193457341037,14.469238322609089
51,1,PI,8,4.14881609055627,1.6072141368114763,1.3012193457341037,14.469238322609089
51,1,PI,9,4.14881609055627,1.6072141368114763,1.3012193457341037,14.469238322609089
51,1,PI,10,4.14881609055627,1.6072141368114763,1.3012193457341037,14.469238322609089
51,1,PI,11,4.14881609055627,1.6072141368114763,1.3012193457341037,14.469238322609089
51,1,PI,12,4.14881609055627,1.6072141368114763,1.3012193457341037,14.469238322609089
51,1,PI,13,4.14881609055627,1.6072141368114763,1.3012193457341037,14.469238322609089
51,1,PI,14,4.14881609055627,1.6072141368114763,1.3012193457341037,14.469238322609089
51,1,PI,15,4.14881609055627,1.6072141368114763,1.3012193457341037,14.469238322609089
51,1,PI,16,4.14881609055627,1.6072141368114763,1.3012193457341037,14.469238322609089
51,1,PI,17,4.14881609055627,1.6072141368114763,1.3012193457341037,14.469238322609089
51,1,PI,18,4.14881609055627,1.6072141368114763,1.3012193457341037,14.469238322609089
51,1,PI,19,4.14881609055627,1.6072141368114763,1.3012193457341037,14.469238322609089
51,1,PI,20,4.14881609055627,1.6072141368114763,1.3012193457341037,14.469238322609089
51,1,PI,21,4.14881609055627,1.6072141368114763,1.3012193457341037,14.469238322609089
51,1,PI,22,4.189856049851301,1.4926040244734313,1.1641674492369143,7.459998047216919
51,1,PI,23,4.189856049851301,1.4926040244734313,1.1641674492369143,7.459998047216919
51,1,PI,24,4.189856049851301,1.4926040244734313,1.1641674492369143,7.459998047216919
51,1,PI,25,4.189856049851301,1.4926040244734313,1.1641674492369143,7.459998047216919
52,2,PI,0,3.444127279905535,1.3568271765900897,0.46792981973149805,2.2517838873167366
52,2,PI,1,3.6847383342018176,1.4156695357880937,1.746820993148305,9.469223513070258
52,2,PI,2,4.18799307172902,1.6263358368549303,1.1437917473672896,7.723924110271494
52,2,PI,3,4.199553344587496,1.6889698707778922,1.0410724696955533,1.8933611414298068
52,2,PI,4,4.199553344587496,1.6889698707778922,1.0410724696955533,1.8933611414298068
52,2,PI,5,4.199553344587496,1.6889698707778922,1.0410724696955533,1.8933611414298068
52,2,PI,6,4.199553344587496,1.6889698707778922,1.0410724696955533,1.8933611414298068
52,2,PI,7,4.199553344587496,1.6889698707778922,1.0410724696955533,1.8933611414298068
52,2,PI,8,4.199553344587496,1.6889698707778922,1.0410724696955533,1.8933611414298068
52,2,PI,9,4.199553344587496,1.6889698707778922,1.0410724696955533,1.8933611414298068
52,2,PI,10,4.199553344587496,1.6889698707778922,1.0410724696955533,1.8933611414298068
52,2,PI,11,4.199553344587496,1.6889698707778922,1.0410724696955533,1.8933611414298068
52,2,PI,12,4.199553344587496,1.6889698707778922,1.0410724696955533,1.8933611414298068
52,2,PI,13,4.199553344587496,1.6889698707778922,1.0410724696955533,1.8933611414298068
52,2,PI,14,4.199553344587496,1.6889698707778922,1.0410724696955533,1.8933611414298068
52,2,PI,15,4.199553344587496,1.6889698707778922,1.0410724696955533,1.8933611414298068
52,2,PI,16,4.199553344587496,1.6889698707778922,1.0410724696955533,1.8933611414298068
52,2,PI,17,4.199553344587496,1.6889698707778922,1.0410724696955533,1.8933611414298068
52,2,PI,18,4.199553344587496,1.6889698707778922,1.0410724696955533,1.8933611414298068
52,2,PI,19,4.199553344587496,1.6889698707778922,1.0410724696955533,1.8933611414298068
52,2,PI,20,4.199553344587496,1.6889698707778922,1.0410724696955533,1.8933611414298068
52,2,PI,21,4.199553344587496,1.6889698707778922,1.0410724696955533,1.8933611414298068
52,2,PI,22,4.199553344587496,1.6889698707778922,1.0410724696955533,1.8933611414298068
52,2,PI,23,4.199553344587496,1.6889698707778922,1.0410724696955533,1.8933611414298068
52,2,PI,24,4.199553344587496,1.6889698707778922,1.0410724696955533,1.8933611414298068
52,2,PI,25,4.199553344587496,1.6889698707778922,1.0410724696955533,1.8933611414298068
53,3,PI,0,3.0102610659693836,2.232324270253552,0.5480702896181784,7.0701736680622895
53,3,PI,1,3.466688905997259,1.3850597990282818,0.536301659554125,5.976673601333635
53,3,PI,2,3.4936824418805505,1.879376761915085,0.5260490131111566,3.956414519760636
53,3,PI,3,3.4936824418805505,1.879376761915085,0.5260490131111566,3.956414519760636
53,3,PI,4,3.4936824418805505,1.879376761915085,0.5260490131111566,3.956414519760636
53,3,PI,5,3.6014018765874605,1.874399165279022,0.7081165661159292,9.382386574826771
53,3,PI,6,3.6014018765874605,1.874399165279022,0.7081165661159292,9.382386574826771
53,3,PI,7,3.607399321600804,1.8496407161395103,0.7132202640833079,10.331256648232948
53,3,PI,8,3.763898966842935,1.384996024771704,0.7604726718785098,6.29841040848914
53,3,PI,9,3.763898966842935,1.384996024771704,0.7604726718785098,6.29841040848914
53,3,PI,10,3.763898966842935,1.384996024771704,0.7604726718785098,6.29841040848914
53,3,PI,11,3.763898966842935,1.384996024771704,0.7604726718785098,6.29841040848914
53,3,PI,12,3.763898966842935,1.384996024771704,0.7604726718785098,6.29841040848914
53,3,PI,13,3.763898966842935,1.384996024771704,0.7604726718785098,6.29841040848914
53,3,PI,14,4.228541924321133,1.8833859601342557,1.1999668458396675,4.499933795123667
53,3,PI,15,4.238169383909055,1.7838343274956938,1.13411174008507,4.647522714306504
53,3,PI,16,4.238169383909055,1.7838343274956938,1.13411174008507,4.647522714306504
53,3,PI,17,4.238169383909055,1.7838343274956938,1.13411174008507,4.647522714306504
53,3,PI,18,4.238169383909055,1.7838343274956938,1.13411174008507,4.647522714306504
53,3,PI,19,4.238169383909055,1.7838343274956938,1.13411174008507,4.647522714306504
53,3,PI,20,4.238169383909055,1.7838343274956938,1.13411174008507,4.647522714306504
53,3,PI,21,4.238169383909055,1.7838343274956938,1.13411174008507,4.647522714306504
53,3,PI,22,4.238169383909055,1.7838343274956938,1.13411174008507,4.647522714306504
53,3,PI,23,4.238169383909055,1.7838343274956938,1.13411174008507,4.647522714306504
53,3,PI,24,4.238169383909055,1.7838343274956938,1.13411174008507,4.647522714306504
53,3,PI,25,4.238169383909055,1.7838343274956938,1.13411174008507,4.647522714306504
54,4,PI,0,3.557458546444625,0.9327090146531924,1.6577527790059592,7.157825704064256
54,4,PI,1,3.557458546444625,0.9327090146531924,1.6577527790059592,7.157825704064256
54,4,PI,2,3.7425208815140882,1.22972642238113,1.745766853565307,3.543840884614238
54,4,PI,3,4.086009572830463,1.98420200904751,1.2169541315284316,6.706134227523448
54,4,PI,4,4.1194172997861624,1.8373874458452026,1.2689052309510402,11.556277817209097
54,4,PI,5,4.352007977875059,1.5496062096200758,1.2174970585562983,3.4168703267466936
54,4,PI,6,4.352007977875059,1.5496062096200758,1.2174970585562983,3.4168703267466936
54,4,PI,7,4.352007977875059,1.5496062096200758,1.2174970585562983,3.4168703267466936
54,4,PI,8,4.352007977875059,1.5496062096200758,1.2174970585562983,3.4168703267466936
54,4,PI,9,4.352007977875059,1.5496062096200758,1.2174970585562983,3.4168703267466936
54,4,PI,10,4.352007977875059,1.5496062096200758,1.2174970585562983,3.4168703267466936
54,4,PI,11,4.352007977875059,1.5496062096200758,1.2174970585562983,3.4168703267466936
54,4,PI,12,4.352007977875059,1.5496062096200758,1.2174970585562983,3.4168703267466936
54,4,PI,13,4.352007977875059,1.5496062096200758,1.2174970585562983,3.4168703267466936
54,4,PI,14,4.352007977875059,1.5496062096200758,1.2174970585562983,3.4168703267466936
54,4,PI,15,4.352007977875059,1.5496062096200758,1.2174970585562983,3.4168703267466936
54,4,PI,16,4.352007977875059,1.5496062096200758,1.2174970585562983,3.4168703267466936
54,4,PI,17,4.352007977875059,1.5496062096200758,1.2174970585562983,3.4168703267466936
54,4,PI,18,4.352007977875059,1.5496062096200758,1.2174970585562983,3.4168703267466936
54,4,PI,19,4.352007977875059,1.5496062096200758,1.2174970585562983,3.4168703267466936
54,4,PI,20,4.352007977875059,1.5496062096200758,1.2174970585562983,3.4168703267466936
54,4,PI,21,4.352007977875059,1.5496062096200758,1.2174970585562983,3.4168703267466936
54,4,PI,22,4.352007977875059,1.5496062096200758,1.2174970585562983,3.4168703267466936
54,4,PI,23,4.352007977875059,1.5496062096200758,1.2174970585562983,3.4168703267466936
54,4,PI,24,4.352007977875059,1.5496062096200758,1.2174970585562983,3.4168703267466936
54,4,PI,25,4.352007977875059,1.5496062096200758,1.2174970585562983,3.4168703267466936
55,5,PI,0,4.227399987146568,1.438101388900841,1.5453097581462618,3.4105505588884606
55,5,PI,1,4.227399987146568,1.438101388900841,1.5453097581462618,3.4105505588884606
55,5,PI,2,4.227399987146568,1.438101388900841,1.5453097581462618,3.4105505588884606
55,5,PI,3,4.227399987146568,1.438101388900841,1.5453097581462618,3.4105505588884606
55,5,PI,4,4.227399987146568,1.438101388900841,1.5453097581462618,3.4105505588884606
55,5,PI,5,4.227399987146568,1.438101388900841,1.5453097581462618,3.4105505588884606
55,5,PI,6,4.227399987146568,1.438101388900841,1.5453097581462618,3.4105505588884606
55,5,PI,7,4.227399987146568,1.438101388900841,1.5453097581462618,3.4105505588884606
55,5,PI,8,4.227399987146568,1.438101388900841,1.5453097581462618,3.4105505588884606
55,5,PI,9,4.227399987146568,1.438101388900841,1.5453097581462618,3.4105505588884606
55,5,PI,10,4.227399987146568,1.438101388900841,1.5453097581462618,3.4105505588884606
55,5,PI,11,4.227399987146568,1.438101388900841,1.5453097581462618,3.4105505588884606
55,5,PI,12,4.288070403017784,1.3795761644021178,1.1815541447670332,2.3864078405143814
55,5,PI,13,4.288070403017784,1.3795761644021178,1.1815541447670332,2.3864078405143814
55,5,PI,14,4.288070403017784,1.3795761644021178,1.1815541447670332,2.3864078405143814
55,5,PI,15,4.288070403017784,1.3795761644021178,1.1815541447670332,2.3864078405143814
55,5,PI,16,4.288070403017784,1.3795761644021178,1.1815541447670332,2.3864078405143814
55,5,PI,17,4.288070403017784,1.3795761644021178,1.1815541447670332,2.3864078405143814
55,5,PI,18,4.288070403017784,1.3795761644021178,1.1815541447670332,2.3864078405143814
55,5,PI,19,4.288070403017784,1.3795761644021178,1.1815541447670332,2.3864078405143814
55,5,PI,20,4.288070403017784,1.3795761644021178,1.1815541447670332,2.3864078405143814
55,5,PI,21,4.288070403017784,1.3795761644021178,1.1815541447670332,2.3864078405143814
55,5,PI,22,4.288070403017784,1.3795761644021178,1.1815541447670332,2.3864078405143814
55,5,PI,23,4.288070403017784,1.3795761644021178,1.1815541447670332,2.3864078405143814
55,5,PI,24,4.288070403017784,1.3795761644021178,1.1815541447670332,2.3864078405143814
55,5,PI,25,4.288070403017784,1.3795761644021178,1.1815541447670332,2.3864078405143814
56,6,PI,0,3.300511306741468,1.7381265975850662,0.38950021520552625,1.6040942984570679
56,6,PI,1,3.300511306741468,1.7381265975850662,0.38950021520552625,1.6040942984570679
56,6,PI,2,3.393888253624352,1.6221912475409939,0.37574327606408264,2.326192202839297
56,6,PI,3,3.393888253624352,1.6221912475409939,0.37574327606408264,2.326192202839297
56,6,PI,4,3.393888253624352,1.6221912475409939,0.37574327606408264,2.326192202839297
56,6,PI,5,3.393888253624352,1.6221912475409939,0.37574327606408264,2.326192202839297
56,6,PI,6,3.393888253624352,1.6221912475409939,0.37574327606408264,2.326192202839297
56,6,PI,7,3.393888253624352,1.6221912475409939,0.37574327606408264,2.326192202839297
56,6,PI,8,3.462414718813681,1.8581942517332268,0.5281556625502413,1.7089840971463826
56,6,PI,9,3.8826282874040956,1.79729810315026,0.8753277538823521,1.454450016482819
56,6,PI,10,4.212909855281799,1.6589394004392273,1.569500942708384,2.0130902123837204
56,6,PI,11,4.212909855281799,1.6589394004392273,1.569500942708384,2.0130902123837204
56,6,PI,12,4.212909855281799,1.6589394004392273,1.569500942708384,2.0130902123837204
56,6,PI,13,4.212909855281799,1.6589394004392273,1.569500942708384,2.0130902123837204
56,6,PI,14,4.212909855281799,1.6589394004392273,1.569500942708384,2.0130902123837204
56,6,PI,15,4.212909855281799,1.6589394004392273,1.569500942708384,2.0130902123837204
56,6,PI,16,4.212909855281799,1.6589394004392273,1.569500942708384,2.0130902123837204
56,6,PI,17,4.212909855281799,1.6589394004392273,1.569500942708384,2.0130902123837204
56,6,PI,18,4.212909855281799,1.6589394004392273,1.569500942708384,2.0130902123837204
56,6,PI,19,4.212909855281799,1.6589394004392273,1.569500942708384,2.0130902123837204
56,6,PI,20,4.212909855281799,1.6589394004392273,1.569500942708384,2.0130902123837204
56,6,PI,21,4.212909855281799,1.6589394004392273,1.569500942708384,2.0130902123837204
56,6,PI,22,4.212909855281799,1.6589394004392273,1.569500942708384,2.0130902123837204
56,6,PI,23,4.212909855281799,1.6589394004392273,1.569500942708384,2.0130902123837204
56,6,PI,24,4.212909855281799,1.6589394004392273,1.569500942708384,2.0130902123837204
56,6,PI,25,4.212909855281799,1.6589394004392273,1.569500942708384,2.0130902123837204
57,7,PI,0,3.781100281171634,1.2359817587016404,1.640248303393514,11.635509667987657
57,7,PI,1,4.118231503522674,1.3248718889704234,1.5378058874235574,5.33098023810232
57,7,PI,2,4.118231503522674,1.3248718889704234,1.5378058874235574,5.33098023810232
57,7,PI,3,4.118231503522674,1.3248718889704234,1.5378058874235574,5.33098023810232
57,7,PI,4,4.118231503522674,1.3248718889704234,1.5378058874235574,5.33098023810232
57,7,PI,5,4.118231503522674,1.3248718889704234,1.5378058874235574,5.33098023810232
57,7,PI,6,4.118231503522674,1.3248718889704234,1.5378058874235574,5.33098023810232
57,7,PI,7,4.118231503522674,1.3248718889704234,1.5378058874235574,5.33098023810232
57,7,PI,8,4.118231503522674,1.3248718889704234,1.5378058874235574,5.33098023810232
57,7,PI,9,4.118231503522674,1.3248718889704234,1.5378058874235574,5.33098023810232
57,7,PI,10,4.118231503522674,1.3248718889704234,1.5378058874235574,5.33098023810232
57,7,PI,11,4.118231503522674,1.3248718889704234,1.5378058874235574,5.33098023810232
57,7,PI,12,4.118231503522674,1.3248718889704234,1.5378058874235574,5.33098023810232
57,7,PI,13,4.118231503522674,1.3248718889704234,1.5378058874235574,5.33098023810232
57,7,PI,14,4.20982015966944,1.8898009146388128,1.2112520741742738,5.07074883574055
57,7,PI,15,4.20982015966944,1.8898009146388128,1.2112520741742738,5.07074883574055
57,7,PI,16,4.20982015966944,1.8898009146388128,1.2112520741742738,5.07074883574055
57,7,PI,17,4.20982015966944,1.8898009146388128,1.2112520741742738,5.07074883574055
57,7,PI,18,4.20982015966944,1.8898009146388128,1.2112520741742738,5.07074883574055
57,7,PI,19,4.20982015966944,1.8898009146388128,1.2112520741742738,5.07074883574055
57,7,PI,20,4.20982015966944,1.8898009146388128,1.2112520741742738,5.07074883574055
57,7,PI,21,4.20982015966944,1.8898009146388128,1.2112520741742738,5.07074883574055
57,7,PI,22,4.20982015966944,1.8898009146388128,1.2112520741742738,5.07074883574055
57,7,PI,23,4.20982015966944,1.8898009146388128,1.2112520741742738,5.07074883574055
57,7,PI,24,4.215539856880528,1.6229754768312206,1.0304086524592977,3.795542351118092
57,7,PI,25,4.215539856880528,1.6229754768312206,1.0304086524592977,3.795542351118092
58,8,PI,0,4.1189671343701795,1.8468073731594483,1.5446377909367563,5.866881013281371
58,8,PI,1,4.2921930335844305,1.4413180827852639,1.3014206892108287,5.018067532223655
58,8,PI,2,4.2921930335844305,1.4413180827852639,1.3014206892108287,5.018067532223655
58,8,PI,3,4.2921930335844305,1.4413180827852639,1.3014206892108287,5.018067532223655
58,8,PI,4,4.2921930335844305,1.4413180827852639,1.3014206892108287,5.018067532223655
58,8,PI,5,4.2921930335844305,1.4413180827852639,1.3014206892108287,5.018067532223655
58,8,PI,6,4.2921930335844305,1.4413180827852639,1.3014206892108287,5.018067532223655
58,8,PI,7,4.2921930335844305,1.4413180827852639,1.3014206892108287,5.018067532223655
58,8,PI,8,4.2921930335844305,1.4413180827852639,1.3014206892108287,5.018067532223655
58,8,PI,9,4.2921930335844305,1.4413180827852639,1.3014206892108287,5.018067532223655
58,8,PI,10,4.2921930335844305,1.4413180827852639,1.3014206892108287,5.018067532223655
58,8,PI,11,4.2921930335844305,1.4413180827852639,1.3014206892108287,5.018067532223655
58,8,PI,12,4.2921930335844305,1.4413180827852639,1.3014206892108287,5.018067532223655
58,8,PI,13,4.2921930335844305,1.4413180827852639,1.3014206892108287,5.018067532223655
58,8,PI,14,4.2921930335844305,1.4413180827852639,1.3014206892108287,5.018067532223655
58,8,PI,15,4.2921930335844305,1.4413180827852639,1.3014206892108287,5.018067532223655
58,8,PI,16,4.2921930335844305,1.4413180827852639,1.3014206892108287,5.018067532223655
58,8,PI,17,4.2921930335844305,1.4413180827852639,1.3014206892108287,5.018067532223655
58,8,PI,18,4.2921930335844305,1.4413180827852639,1.3014206892108287,5.018067532223655
58,8,PI,19,4.2921930335844305,1.4413180827852639,1.3014206892108287,5.018067532223655
58,8,PI,20,4.2921930335844305,1.4413180827852639,1.3014206892108287,5.018067532223655
58,8,PI,21,4.2921930335844305,1.4413180827852639,1.3014206892108287,5.018067532223655
58,8,PI,22,4.2921930335844305,1.4413180827852639,1.3014206892108287,5.018067532223655
58,8,PI,23,4.2921930335844305,1.4413180827852639,1.3014206892108287,5.018067532223655
58,8,PI,24,4.2921930335844305,1.4413180827852639,1.3014206892108287,5.018067532223655
58,8,PI,25,4.2921930335844305,1.4413180827852639,1.3014206892108287,5.018067532223655
59,9,PI,0,3.939896854241996,1.805644867872708,1.0062612036124783,13.730786427237122
59,9,PI,1,4.113512967105611,1.65008022088493,1.1633145162562735,13.051519547362734
59,9,PI,2,4.165604381445204,1.6332632440949282,1.4201644140395264,11.312293606917612
59,9,PI,3,4.165604381445204,1.6332632440949282,1.4201644140395264,11.312293606917612
59,9,PI,4,4.165604381445204,1.6332632440949282,1.4201644140395264,11.312293606917612
59,9,PI,5,4.165604381445204,1.6332632440949282,1.4201644140395264,11.312293606917612
59,9,PI,6,4.165604381445204,1.6332632440949282,1.4201644140395264,11.312293606917612
59,9,PI,7,4.165604381445204,1.6332632440949282,1.4201644140395264,11.312293606917612
59,9,PI,8,4.165604381445204,1.6332632440949282,1.4201644140395264,11.312293606917612
59,9,PI,9,4.165604381445204,1.6332632440949282,1.4201644140395264,11.312293606917612
59,9,PI,10,4.234182793375681,1.4136841551150656,1.1611722388210843,1.7778024720723598
59,9,PI,11,4.234182793375681,1.4136841551150656,1.1611722388210843,1.7778024720723598
59,9,PI,12,4.234182793375681,1.4136841551150656,1.1611722388210843,1.7778024720723598
59,9,PI,13,4.234182793375681,1.4136841551150656,1.1611722388210843,1.7778024720723598
59,9,PI,14,4.234182793375681,1.4136841551150656,1.1611722388210843,1.7778024720723598
59,9,PI,15,4.237148605062098,1.4887780744365906,1.2677516021364097,7.238536530500279
59,9,PI,16,4.237148605062098,1.4887780744365906,1.2677516021364097,7.238536530500279
59,9,PI,17,4.237148605062098,1.4887780744365906,1.2677516021364097,7.238536530500279
59,9,PI,18,4.237148605062098,1.4887780744365906,1.2677516021364097,7.238536530500279
59,9,PI,19,4.237148605062098,1.4887780744365906,1.2677516021364097,7.238536530500279
59,9,PI,20,4.237148605062098,1.4887780744365906,1.2677516021364097,7.238536530500279
59,9,PI,21,4.237148605062098,1.4887780744365906,1.2677516021364097,7.238536530500279
59,9,PI,22,4.237148605062098,1.4887780744365906,1.2677516021364097,7.238536530500279
59,9,PI,23,4.237148605062098,1.4887780744365906,1.2677516021364097,7.238536530500279
59,9,PI,24,4.237148605062098,1.4887780744365906,1.2677516021364097,7.238536530500279
59,9,PI,25,4.237148605062098,1.4887780744365906,1.2677516021364097,7.238536530500279
60,10,PI,0,4.228476437661166,1.474929324942087,1.4461170350929762,6.383209452077245
60,10,PI,1,4.228476437661166,1.474929324942087,1.4461170350929762,6.383209452077245
60,10,PI,2,4.228476437661166,1.474929324942087,1.4461170350929762,6.383209452077245
60,10,PI,3,4.228476437661166,1.474929324942087,1.4461170350929762,6.383209452077245
60,10,PI,4,4.228476437661166,1.474929324942087,1.4461170350929762,6.383209452077245
60,10,PI,5,4.228476437661166,1.474929324942087,1.4461170350929762,6.383209452077245
60,10,PI,6,4.228476437661166,1.474929324942087,1.4461170350929762,6.383209452077245
60,10,PI,7,4.228476437661166,1.474929324942087,1.4461170350929762,6.383209452077245
60,10,PI,8,4.228476437661166,1.474929324942087,1.4461170350929762,6.383209452077245
60,10,PI,9,4.228476437661166,1.474929324942087,1.4461170350929762,6.383209452077245
60,10,PI,10,4.228476437661166,1.474929324942087,1.4461170350929762,6.383209452077245
60,10,PI,11,4.228476437661166,1.474929324942087,1.4461170350929762,6.383209452077245
60,10,PI,12,4.228476437661166,1.474929324942087,1.4461170350929762,6.383209452077245
60,10,PI,13,4.228476437661166,1.474929324942087,1.4461170350929762,6.383209452077245
60,10,PI,14,4.228476437661166,1.474929324942087,1.4461170350929762,6.383209452077245
60,10,PI,15,4.228476437661166,1.474929324942087,1.4461170350929762,6.383209452077245
60,10,PI,16,4.228476437661166,1.474929324942087,1.4461170350929762,6.383209452077245
60,10,PI,17,4.228476437661166,1.474929324942087,1.4461170350929762,6.383209452077245
60,10,PI,18,4.228476437661166,1.474929324942087,1.4461170350929762,6.383209452077245
60,10,PI,19,4.228476437661166,1.474929324942087,1.4461170350929762,6.383209452077245
60,10,PI,20,4.228476437661166,1.474929324942087,1.4461170350929762,6.383209452077245
60,10,PI,21,4.228476437661166,1.474929324942087,1.4461170350929762,6.383209452077245
60,10,PI,22,4.228476437661166,1.474929324942087,1.4461170350929762,6.383209452077245
60,10,PI,23,4.228476437661166,1.474929324942087,1.4461170350929762,6.383209452077245
60,10,PI,24,4.228476437661166,1.474929324942087,1.4461170350929762,6.383209452077245
60,10,PI,25,4.228476437661166,1.474929324942087,1.4461170350929762,6.383209452077245
61,11,PI,0,4.150840781678124,1.8978314292801928,1.5356674314484513,1.9322663087465377
61,11,PI,1,4.150840781678124,1.8978314292801928,1.5356674314484513,1.9322663087465377
61,11,PI,2,4.150840781678124,1.8978314292801928,1.5356674314484513,1.9322663087465377
61,11,PI,3,4.150840781678124,1.8978314292801928,1.5356674314484513,1.9322663087465377
61,11,PI,4,4.150840781678124,1.8978314292801928,1.5356674314484513,1.9322663087465377
61,11,PI,5,4.150840781678124,1.8978314292801928,1.5356674314484513,1.9322663087465377
61,11,PI,6,4.150840781678124,1.8978314292801928,1.5356674314484513,1.9322663087465377
61,11,PI,7,4.150840781678124,1.8978314292801928,1.5356674314484513,1.9322663087465377
61,11,PI,8,4.150840781678124,1.8978314292801928,1.5356674314484513,1.9322663087465377
61,11,PI,9,4.350865581636551,1.617711732238218,1.3145186628585184,4.301210306200666
61,11,PI,10,4.350865581636551,1.617711732238218,1.3145186628585184,4.301210306200666
61,11,PI,11,4.350865581636551,1.617711732238218,1.3145186628585184,4.301210306200666
61,11,PI,12,4.350865581636551,1.617711732238218,1.3145186628585184,4.301210306200666
61,11,PI,13,4.350865581636551,1.617711732238218,1.3145186628585184,4.301210306200666
61,11,PI,14,4.350865581636551,1.617711732238218,1.3145186628585184,4.301210306200666
61,11,PI,15,4.350865581636551,1.617711732238218,1.3145186628585184,4.301210306200666
61,11,PI,16,4.350865581636551,1.617711732238218,1.3145186628585184,4.301210306200666
61,11,PI,17,4.350865581636551,1.617711732238218,1.3145186628585184,4.301210306200666
61,11,PI,18,4.350865581636551,1.617711732238218,1.3145186628585184,4.301210306200666
61,11,PI,19,4.350865581636551,1.617711732238218,1.3145186628585184,4.301210306200666
61,11,PI,20,4.350865581636551,1.617711732238218,1.3145186628585184,4.301210306200666
61,11,PI,21,4.350865581636551,1.617711732238218,1.3145186628585184,4.301210306200666
61,11,PI,22,4.350865581636551,1.617711732238218,1.3145186628585184,4.301210306200666
61,11,PI,23,4.350865581636551,1.617711732238218,1.3145186628585184,4.301210306200666
61,11,PI,24,4.350865581636551,1.617711732238218,1.3145186628585184,4.301210306200666
61,11,PI,25,4.350865581636551,1.617711732238218,1.3145186628585184,4.301210306200666
62,12,PI,0,2.7840997575435598,2.4375140944263407,1.72983806405313,13.203869748852181
62,12,PI,1,3.1820189598246102,0.9793563517300257,1.812429843938927,8.87122367815757
62,12,PI,2,3.651746805868957,1.005826335552634,0.9166719492147717,7.058849185437219
62,12,PI,3,4.2772273415226945,1.5900199109596684,1.1026482166504805,2.080184480906334
62,12,PI,4,4.2772273415226945,1.5900199109596684,1.1026482166504805,2.080184480906334
62,12,PI,5,4.2772273415226945,1.5900199109596684,1.1026482166504805,2.080184480906334
62,12,PI,6,4.2772273415226945,1.5900199109596684,1.1026482166504805,2.080184480906334
62,12,PI,7,4.2772273415226945,1.5900199109596684,1.1026482166504805,2.080184480906334
62,12,PI,8,4.2772273415226945,1.5900199109596684,1.1026482166504805,2.080184480906334
62,12,PI,9,4.2772273415226945,1.5900199109596684,1.1026482166504805,2.080184480906334
62,12,PI,10,4.2772273415226945,1.5900199109596684,1.1026482166504805,2.080184480906334
62,12,PI,11,4.2772273415226945,1.5900199109596684,1.1026482166504805,2.080184480906334
62,12,PI,12,4.2772273415226945,1.5900199109596684,1.1026482166504805,2.080184480906334
62,12,PI,13,4.2772273415226945,1.5900199109596684,1.1026482166504805,2.080184480906334
62,12,PI,14,4.2772273415226945,1.5900199109596684,1.1026482166504805,2.080184480906334
62,12,PI,15,4.284840726551042,1.786984756365272,1.4238471770319814,4.601812044083234
62,12,PI,16,4.284840726551042,1.786984756365272,1.4238471770319814,4.601812044083234
62,12,PI,17,4.284840726551042,1.786984756365272,1.4238471770319814,4.601812044083234
62,12,PI,18,4.284840726551042,1.786984756365272,1.4238471770319814,4.601812044083234
62,12,PI,19,4.284840726551042,1.786984756365272,1.4238471770319814,4.601812044083234
62,12,PI,20,4.284840726551042,1.786984756365272,1.4238471770319814,4.601812044083234
62,12,PI,21,4.284840726551042,1.786984756365272,1.4238471770319814,4.601812044083234
62,12,PI,22,4.284840726551042,1.786984756365272,1.4238471770319814,4.601812044083234
62,12,PI,23,4.284840726551042,1.786984756365272,1.4238471770319814,4.601812044083234
62,12,PI,24,4.284840726551042,1.786984756365272,1.4238471770319814,4.601812044083234
62,12,PI,25,4.284840726551042,1.786984756365272,1.4238471770319814,4.601812044083234
63,13,PI,0,3.7676746364093363,2.131748582680984,1.4935588022622066,12.165539958366347
63,13,PI,1,3.7676746364093363,2.131748582680984,1.4935588022622066,12.165539958366347
63,13,PI,2,3.7676746364093363,2.131748582680984,1.4935588022622066,12.165539958366347
63,13,PI,3,3.7676746364093363,2.131748582680984,1.4935588022622066,12.165539958366347
63,13,PI,4,3.7676746364093363,2.131748582680984,1.4935588022622066,12.165539958366347
63,13,PI,5,4.215494323527198,1.531271042618541,1.5450237132608633,4.564089946900486
63,13,PI,6,4.237410802981141,1.6034745668739916,1.283583014685441,8.136840651167894
63,13,PI,7,4.253858451296045,1.7439486081766393,1.3582831659440258,6.733026754322155
63,13,PI,8,4.253858451296045,1.7439486081766393,1.3582831659440258,6.733026754322155
63,13,PI,9,4.253858451296045,1.7439486081766393,1.3582831659440258,6.733026754322155
63,13,PI,10,4.253858451296045,1.7439486081766393,1.3582831659440258,6.733026754322155
63,13,PI,11,4.253858451296045,1.7439486081766393,1.3582831659440258,6.733026754322155
63,13,PI,12,4.253858451296045,1.7439486081766393,1.3582831659440258,6.733026754322155
63,13,PI,13,4.253858451296045,1.7439486081766393,1.3582831659440258,6.733026754322155
63,13,PI,14,4.253858451296045,1.7439486081766393,1.3582831659440258,6.733026754322155
63,13,PI,15,4.253858451296045,1.7439486081766393,1.3582831659440258,6.733026754322155
63,13,PI,16,4.253858451296045,1.7439486081766393,1.3582831659440258,6.733026754322155
63,13,PI,17,4.253858451296045,1.7439486081766393,1.3582831659440258,6.733026754322155
63,13,PI,18,4.253858451296045,1.7439486081766393,1.3582831659440258,6.733026754322155
63,13,PI,19,4.253858451296045,1.7439486081766393,1.3582831659440258,6.733026754322155
63,13,PI,20,4.253858451296045,1.7439486081766393,1.3582831659440258,6.733026754322155
63,13,PI,21,4.253858451296045,1.7439486081766393,1.3582831659440258,6.733026754322155
63,13,PI,22,4.253858451296045,1.7439486081766393,1.3582831659440258,6.733026754322155
63,13,PI,23,4.253858451296045,1.7439486081766393,1.3582831659440258,6.733026754322155
63,13,PI,24,4.253858451296045,1.7439486081766393,1.3582831659440258,6.733026754322155
63,13,PI,25,4.253858451296045,1.7439486081766393,1.3582831659440258,6.733026754322155
64,14,PI,0,4.091506261911437,1.317375771603062,1.0762000001351049,5.981983918073993
64,14,PI,1,4.091506261911437,1.317375771603062,1.0762000001351049,5.981983918073993
64,14,PI,2,4.091506261911437,1.317375771603062,1.0762000001351049,5.981983918073993
64,14,PI,3,4.091506261911437,1.317375771603062,1.0762000001351049,5.981983918073993
64,14,PI,4,4.091506261911437,1.317375771603062,1.0762000001351049,5.981983918073993
64,14,PI,5,4.132849408288666,1.5233250314318032,1.1283432154431319,9.473657240685688
64,14,PI,6,4.132849408288666,1.5233250314318032,1.1283432154431319,9.473657240685688
64,14,PI,7,4.24094092728038,1.477946164300576,1.4543188079591958,5.8187978322148055
64,14,PI,8,4.24094092728038,1.477946164300576,1.4543188079591958,5.8187978322148055
64,14,PI,9,4.24094092728038,1.477946164300576,1.4543188079591958,5.8187978322148055
64,14,PI,10,4.24094092728038,1.477946164300576,1.4543188079591958,5.8187978322148055
64,14,PI,11,4.354368439866303,1.732960460890368,1.370006999583134,3.615798748581361
64,14,PI,12,4.354368439866303,1.732960460890368,1.370006999583134,3.615798748581361
64,14,PI,13,4.354368439866303,1.732960460890368,1.370006999583134,3.615798748581361
64,14,PI,14,4.354368439866303,1.732960460890368,1.370006999583134,3.615798748581361
64,14,PI,15,4.354368439866303,1.732960460890368,1.370006999583134,3.615798748581361
64,14,PI,16,4.354368439866303,1.732960460890368,1.370006999583134,3.615798748581361
64,14,PI,17,4.354368439866303,1.732960460890368,1.370006999583134,3.615798748581361
64,14,PI,18,4.354368439866303,1.732960460890368,1.370006999583134,3.615798748581361
64,14,PI,19,4.354368439866303,1.732960460890368,1.370006999583134,3.615798748581361
64,14,PI,20,4.354368439866303,1.732960460890368,1.370006999583134,3.615798748581361
64,14,PI,21,4.354368439866303,1.732960460890368,1.370006999583134,3.615798748581361
64,14,PI,22,4.354368439866303,1.732960460890368,1.370006999583134,3.615798748581361
64,14,PI,23,4.354368439866303,1.732960460890368,1.370006999583134,3.615798748581361
64,14,PI,24,4.354368439866303,1.732960460890368,1.370006999583134,3.615798748581361
64,14,PI,25,4.354368439866303,1.732960460890368,1.370006999583134,3.615798748581361
65,15,PI,0,4.301455439918212,1.4887819660857744,1.3553598896762011,5.166756960135058
65,15,PI,1,4.301455439918212,1.4887819660857744,1.3553598896762011,5.166756960135058
65,15,PI,2,4.301455439918212,1.4887819660857744,1.3553598896762011,5.166756960135058
65,15,PI,3,4.301455439918212,1.4887819660857744,1.3553598896762011,5.166756960135058
65,15,PI,4,4.301455439918212,1.4887819660857744,1.3553598896762011,5.166756960135058
65,15,PI,5,4.301455439918212,1.4887819660857744,1.3553598896762011,5.166756960135058
65,15,PI,6,4.301455439918212,1.4887819660857744,1.3553598896762011,5.166756960135058
65,15,PI,7,4.301455439918212,1.4887819660857744,1.3553598896762011,5.166756960135058
65,15,PI,8,4.301455439918212,1.4887819660857744,1.3553598896762011,5.166756960135058
65,15,PI,9,4.301455439918212,1.4887819660857744,1.3553598896762011,5.166756960135058
65,15,PI,10,4.301455439918212,1.4887819660857744,1.3553598896762011,5.166756960135058
65,15,PI,11,4.301455439918212,1.4887819660857744,1.3553598896762011,5.166756960135058
65,15,PI,12,4.301455439918212,1.4887819660857744,1.3553598896762011,5.166756960135058
65,15,PI,13,4.301455439918212,1.4887819660857744,1.3553598896762011,5.166756960135058
65,15,PI,14,4.301455439918212,1.4887819660857744,1.3553598896762011,5.166756960135058
65,15,PI,15,4.301455439918212,1.4887819660857744,1.3553598896762011,5.166756960135058
65,15,PI,16,4.301455439918212,1.4887819660857744,1.3553598896762011,5.166756960135058
65,15,PI,17,4.301455439918212,1.4887819660857744,1.3553598896762011,5.166756960135058
65,15,PI,18,4.301455439918212,1.4887819660857744,1.3553598896762011,5.166756960135058
65,15,PI,19,4.301455439918212,1.4887819660857744,1.3553598896762011,5.166756960135058
65,15,PI,20,4.301455439918212,1.4887819660857744,1.3553598896762011,5.166756960135058
65,15,PI,21,4.301455439918212,1.4887819660857744,1.3553598896762011,5.166756960135058
65,15,PI,22,4.301455439918212,1.4887819660857744,1.3553598896762011,5.166756960135058
65,15,PI,23,4.301455439918212,1.4887819660857744,1.3553598896762011,5.166756960135058
65,15,PI,24,4.301455439918212,1.4887819660857744,1.3553598896762011,5.166756960135058
65,15,PI,25,4.301455439918212,1.4887819660857744,1.3553598896762011,5.166756960135058
66,16,PI,0,3.031516033515698,2.1685011963824743,1.4891733603442976,0.6655189326084838
66,16,PI,1,3.031516033515698,2.1685011963824743,1.4891733603442976,0.6655189326084838
66,16,PI,2,3.4575911004234343,2.1122970313110163,0.6543706477836264,3.397260783420792
66,16,PI,3,3.4575911004234343,2.1122970313110163,0.6543706477836264,3.397260783420792
66,16,PI,4,3.4575911004234343,2.1122970313110163,0.6543706477836264,3.397260783420792
66,16,PI,5,3.6109218586911993,2.0321741123395984,1.482873631772835,0.9413409497608869
66,16,PI,6,3.6828617611730925,1.8102068748112368,0.6190061363242716,3.2312476855955468
66,16,PI,7,4.190602039911143,1.7207134895228609,1.2895214048781831,1.3693779156546673
66,16,PI,8,4.190602039911143,1.7207134895228609,1.2895214048781831,1.3693779156546673
66,16,PI,9,4.190602039911143,1.7207134895228609,1.2895214048781831,1.3693779156546673
66,16,PI,10,4.190602039911143,1.7207134895228609,1.2895214048781831,1.3693779156546673
66,16,PI,11,4.190602039911143,1.7207134895228609,1.2895214048781831,1.3693779156546673
66,16,PI,12,4.190602039911143,1.7207134895228609,1.2895214048781831,1.3693779156546673
66,16,PI,13,4.342838857234562,1.75207189833141,1.2062294084517244,2.8332341397355916
66,16,PI,14,4.342838857234562,1.75207189833141,1.2062294084517244,2.8332341397355916
66,16,PI,15,4.342838857234562,1.75207189833141,1.2062294084517244,2.8332341397355916
66,16,PI,16,4.342838857234562,1.75207189833141,1.2062294084517244,2.8332341397355916
66,16,PI,17,4.342838857234562,1.75207189833141,1.2062294084517244,2.8332341397355916
66,16,PI,18,4.342838857234562,1.75207189833141,1.2062294084517244,2.8332341397355916
66,16,PI,19,4.342838857234562,1.75207189833141,1.2062294084517244,2.8332341397355916
66,16,PI,20,4.342838857234562,1.75207189833141,1.2062294084517244,2.8332341397355916
66,16,PI,21,4.342838857234562,1.75207189833141,1.2062294084517244,2.8332341397355916
66,16,PI,22,4.342838857234562,1.75207189833141,1.2062294084517244,2.8332341397355916
66,16,PI,23,4.342838857234562,1.75207189833141,1.2062294084517244,2.8332341397355916
66,16,PI,24,4.342838857234562,1.75207189833141,1.2062294084517244,2.8332341397355916
66,16,PI,25,4.342838857234562,1.75207189833141,1.2062294084517244,2.8332341397355916
67,17,PI,0,3.590879773810102,2.337201716564578,1.3522347240420514,6.018089651444624
67,17,PI,1,3.6414696148913723,2.2390175386559923,1.389355795022472,13.334390442905665
67,17,PI,2,4.059439983881652,1.9177195868548158,1.3495797364668527,12.587731468800941
67,17,PI,3,4.103473520370377,1.2626235600408138,1.4984018832276562,5.802646101250685
67,17,PI,4,4.103473520370377,1.2626235600408138,1.4984018832276562,5.802646101250685
67,17,PI,5,4.103473520370377,1.2626235600408138,1.4984018832276562,5.802646101250685
67,17,PI,6,4.103473520370377,1.2626235600408138,1.4984018832276562,5.802646101250685
67,17,PI,7,4.103473520370377,1.2626235600408138,1.4984018832276562,5.802646101250685
67,17,PI,8,4.103473520370377,1.2626235600408138,1.4984018832276562,5.802646101250685
67,17,PI,9,4.103473520370377,1.2626235600408138,1.4984018832276562,5.802646101250685
67,17,PI,10,4.103473520370377,1.2626235600408138,1.4984018832276562,5.802646101250685
67,17,PI,11,4.103473520370377,1.2626235600408138,1.4984018832276562,5.802646101250685
67,17,PI,12,4.178048691326923,1.5871295293527599,0.9719154048506446,2.9540212311487384
67,17,PI,13,4.178048691326923,1.5871295293527599,0.9719154048506446,2.9540212311487384
67,17,PI,14,4.178048691326923,1.5871295293527599,0.9719154048506446,2.9540212311487384
67,17,PI,15,4.178048691326923,1.5871295293527599,0.9719154048506446,2.9540212311487384
67,17,PI,16,4.178048691326923,1.5871295293527599,0.9719154048506446,2.9540212311487384
67,17,PI,17,4.178048691326923,1.5871295293527599,0.9719154048506446,2.9540212311487384
67,17,PI,18,4.178048691326923,1.5871295293527599,0.9719154048506446,2.9540212311487384
67,17,PI,19,4.178048691326923,1.5871295293527599,0.9719154048506446,2.9540212311487384
67,17,PI,20,4.178048691326923,1.5871295293527599,0.9719154048506446,2.9540212311487384
67,17,PI,21,4.178048691326923,1.5871295293527599,0.9719154048506446,2.9540212311487384
67,17,PI,22,4.178048691326923,1.5871295293527599,0.9719154048506446,2.9540212311487384
67,17,PI,23,4.178048691326923,1.5871295293527599,0.9719154048506446,2.9540212311487384
67,17,PI,24,4.178048691326923,1.5871295293527599,0.9719154048506446,2.9540212311487384
67,17,PI,25,4.178048691326923,1.5871295293527599,0.9719154048506446,2.9540212311487384
68,18,PI,0,3.699557492002483,1.2363262125074743,0.7316846576957299,1.894937102086478
68,18,PI,1,4.055118962404217,1.5251342012503022,0.8976329751724297,4.08570946469662
68,18,PI,2,4.055118962404217,1.5251342012503022,0.8976329751724297,4.08570946469662
68,18,PI,3,4.055118962404217,1.5251342012503022,0.8976329751724297,4.08570946469662
68,18,PI,4,4.055118962404217,1.5251342012503022,0.8976329751724297,4.08570946469662
68,18,PI,5,4.055118962404217,1.5251342012503022,0.8976329751724297,4.08570946469662
68,18,PI,6,4.055118962404217,1.5251342012503022,0.8976329751724297,4.08570946469662
68,18,PI,7,4.055118962404217,1.5251342012503022,0.8976329751724297,4.08570946469662
68,18,PI,8,4.055118962404217,1.5251342012503022,0.8976329751724297,4.08570946469662
68,18,PI,9,4.055118962404217,1.5251342012503022,0.8976329751724297,4.08570946469662
68,18,PI,10,4.055118962404217,1.5251342012503022,0.8976329751724297,4.08570946469662
68,18,PI,11,4.055118962404217,1.5251342012503022,0.8976329751724297,4.08570946469662
68,18,PI,12,4.190695410990484,1.3956278341262105,1.0338884437177276,2.761565689490098
68,18,PI,13,4.190695410990484,1.3956278341262105,1.0338884437177276,2.761565689490098
68,18,PI,14,4.190695410990484,1.3956278341262105,1.0338884437177276,2.761565689490098
68,18,PI,15,4.190695410990484,1.3956278341262105,1.0338884437177276,2.761565689490098
68,18,PI,16,4.190695410990484,1.3956278341262105,1.0338884437177276,2.761565689490098
68,18,PI,17,4.190695410990484,1.3956278341262105,1.0338884437177276,2.761565689490098
68,18,PI,18,4.190695410990484,1.3956278341262105,1.0338884437177276,2.761565689490098
68,18,PI,19,4.190695410990484,1.3956278341262105,1.0338884437177276,2.761565689490098
68,18,PI,20,4.190695410990484,1.3956278341262105,1.0338884437177276,2.761565689490098
68,18,PI,21,4.190695410990484,1.3956278341262105,1.0338884437177276,2.761565689490098
68,18,PI,22,4.190695410990484,1.3956278341262105,1.0338884437177276,2.761565689490098
68,18,PI,23,4.190695410990484,1.3956278341262105,1.0338884437177276,2.761565689490098
68,18,PI,24,4.190695410990484,1.3956278341262105,1.0338884437177276,2.761565689490098
68,18,PI,25,4.190695410990484,1.3956278341262105,1.0338884437177276,2.761565689490098
69,19,PI,0,3.3124351758533965,1.8184683790677,0.38544942627857526,4.675669601939484
69,19,PI,1,3.3124351758533965,1.8184683790677,0.38544942627857526,4.675669601939484
69,19,PI,2,3.3124351758533965,1.8184683790677,0.38544942627857526,4.675669601939484
69,19,PI,3,4.119629655024777,1.7267621225941618,0.9283875115188911,2.7522883794507997
69,19,PI,4,4.2089010001288765,1.9505465205540977,1.168601640312374,2.7734578294901797
69,19,PI,5,4.2089010001288765,1.9505465205540977,1.168601640312374,2.7734578294901797
69,19,PI,6,4.2089010001288765,1.9505465205540977,1.168601640312374,2.7734578294901797
69,19,PI,7,4.2089010001288765,1.9505465205540977,1.168601640312374,2.7734578294901797
69,19,PI,8,4.2089010001288765,1.9505465205540977,1.168601640312374,2.7734578294901797
69,19,PI,9,4.2089010001288765,1.9505465205540977,1.168601640312374,2.7734578294901797
69,19,PI,10,4.2089010001288765,1.9505465205540977,1.168601640312374,2.7734578294901797
69,19,PI,11,4.2089010001288765,1.9505465205540977,1.168601640312374,2.7734578294901797
69,19,PI,12,4.2089010001288765,1.9505465205540977,1.168601640312374,2.7734578294901797
69,19,PI,13,4.2089010001288765,1.9505465205540977,1.168601640312374,2.7734578294901797
69,19,PI,14,4.2089010001288765,1.9505465205540977,1.168601640312374,2.7734578294901797
69,19,PI,15,4.2089010001288765,1.9505465205540977,1.168601640312374,2.7734578294901797
69,19,PI,16,4.2089010001288765,1.9505465205540977,1.168601640312374,2.7734578294901797
69,19,PI,17,4.2089010001288765,1.9505465205540977,1.168601640312374,2.7734578294901797
69,19,PI,18,4.2089010001288765,1.9505465205540977,1.168601640312374,2.7734578294901797
69,19,PI,19,4.2089010001288765,1.9505465205540977,1.168601640312374,2.7734578294901797
69,19,PI,20,4.2089010001288765,1.9505465205540977,1.168601640312374,2.7734578294901797
69,19,PI,21,4.2089010001288765,1.9505465205540977,1.168601640312374,2.7734578294901797
69,19,PI,22,4.2089010001288765,1.9505465205540977,1.168601640312374,2.7734578294901797
69,19,PI,23,4.2089010001288765,1.9505465205540977,1.168601640312374,2.7734578294901797
69,19,PI,24,4.2089010001288765,1.9505465205540977,1.168601640312374,2.7734578294901797
69,19,PI,25,4.2089010001288765,1.9505465205540977,1.168601640312374,2.7734578294901797
70,20,PI,0,3.636075606287758,1.525028880318502,0.6453929209448686,7.011912939326778
70,20,PI,1,4.348569277463659,1.5884288439759686,1.2407192878272566,2.02192743287428
70,20,PI,2,4.348569277463659,1.5884288439759686,1.2407192878272566,2.02192743287428
70,20,PI,3,4.348569277463659,1.5884288439759686,1.2407192878272566,2.02192743287428
70,20,PI,4,4.348569277463659,1.5884288439759686,1.2407192878272566,2.02192743287428
70,20,PI,5,4.348569277463659,1.5884288439759686,1.2407192878272566,2.02192743287428
70,20,PI,6,4.348569277463659,1.5884288439759686,1.2407192878272566,2.02192743287428
70,20,PI,7,4.348569277463659,1.5884288439759686,1.2407192878272566,2.02192743287428
70,20,PI,8,4.348569277463659,1.5884288439759686,1.2407192878272566,2.02192743287428
70,20,PI,9,4.348569277463659,1.5884288439759686,1.2407192878272566,2.02192743287428
70,20,PI,10,4.348569277463659,1.5884288439759686,1.2407192878272566,2.02192743287428
70,20,PI,11,4.348569277463659,1.5884288439759686,1.2407192878272566,2.02192743287428
70,20,PI,12,4.348569277463659,1.5884288439759686,1.2407192878272566,2.02192743287428
70,20,PI,13,4.348569277463659,1.5884288439759686,1.2407192878272566,2.02192743287428
70,20,PI,14,4.348569277463659,1.5884288439759686,1.2407192878272566,2.02192743287428
70,20,PI,15,4.348569277463659,1.5884288439759686,1.2407192878272566,2.02192743287428
70,20,PI,16,4.348569277463659,1.5884288439759686,1.2407192878272566,2.02192743287428
70,20,PI,17,4.348569277463659,1.5884288439759686,1.2407192878272566,2.02192743287428
70,20,PI,18,4.348569277463659,1.5884288439759686,1.2407192878272566,2.02192743287428
70,20,PI,19,4.348569277463659,1.5884288439759686,1.2407192878272566,2.02192743287428
70,20,PI,20,4.348569277463659,1.5884288439759686,1.2407192878272566,2.02192743287428
70,20,PI,21,4.348569277463659,1.5884288439759686,1.2407192878272566,2.02192743287428
70,20,PI,22,4.348569277463659,1.5884288439759686,1.2407192878272566,2.02192743287428
70,20,PI,23,4.348569277463659,1.5884288439759686,1.2407192878272566,2.02192743287428
70,20,PI,24,4.348569277463659,1.5884288439759686,1.2407192878272566,2.02192743287428
70,20,PI,25,4.348569277463659,1.5884288439759686,1.2407192878272566,2.02192743287428
71,21,PI,0,3.4918112135270585,1.8190364294108887,0.6204646034983883,10.64730805493597
71,21,PI,1,3.8369316951706836,0.9779223370904027,1.594898009787562,2.914413564223864
71,21,PI,2,3.8369316951706836,0.9779223370904027,1.594898009787562,2.914413564223864
71,21,PI,3,4.014403132380266,1.088583494448935,1.4495784456734198,5.388394111822702
71,21,PI,4,4.014403132380266,1.088583494448935,1.4495784456734198,5.388394111822702
71,21,PI,5,4.014403132380266,1.088583494448935,1.4495784456734198,5.388394111822702
71,21,PI,6,4.014403132380266,1.088583494448935,1.4495784456734198,5.388394111822702
71,21,PI,7,4.2022868205992765,1.702003090236404,1.0741610687144254,5.078692444758379
71,21,PI,8,4.305502265421884,1.6455148005729368,1.3617897410829576,5.540939573721756
71,21,PI,9,4.308266803978176,1.4640483735511363,1.3293883158859505,4.805749188579245
71,21,PI,10,4.308266803978176,1.4640483735511363,1.3293883158859505,4.805749188579245
71,21,PI,11,4.308266803978176,1.4640483735511363,1.3293883158859505,4.805749188579245
71,21,PI,12,4.308266803978176,1.4640483735511363,1.3293883158859505,4.805749188579245
71,21,PI,13,4.308266803978176,1.4640483735511363,1.3293883158859505,4.805749188579245
71,21,PI,14,4.308266803978176,1.4640483735511363,1.3293883158859505,4.805749188579245
71,21,PI,15,4.308266803978176,1.4640483735511363,1.3293883158859505,4.805749188579245
71,21,PI,16,4.308266803978176,1.4640483735511363,1.3293883158859505,4.805749188579245
71,21,PI,17,4.308266803978176,1.4640483735511363,1.3293883158859505,4.805749188579245
71,21,PI,18,4.308266803978176,1.4640483735511363,1.3293883158859505,4.805749188579245
71,21,PI,19,4.308266803978176,1.4640483735511363,1.3293883158859505,4.805749188579245
71,21,PI,20,4.308266803978176,1.4640483735511363,1.3293883158859505,4.805749188579245
71,21,PI,21,4.308266803978176,1.4640483735511363,1.3293883158859505,4.805749188579245
71,21,PI,22,4.308266803978176,1.4640483735511363,1.3293883158859505,4.805749188579245
71,21,PI,23,4.308266803978176,1.4640483735511363,1.3293883158859505,4.805749188579245
71,21,PI,24,4.308266803978176,1.4640483735511363,1.3293883158859505,4.805749188579245
71,21,PI,25,4.308266803978176,1.4640483735511363,1.3293883158859505,4.805749188579245
72,22,PI,0,3.734442057073772,0.8600156289795298,1.291020078086563,8.477720900186016
72,22,PI,1,3.734442057073772,0.8600156289795298,1.291020078086563,8.477720900186016
72,22,PI,2,4.214855598077193,1.352292596142184,1.089613850040402,3.034569936614878
72,22,PI,3,4.214855598077193,1.352292596142184,1.089613850040402,3.034569936614878
72,22,PI,4,4.214855598077193,1.352292596142184,1.089613850040402,3.034569936614878
72,22,PI,5,4.214855598077193,1.352292596142184,1.089613850040402,3.034569936614878
72,22,PI,6,4.214855598077193,1.352292596142184,1.089613850040402,3.034569936614878
72,22,PI,7,4.325429378405111,1.8130136508874237,1.3476683180915305,3.697901855619237
72,22,PI,8,4.325429378405111,1.8130136508874237,1.3476683180915305,3.697901855619237
72,22,PI,9,4.325429378405111,1.8130136508874237,1.3476683180915305,3.697901855619237
72,22,PI,10,4.325429378405111,1.8130136508874237,1.3476683180915305,3.697901855619237
72,22,PI,11,4.325429378405111,1.8130136508874237,1.3476683180915305,3.697901855619237
72,22,PI,12,4.325429378405111,1.8130136508874237,1.3476683180915305,3.697901855619237
72,22,PI,13,4.325429378405111,1.8130136508874237,1.3476683180915305,3.697901855619237
72,22,PI,14,4.325429378405111,1.8130136508874237,1.3476683180915305,3.697901855619237
72,22,PI,15,4.325429378405111,1.8130136508874237,1.3476683180915305,3.697901855619237
72,22,PI,16,4.325429378405111,1.8130136508874237,1.3476683180915305,3.697901855619237
72,22,PI,17,4.325429378405111,1.8130136508874237,1.3476683180915305,3.697901855619237
72,22,PI,18,4.325429378405111,1.8130136508874237,1.3476683180915305,3.697901855619237
72,22,PI,19,4.325429378405111,1.8130136508874237,1.3476683180915305,3.697901855619237
72,22,PI,20,4.325429378405111,1.8130136508874237,1.3476683180915305,3.697901855619237
72,22,PI,21,4.325429378405111,1.8130136508874237,1.3476683180915305,3.697901855619237
72,22,PI,22,4.325429378405111,1.8130136508874237,1.3476683180915305,3.697901855619237
72,22,PI,23,4.325429378405111,1.8130136508874237,1.3476683180915305,3.697901855619237
72,22,PI,24,4.325429378405111,1.8130136508874237,1.3476683180915305,3.697901855619237
72,22,PI,25,4.325429378405111,1.8130136508874237,1.3476683180915305,3.697901855619237
73,23,PI,0,3.849876599270708,1.4932279224165703,0.745103773073807,1.9305347205402257
73,23,PI,1,3.849876599270708,1.4932279224165703,0.745103773073807,1.9305347205402257
73,23,PI,2,4.245680302704311,1.2652051172949177,1.4224952153333188,2.6701683490214227
73,23,PI,3,4.245680302704311,1.2652051172949177,1.4224952153333188,2.6701683490214227
73,23,PI,4,4.245680302704311,1.2652051172949177,1.4224952153333188,2.6701683490214227
73,23,PI,5,4.245680302704311,1.2652051172949177,1.4224952153333188,2.6701683490214227
73,23,PI,6,4.245680302704311,1.2652051172949177,1.4224952153333188,2.6701683490214227
73,23,PI,7,4.251020441583642,1.4539105591002213,1.5231394089848065,2.1419725056297905
73,23,PI,8,4.251020441583642,1.4539105591002213,1.5231394089848065,2.1419725056297905
73,23,PI,9,4.251020441583642,1.4539105591002213,1.5231394089848065,2.1419725056297905
73,23,PI,10,4.251020441583642,1.4539105591002213,1.5231394089848065,2.1419725056297905
73,23,PI,11,4.251020441583642,1.4539105591002213,1.5231394089848065,2.1419725056297905
73,23,PI,12,4.251020441583642,1.4539105591002213,1.5231394089848065,2.1419725056297905
73,23,PI,13,4.251020441583642,1.4539105591002213,1.5231394089848065,2.1419725056297905
73,23,PI,14,4.251020441583642,1.4539105591002213,1.5231394089848065,2.1419725056297905
73,23,PI,15,4.251020441583642,1.4539105591002213,1.5231394089848065,2.1419725056297905
73,23,PI,16,4.251020441583642,1.4539105591002213,1.5231394089848065,2.1419725056297905
73,23,PI,17,4.251020441583642,1.4539105591002213,1.5231394089848065,2.1419725056297905
73,23,PI,18,4.251020441583642,1.4539105591002213,1.5231394089848065,2.1419725056297905
73,23,PI,19,4.251020441583642,1.4539105591002213,1.5231394089848065,2.1419725056297905
73,23,PI,20,4.251020441583642,1.4539105591002213,1.5231394089848065,2.1419725056297905
73,23,PI,21,4.251020441583642,1.4539105591002213,1.5231394089848065,2.1419725056297905
73,23,PI,22,4.251020441583642,1.4539105591002213,1.5231394089848065,2.1419725056297905
73,23,PI,23,4.251020441583642,1.4539105591002213,1.5231394089848065,2.1419725056297905
73,23,PI,24,4.251020441583642,1.4539105591002213,1.5231394089848065,2.1419725056297905
73,23,PI,25,4.251020441583642,1.4539105591002213,1.5231394089848065,2.1419725056297905
74,24,PI,0,3.9519987751424406,1.9657124671926556,0.9925602450950795,6.14947418219028
74,24,PI,1,3.982517218593344,1.7999658777523635,1.0451883382770406,13.423538055687704
74,24,PI,2,3.982517218593344,1.7999658777523635,1.0451883382770406,13.423538055687704
74,24,PI,3,3.982517218593344,1.7999658777523635,1.0451883382770406,13.423538055687704
74,24,PI,4,4.281482461587319,1.513811791697016,1.417081166070246,5.441868362637231
74,24,PI,5,4.31047186160805,1.3845863062132815,1.2896354777238668,2.0844856401498526
74,24,PI,6,4.31047186160805,1.3845863062132815,1.2896354777238668,2.0844856401498526
74,24,PI,7,4.31047186160805,1.3845863062132815,1.2896354777238668,2.0844856401498526
74,24,PI,8,4.31047186160805,1.3845863062132815,1.2896354777238668,2.0844856401498526
74,24,PI,9,4.31047186160805,1.3845863062132815,1.2896354777238668,2.0844856401498526
74,24,PI,10,4.31047186160805,1.3845863062132815,1.2896354777238668,2.0844856401498526
74,24,PI,11,4.31047186160805,1.3845863062132815,1.2896354777238668,2.0844856401498526
74,24,PI,12,4.31047186160805,1.3845863062132815,1.2896354777238668,2.0844856401498526
74,24,PI,13,4.31047186160805,1.3845863062132815,1.2896354777238668,2.0844856401498526
74,24,PI,14,4.31047186160805,1.3845863062132815,1.2896354777238668,2.0844856401498526
74,24,PI,15,4.31047186160805,1.3845863062132815,1.2896354777238668,2.0844856401498526
74,24,PI,16,4.31047186160805,1.3845863062132815,1.2896354777238668,2.0844856401498526
74,24,PI,17,4.31047186160805,1.3845863062132815,1.2896354777238668,2.0844856401498526
74,24,PI,18,4.31047186160805,1.3845863062132815,1.2896354777238668,2.0844856401498526
74,24,PI,19,4.31047186160805,1.3845863062132815,1.2896354777238668,2.0844856401498526
74,24,PI,20,4.31047186160805,1.3845863062132815,1.2896354777238668,2.0844856401498526
74,24,PI,21,4.31047186160805,1.3845863062132815,1.2896354777238668,2.0844856401498526
74,24,PI,22,4.31047186160805,1.3845863062132815,1.2896354777238668,2.0844856401498526
74,24,PI,23,4.31047186160805,1.3845863062132815,1.2896354777238668,2.0844856401498526
74,24,PI,24,4.31047186160805,1.3845863062132815,1.2896354777238668,2.0844856401498526
74,24,PI,25,4.31047186160805,1.3845863062132815,1.2896354777238668,2.0844856401498526
75,0,UCB,0,3.911910942489584,1.166997894041951,1.0532379634439946,8.154831246989877
75,0,UCB,1,3.911910942489584,1.166997894041951,1.0532379634439946,8.154831246989877
75,0,UCB,2,3.911910942489584,1.166997894041951,1.0532379634439946,8.154831246989877
75,0,UCB,3,4.0745265614229815,1.4726870708395414,1.1642965970508845,14.83125202777272
75,0,UCB,4,4.162651849650533,1.6320262956467446,1.1510392152716329,9.178514608766221
75,0,UCB,5,4.162651849650533,1.6320262956467446,1.1510392152716329,9.178514608766221
75,0,UCB,6,4.162651849650533,1.6320262956467446,1.1510392152716329,9.178514608766221
75,0,UCB,7,4.162651849650533,1.6320262956467446,1.1510392152716329,9.178514608766221
75,0,UCB,8,4.162651849650533,1.6320262956467446,1.1510392152716329,9.178514608766221
75,0,UCB,9,4.162651849650533,1.6320262956467446,1.1510392152716329,9.178514608766221
75,0,UCB,10,4.162651849650533,1.6320262956467446,1.1510392152716329,9.178514608766221
75,0,UCB,11,4.290927428439576,1.4132150373829098,1.2656877335236776,4.558644307874948
75,0,UCB,12,4.290927428439576,1.4132150373829098,1.2656877335236776,4.558644307874948
75,0,UCB,13,4.2994149336540906,1.6604283703435456,1.2540016977852702,5.46851978609648
75,0,UCB,14,4.2994149336540906,1.6604283703435456,1.2540016977852702,5.46851978609648
75,0,UCB,15,4.331528677823579,1.6090344681987352,1.2507006488146435,4.5400691420984165
75,0,UCB,16,4.336017586957643,1.6424565524381136,1.2811168728039228,4.601689218693043
75,0,UCB,17,4.336017586957643,1.6424565524381136,1.2811168728039228,4.601689218693043
75,0,UCB,18,4.336017586957643,1.6424565524381136,1.2811168728039228,4.601689218693043
75,0,UCB,19,4.36561316382171,1.5598135899810952,1.3651553615852783,3.6549156340194493
75,0,UCB,20,4.36561316382171,1.5598135899810952,1.3651553615852783,3.6549156340194493
75,0,UCB,21,4.36561316382171,1.5598135899810952,1.3651553615852783,3.6549156340194493
75,0,UCB,22,4.36561316382171,1.5598135899810952,1.3651553615852783,3.6549156340194493
75,0,UCB,23,4.36561316382171,1.5598135899810952,1.3651553615852783,3.6549156340194493
75,0,UCB,24,4.36561316382171,1.5598135899810952,1.3651553615852783,3.6549156340194493
75,0,UCB,25,4.36561316382171,1.5598135899810952,1.3651553615852783,3.6549156340194493
76,1,UCB,0,3.104339427457295,0.8126774115048594,1.8266229371407734,2.163250031181786
76,1,UCB,1,4.107286829462795,1.4926866639188208,1.022323921552267,6.36913359026878
76,1,UCB,2,4.107286829462795,1.4926866639188208,1.022323921552267,6.36913359026878
76,1,UCB,3,4.107286829462795,1.4926866639188208,1.022323921552267,6.36913359026878
76,1,UCB,4,4.107286829462795,1.4926866639188208,1.022323921552267,6.36913359026878
76,1,UCB,5,4.130038123511605,1.3125011238762,1.3694270427613313,8.71564254566391
76,1,UCB,6,4.130038123511605,1.3125011238762,1.3694270427613313,8.71564254566391
76,1,UCB,7,4.130038123511605,1.3125011238762,1.3694270427613313,8.71564254566391
76,1,UCB,8,4.280463321707318,1.4303860243077415,1.3507150542763973,5.238450875107671
76,1,UCB,9,4.280463321707318,1.4303860243077415,1.3507150542763973,5.238450875107671
76,1,UCB,10,4.280463321707318,1.4303860243077415,1.3507150542763973,5.238450875107671
76,1,UCB,11,4.280463321707318,1.4303860243077415,1.3507150542763973,5.238450875107671
76,1,UCB,12,4.280463321707318,1.4303860243077415,1.3507150542763973,5.238450875107671
76,1,UCB,13,4.280463321707318,1.4303860243077415,1.3507150542763973,5.238450875107671
76,1,UCB,14,4.280463321707318,1.4303860243077415,1.3507150542763973,5.238450875107671
76,1,UCB,15,4.280463321707318,1.4303860243077415,1.3507150542763973,5.238450875107671
76,1,UCB,16,4.281582817140666,1.5146421159515682,1.3259177134079847,6.071992374016
76,1,UCB,17,4.2883181338736405,1.3934400919112342,1.469189659315587,2.9992587246022735
76,1,UCB,18,4.2883181338736405,1.3934400919112342,1.469189659315587,2.9992587246022735
76,1,UCB,19,4.326426340702614,1.4809423777731028,1.3557038855635763,4.370660411114753
76,1,UCB,20,4.327639983269916,1.53483555167149,1.3790286272665688,4.5711966182936905
76,1,UCB,21,4.327639983269916,1.53483555167149,1.3790286272665688,4.5711966182936905
76,1,UCB,22,4.327639983269916,1.53483555167149,1.3790286272665688,4.5711966182936905
76,1,UCB,23,4.327660432026233,1.5333237022641018,1.3924451871350136,4.4564672240324965
76,1,UCB,24,4.327660432026233,1.5333237022641018,1.3924451871350136,4.4564672240324965
76,1,UCB,25,4.3358046299707835,1.5620568255788085,1.3842500603900119,4.415949477561977
77,2,UCB,0,3.444127279905535,1.3568271765900897,0.46792981973149805,2.2517838873167366
77,2,UCB,1,3.444127279905535,1.3568271765900897,0.46792981973149805,2.2517838873167366
77,2,UCB,2,3.6258501183463885,1.0905923087482434,0.8536212379699855,8.43025505274525
77,2,UCB,3,3.991665642556537,1.336152509850002,1.4995017839330966,14.963008212129788
77,2,UCB,4,4.087393862669537,1.4553376688550257,1.143125687521919,11.933643738274894
77,2,UCB,5,4.174634168100077,1.7160547362730054,1.1344286832420658,7.5590226929402595
77,2,UCB,6,4.174634168100077,1.7160547362730054,1.1344286832420658,7.5590226929402595
77,2,UCB,7,4.174634168100077,1.7160547362730054,1.1344286832420658,7.5590226929402595
77,2,UCB,8,4.174634168100077,1.7160547362730054,1.1344286832420658,7.5590226929402595
77,2,UCB,9,4.174634168100077,1.7160547362730054,1.1344286832420658,7.5590226929402595
77,2,UCB,10,4.174634168100077,1.7160547362730054,1.1344286832420658,7.5590226929402595
77,2,UCB,11,4.174634168100077,1.7160547362730054,1.1344286832420658,7.5590226929402595
77,2,UCB,12,4.290620016903745,1.4057525387117318,1.2274599374164707,4.137044666198465
77,2,UCB,13,4.290620016903745,1.4057525387117318,1.2274599374164707,4.137044666198465
77,2,UCB,14,4.345868291834227,1.7195716089401354,1.2555766224919758,3.8216986125507284
77,2,UCB,15,4.345868291834227,1.7195716089401354,1.2555766224919758,3.8216986125507284
77,2,UCB,16,4.353779242662944,1.7208097827224282,1.2827854106545833,3.75790187331326
77,2,UCB,17,4.357374431917784,1.7007559599841668,1.2990107005899239,3.848935191883615
77,2,UCB,18,4.357374431917784,1.7007559599841668,1.2990107005899239,3.848935191883615
77,2,UCB,19,4.357374431917784,1.7007559599841668,1.2990107005899239,3.848935191883615
77,2,UCB,20,4.357374431917784,1.7007559599841668,1.2990107005899239,3.848935191883615
77,2,UCB,21,4.357374431917784,1.7007559599841668,1.2990107005899239,3.848935191883615
77,2,UCB,22,4.357374431917784,1.7007559599841668,1.2990107005899239,3.848935191883615
77,2,UCB,23,4.364067362379395,1.6370000001646465,1.2626587404170841,3.67198320039256
77,2,UCB,24,4.364067362379395,1.6370000001646465,1.2626587404170841,3.67198320039256
77,2,UCB,25,4.364067362379395,1.6370000001646465,1.2626587404170841,3.67198320039256
78,3,UCB,0,3.0102610659693836,2.232324270253552,0.5480702896181784,7.0701736680622895
78,3,UCB,1,3.0102610659693836,2.232324270253552,0.5480702896181784,7.0701736680622895
78,3,UCB,2,3.0102610659693836,2.232324270253552,0.5480702896181784,7.0701736680622895
78,3,UCB,3,3.8841791776281442,1.9868217826807313,0.9847175912175508,7.7049445253025794
78,3,UCB,4,4.115345302922935,1.4637787838271263,0.9804966013930856,4.537534734929647
78,3,UCB,5,4.115345302922935,1.4637787838271263,0.9804966013930856,4.537534734929647
78,3,UCB,6,4.115345302922935,1.4637787838271263,0.9804966013930856,4.537534734929647
78,3,UCB,7,4.258439591856995,1.6778658745914359,1.2137018374049267,6.284939312558099
78,3,UCB,8,4.258439591856995,1.6778658745914359,1.2137018374049267,6.284939312558099
78,3,UCB,9,4.258439591856995,1.6778658745914359,1.2137018374049267,6.284939312558099
78,3,UCB,10,4.258439591856995,1.6778658745914359,1.2137018374049267,6.284939312558099
78,3,UCB,11,4.258439591856995,1.6778658745914359,1.2137018374049267,6.284939312558099
78,3,UCB,12,4.258439591856995,1.6778658745914359,1.2137018374049267,6.284939312558099
78,3,UCB,13,4.258439591856995,1.6778658745914359,1.2137018374049267,6.284939312558099
78,3,UCB,14,4.258439591856995,1.6778658745914359,1.2137018374049267,6.284939312558099
78,3,UCB,15,4.258439591856995,1.6778658745914359,1.2137018374049267,6.284939312558099
78,3,UCB,16,4.258439591856995,1.6778658745914359,1.2137018374049267,6.284939312558099
78,3,UCB,17,4.261519382426812,1.5462244134233862,1.2373784106847059,6.4437014885800785
78,3,UCB,18,4.261519382426812,1.5462244134233862,1.2373784106847059,6.4437014885800785
78,3,UCB,19,4.261519382426812,1.5462244134233862,1.2373784106847059,6.4437014885800785
78,3,UCB,20,4.261519382426812,1.5462244134233862,1.2373784106847059,6.4437014885800785
78,3,UCB,21,4.261519382426812,1.5462244134233862,1.2373784106847059,6.4437014885800785
78,3,UCB,22,4.261519382426812,1.5462244134233862,1.2373784106847059,6.4437014885800785
78,3,UCB,23,4.261941258159684,1.6011590661500672,1.2242702451527658,6.44743133042133
78,3,UCB,24,4.263880585624194,1.5539392374775232,1.237509375151646,6.401333169684326
78,3,UCB,25,4.278323361644301,1.6209256367955254,1.2254556736688826,5.9069008193195085
79,4,UCB,0,3.557458546444625,0.9327090146531924,1.6577527790059592,7.157825704064256
79,4,UCB,1,4.096097462489696,1.6168536907579107,1.5929912167814102,6.668106093589561
79,4,UCB,2,4.352134289168511,1.5417812000359628,1.320204940265116,4.08654598122184
79,4,UCB,3,4.352134289168511,1.5417812000359628,1.320204940265116,4.08654598122184
79,4,UCB,4,4.352134289168511,1.5417812000359628,1.320204940265116,4.08654598122184
79,4,UCB,5,4.352134289168511,1.5417812000359628,1.320204940265116,4.08654598122184
79,4,UCB,6,4.352134289168511,1.5417812000359628,1.320204940265116,4.08654598122184
79,4,UCB,7,4.352134289168511,1.5417812000359628,1.320204940265116,4.08654598122184
79,4,UCB,8,4.352134289168511,1.5417812000359628,1.320204940265116,4.08654598122184
79,4,UCB,9,4.352134289168511,1.5417812000359628,1.320204940265116,4.08654598122184
79,4,UCB,10,4.352134289168511,1.5417812000359628,1.320204940265116,4.08654598122184
79,4,UCB,11,4.352134289168511,1.5417812000359628,1.320204940265116,4.08654598122184
79,4,UCB,12,4.352134289168511,1.5417812000359628,1.320204940265116,4.08654598122184
79,4,UCB,13,4.352134289168511,1.5417812000359628,1.320204940265116,4.08654598122184
79,4,UCB,14,4.352134289168511,1.5417812000359628,1.320204940265116,4.08654598122184
79,4,UCB,15,4.352134289168511,1.5417812000359628,1.320204940265116,4.08654598122184
79,4,UCB,16,4.352134289168511,1.5417812000359628,1.320204940265116,4.08654598122184
79,4,UCB,17,4.352134289168511,1.5417812000359628,1.320204940265116,4.08654598122184
79,4,UCB,18,4.352134289168511,1.5417812000359628,1.320204940265116,4.08654598122184
79,4,UCB,19,4.352134289168511,1.5417812000359628,1.320204940265116,4.08654598122184
79,4,UCB,20,4.35247284951721,1.5414314403687435,1.2550272405760055,3.7825283767313933
79,4,UCB,21,4.357780502274707,1.5478790032908463,1.2955496605215728,3.898246275794188
79,4,UCB,22,4.358787602064851,1.570960443938302,1.3216360470308954,4.007296807247142
79,4,UCB,23,4.358787602064851,1.570960443938302,1.3216360470308954,4.007296807247142
79,4,UCB,24,4.358787602064851,1.570960443938302,1.3216360470308954,4.007296807247142
79,4,UCB,25,4.358787602064851,1.570960443938302,1.3216360470308954,4.007296807247142
80,5,UCB,0,4.227399987146568,1.438101388900841,1.5453097581462618,3.4105505588884606
80,5,UCB,1,4.227399987146568,1.438101388900841,1.5453097581462618,3.4105505588884606
80,5,UCB,2,4.227399987146568,1.438101388900841,1.5453097581462618,3.4105505588884606
80,5,UCB,3,4.258397723128028,1.4062794917165427,1.1199783360316569,2.3031097114172576
80,5,UCB,4,4.258397723128028,1.4062794917165427,1.1199783360316569,2.3031097114172576
80,5,UCB,5,4.329198944533162,1.5697244868401872,1.3021522767576665,4.828146953228176
80,5,UCB,6,4.329198944533162,1.5697244868401872,1.3021522767576665,4.828146953228176
80,5,UCB,7,4.329198944533162,1.5697244868401872,1.3021522767576665,4.828146953228176
80,5,UCB,8,4.329198944533162,1.5697244868401872,1.3021522767576665,4.828146953228176
80,5,UCB,9,4.329198944533162,1.5697244868401872,1.3021522767576665,4.828146953228176
80,5,UCB,10,4.361749211563607,1.654188165535584,1.249189600408393,3.5935919402599263
80,5,UCB,11,4.361749211563607,1.654188165535584,1.249189600408393,3.5935919402599263
80,5,UCB,12,4.361749211563607,1.654188165535584,1.249189600408393,3.5935919402599263
80,5,UCB,13,4.361749211563607,1.654188165535584,1.249189600408393,3.5935919402599263
80,5,UCB,14,4.361749211563607,1.654188165535584,1.249189600408393,3.5935919402599263
80,5,UCB,15,4.361749211563607,1.654188165535584,1.249189600408393,3.5935919402599263
80,5,UCB,16,4.361749211563607,1.654188165535584,1.249189600408393,3.5935919402599263
80,5,UCB,17,4.361749211563607,1.654188165535584,1.249189600408393,3.5935919402599263
80,5,UCB,18,4.361749211563607,1.654188165535584,1.249189600408393,3.5935919402599263
80,5,UCB,19,4.361749211563607,1.654188165535584,1.249189600408393,3.5935919402599263
80,5,UCB,20,4.361749211563607,1.654188165535584,1.249189600408393,3.5935919402599263
80,5,UCB,21,4.361749211563607,1.654188165535584,1.249189600408393,3.5935919402599263
80,5,UCB,22,4.361749211563607,1.654188165535584,1.249189600408393,3.5935919402599263
80,5,UCB,23,4.361749211563607,1.654188165535584,1.249189600408393,3.5935919402599263
80,5,UCB,24,4.361749211563607,1.654188165535584,1.249189600408393,3.5935919402599263
80,5,UCB,25,4.361749211563607,1.654188165535584,1.249189600408393,3.5935919402599263
81,6,UCB,0,3.300511306741468,1.7381265975850662,0.38950021520552625,1.6040942984570679
81,6,UCB,1,3.8912012514764323,1.7346094875534077,0.7694781179136938,4.005868917893092
81,6,UCB,2,3.8912012514764323,1.7346094875534077,0.7694781179136938,4.005868917893092
81,6,UCB,3,4.313134300421133,1.4623662805097015,1.1846447300041012,3.51325973971844
81,6,UCB,4,4.313134300421133,1.4623662805097015,1.1846447300041012,3.51325973971844
81,6,UCB,5,4.313134300421133,1.4623662805097015,1.1846447300041012,3.51325973971844
81,6,UCB,6,4.313134300421133,1.4623662805097015,1.1846447300041012,3.51325973971844
81,6,UCB,7,4.313134300421133,1.4623662805097015,1.1846447300041012,3.51325973971844
81,6,UCB,8,4.313134300421133,1.4623662805097015,1.1846447300041012,3.51325973971844
81,6,UCB,9,4.313134300421133,1.4623662805097015,1.1846447300041012,3.51325973971844
81,6,UCB,10,4.313134300421133,1.4623662805097015,1.1846447300041012,3.51325973971844
81,6,UCB,11,4.313134300421133,1.4623662805097015,1.1846447300041012,3.51325973971844
81,6,UCB,12,4.313134300421133,1.4623662805097015,1.1846447300041012,3.51325973971844
81,6,UCB,13,4.313134300421133,1.4623662805097015,1.1846447300041012,3.51325973971844
81,6,UCB,14,4.313134300421133,1.4623662805097015,1.1846447300041012,3.51325973971844
81,6,UCB,15,4.313134300421133,1.4623662805097015,1.1846447300041012,3.51325973971844
81,6,UCB,16,4.313134300421133,1.4623662805097015,1.1846447300041012,3.51325973971844
81,6,UCB,17,4.313134300421133,1.4623662805097015,1.1846447300041012,3.51325973971844
81,6,UCB,18,4.313134300421133,1.4623662805097015,1.1846447300041012,3.51325973971844
81,6,UCB,19,4.313134300421133,1.4623662805097015,1.1846447300041012,3.51325973971844
81,6,UCB,20,4.313134300421133,1.4623662805097015,1.1846447300041012,3.51325973971844
81,6,UCB,21,4.313134300421133,1.4623662805097015,1.1846447300041012,3.51325973971844
81,6,UCB,22,4.380718909304862,1.6489668933309014,1.2966160327907454,3.2896664597371736
81,6,UCB,23,4.385583436032693,1.6167821859379377,1.313919596843618,3.190640268061005
81,6,UCB,24,4.385583436032693,1.6167821859379377,1.313919596843618,3.190640268061005
81,6,UCB,25,4.385583436032693,1.6167821859379377,1.313919596843618,3.190640268061005
82,7,UCB,0,3.781100281171634,1.2359817587016404,1.640248303393514,11.635509667987657
82,7,UCB,1,4.335050808648567,1.7510617485076296,1.3830320454840823,2.0153930981948966
82,7,UCB,2,4.335050808648567,1.7510617485076296,1.3830320454840823,2.0153930981948966
82,7,UCB,3,4.335050808648567,1.7510617485076296,1.3830320454840823,2.0153930981948966
82,7,UCB,4,4.335050808648567,1.7510617485076296,1.3830320454840823,2.0153930981948966
82,7,UCB,5,4.335050808648567,1.7510617485076296,1.3830320454840823,2.0153930981948966
82,7,UCB,6,4.335050808648567,1.7510617485076296,1.3830320454840823,2.0153930981948966
82,7,UCB,7,4.335050808648567,1.7510617485076296,1.3830320454840823,2.0153930981948966
82,7,UCB,8,4.335050808648567,1.7510617485076296,1.3830320454840823,2.0153930981948966
82,7,UCB,9,4.337162034563178,1.5604075462523137,1.276736121621418,4.459431384965796
82,7,UCB,10,4.337162034563178,1.5604075462523137,1.276736121621418,4.459431384965796
82,7,UCB,11,4.337162034563178,1.5604075462523137,1.276736121621418,4.459431384965796
82,7,UCB,12,4.337162034563178,1.5604075462523137,1.276736121621418,4.459431384965796
82,7,UCB,13,4.337162034563178,1.5604075462523137,1.276736121621418,4.459431384965796
82,7,UCB,14,4.337162034563178,1.5604075462523137,1.276736121621418,4.459431384965796
82,7,UCB,15,4.3744684910373435,1.5034421449184094,1.2858598478509045,2.7871077772463906
82,7,UCB,16,4.3744684910373435,1.5034421449184094,1.2858598478509045,2.7871077772463906
82,7,UCB,17,4.3852353804044055,1.5793172540030271,1.3292409781725527,3.1401703667006813
82,7,UCB,18,4.3852353804044055,1.5793172540030271,1.3292409781725527,3.1401703667006813
82,7,UCB,19,4.3852353804044055,1.5793172540030271,1.3292409781725527,3.1401703667006813
82,7,UCB,20,4.3852353804044055,1.5793172540030271,1.3292409781725527,3.1401703667006813
82,7,UCB,21,4.385919064213928,1.5676492885401188,1.2903337759212303,2.8716787194162516
82,7,UCB,22,4.385919064213928,1.5676492885401188,1.2903337759212303,2.8716787194162516
82,7,UCB,23,4.385919064213928,1.5676492885401188,1.2903337759212303,2.8716787194162516
82,7,UCB,24,4.385919064213928,1.5676492885401188,1.2903337759212303,2.8716787194162516
82,7,UCB,25,4.385919064213928,1.5676492885401188,1.2903337759212303,2.8716787194162516
83,8,UCB,0,4.1189671343701795,1.8468073731594483,1.5446377909367563,5.866881013281371
83,8,UCB,1,4.1189671343701795,1.8468073731594483,1.5446377909367563,5.866881013281371
83,8,UCB,2,4.1189671343701795,1.8468073731594483,1.5446377909367563,5.866881013281371
83,8,UCB,3,4.1189671343701795,1.8468073731594483,1.5446377909367563,5.866881013281371
83,8,UCB,4,4.21467300365541,1.449545114719403,1.1658373388267806,6.061048482632775
83,8,UCB,5,4.21467300365541,1.449545114719403,1.1658373388267806,6.061048482632775
83,8,UCB,6,4.21467300365541,1.449545114719403,1.1658373388267806,6.061048482632775
83,8,UCB,7,4.21467300365541,1.449545114719403,1.1658373388267806,6.061048482632775
83,8,UCB,8,4.21467300365541,1.449545114719403,1.1658373388267806,6.061048482632775
83,8,UCB,9,4.21467300365541,1.449545114719403,1.1658373388267806,6.061048482632775
83,8,UCB,10,4.330780956200249,1.5639750908042167,1.3082244513746044,4.77762300511445
83,8,UCB,11,4.330780956200249,1.5639750908042167,1.3082244513746044,4.77762300511445
83,8,UCB,12,4.330780956200249,1.5639750908042167,1.3082244513746044,4.77762300511445
83,8,UCB,13,4.330780956200249,1.5639750908042167,1.3082244513746044,4.77762300511445
83,8,UCB,14,4.330780956200249,1.5639750908042167,1.3082244513746044,4.77762300511445
83,8,UCB,15,4.330780956200249,1.5639750908042167,1.3082244513746044,4.77762300511445
83,8,UCB,16,4.330780956200249,1.5639750908042167,1.3082244513746044,4.77762300511445
83,8,UCB,17,4.330780956200249,1.5639750908042167,1.3082244513746044,4.77762300511445
83,8,UCB,18,4.330780956200249,1.5639750908042167,1.3082244513746044,4.77762300511445
83,8,UCB,19,4.330780956200249,1.5639750908042167,1.3082244513746044,4.77762300511445
83,8,UCB,20,4.330780956200249,1.5639750908042167,1.3082244513746044,4.77762300511445
83,8,UCB,21,4.330780956200249,1.5639750908042167,1.3082244513746044,4.77762300511445
83,8,UCB,22,4.330780956200249,1.5639750908042167,1.3082244513746044,4.77762300511445
83,8,UCB,23,4.330780956200249,1.5639750908042167,1.3082244513746044,4.77762300511445
83,8,UCB,24,4.330780956200249,1.5639750908042167,1.3082244513746044,4.77762300511445
83,8,UCB,25,4.330780956200249,1.5639750908042167,1.3082244513746044,4.77762300511445
84,9,UCB,0,3.939896854241996,1.805644867872708,1.0062612036124783,13.730786427237122
84,9,UCB,1,4.180141856741754,1.7872410444927338,1.5652341677024362,4.14865712388859
84,9,UCB,2,4.180141856741754,1.7872410444927338,1.5652341677024362,4.14865712388859
84,9,UCB,3,4.180141856741754,1.7872410444927338,1.5652341677024362,4.14865712388859
84,9,UCB,4,4.180141856741754,1.7872410444927338,1.5652341677024362,4.14865712388859
84,9,UCB,5,4.256578453471117,1.4889209483306551,1.186946058630061,5.470163542203792
84,9,UCB,6,4.256578453471117,1.4889209483306551,1.186946058630061,5.470163542203792
84,9,UCB,7,4.32804245470948,1.6406656107588042,1.2715326719231541,4.7810206893258265
84,9,UCB,8,4.32804245470948,1.6406656107588042,1.2715326719231541,4.7810206893258265
84,9,UCB,9,4.32804245470948,1.6406656107588042,1.2715326719231541,4.7810206893258265
84,9,UCB,10,4.3514221067184025,1.540767366758792,1.3059232704546893,4.081987987385846
84,9,UCB,11,4.3514221067184025,1.540767366758792,1.3059232704546893,4.081987987385846
84,9,UCB,12,4.3514221067184025,1.540767366758792,1.3059232704546893,4.081987987385846
84,9,UCB,13,4.3514221067184025,1.540767366758792,1.3059232704546893,4.081987987385846
84,9,UCB,14,4.3514221067184025,1.540767366758792,1.3059232704546893,4.081987987385846
84,9,UCB,15,4.3514221067184025,1.540767366758792,1.3059232704546893,4.081987987385846
84,9,UCB,16,4.3514221067184025,1.540767366758792,1.3059232704546893,4.081987987385846
84,9,UCB,17,4.3514221067184025,1.540767366758792,1.3059232704546893,4.081987987385846
84,9,UCB,18,4.3514221067184025,1.540767366758792,1.3059232704546893,4.081987987385846
84,9,UCB,19,4.3514221067184025,1.540767366758792,1.3059232704546893,4.081987987385846
84,9,UCB,20,4.3514221067184025,1.540767366758792,1.3059232704546893,4.081987987385846
84,9,UCB,21,4.3514221067184025,1.540767366758792,1.3059232704546893,4.081987987385846
84,9,UCB,22,4.3514221067184025,1.540767366758792,1.3059232704546893,4.081987987385846
84,9,UCB,23,4.3514221067184025,1.540767366758792,1.3059232704546893,4.081987987385846
84,9,UCB,24,4.3514221067184025,1.540767366758792,1.3059232704546893,4.081987987385846
84,9,UCB,25,4.3514221067184025,1.540767366758792,1.3059232704546893,4.081987987385846
85,10,UCB,0,4.228476437661166,1.474929324942087,1.4461170350929762,6.383209452077245
85,10,UCB,1,4.228476437661166,1.474929324942087,1.4461170350929762,6.383209452077245
85,10,UCB,2,4.228476437661166,1.474929324942087,1.4461170350929762,6.383209452077245
85,10,UCB,3,4.228476437661166,1.474929324942087,1.4461170350929762,6.383209452077245
85,10,UCB,4,4.228476437661166,1.474929324942087,1.4461170350929762,6.383209452077245
85,10,UCB,5,4.228476437661166,1.474929324942087,1.4461170350929762,6.383209452077245
85,10,UCB,6,4.228476437661166,1.474929324942087,1.4461170350929762,6.383209452077245
85,10,UCB,7,4.228476437661166,1.474929324942087,1.4461170350929762,6.383209452077245
85,10,UCB,8,4.228476437661166,1.474929324942087,1.4461170350929762,6.383209452077245
85,10,UCB,9,4.228476437661166,1.474929324942087,1.4461170350929762,6.383209452077245
85,10,UCB,10,4.36011671661279,1.5685809350873687,1.4054596799435113,3.5079559623736296
85,10,UCB,11,4.36011671661279,1.5685809350873687,1.4054596799435113,3.5079559623736296
85,10,UCB,12,4.36011671661279,1.5685809350873687,1.4054596799435113,3.5079559623736296
85,10,UCB,13,4.36011671661279,1.5685809350873687,1.4054596799435113,3.5079559623736296
85,10,UCB,14,4.36011671661279,1.5685809350873687,1.4054596799435113,3.5079559623736296
85,10,UCB,15,4.36011671661279,1.5685809350873687,1.4054596799435113,3.5079559623736296
85,10,UCB,16,4.36011671661279,1.5685809350873687,1.4054596799435113,3.5079559623736296
85,10,UCB,17,4.36097548875601,1.6273571276147982,1.2517586419638267,3.6862697402738878
85,10,UCB,18,4.36097548875601,1.6273571276147982,1.2517586419638267,3.6862697402738878
85,10,UCB,19,4.36097548875601,1.6273571276147982,1.2517586419638267,3.6862697402738878
85,10,UCB,20,4.36097548875601,1.6273571276147982,1.2517586419638267,3.6862697402738878
85,10,UCB,21,4.362685308869892,1.6131726910082467,1.2518062635703155,3.634941739519494
85,10,UCB,22,4.362685308869892,1.6131726910082467,1.2518062635703155,3.634941739519494
85,10,UCB,23,4.362685308869892,1.6131726910082467,1.2518062635703155,3.634941739519494
85,10,UCB,24,4.362685308869892,1.6131726910082467,1.2518062635703155,3.634941739519494
85,10,UCB,25,4.362685308869892,1.6131726910082467,1.2518062635703155,3.634941739519494
86,11,UCB,0,4.150840781678124,1.8978314292801928,1.5356674314484513,1.9322663087465377
86,11,UCB,1,4.150840781678124,1.8978314292801928,1.5356674314484513,1.9322663087465377
86,11,UCB,2,4.150840781678124,1.8978314292801928,1.5356674314484513,1.9322663087465377
86,11,UCB,3,4.150840781678124,1.8978314292801928,1.5356674314484513,1.9322663087465377
86,11,UCB,4,4.150840781678124,1.8978314292801928,1.5356674314484513,1.9322663087465377
86,11,UCB,5,4.150840781678124,1.8978314292801928,1.5356674314484513,1.9322663087465377
86,11,UCB,6,4.150840781678124,1.8978314292801928,1.5356674314484513,1.9322663087465377
86,11,UCB,7,4.169451737905504,1.5289049707882802,1.499084916362881,7.728769850738928
86,11,UCB,8,4.169451737905504,1.5289049707882802,1.499084916362881,7.728769850738928
86,11,UCB,9,4.169451737905504,1.5289049707882802,1.499084916362881,7.728769850738928
86,11,UCB,10,4.169451737905504,1.5289049707882802,1.499084916362881,7.728769850738928
86,11,UCB,11,4.348502970152359,1.616318617484994,1.2248222364434387,3.791901389724425
86,11,UCB,12,4.348502970152359,1.616318617484994,1.2248222364434387,3.791901389724425
86,11,UCB,13,4.348502970152359,1.616318617484994,1.2248222364434387,3.791901389724425
86,11,UCB,14,4.348502970152359,1.616318617484994,1.2248222364434387,3.791901389724425
86,11,UCB,15,4.350332630160249,1.761028230233316,1.2308091025509453,2.759297376249596
86,11,UCB,16,4.350332630160249,1.761028230233316,1.2308091025509453,2.759297376249596
86,11,UCB,17,4.388820926208991,1.652371974028434,1.3441120330842007,2.893059913496808
86,11,UCB,18,4.388820926208991,1.652371974028434,1.3441120330842007,2.893059913496808
86,11,UCB,19,4.388820926208991,1.652371974028434,1.3441120330842007,2.893059913496808
86,11,UCB,20,4.388820926208991,1.652371974028434,1.3441120330842007,2.893059913496808
86,11,UCB,21,4.388820926208991,1.652371974028434,1.3441120330842007,2.893059913496808
86,11,UCB,22,4.388820926208991,1.652371974028434,1.3441120330842007,2.893059913496808
86,11,UCB,23,4.388820926208991,1.652371974028434,1.3441120330842007,2.893059913496808
86,11,UCB,24,4.388820926208991,1.652371974028434,1.3441120330842007,2.893059913496808
86,11,UCB,25,4.388820926208991,1.652371974028434,1.3441120330842007,2.893059913496808
87,12,UCB,0,2.7840997575435598,2.4375140944263407,1.72983806405313,13.203869748852181
87,12,UCB,1,4.221637074246713,1.6212916038322498,1.1902331358696712,7.433161436483302
87,12,UCB,2,4.221637074246713,1.6212916038322498,1.1902331358696712,7.433161436483302
87,12,UCB,3,4.221637074246713,1.6212916038322498,1.1902331358696712,7.433161436483302
87,12,UCB,4,4.221637074246713,1.6212916038322498,1.1902331358696712,7.433161436483302
87,12,UCB,5,4.221637074246713,1.6212916038322498,1.1902331358696712,7.433161436483302
87,12,UCB,6,4.221637074246713,1.6212916038322498,1.1902331358696712,7.433161436483302
87,12,UCB,7,4.221637074246713,1.6212916038322498,1.1902331358696712,7.433161436483302
87,12,UCB,8,4.356652099099081,1.576759776060706,1.2968130917989327,4.03900141403752
87,12,UCB,9,4.356652099099081,1.576759776060706,1.2968130917989327,4.03900141403752
87,12,UCB,10,4.356652099099081,1.576759776060706,1.2968130917989327,4.03900141403752
87,12,UCB,11,4.356652099099081,1.576759776060706,1.2968130917989327,4.03900141403752
87,12,UCB,12,4.356652099099081,1.576759776060706,1.2968130917989327,4.03900141403752
87,12,UCB,13,4.356652099099081,1.576759776060706,1.2968130917989327,4.03900141403752
87,12,UCB,14,4.356652099099081,1.576759776060706,1.2968130917989327,4.03900141403752
87,12,UCB,15,4.356652099099081,1.576759776060706,1.2968130917989327,4.03900141403752
87,12,UCB,16,4.356652099099081,1.576759776060706,1.2968130917989327,4.03900141403752
87,12,UCB,17,4.356652099099081,1.576759776060706,1.2968130917989327,4.03900141403752
87,12,UCB,18,4.36646555979511,1.485459833427814,1.2749076044101613,2.9351081994220567
87,12,UCB,19,4.36646555979511,1.485459833427814,1.2749076044101613,2.9351081994220567
87,12,UCB,20,4.36646555979511,1.485459833427814,1.2749076044101613,2.9351081994220567
87,12,UCB,21,4.36646555979511,1.485459833427814,1.2749076044101613,2.9351081994220567
87,12,UCB,22,4.370341390477714,1.5107168721300885,1.2695897807740786,3.0286109036811015
87,12,UCB,23,4.370341390477714,1.5107168721300885,1.2695897807740786,3.0286109036811015
87,12,UCB,24,4.374651768685172,1.6041176881491492,1.2459246429939768,3.114410970935289
87,12,UCB,25,4.374651768685172,1.6041176881491492,1.2459246429939768,3.114410970935289
88,13,UCB,0,3.7676746364093363,2.131748582680984,1.4935588022622066,12.165539958366347
88,13,UCB,1,4.1125156601179516,1.7063807617824063,1.4344938657205493,14.589726871784508
88,13,UCB,2,4.141150041515614,2.058517522738685,1.3352368717214813,3.14642635871803
88,13,UCB,3,4.141150041515614,2.058517522738685,1.3352368717214813,3.14642635871803
88,13,UCB,4,4.141150041515614,2.058517522738685,1.3352368717214813,3.14642635871803
88,13,UCB,5,4.141150041515614,2.058517522738685,1.3352368717214813,3.14642635871803
88,13,UCB,6,4.141150041515614,2.058517522738685,1.3352368717214813,3.14642635871803
88,13,UCB,7,4.141150041515614,2.058517522738685,1.3352368717214813,3.14642635871803
88,13,UCB,8,4.141150041515614,2.058517522738685,1.3352368717214813,3.14642635871803
88,13,UCB,9,4.141150041515614,2.058517522738685,1.3352368717214813,3.14642635871803
88,13,UCB,10,4.141150041515614,2.058517522738685,1.3352368717214813,3.14642635871803
88,13,UCB,11,4.314930708955894,1.6528313397993095,1.4544866450363183,4.183667524595909
88,13,UCB,12,4.314930708955894,1.6528313397993095,1.4544866450363183,4.183667524595909
88,13,UCB,13,4.314930708955894,1.6528313397993095,1.4544866450363183,4.183667524595909
88,13,UCB,14,4.314930708955894,1.6528313397993095,1.4544866450363183,4.183667524595909
88,13,UCB,15,4.314930708955894,1.6528313397993095,1.4544866450363183,4.183667524595909
88,13,UCB,16,4.314930708955894,1.6528313397993095,1.4544866450363183,4.183667524595909
88,13,UCB,17,4.314930708955894,1.6528313397993095,1.4544866450363183,4.183667524595909
88,13,UCB,18,4.377089618395319,1.5247336360806876,1.350111391075322,2.4154827487625044
88,13,UCB,19,4.377089618395319,1.5247336360806876,1.350111391075322,2.4154827487625044
88,13,UCB,20,4.377089618395319,1.5247336360806876,1.350111391075322,2.4154827487625044
88,13,UCB,21,4.377089618395319,1.5247336360806876,1.350111391075322,2.4154827487625044
88,13,UCB,22,4.379936755658257,1.6222350409801218,1.3921537286881627,2.964811361058462
88,13,UCB,23,4.382594138099291,1.6162281125264437,1.3788272810403126,3.0294135989154922
88,13,UCB,24,4.382594138099291,1.6162281125264437,1.3788272810403126,3.0294135989154922
88,13,UCB,25,4.38935298817875,1.6264770361844607,1.3569455951440843,2.805912775169959
89,14,UCB,0,4.091506261911437,1.317375771603062,1.0762000001351049,5.981983918073993
89,14,UCB,1,4.091506261911437,1.317375771603062,1.0762000001351049,5.981983918073993
89,14,UCB,2,4.091506261911437,1.317375771603062,1.0762000001351049,5.981983918073993
89,14,UCB,3,4.091506261911437,1.317375771603062,1.0762000001351049,5.981983918073993
89,14,UCB,4,4.175851670537062,1.5806886812536245,1.2525054462777296,11.200260626076878
89,14,UCB,5,4.175851670537062,1.5806886812536245,1.2525054462777296,11.200260626076878
89,14,UCB,6,4.175851670537062,1.5806886812536245,1.2525054462777296,11.200260626076878
89,14,UCB,7,4.3262938025365525,1.4662325438869752,1.1813431651953676,2.896663117508208
89,14,UCB,8,4.3262938025365525,1.4662325438869752,1.1813431651953676,2.896663117508208
89,14,UCB,9,4.3262938025365525,1.4662325438869752,1.1813431651953676,2.896663117508208
89,14,UCB,10,4.3262938025365525,1.4662325438869752,1.1813431651953676,2.896663117508208
89,14,UCB,11,4.3262938025365525,1.4662325438869752,1.1813431651953676,2.896663117508208
89,14,UCB,12,4.3262938025365525,1.4662325438869752,1.1813431651953676,2.896663117508208
89,14,UCB,13,4.3262938025365525,1.4662325438869752,1.1813431651953676,2.896663117508208
89,14,UCB,14,4.3262938025365525,1.4662325438869752,1.1813431651953676,2.896663117508208
89,14,UCB,15,4.3262938025365525,1.4662325438869752,1.1813431651953676,2.896663117508208
89,14,UCB,16,4.3262938025365525,1.4662325438869752,1.1813431651953676,2.896663117508208
89,14,UCB,17,4.3262938025365525,1.4662325438869752,1.1813431651953676,2.896663117508208
89,14,UCB,18,4.3262938025365525,1.4662325438869752,1.1813431651953676,2.896663117508208
89,14,UCB,19,4.3262938025365525,1.4662325438869752,1.1813431651953676,2.896663117508208
89,14,UCB,20,4.3262938025365525,1.4662325438869752,1.1813431651953676,2.896663117508208
89,14,UCB,21,4.3262938025365525,1.4662325438869752,1.1813431651953676,2.896663117508208
89,14,UCB,22,4.3262938025365525,1.4662325438869752,1.1813431651953676,2.896663117508208
89,14,UCB,23,4.3262938025365525,1.4662325438869752,1.1813431651953676,2.896663117508208
89,14,UCB,24,4.3262938025365525,1.4662325438869752,1.1813431651953676,2.896663117508208
89,14,UCB,25,4.3262938025365525,1.4662325438869752,1.1813431651953676,2.896663117508208
90,15,UCB,0,4.301455439918212,1.4887819660857744,1.3553598896762011,5.166756960135058
90,15,UCB,1,4.301455439918212,1.4887819660857744,1.3553598896762011,5.166756960135058
90,15,UCB,2,4.301455439918212,1.4887819660857744,1.3553598896762011,5.166756960135058
90,15,UCB,3,4.301455439918212,1.4887819660857744,1.3553598896762011,5.166756960135058
90,15,UCB,4,4.301455439918212,1.4887819660857744,1.3553598896762011,5.166756960135058
90,15,UCB,5,4.301455439918212,1.4887819660857744,1.3553598896762011,5.166756960135058
90,15,UCB,6,4.331970210422426,1.6144145948075872,1.2958221756117059,4.802043809433313
90,15,UCB,7,4.331970210422426,1.6144145948075872,1.2958221756117059,4.802043809433313
90,15,UCB,8,4.331970210422426,1.6144145948075872,1.2958221756117059,4.802043809433313
90,15,UCB,9,4.331970210422426,1.6144145948075872,1.2958221756117059,4.802043809433313
90,15,UCB,10,4.331970210422426,1.6144145948075872,1.2958221756117059,4.802043809433313
90,15,UCB,11,4.331970210422426,1.6144145948075872,1.2958221756117059,4.802043809433313
90,15,UCB,12,4.331970210422426,1.6144145948075872,1.2958221756117059,4.802043809433313
90,15,UCB,13,4.331970210422426,1.6144145948075872,1.2958221756117059,4.802043809433313
90,15,UCB,14,4.331970210422426,1.6144145948075872,1.2958221756117059,4.802043809433313
90,15,UCB,15,4.331970210422426,1.6144145948075872,1.2958221756117059,4.802043809433313
90,15,UCB,16,4.331970210422426,1.6144145948075872,1.2958221756117059,4.802043809433313
90,15,UCB,17,4.331970210422426,1.6144145948075872,1.2958221756117059,4.802043809433313
90,15,UCB,18,4.331970210422426,1.6144145948075872,1.2958221756117059,4.802043809433313
90,15,UCB,19,4.344473087737622,1.72802474865235,1.278099628843762,3.9575957414282037
90,15,UCB,20,4.344473087737622,1.72802474865235,1.278099628843762,3.9575957414282037
90,15,UCB,21,4.344473087737622,1.72802474865235,1.278099628843762,3.9575957414282037
90,15,UCB,22,4.344473087737622,1.72802474865235,1.278099628843762,3.9575957414282037
90,15,UCB,23,4.344473087737622,1.72802474865235,1.278099628843762,3.9575957414282037
90,15,UCB,24,4.344473087737622,1.72802474865235,1.278099628843762,3.9575957414282037
90,15,UCB,25,4.344473087737622,1.72802474865235,1.278099628843762,3.9575957414282037
91,16,UCB,0,3.031516033515698,2.1685011963824743,1.4891733603442976,0.6655189326084838
91,16,UCB,1,4.0730556925346475,2.074243513442645,1.440508233089754,3.8040488747140393
91,16,UCB,2,4.1656128487645265,1.973998995329489,1.402299183607393,4.7424505702338005
91,16,UCB,3,4.1656128487645265,1.973998995329489,1.402299183607393,4.7424505702338005
91,16,UCB,4,4.1656128487645265,1.973998995329489,1.402299183607393,4.7424505702338005
91,16,UCB,5,4.1656128487645265,1.973998995329489,1.402299183607393,4.7424505702338005
91,16,UCB,6,4.1656128487645265,1.973998995329489,1.402299183607393,4.7424505702338005
91,16,UCB,7,4.1656128487645265,1.973998995329489,1.402299183607393,4.7424505702338005
91,16,UCB,8,4.284072821862997,1.502373244070153,1.2616928108308336,5.626763128901192
91,16,UCB,9,4.351585677451935,1.6191712065861839,1.254060959074295,3.9920387881681623
91,16,UCB,10,4.351585677451935,1.6191712065861839,1.254060959074295,3.9920387881681623
91,16,UCB,11,4.35882234626966,1.6159199287646775,1.2607898106705226,3.8309169190967567
91,16,UCB,12,4.35882234626966,1.6159199287646775,1.2607898106705226,3.8309169190967567
91,16,UCB,13,4.35882234626966,1.6159199287646775,1.2607898106705226,3.8309169190967567
91,16,UCB,14,4.35882234626966,1.6159199287646775,1.2607898106705226,3.8309169190967567
91,16,UCB,15,4.35882234626966,1.6159199287646775,1.2607898106705226,3.8309169190967567
91,16,UCB,16,4.35882234626966,1.6159199287646775,1.2607898106705226,3.8309169190967567
91,16,UCB,17,4.35882234626966,1.6159199287646775,1.2607898106705226,3.8309169190967567
91,16,UCB,18,4.35882234626966,1.6159199287646775,1.2607898106705226,3.8309169190967567
91,16,UCB,19,4.35882234626966,1.6159199287646775,1.2607898106705226,3.8309169190967567
91,16,UCB,20,4.35882234626966,1.6159199287646775,1.2607898106705226,3.8309169190967567
91,16,UCB,21,4.35882234626966,1.6159199287646775,1.2607898106705226,3.8309169190967567
91,16,UCB,22,4.35882234626966,1.6159199287646775,1.2607898106705226,3.8309169190967567
91,16,UCB,23,4.35882234626966,1.6159199287646775,1.2607898106705226,3.8309169190967567
91,16,UCB,24,4.35882234626966,1.6159199287646775,1.2607898106705226,3.8309169190967567
91,16,UCB,25,4.35882234626966,1.6159199287646775,1.2607898106705226,3.8309169190967567
92,17,UCB,0,3.590879773810102,2.337201716564578,1.3522347240420514,6.018089651444624
92,17,UCB,1,3.6592491130510054,1.9315796664997227,0.7390081995758222,6.752446325504845
92,17,UCB,2,3.6592491130510054,1.9315796664997227,0.7390081995758222,6.752446325504845
92,17,UCB,3,3.7872930632211927,1.3253449789235798,0.9153594711532533,14.671690608883488
92,17,UCB,4,3.7872930632211927,1.3253449789235798,0.9153594711532533,14.671690608883488
92,17,UCB,5,4.030977019537071,1.3914428796692873,0.8965369536047572,3.4240019386337623
92,17,UCB,6,4.22484328004687,1.6404221550393503,1.2158673800588584,7.780893886775834
92,17,UCB,7,4.22484328004687,1.6404221550393503,1.2158673800588584,7.780893886775834
92,17,UCB,8,4.22484328004687,1.6404221550393503,1.2158673800588584,7.780893886775834
92,17,UCB,9,4.22484328004687,1.6404221550393503,1.2158673800588584,7.780893886775834
92,17,UCB,10,4.334125504939517,1.6231866912858268,1.2986255426258273,4.748075837773411
92,17,UCB,11,4.334125504939517,1.6231866912858268,1.2986255426258273,4.748075837773411
92,17,UCB,12,4.334125504939517,1.6231866912858268,1.2986255426258273,4.748075837773411
92,17,UCB,13,4.334125504939517,1.6231866912858268,1.2986255426258273,4.748075837773411
92,17,UCB,14,4.334125504939517,1.6231866912858268,1.2986255426258273,4.748075837773411
92,17,UCB,15,4.334125504939517,1.6231866912858268,1.2986255426258273,4.748075837773411
92,17,UCB,16,4.334125504939517,1.6231866912858268,1.2986255426258273,4.748075837773411
92,17,UCB,17,4.334125504939517,1.6231866912858268,1.2986255426258273,4.748075837773411
92,17,UCB,18,4.334125504939517,1.6231866912858268,1.2986255426258273,4.748075837773411
92,17,UCB,19,4.334125504939517,1.6231866912858268,1.2986255426258273,4.748075837773411
92,17,UCB,20,4.334125504939517,1.6231866912858268,1.2986255426258273,4.748075837773411
92,17,UCB,21,4.334125504939517,1.6231866912858268,1.2986255426258273,4.748075837773411
92,17,UCB,22,4.334125504939517,1.6231866912858268,1.2986255426258273,4.748075837773411
92,17,UCB,23,4.334125504939517,1.6231866912858268,1.2986255426258273,4.748075837773411
92,17,UCB,24,4.334125504939517,1.6231866912858268,1.2986255426258273,4.748075837773411
92,17,UCB,25,4.334125504939517,1.6231866912858268,1.2986255426258273,4.748075837773411
93,18,UCB,0,3.699557492002483,1.2363262125074743,0.7316846576957299,1.894937102086478
93,18,UCB,1,3.699557492002483,1.2363262125074743,0.7316846576957299,1.894937102086478
93,18,UCB,2,3.699557492002483,1.2363262125074743,0.7316846576957299,1.894937102086478
93,18,UCB,3,3.699557492002483,1.2363262125074743,0.7316846576957299,1.894937102086478
93,18,UCB,4,3.699557492002483,1.2363262125074743,0.7316846576957299,1.894937102086478
93,18,UCB,5,3.699557492002483,1.2363262125074743,0.7316846576957299,1.894937102086478
93,18,UCB,6,3.699557492002483,1.2363262125074743,0.7316846576957299,1.894937102086478
93,18,UCB,7,4.104429199741903,1.9645848057295194,1.2623210052642593,7.288620674004496
93,18,UCB,8,4.104429199741903,1.9645848057295194,1.2623210052642593,7.288620674004496
93,18,UCB,9,4.104429199741903,1.9645848057295194,1.2623210052642593,7.288620674004496
93,18,UCB,10,4.104429199741903,1.9645848057295194,1.2623210052642593,7.288620674004496
93,18,UCB,11,4.128658533714533,1.8005295311658696,1.4168500394181485,11.268160807504591
93,18,UCB,12,4.190904739713351,1.6119352906311084,1.1165972745524484,6.841971007511792
93,18,UCB,13,4.279860061325602,1.6928724361404246,1.315392479268629,6.3051166601143835
93,18,UCB,14,4.279860061325602,1.6928724361404246,1.315392479268629,6.3051166601143835
93,18,UCB,15,4.279860061325602,1.6928724361404246,1.315392479268629,6.3051166601143835
93,18,UCB,16,4.279860061325602,1.6928724361404246,1.315392479268629,6.3051166601143835
93,18,UCB,17,4.279860061325602,1.6928724361404246,1.315392479268629,6.3051166601143835
93,18,UCB,18,4.291783262214317,1.3991032186869066,1.4399112040253765,3.676194641259251
93,18,UCB,19,4.3429619629997696,1.5361712510612415,1.2133904574768968,3.5909294809030317
93,18,UCB,20,4.3429619629997696,1.5361712510612415,1.2133904574768968,3.5909294809030317
93,18,UCB,21,4.3429619629997696,1.5361712510612415,1.2133904574768968,3.5909294809030317
93,18,UCB,22,4.3429619629997696,1.5361712510612415,1.2133904574768968,3.5909294809030317
93,18,UCB,23,4.343908035153199,1.546996861249664,1.3122428057866498,4.3392920066211635
93,18,UCB,24,4.343908035153199,1.546996861249664,1.3122428057866498,4.3392920066211635
93,18,UCB,25,4.343908035153199,1.546996861249664,1.3122428057866498,4.3392920066211635
94,19,UCB,0,3.3124351758533965,1.8184683790677,0.38544942627857526,4.675669601939484
94,19,UCB,1,3.3124351758533965,1.8184683790677,0.38544942627857526,4.675669601939484
94,19,UCB,2,3.3124351758533965,1.8184683790677,0.38544942627857526,4.675669601939484
94,19,UCB,3,4.084300352457063,1.3613070936809413,0.9948867253823508,4.627356984632151
94,19,UCB,4,4.17647103151478,1.3728758323861956,1.1241522413451341,5.387477118563777
94,19,UCB,5,4.323076552291127,1.556893276848501,1.3253171166969753,4.995104889077832
94,19,UCB,6,4.323076552291127,1.556893276848501,1.3253171166969753,4.995104889077832
94,19,UCB,7,4.323076552291127,1.556893276848501,1.3253171166969753,4.995104889077832
94,19,UCB,8,4.323076552291127,1.556893276848501,1.3253171166969753,4.995104889077832
94,19,UCB,9,4.323076552291127,1.556893276848501,1.3253171166969753,4.995104889077832
94,19,UCB,10,4.323076552291127,1.556893276848501,1.3253171166969753,4.995104889077832
94,19,UCB,11,4.359313961686184,1.6601953659093422,1.2334815185098864,3.48529633383731
94,19,UCB,12,4.359313961686184,1.6601953659093422,1.2334815185098864,3.48529633383731
94,19,UCB,13,4.359313961686184,1.6601953659093422,1.2334815185098864,3.48529633383731
94,19,UCB,14,4.359313961686184,1.6601953659093422,1.2334815185098864,3.48529633383731
94,19,UCB,15,4.359313961686184,1.6601953659093422,1.2334815185098864,3.48529633383731
94,19,UCB,16,4.371991654638722,1.580108501433429,1.2646930483569219,3.3833170000641952
94,19,UCB,17,4.371991654638722,1.580108501433429,1.2646930483569219,3.3833170000641952
94,19,UCB,18,4.371991654638722,1.580108501433429,1.2646930483569219,3.3833170000641952
94,19,UCB,19,4.374691389907697,1.5658706341353583,1.2836780315949547,3.3757894131486714
94,19,UCB,20,4.374691389907697,1.5658706341353583,1.2836780315949547,3.3757894131486714
94,19,UCB,21,4.374691389907697,1.5658706341353583,1.2836780315949547,3.3757894131486714
94,19,UCB,22,4.374691389907697,1.5658706341353583,1.2836780315949547,3.3757894131486714
94,19,UCB,23,4.374691389907697,1.5658706341353583,1.2836780315949547,3.3757894131486714
94,19,UCB,24,4.374691389907697,1.5658706341353583,1.2836780315949547,3.3757894131486714
94,19,UCB,25,4.374691389907697,1.5658706341353583,1.2836780315949547,3.3757894131486714
95,20,UCB,0,3.636075606287758,1.525028880318502,0.6453929209448686,7.011912939326778
95,20,UCB,1,3.636075606287758,1.525028880318502,0.6453929209448686,7.011912939326778
95,20,UCB,2,3.8712105605650997,1.1475504941706896,1.4862895527614803,14.972038069493216
95,20,UCB,3,4.019692282812743,1.2088661689646618,1.124843095176478,7.351043977057749
95,20,UCB,4,4.151175113322445,1.304586315671199,1.218331636945086,6.785039320932263
95,20,UCB,5,4.175325496350309,1.332007566508497,1.2272829544723054,6.608793150591802
95,20,UCB,6,4.175325496350309,1.332007566508497,1.2272829544723054,6.608793150591802
95,20,UCB,7,4.175325496350309,1.332007566508497,1.2272829544723054,6.608793150591802
95,20,UCB,8,4.175325496350309,1.332007566508497,1.2272829544723054,6.608793150591802
95,20,UCB,9,4.188165848641799,1.7944814857901528,1.4415077309543811,7.476379707021036
95,20,UCB,10,4.215167141723017,1.4649027957585048,1.4466225644562414,6.747066054764013
95,20,UCB,11,4.225354366227135,1.5474479249071456,1.3508164267634402,8.564646440908383
95,20,UCB,12,4.225354366227135,1.5474479249071456,1.3508164267634402,8.564646440908383
95,20,UCB,13,4.233338250383838,1.4452142617544728,1.424713094654599,6.261708859800862
95,20,UCB,14,4.233338250383838,1.4452142617544728,1.424713094654599,6.261708859800862
95,20,UCB,15,4.2399720670695284,1.6358403930452372,1.3224578019860607,8.17541014662094
95,20,UCB,16,4.371244171639198,1.684067375507606,1.2525174499757221,3.1447438653351565
95,20,UCB,17,4.371244171639198,1.684067375507606,1.2525174499757221,3.1447438653351565
95,20,UCB,18,4.371244171639198,1.684067375507606,1.2525174499757221,3.1447438653351565
95,20,UCB,19,4.371244171639198,1.684067375507606,1.2525174499757221,3.1447438653351565
95,20,UCB,20,4.386450912702228,1.5904712474228493,1.3685947718803644,2.6109627315214063
95,20,UCB,21,4.386450912702228,1.5904712474228493,1.3685947718803644,2.6109627315214063
95,20,UCB,22,4.386450912702228,1.5904712474228493,1.3685947718803644,2.6109627315214063
95,20,UCB,23,4.386450912702228,1.5904712474228493,1.3685947718803644,2.6109627315214063
95,20,UCB,24,4.386450912702228,1.5904712474228493,1.3685947718803644,2.6109627315214063
95,20,UCB,25,4.386450912702228,1.5904712474228493,1.3685947718803644,2.6109627315214063
96,21,UCB,0,3.4918112135270585,1.8190364294108887,0.6204646034983883,10.64730805493597
96,21,UCB,1,3.4918112135270585,1.8190364294108887,0.6204646034983883,10.64730805493597
96,21,UCB,2,4.3128276051152525,1.7290075143063994,1.412205829947614,4.496811200865153
96,21,UCB,3,4.3128276051152525,1.7290075143063994,1.412205829947614,4.496811200865153
96,21,UCB,4,4.3128276051152525,1.7290075143063994,1.412205829947614,4.496811200865153
96,21,UCB,5,4.3128276051152525,1.7290075143063994,1.412205829947614,4.496811200865153
96,21,UCB,6,4.3128276051152525,1.7290075143063994,1.412205829947614,4.496811200865153
96,21,UCB,7,4.3128276051152525,1.7290075143063994,1.412205829947614,4.496811200865153
96,21,UCB,8,4.3128276051152525,1.7290075143063994,1.412205829947614,4.496811200865153
96,21,UCB,9,4.3128276051152525,1.7290075143063994,1.412205829947614,4.496811200865153
96,21,UCB,10,4.3128276051152525,1.7290075143063994,1.412205829947614,4.496811200865153
96,21,UCB,11,4.3128276051152525,1.7290075143063994,1.412205829947614,4.496811200865153
96,21,UCB,12,4.339470747059681,1.563708814089655,1.2892698062723782,4.466254664729782
96,21,UCB,13,4.339470747059681,1.563708814089655,1.2892698062723782,4.466254664729782
96,21,UCB,14,4.340996924134386,1.6252039835185097,1.314353625523569,4.582988395099589
96,21,UCB,15,4.340996924134386,1.6252039835185097,1.314353625523569,4.582988395099589
96,21,UCB,16,4.351547410466259,1.5059962147202035,1.3192715254082472,3.8915160772438817
96,21,UCB,17,4.351547410466259,1.5059962147202035,1.3192715254082472,3.8915160772438817
96,21,UCB,18,4.356281122624825,1.5187756497264693,1.3652646214729662,3.728300116809273
96,21,UCB,19,4.356281122624825,1.5187756497264693,1.3652646214729662,3.728300116809273
96,21,UCB,20,4.356281122624825,1.5187756497264693,1.3652646214729662,3.728300116809273
96,21,UCB,21,4.356281122624825,1.5187756497264693,1.3652646214729662,3.728300116809273
96,21,UCB,22,4.356281122624825,1.5187756497264693,1.3652646214729662,3.728300116809273
96,21,UCB,23,4.356281122624825,1.5187756497264693,1.3652646214729662,3.728300116809273
96,21,UCB,24,4.357493011548951,1.5552073412923284,1.327608893878748,3.9899913767737396
96,21,UCB,25,4.357493011548951,1.5552073412923284,1.327608893878748,3.9899913767737396
97,22,UCB,0,3.734442057073772,0.8600156289795298,1.291020078086563,8.477720900186016
97,22,UCB,1,3.734442057073772,0.8600156289795298,1.291020078086563,8.477720900186016
97,22,UCB,2,3.734442057073772,0.8600156289795298,1.291020078086563,8.477720900186016
97,22,UCB,3,4.191773154334708,1.5638004795094487,1.182865445327554,8.468267013757407
97,22,UCB,4,4.191773154334708,1.5638004795094487,1.182865445327554,8.468267013757407
97,22,UCB,5,4.191773154334708,1.5638004795094487,1.182865445327554,8.468267013757407
97,22,UCB,6,4.191773154334708,1.5638004795094487,1.182865445327554,8.468267013757407
97,22,UCB,7,4.191773154334708,1.5638004795094487,1.182865445327554,8.468267013757407
97,22,UCB,8,4.191773154334708,1.5638004795094487,1.182865445327554,8.468267013757407
97,22,UCB,9,4.191773154334708,1.5638004795094487,1.182865445327554,8.468267013757407
97,22,UCB,10,4.191773154334708,1.5638004795094487,1.182865445327554,8.468267013757407
97,22,UCB,11,4.196105400723062,1.8061122463211885,1.3234562826347793,8.292097647702914
97,22,UCB,12,4.196105400723062,1.8061122463211885,1.3234562826347793,8.292097647702914
97,22,UCB,13,4.196105400723062,1.8061122463211885,1.3234562826347793,8.292097647702914
97,22,UCB,14,4.196105400723062,1.8061122463211885,1.3234562826347793,8.292097647702914
97,22,UCB,15,4.360231681229801,1.6723860017085141,1.3513804746868896,3.8929041337670385
97,22,UCB,16,4.360231681229801,1.6723860017085141,1.3513804746868896,3.8929041337670385
97,22,UCB,17,4.38645521398184,1.5942476125630844,1.2797672445242827,2.5861878705817682
97,22,UCB,18,4.38645521398184,1.5942476125630844,1.2797672445242827,2.5861878705817682
97,22,UCB,19,4.38645521398184,1.5942476125630844,1.2797672445242827,2.5861878705817682
97,22,UCB,20,4.38645521398184,1.5942476125630844,1.2797672445242827,2.5861878705817682
97,22,UCB,21,4.38645521398184,1.5942476125630844,1.2797672445242827,2.5861878705817682
97,22,UCB,22,4.38645521398184,1.5942476125630844,1.2797672445242827,2.5861878705817682
97,22,UCB,23,4.38645521398184,1.5942476125630844,1.2797672445242827,2.5861878705817682
97,22,UCB,24,4.38645521398184,1.5942476125630844,1.2797672445242827,2.5861878705817682
97,22,UCB,25,4.38645521398184,1.5942476125630844,1.2797672445242827,2.5861878705817682
98,23,UCB,0,3.849876599270708,1.4932279224165703,0.745103773073807,1.9305347205402257
98,23,UCB,1,3.849876599270708,1.4932279224165703,0.745103773073807,1.9305347205402257
98,23,UCB,2,4.057659204007379,1.6026942192832405,0.8940080277957883,4.152683873106601
98,23,UCB,3,4.057659204007379,1.6026942192832405,0.8940080277957883,4.152683873106601
98,23,UCB,4,4.057659204007379,1.6026942192832405,0.8940080277957883,4.152683873106601
98,23,UCB,5,4.057659204007379,1.6026942192832405,0.8940080277957883,4.152683873106601
98,23,UCB,6,4.057659204007379,1.6026942192832405,0.8940080277957883,4.152683873106601
98,23,UCB,7,4.057659204007379,1.6026942192832405,0.8940080277957883,4.152683873106601
98,23,UCB,8,4.057659204007379,1.6026942192832405,0.8940080277957883,4.152683873106601
98,23,UCB,9,4.089436932153888,1.5127405726363992,1.1720003165204913,14.842280857289948
98,23,UCB,10,4.159436913353958,1.721878437110981,1.2485009924779553,11.516785701026935
98,23,UCB,11,4.159436913353958,1.721878437110981,1.2485009924779553,11.516785701026935
98,23,UCB,12,4.159436913353958,1.721878437110981,1.2485009924779553,11.516785701026935
98,23,UCB,13,4.159436913353958,1.721878437110981,1.2485009924779553,11.516785701026935
98,23,UCB,14,4.284248214861351,1.4243815642252828,1.3776982758854395,4.913431444588707
98,23,UCB,15,4.284248214861351,1.4243815642252828,1.3776982758854395,4.913431444588707
98,23,UCB,16,4.356096695561046,1.5109514085615743,1.276495351079019,3.6420115176757664
98,23,UCB,17,4.375159391469513,1.5475417225415522,1.2960985668664757,3.3337505945303603
98,23,UCB,18,4.375159391469513,1.5475417225415522,1.2960985668664757,3.3337505945303603
98,23,UCB,19,4.382326090448235,1.5663395311487056,1.3133104256464554,3.2032942877574606
98,23,UCB,20,4.382326090448235,1.5663395311487056,1.3133104256464554,3.2032942877574606
98,23,UCB,21,4.382326090448235,1.5663395311487056,1.3133104256464554,3.2032942877574606
98,23,UCB,22,4.382326090448235,1.5663395311487056,1.3133104256464554,3.2032942877574606
98,23,UCB,23,4.382326090448235,1.5663395311487056,1.3133104256464554,3.2032942877574606
98,23,UCB,24,4.382326090448235,1.5663395311487056,1.3133104256464554,3.2032942877574606
98,23,UCB,25,4.382326090448235,1.5663395311487056,1.3133104256464554,3.2032942877574606
99,24,UCB,0,3.9519987751424406,1.9657124671926556,0.9925602450950795,6.14947418219028
99,24,UCB,1,3.9519987751424406,1.9657124671926556,0.9925602450950795,6.14947418219028
99,24,UCB,2,3.9519987751424406,1.9657124671926556,0.9925602450950795,6.14947418219028
99,24,UCB,3,3.9519987751424406,1.9657124671926556,0.9925602450950795,6.14947418219028
99,24,UCB,4,3.9519987751424406,1.9657124671926556,0.9925602450950795,6.14947418219028
99,24,UCB,5,3.9519987751424406,1.9657124671926556,0.9925602450950795,6.14947418219028
99,24,UCB,6,3.9519987751424406,1.9657124671926556,0.9925602450950795,6.14947418219028
99,24,UCB,7,3.9938456708699928,1.7708989532101849,1.5519959163161996,14.741633430963477
99,24,UCB,8,4.225682792747981,1.4145150557314654,1.1255850958506581,1.8622121797998152
99,24,UCB,9,4.282435057911017,1.5129740257523445,1.1790481229195313,4.746029471934226
99,24,UCB,10,4.282435057911017,1.5129740257523445,1.1790481229195313,4.746029471934226
99,24,UCB,11,4.299699422804864,1.580385705257429,1.138985270734917,3.8479331542278055
99,24,UCB,12,4.299699422804864,1.580385705257429,1.138985270734917,3.8479331542278055
99,24,UCB,13,4.318514676740657,1.6415519095820703,1.164231650748793,3.784055334188987
99,24,UCB,14,4.320133416847003,1.553597499378193,1.1766461773863077,3.829180217208999
99,24,UCB,15,4.334821139765356,1.6034173470505193,1.2069030337400037,3.9695300327985583
99,24,UCB,16,4.334821139765356,1.6034173470505193,1.2069030337400037,3.9695300327985583
99,24,UCB,17,4.337656266794214,1.6725482412972066,1.1946685474422698,3.6121041636888656
99,24,UCB,18,4.340367109920926,1.6027887716795859,1.1933712083629056,3.604667948750151
99,24,UCB,19,4.340367109920926,1.6027887716795859,1.1933712083629056,3.604667948750151
99,24,UCB,20,4.346637490075557,1.6517569115644108,1.187875557029622,3.2456090945077336
99,24,UCB,21,4.350283931064311,1.642741561421837,1.2020689532117257,3.3949818050763785
99,24,UCB,22,4.350283931064311,1.642741561421837,1.2020689532117257,3.3949818050763785
99,24,UCB,23,4.350283931064311,1.642741561421837,1.2020689532117257,3.3949818050763785
99,24,UCB,24,4.350283931064311,1.642741561421837,1.2020689532117257,3.3949818050763785
99,24,UCB,25,4.350283931064311,1.642741561421837,1.2020689532117257,3.3949818050763785
100,0,RANDOM,0,3.911910942489584,1.166997894041951,1.0532379634439946,8.154831246989877
100,0,RANDOM,1,3.911910942489584,1.166997894041951,1.0532379634439946,8.154831246989877
100,0,RANDOM,2,3.911910942489584,1.166997894041951,1.0532379634439946,8.154831246989877
100,0,RANDOM,3,3.911910942489584,1.166997894041951,1.0532379634439946,8.154831246989877
100,0,RANDOM,4,3.911910942489584,1.166997894041951,1.0532379634439946,8.154831246989877
100,0,RANDOM,5,4.149178995991316,1.4147126280921887,1.3944316275574131,10.172603221996132
100,0,RANDOM,6,4.149178995991316,1.4147126280921887,1.3944316275574131,10.172603221996132
100,0,RANDOM,7,4.149178995991316,1.4147126280921887,1.3944316275574131,10.172603221996132
100,0,RANDOM,8,4.149178995991316,1.4147126280921887,1.3944316275574131,10.172603221996132
100,0,RANDOM,9,4.149178995991316,1.4147126280921887,1.3944316275574131,10.172603221996132
100,0,RANDOM,10,4.149178995991316,1.4147126280921887,1.3944316275574131,10.172603221996132
100,0,RANDOM,11,4.149178995991316,1.4147126280921887,1.3944316275574131,10.172603221996132
100,0,RANDOM,12,4.149178995991316,1.4147126280921887,1.3944316275574131,10.172603221996132
100,0,RANDOM,13,4.149178995991316,1.4147126280921887,1.3944316275574131,10.172603221996132
100,0,RANDOM,14,4.149178995991316,1.4147126280921887,1.3944316275574131,10.172603221996132
100,0,RANDOM,15,4.149178995991316,1.4147126280921887,1.3944316275574131,10.172603221996132
100,0,RANDOM,16,4.149178995991316,1.4147126280921887,1.3944316275574131,10.172603221996132
100,0,RANDOM,17,4.149178995991316,1.4147126280921887,1.3944316275574131,10.172603221996132
100,0,RANDOM,18,4.149178995991316,1.4147126280921887,1.3944316275574131,10.172603221996132
100,0,RANDOM,19,4.149178995991316,1.4147126280921887,1.3944316275574131,10.172603221996132
100,0,RANDOM,20,4.149178995991316,1.4147126280921887,1.3944316275574131,10.172603221996132
100,0,RANDOM,21,4.149178995991316,1.4147126280921887,1.3944316275574131,10.172603221996132
100,0,RANDOM,22,4.149178995991316,1.4147126280921887,1.3944316275574131,10.172603221996132
100,0,RANDOM,23,4.149178995991316,1.4147126280921887,1.3944316275574131,10.172603221996132
100,0,RANDOM,24,4.173185727051981,1.5327360332724997,1.3261968785011962,11.709066411222024
100,0,RANDOM,25,4.173185727051981,1.5327360332724997,1.3261968785011962,11.709066411222024
101,1,RANDOM,0,3.104339427457295,0.8126774115048594,1.8266229371407734,2.163250031181786
101,1,RANDOM,1,3.4242983397505267,0.9936418987976516,0.6979223480251093,4.936989564873609
101,1,RANDOM,2,3.4242983397505267,0.9936418987976516,0.6979223480251093,4.936989564873609
101,1,RANDOM,3,3.4242983397505267,0.9936418987976516,0.6979223480251093,4.936989564873609
101,1,RANDOM,4,3.4242983397505267,0.9936418987976516,0.6979223480251093,4.936989564873609
101,1,RANDOM,5,3.4242983397505267,0.9936418987976516,0.6979223480251093,4.936989564873609
101,1,RANDOM,6,3.4242983397505267,0.9936418987976516,0.6979223480251093,4.936989564873609
101,1,RANDOM,7,3.4242983397505267,0.9936418987976516,0.6979223480251093,4.936989564873609
101,1,RANDOM,8,4.03020058502108,1.9199653589285535,1.415940112644444,13.486060388665196
101,1,RANDOM,9,4.03020058502108,1.9199653589285535,1.415940112644444,13.486060388665196
101,1,RANDOM,10,4.2978913553512434,1.835921924185036,1.214997850570715,3.4754506098634566
101,1,RANDOM,11,4.2978913553512434,1.835921924185036,1.214997850570715,3.4754506098634566
101,1,RANDOM,12,4.2978913553512434,1.835921924185036,1.214997850570715,3.4754506098634566
101,1,RANDOM,13,4.2978913553512434,1.835921924185036,1.214997850570715,3.4754506098634566
101,1,RANDOM,14,4.2978913553512434,1.835921924185036,1.214997850570715,3.4754506098634566
101,1,RANDOM,15,4.308668905538571,1.440133122372806,1.4294182329573961,2.0554190363718354
101,1,RANDOM,16,4.308668905538571,1.440133122372806,1.4294182329573961,2.0554190363718354
101,1,RANDOM,17,4.308668905538571,1.440133122372806,1.4294182329573961,2.0554190363718354
101,1,RANDOM,18,4.308668905538571,1.440133122372806,1.4294182329573961,2.0554190363718354
101,1,RANDOM,19,4.308668905538571,1.440133122372806,1.4294182329573961,2.0554190363718354
101,1,RANDOM,20,4.308668905538571,1.440133122372806,1.4294182329573961,2.0554190363718354
101,1,RANDOM,21,4.308668905538571,1.440133122372806,1.4294182329573961,2.0554190363718354
101,1,RANDOM,22,4.308668905538571,1.440133122372806,1.4294182329573961,2.0554190363718354
101,1,RANDOM,23,4.308668905538571,1.440133122372806,1.4294182329573961,2.0554190363718354
101,1,RANDOM,24,4.308668905538571,1.440133122372806,1.4294182329573961,2.0554190363718354
101,1,RANDOM,25,4.308668905538571,1.440133122372806,1.4294182329573961,2.0554190363718354
102,2,RANDOM,0,3.444127279905535,1.3568271765900897,0.46792981973149805,2.2517838873167366
102,2,RANDOM,1,3.444127279905535,1.3568271765900897,0.46792981973149805,2.2517838873167366
102,2,RANDOM,2,3.785266961711176,1.8355537554508818,1.667332996487176,14.62512941947099
102,2,RANDOM,3,3.785266961711176,1.8355537554508818,1.667332996487176,14.62512941947099
102,2,RANDOM,4,3.785266961711176,1.8355537554508818,1.667332996487176,14.62512941947099
102,2,RANDOM,5,3.785266961711176,1.8355537554508818,1.667332996487176,14.62512941947099
102,2,RANDOM,6,4.3030941708757275,1.7943229181650526,1.2384421515963044,4.197239432062848
102,2,RANDOM,7,4.3030941708757275,1.7943229181650526,1.2384421515963044,4.197239432062848
102,2,RANDOM,8,4.3030941708757275,1.7943229181650526,1.2384421515963044,4.197239432062848
102,2,RANDOM,9,4.3030941708757275,1.7943229181650526,1.2384421515963044,4.197239432062848
102,2,RANDOM,10,4.3030941708757275,1.7943229181650526,1.2384421515963044,4.197239432062848
102,2,RANDOM,11,4.3030941708757275,1.7943229181650526,1.2384421515963044,4.197239432062848
102,2,RANDOM,12,4.3030941708757275,1.7943229181650526,1.2384421515963044,4.197239432062848
102,2,RANDOM,13,4.3030941708757275,1.7943229181650526,1.2384421515963044,4.197239432062848
102,2,RANDOM,14,4.3030941708757275,1.7943229181650526,1.2384421515963044,4.197239432062848
102,2,RANDOM,15,4.3030941708757275,1.7943229181650526,1.2384421515963044,4.197239432062848
102,2,RANDOM,16,4.3030941708757275,1.7943229181650526,1.2384421515963044,4.197239432062848
102,2,RANDOM,17,4.3030941708757275,1.7943229181650526,1.2384421515963044,4.197239432062848
102,2,RANDOM,18,4.3030941708757275,1.7943229181650526,1.2384421515963044,4.197239432062848
102,2,RANDOM,19,4.3030941708757275,1.7943229181650526,1.2384421515963044,4.197239432062848
102,2,RANDOM,20,4.3030941708757275,1.7943229181650526,1.2384421515963044,4.197239432062848
102,2,RANDOM,21,4.3030941708757275,1.7943229181650526,1.2384421515963044,4.197239432062848
102,2,RANDOM,22,4.3030941708757275,1.7943229181650526,1.2384421515963044,4.197239432062848
102,2,RANDOM,23,4.3030941708757275,1.7943229181650526,1.2384421515963044,4.197239432062848
102,2,RANDOM,24,4.3030941708757275,1.7943229181650526,1.2384421515963044,4.197239432062848
102,2,RANDOM,25,4.3030941708757275,1.7943229181650526,1.2384421515963044,4.197239432062848
103,3,RANDOM,0,3.0102610659693836,2.232324270253552,0.5480702896181784,7.0701736680622895
103,3,RANDOM,1,3.0102610659693836,2.232324270253552,0.5480702896181784,7.0701736680622895
103,3,RANDOM,2,3.0102610659693836,2.232324270253552,0.5480702896181784,7.0701736680622895
103,3,RANDOM,3,3.0102610659693836,2.232324270253552,0.5480702896181784,7.0701736680622895
103,3,RANDOM,4,3.3695227375434267,0.6159381699621524,1.0647370067417983,6.580466773915153
103,3,RANDOM,5,3.3695227375434267,0.6159381699621524,1.0647370067417983,6.580466773915153
103,3,RANDOM,6,3.3695227375434267,0.6159381699621524,1.0647370067417983,6.580466773915153
103,3,RANDOM,7,3.666769806726832,0.8337713214456695,1.2553268941420055,10.16876512338193
103,3,RANDOM,8,3.666769806726832,0.8337713214456695,1.2553268941420055,10.16876512338193
103,3,RANDOM,9,3.666769806726832,0.8337713214456695,1.2553268941420055,10.16876512338193
103,3,RANDOM,10,3.666769806726832,0.8337713214456695,1.2553268941420055,10.16876512338193
103,3,RANDOM,11,3.8197077826287384,1.251980606559202,1.6919007615687298,5.495904838228469
103,3,RANDOM,12,3.8197077826287384,1.251980606559202,1.6919007615687298,5.495904838228469
103,3,RANDOM,13,3.8197077826287384,1.251980606559202,1.6919007615687298,5.495904838228469
103,3,RANDOM,14,3.8197077826287384,1.251980606559202,1.6919007615687298,5.495904838228469
103,3,RANDOM,15,4.130754232642198,1.5451054372168378,1.6111269725149007,1.8663147642565008
103,3,RANDOM,16,4.130754232642198,1.5451054372168378,1.6111269725149007,1.8663147642565008
103,3,RANDOM,17,4.130754232642198,1.5451054372168378,1.6111269725149007,1.8663147642565008
103,3,RANDOM,18,4.130754232642198,1.5451054372168378,1.6111269725149007,1.8663147642565008
103,3,RANDOM,19,4.130754232642198,1.5451054372168378,1.6111269725149007,1.8663147642565008
103,3,RANDOM,20,4.130754232642198,1.5451054372168378,1.6111269725149007,1.8663147642565008
103,3,RANDOM,21,4.130754232642198,1.5451054372168378,1.6111269725149007,1.8663147642565008
103,3,RANDOM,22,4.130754232642198,1.5451054372168378,1.6111269725149007,1.8663147642565008
103,3,RANDOM,23,4.130754232642198,1.5451054372168378,1.6111269725149007,1.8663147642565008
103,3,RANDOM,24,4.130754232642198,1.5451054372168378,1.6111269725149007,1.8663147642565008
103,3,RANDOM,25,4.130754232642198,1.5451054372168378,1.6111269725149007,1.8663147642565008
104,4,RANDOM,0,3.557458546444625,0.9327090146531924,1.6577527790059592,7.157825704064256
104,4,RANDOM,1,3.6721744628874626,1.0734575988045867,1.619402939313379,12.528754729093
104,4,RANDOM,2,3.6721744628874626,1.0734575988045867,1.619402939313379,12.528754729093
104,4,RANDOM,3,3.6721744628874626,1.0734575988045867,1.619402939313379,12.528754729093
104,4,RANDOM,4,3.8045835201332743,0.9899249494910323,1.3408091127575874,13.158510494980987
104,4,RANDOM,5,3.8045835201332743,0.9899249494910323,1.3408091127575874,13.158510494980987
104,4,RANDOM,6,4.121026975233455,1.2356655052781926,1.305789378592792,1.5266196689118607
104,4,RANDOM,7,4.121026975233455,1.2356655052781926,1.305789378592792,1.5266196689118607
104,4,RANDOM,8,4.121026975233455,1.2356655052781926,1.305789378592792,1.5266196689118607
104,4,RANDOM,9,4.121026975233455,1.2356655052781926,1.305789378592792,1.5266196689118607
104,4,RANDOM,10,4.121026975233455,1.2356655052781926,1.305789378592792,1.5266196689118607
104,4,RANDOM,11,4.121026975233455,1.2356655052781926,1.305789378592792,1.5266196689118607
104,4,RANDOM,12,4.121026975233455,1.2356655052781926,1.305789378592792,1.5266196689118607
104,4,RANDOM,13,4.121026975233455,1.2356655052781926,1.305789378592792,1.5266196689118607
104,4,RANDOM,14,4.121026975233455,1.2356655052781926,1.305789378592792,1.5266196689118607
104,4,RANDOM,15,4.121026975233455,1.2356655052781926,1.305789378592792,1.5266196689118607
104,4,RANDOM,16,4.121026975233455,1.2356655052781926,1.305789378592792,1.5266196689118607
104,4,RANDOM,17,4.121026975233455,1.2356655052781926,1.305789378592792,1.5266196689118607
104,4,RANDOM,18,4.121026975233455,1.2356655052781926,1.305789378592792,1.5266196689118607
104,4,RANDOM,19,4.121026975233455,1.2356655052781926,1.305789378592792,1.5266196689118607
104,4,RANDOM,20,4.121026975233455,1.2356655052781926,1.305789378592792,1.5266196689118607
104,4,RANDOM,21,4.121026975233455,1.2356655052781926,1.305789378592792,1.5266196689118607
104,4,RANDOM,22,4.121026975233455,1.2356655052781926,1.305789378592792,1.5266196689118607
104,4,RANDOM,23,4.121026975233455,1.2356655052781926,1.305789378592792,1.5266196689118607
104,4,RANDOM,24,4.121026975233455,1.2356655052781926,1.305789378592792,1.5266196689118607
104,4,RANDOM,25,4.132163815490043,2.0686044705126543,1.292626776747949,2.7886984375241215
105,5,RANDOM,0,4.227399987146568,1.438101388900841,1.5453097581462618,3.4105505588884606
105,5,RANDOM,1,4.227399987146568,1.438101388900841,1.5453097581462618,3.4105505588884606
105,5,RANDOM,2,4.2330637148187815,1.6048336330546293,1.376012786851848,8.236269064203983
105,5,RANDOM,3,4.252521828911306,1.8643820020980204,1.364871166869495,4.94471991611338
105,5,RANDOM,4,4.252521828911306,1.8643820020980204,1.364871166869495,4.94471991611338
105,5,RANDOM,5,4.252521828911306,1.8643820020980204,1.364871166869495,4.94471991611338
105,5,RANDOM,6,4.252521828911306,1.8643820020980204,1.364871166869495,4.94471991611338
105,5,RANDOM,7,4.252521828911306,1.8643820020980204,1.364871166869495,4.94471991611338
105,5,RANDOM,8,4.252521828911306,1.8643820020980204,1.364871166869495,4.94471991611338
105,5,RANDOM,9,4.252521828911306,1.8643820020980204,1.364871166869495,4.94471991611338
105,5,RANDOM,10,4.252521828911306,1.8643820020980204,1.364871166869495,4.94471991611338
105,5,RANDOM,11,4.252521828911306,1.8643820020980204,1.364871166869495,4.94471991611338
105,5,RANDOM,12,4.252521828911306,1.8643820020980204,1.364871166869495,4.94471991611338
105,5,RANDOM,13,4.252521828911306,1.8643820020980204,1.364871166869495,4.94471991611338
105,5,RANDOM,14,4.252521828911306,1.8643820020980204,1.364871166869495,4.94471991611338
105,5,RANDOM,15,4.252521828911306,1.8643820020980204,1.364871166869495,4.94471991611338
105,5,RANDOM,16,4.252521828911306,1.8643820020980204,1.364871166869495,4.94471991611338
105,5,RANDOM,17,4.252521828911306,1.8643820020980204,1.364871166869495,4.94471991611338
105,5,RANDOM,18,4.252521828911306,1.8643820020980204,1.364871166869495,4.94471991611338
105,5,RANDOM,19,4.252521828911306,1.8643820020980204,1.364871166869495,4.94471991611338
105,5,RANDOM,20,4.252521828911306,1.8643820020980204,1.364871166869495,4.94471991611338
105,5,RANDOM,21,4.252521828911306,1.8643820020980204,1.364871166869495,4.94471991611338
105,5,RANDOM,22,4.252521828911306,1.8643820020980204,1.364871166869495,4.94471991611338
105,5,RANDOM,23,4.252521828911306,1.8643820020980204,1.364871166869495,4.94471991611338
105,5,RANDOM,24,4.252521828911306,1.8643820020980204,1.364871166869495,4.94471991611338
105,5,RANDOM,25,4.252521828911306,1.8643820020980204,1.364871166869495,4.94471991611338
106,6,RANDOM,0,3.300511306741468,1.7381265975850662,0.38950021520552625,1.6040942984570679
106,6,RANDOM,1,4.010325991559462,1.677216861754217,1.6108551293271285,9.117607903290656
106,6,RANDOM,2,4.010325991559462,1.677216861754217,1.6108551293271285,9.117607903290656
106,6,RANDOM,3,4.010325991559462,1.677216861754217,1.6108551293271285,9.117607903290656
106,6,RANDOM,4,4.010325991559462,1.677216861754217,1.6108551293271285,9.117607903290656
106,6,RANDOM,5,4.010325991559462,1.677216861754217,1.6108551293271285,9.117607903290656
106,6,RANDOM,6,4.010325991559462,1.677216861754217,1.6108551293271285,9.117607903290656
106,6,RANDOM,7,4.010325991559462,1.677216861754217,1.6108551293271285,9.117607903290656
106,6,RANDOM,8,4.010325991559462,1.677216861754217,1.6108551293271285,9.117607903290656
106,6,RANDOM,9,4.010325991559462,1.677216861754217,1.6108551293271285,9.117607903290656
106,6,RANDOM,10,4.010325991559462,1.677216861754217,1.6108551293271285,9.117607903290656
106,6,RANDOM,11,4.010325991559462,1.677216861754217,1.6108551293271285,9.117607903290656
106,6,RANDOM,12,4.010325991559462,1.677216861754217,1.6108551293271285,9.117607903290656
106,6,RANDOM,13,4.010325991559462,1.677216861754217,1.6108551293271285,9.117607903290656
106,6,RANDOM,14,4.010325991559462,1.677216861754217,1.6108551293271285,9.117607903290656
106,6,RANDOM,15,4.010325991559462,1.677216861754217,1.6108551293271285,9.117607903290656
106,6,RANDOM,16,4.010325991559462,1.677216861754217,1.6108551293271285,9.117607903290656
106,6,RANDOM,17,4.010325991559462,1.677216861754217,1.6108551293271285,9.117607903290656
106,6,RANDOM,18,4.010325991559462,1.677216861754217,1.6108551293271285,9.117607903290656
106,6,RANDOM,19,4.010325991559462,1.677216861754217,1.6108551293271285,9.117607903290656
106,6,RANDOM,20,4.010325991559462,1.677216861754217,1.6108551293271285,9.117607903290656
106,6,RANDOM,21,4.010325991559462,1.677216861754217,1.6108551293271285,9.117607903290656
106,6,RANDOM,22,4.010325991559462,1.677216861754217,1.6108551293271285,9.117607903290656
106,6,RANDOM,23,4.010325991559462,1.677216861754217,1.6108551293271285,9.117607903290656
106,6,RANDOM,24,4.010325991559462,1.677216861754217,1.6108551293271285,9.117607903290656
106,6,RANDOM,25,4.010325991559462,1.677216861754217,1.6108551293271285,9.117607903290656
107,7,RANDOM,0,3.781100281171634,1.2359817587016404,1.640248303393514,11.635509667987657
107,7,RANDOM,1,3.781100281171634,1.2359817587016404,1.640248303393514,11.635509667987657
107,7,RANDOM,2,3.781100281171634,1.2359817587016404,1.640248303393514,11.635509667987657
107,7,RANDOM,3,3.781100281171634,1.2359817587016404,1.640248303393514,11.635509667987657
107,7,RANDOM,4,3.781100281171634,1.2359817587016404,1.640248303393514,11.635509667987657
107,7,RANDOM,5,3.781100281171634,1.2359817587016404,1.640248303393514,11.635509667987657
107,7,RANDOM,6,3.781100281171634,1.2359817587016404,1.640248303393514,11.635509667987657
107,7,RANDOM,7,3.781100281171634,1.2359817587016404,1.640248303393514,11.635509667987657
107,7,RANDOM,8,3.781100281171634,1.2359817587016404,1.640248303393514,11.635509667987657
107,7,RANDOM,9,3.781100281171634,1.2359817587016404,1.640248303393514,11.635509667987657
107,7,RANDOM,10,3.781100281171634,1.2359817587016404,1.640248303393514,11.635509667987657
107,7,RANDOM,11,3.781100281171634,1.2359817587016404,1.640248303393514,11.635509667987657
107,7,RANDOM,12,3.781100281171634,1.2359817587016404,1.640248303393514,11.635509667987657
107,7,RANDOM,13,3.781100281171634,1.2359817587016404,1.640248303393514,11.635509667987657
107,7,RANDOM,14,3.781100281171634,1.2359817587016404,1.640248303393514,11.635509667987657
107,7,RANDOM,15,3.781100281171634,1.2359817587016404,1.640248303393514,11.635509667987657
107,7,RANDOM,16,3.781100281171634,1.2359817587016404,1.640248303393514,11.635509667987657
107,7,RANDOM,17,3.781100281171634,1.2359817587016404,1.640248303393514,11.635509667987657
107,7,RANDOM,18,3.850320768356653,2.1294188480598795,1.4030319629261405,10.324571012407693
107,7,RANDOM,19,3.850320768356653,2.1294188480598795,1.4030319629261405,10.324571012407693
107,7,RANDOM,20,3.850320768356653,2.1294188480598795,1.4030319629261405,10.324571012407693
107,7,RANDOM,21,3.850320768356653,2.1294188480598795,1.4030319629261405,10.324571012407693
107,7,RANDOM,22,3.850320768356653,2.1294188480598795,1.4030319629261405,10.324571012407693
107,7,RANDOM,23,3.850320768356653,2.1294188480598795,1.4030319629261405,10.324571012407693
107,7,RANDOM,24,3.850320768356653,2.1294188480598795,1.4030319629261405,10.324571012407693
107,7,RANDOM,25,3.850320768356653,2.1294188480598795,1.4030319629261405,10.324571012407693
108,8,RANDOM,0,4.1189671343701795,1.8468073731594483,1.5446377909367563,5.866881013281371
108,8,RANDOM,1,4.1189671343701795,1.8468073731594483,1.5446377909367563,5.866881013281371
108,8,RANDOM,2,4.1189671343701795,1.8468073731594483,1.5446377909367563,5.866881013281371
108,8,RANDOM,3,4.1189671343701795,1.8468073731594483,1.5446377909367563,5.866881013281371
108,8,RANDOM,4,4.1189671343701795,1.8468073731594483,1.5446377909367563,5.866881013281371
108,8,RANDOM,5,4.18807357300763,1.267104874078007,1.3769101343581087,5.291658186918859
108,8,RANDOM,6,4.18807357300763,1.267104874078007,1.3769101343581087,5.291658186918859
108,8,RANDOM,7,4.18807357300763,1.267104874078007,1.3769101343581087,5.291658186918859
108,8,RANDOM,8,4.18807357300763,1.267104874078007,1.3769101343581087,5.291658186918859
108,8,RANDOM,9,4.18807357300763,1.267104874078007,1.3769101343581087,5.291658186918859
108,8,RANDOM,10,4.18807357300763,1.267104874078007,1.3769101343581087,5.291658186918859
108,8,RANDOM,11,4.18807357300763,1.267104874078007,1.3769101343581087,5.291658186918859
108,8,RANDOM,12,4.18807357300763,1.267104874078007,1.3769101343581087,5.291658186918859
108,8,RANDOM,13,4.18807357300763,1.267104874078007,1.3769101343581087,5.291658186918859
108,8,RANDOM,14,4.18807357300763,1.267104874078007,1.3769101343581087,5.291658186918859
108,8,RANDOM,15,4.18807357300763,1.267104874078007,1.3769101343581087,5.291658186918859
108,8,RANDOM,16,4.18807357300763,1.267104874078007,1.3769101343581087,5.291658186918859
108,8,RANDOM,17,4.18807357300763,1.267104874078007,1.3769101343581087,5.291658186918859
108,8,RANDOM,18,4.18807357300763,1.267104874078007,1.3769101343581087,5.291658186918859
108,8,RANDOM,19,4.18807357300763,1.267104874078007,1.3769101343581087,5.291658186918859
108,8,RANDOM,20,4.18807357300763,1.267104874078007,1.3769101343581087,5.291658186918859
108,8,RANDOM,21,4.18807357300763,1.267104874078007,1.3769101343581087,5.291658186918859
108,8,RANDOM,22,4.18807357300763,1.267104874078007,1.3769101343581087,5.291658186918859
108,8,RANDOM,23,4.18807357300763,1.267104874078007,1.3769101343581087,5.291658186918859
108,8,RANDOM,24,4.18807357300763,1.267104874078007,1.3769101343581087,5.291658186918859
108,8,RANDOM,25,4.18807357300763,1.267104874078007,1.3769101343581087,5.291658186918859
109,9,RANDOM,0,3.939896854241996,1.805644867872708,1.0062612036124783,13.730786427237122
109,9,RANDOM,1,3.939896854241996,1.805644867872708,1.0062612036124783,13.730786427237122
109,9,RANDOM,2,3.939896854241996,1.805644867872708,1.0062612036124783,13.730786427237122
109,9,RANDOM,3,3.939896854241996,1.805644867872708,1.0062612036124783,13.730786427237122
109,9,RANDOM,4,3.939896854241996,1.805644867872708,1.0062612036124783,13.730786427237122
109,9,RANDOM,5,3.939896854241996,1.805644867872708,1.0062612036124783,13.730786427237122
109,9,RANDOM,6,3.939896854241996,1.805644867872708,1.0062612036124783,13.730786427237122
109,9,RANDOM,7,3.939896854241996,1.805644867872708,1.0062612036124783,13.730786427237122
109,9,RANDOM,8,3.939896854241996,1.805644867872708,1.0062612036124783,13.730786427237122
109,9,RANDOM,9,3.939896854241996,1.805644867872708,1.0062612036124783,13.730786427237122
109,9,RANDOM,10,3.939896854241996,1.805644867872708,1.0062612036124783,13.730786427237122
109,9,RANDOM,11,3.939896854241996,1.805644867872708,1.0062612036124783,13.730786427237122
109,9,RANDOM,12,3.939896854241996,1.805644867872708,1.0062612036124783,13.730786427237122
109,9,RANDOM,13,4.1197991151628,1.7288307615883594,1.1881184240372984,12.56128801757919
109,9,RANDOM,14,4.1197991151628,1.7288307615883594,1.1881184240372984,12.56128801757919
109,9,RANDOM,15,4.1197991151628,1.7288307615883594,1.1881184240372984,12.56128801757919
109,9,RANDOM,16,4.1197991151628,1.7288307615883594,1.1881184240372984,12.56128801757919
109,9,RANDOM,17,4.1197991151628,1.7288307615883594,1.1881184240372984,12.56128801757919
109,9,RANDOM,18,4.1197991151628,1.7288307615883594,1.1881184240372984,12.56128801757919
109,9,RANDOM,19,4.1197991151628,1.7288307615883594,1.1881184240372984,12.56128801757919
109,9,RANDOM,20,4.1197991151628,1.7288307615883594,1.1881184240372984,12.56128801757919
109,9,RANDOM,21,4.1197991151628,1.7288307615883594,1.1881184240372984,12.56128801757919
109,9,RANDOM,22,4.1197991151628,1.7288307615883594,1.1881184240372984,12.56128801757919
109,9,RANDOM,23,4.1197991151628,1.7288307615883594,1.1881184240372984,12.56128801757919
109,9,RANDOM,24,4.1197991151628,1.7288307615883594,1.1881184240372984,12.56128801757919
109,9,RANDOM,25,4.1197991151628,1.7288307615883594,1.1881184240372984,12.56128801757919
110,10,RANDOM,0,4.228476437661166,1.474929324942087,1.4461170350929762,6.383209452077245
110,10,RANDOM,1,4.228476437661166,1.474929324942087,1.4461170350929762,6.383209452077245
110,10,RANDOM,2,4.228476437661166,1.474929324942087,1.4461170350929762,6.383209452077245
110,10,RANDOM,3,4.228476437661166,1.474929324942087,1.4461170350929762,6.383209452077245
110,10,RANDOM,4,4.228476437661166,1.474929324942087,1.4461170350929762,6.383209452077245
110,10,RANDOM,5,4.228476437661166,1.474929324942087,1.4461170350929762,6.383209452077245
110,10,RANDOM,6,4.228476437661166,1.474929324942087,1.4461170350929762,6.383209452077245
110,10,RANDOM,7,4.228476437661166,1.474929324942087,1.4461170350929762,6.383209452077245
110,10,RANDOM,8,4.228476437661166,1.474929324942087,1.4461170350929762,6.383209452077245
110,10,RANDOM,9,4.228476437661166,1.474929324942087,1.4461170350929762,6.383209452077245
110,10,RANDOM,10,4.228476437661166,1.474929324942087,1.4461170350929762,6.383209452077245
110,10,RANDOM,11,4.228476437661166,1.474929324942087,1.4461170350929762,6.383209452077245
110,10,RANDOM,12,4.2831103181500945,1.8586806763789419,1.270440276050953,4.0852796489256065
110,10,RANDOM,13,4.2831103181500945,1.8586806763789419,1.270440276050953,4.0852796489256065
110,10,RANDOM,14,4.2831103181500945,1.8586806763789419,1.270440276050953,4.0852796489256065
110,10,RANDOM,15,4.2831103181500945,1.8586806763789419,1.270440276050953,4.0852796489256065
110,10,RANDOM,16,4.2831103181500945,1.8586806763789419,1.270440276050953,4.0852796489256065
110,10,RANDOM,17,4.2831103181500945,1.8586806763789419,1.270440276050953,4.0852796489256065
110,10,RANDOM,18,4.2831103181500945,1.8586806763789419,1.270440276050953,4.0852796489256065
110,10,RANDOM,19,4.2831103181500945,1.8586806763789419,1.270440276050953,4.0852796489256065
110,10,RANDOM,20,4.2831103181500945,1.8586806763789419,1.270440276050953,4.0852796489256065
110,10,RANDOM,21,4.2831103181500945,1.8586806763789419,1.270440276050953,4.0852796489256065
110,10,RANDOM,22,4.2831103181500945,1.8586806763789419,1.270440276050953,4.0852796489256065
110,10,RANDOM,23,4.2831103181500945,1.8586806763789419,1.270440276050953,4.0852796489256065
110,10,RANDOM,24,4.2831103181500945,1.8586806763789419,1.270440276050953,4.0852796489256065
110,10,RANDOM,25,4.2831103181500945,1.8586806763789419,1.270440276050953,4.0852796489256065
111,11,RANDOM,0,4.150840781678124,1.8978314292801928,1.5356674314484513,1.9322663087465377
111,11,RANDOM,1,4.150840781678124,1.8978314292801928,1.5356674314484513,1.9322663087465377
111,11,RANDOM,2,4.150840781678124,1.8978314292801928,1.5356674314484513,1.9322663087465377
111,11,RANDOM,3,4.150840781678124,1.8978314292801928,1.5356674314484513,1.9322663087465377
111,11,RANDOM,4,4.150840781678124,1.8978314292801928,1.5356674314484513,1.9322663087465377
111,11,RANDOM,5,4.150840781678124,1.8978314292801928,1.5356674314484513,1.9322663087465377
111,11,RANDOM,6,4.150840781678124,1.8978314292801928,1.5356674314484513,1.9322663087465377
111,11,RANDOM,7,4.150840781678124,1.8978314292801928,1.5356674314484513,1.9322663087465377
111,11,RANDOM,8,4.150840781678124,1.8978314292801928,1.5356674314484513,1.9322663087465377
111,11,RANDOM,9,4.150840781678124,1.8978314292801928,1.5356674314484513,1.9322663087465377
111,11,RANDOM,10,4.150840781678124,1.8978314292801928,1.5356674314484513,1.9322663087465377
111,11,RANDOM,11,4.150840781678124,1.8978314292801928,1.5356674314484513,1.9322663087465377
111,11,RANDOM,12,4.150840781678124,1.8978314292801928,1.5356674314484513,1.9322663087465377
111,11,RANDOM,13,4.150840781678124,1.8978314292801928,1.5356674314484513,1.9322663087465377
111,11,RANDOM,14,4.150840781678124,1.8978314292801928,1.5356674314484513,1.9322663087465377
111,11,RANDOM,15,4.2489107646725275,1.4847912846556177,1.5450123028461897,2.3620130626234843
111,11,RANDOM,16,4.2489107646725275,1.4847912846556177,1.5450123028461897,2.3620130626234843
111,11,RANDOM,17,4.2489107646725275,1.4847912846556177,1.5450123028461897,2.3620130626234843
111,11,RANDOM,18,4.2489107646725275,1.4847912846556177,1.5450123028461897,2.3620130626234843
111,11,RANDOM,19,4.2489107646725275,1.4847912846556177,1.5450123028461897,2.3620130626234843
111,11,RANDOM,20,4.2489107646725275,1.4847912846556177,1.5450123028461897,2.3620130626234843
111,11,RANDOM,21,4.2489107646725275,1.4847912846556177,1.5450123028461897,2.3620130626234843
111,11,RANDOM,22,4.2489107646725275,1.4847912846556177,1.5450123028461897,2.3620130626234843
111,11,RANDOM,23,4.2489107646725275,1.4847912846556177,1.5450123028461897,2.3620130626234843
111,11,RANDOM,24,4.2489107646725275,1.4847912846556177,1.5450123028461897,2.3620130626234843
111,11,RANDOM,25,4.2489107646725275,1.4847912846556177,1.5450123028461897,2.3620130626234843
112,12,RANDOM,0,2.7840997575435598,2.4375140944263407,1.72983806405313,13.203869748852181
112,12,RANDOM,1,4.329959454526468,1.5107059426544183,1.3141033450583537,4.543131684214083
112,12,RANDOM,2,4.329959454526468,1.5107059426544183,1.3141033450583537,4.543131684214083
112,12,RANDOM,3,4.329959454526468,1.5107059426544183,1.3141033450583537,4.543131684214083
112,12,RANDOM,4,4.329959454526468,1.5107059426544183,1.3141033450583537,4.543131684214083
112,12,RANDOM,5,4.329959454526468,1.5107059426544183,1.3141033450583537,4.543131684214083
112,12,RANDOM,6,4.329959454526468,1.5107059426544183,1.3141033450583537,4.543131684214083
112,12,RANDOM,7,4.329959454526468,1.5107059426544183,1.3141033450583537,4.543131684214083
112,12,RANDOM,8,4.329959454526468,1.5107059426544183,1.3141033450583537,4.543131684214083
112,12,RANDOM,9,4.329959454526468,1.5107059426544183,1.3141033450583537,4.543131684214083
112,12,RANDOM,10,4.329959454526468,1.5107059426544183,1.3141033450583537,4.543131684214083
112,12,RANDOM,11,4.329959454526468,1.5107059426544183,1.3141033450583537,4.543131684214083
112,12,RANDOM,12,4.329959454526468,1.5107059426544183,1.3141033450583537,4.543131684214083
112,12,RANDOM,13,4.329959454526468,1.5107059426544183,1.3141033450583537,4.543131684214083
112,12,RANDOM,14,4.329959454526468,1.5107059426544183,1.3141033450583537,4.543131684214083
112,12,RANDOM,15,4.329959454526468,1.5107059426544183,1.3141033450583537,4.543131684214083
112,12,RANDOM,16,4.329959454526468,1.5107059426544183,1.3141033450583537,4.543131684214083
112,12,RANDOM,17,4.329959454526468,1.5107059426544183,1.3141033450583537,4.543131684214083
112,12,RANDOM,18,4.329959454526468,1.5107059426544183,1.3141033450583537,4.543131684214083
112,12,RANDOM,19,4.329959454526468,1.5107059426544183,1.3141033450583537,4.543131684214083
112,12,RANDOM,20,4.329959454526468,1.5107059426544183,1.3141033450583537,4.543131684214083
112,12,RANDOM,21,4.329959454526468,1.5107059426544183,1.3141033450583537,4.543131684214083
112,12,RANDOM,22,4.329959454526468,1.5107059426544183,1.3141033450583537,4.543131684214083
112,12,RANDOM,23,4.329959454526468,1.5107059426544183,1.3141033450583537,4.543131684214083
112,12,RANDOM,24,4.329959454526468,1.5107059426544183,1.3141033450583537,4.543131684214083
112,12,RANDOM,25,4.329959454526468,1.5107059426544183,1.3141033450583537,4.543131684214083
113,13,RANDOM,0,3.7676746364093363,2.131748582680984,1.4935588022622066,12.165539958366347
113,13,RANDOM,1,3.7676746364093363,2.131748582680984,1.4935588022622066,12.165539958366347
113,13,RANDOM,2,3.7676746364093363,2.131748582680984,1.4935588022622066,12.165539958366347
113,13,RANDOM,3,3.7676746364093363,2.131748582680984,1.4935588022622066,12.165539958366347
113,13,RANDOM,4,3.7676746364093363,2.131748582680984,1.4935588022622066,12.165539958366347
113,13,RANDOM,5,3.7676746364093363,2.131748582680984,1.4935588022622066,12.165539958366347
113,13,RANDOM,6,3.7676746364093363,2.131748582680984,1.4935588022622066,12.165539958366347
113,13,RANDOM,7,3.7676746364093363,2.131748582680984,1.4935588022622066,12.165539958366347
113,13,RANDOM,8,4.345024849518721,1.4564675276486736,1.399172395098704,2.335152705037774
113,13,RANDOM,9,4.345024849518721,1.4564675276486736,1.399172395098704,2.335152705037774
113,13,RANDOM,10,4.345024849518721,1.4564675276486736,1.399172395098704,2.335152705037774
113,13,RANDOM,11,4.345024849518721,1.4564675276486736,1.399172395098704,2.335152705037774
113,13,RANDOM,12,4.345024849518721,1.4564675276486736,1.399172395098704,2.335152705037774
113,13,RANDOM,13,4.383698693667439,1.695231264575952,1.3192337122470068,2.9263113823658204
113,13,RANDOM,14,4.383698693667439,1.695231264575952,1.3192337122470068,2.9263113823658204
113,13,RANDOM,15,4.383698693667439,1.695231264575952,1.3192337122470068,2.9263113823658204
113,13,RANDOM,16,4.383698693667439,1.695231264575952,1.3192337122470068,2.9263113823658204
113,13,RANDOM,17,4.383698693667439,1.695231264575952,1.3192337122470068,2.9263113823658204
113,13,RANDOM,18,4.383698693667439,1.695231264575952,1.3192337122470068,2.9263113823658204
113,13,RANDOM,19,4.383698693667439,1.695231264575952,1.3192337122470068,2.9263113823658204
113,13,RANDOM,20,4.383698693667439,1.695231264575952,1.3192337122470068,2.9263113823658204
113,13,RANDOM,21,4.383698693667439,1.695231264575952,1.3192337122470068,2.9263113823658204
113,13,RANDOM,22,4.383698693667439,1.695231264575952,1.3192337122470068,2.9263113823658204
113,13,RANDOM,23,4.383698693667439,1.695231264575952,1.3192337122470068,2.9263113823658204
113,13,RANDOM,24,4.383698693667439,1.695231264575952,1.3192337122470068,2.9263113823658204
113,13,RANDOM,25,4.383698693667439,1.695231264575952,1.3192337122470068,2.9263113823658204
114,14,RANDOM,0,4.091506261911437,1.317375771603062,1.0762000001351049,5.981983918073993
114,14,RANDOM,1,4.091506261911437,1.317375771603062,1.0762000001351049,5.981983918073993
114,14,RANDOM,2,4.091506261911437,1.317375771603062,1.0762000001351049,5.981983918073993
114,14,RANDOM,3,4.091506261911437,1.317375771603062,1.0762000001351049,5.981983918073993
114,14,RANDOM,4,4.091506261911437,1.317375771603062,1.0762000001351049,5.981983918073993
114,14,RANDOM,5,4.091506261911437,1.317375771603062,1.0762000001351049,5.981983918073993
114,14,RANDOM,6,4.091506261911437,1.317375771603062,1.0762000001351049,5.981983918073993
114,14,RANDOM,7,4.091506261911437,1.317375771603062,1.0762000001351049,5.981983918073993
114,14,RANDOM,8,4.091506261911437,1.317375771603062,1.0762000001351049,5.981983918073993
114,14,RANDOM,9,4.091506261911437,1.317375771603062,1.0762000001351049,5.981983918073993
114,14,RANDOM,10,4.091506261911437,1.317375771603062,1.0762000001351049,5.981983918073993
114,14,RANDOM,11,4.091506261911437,1.317375771603062,1.0762000001351049,5.981983918073993
114,14,RANDOM,12,4.091506261911437,1.317375771603062,1.0762000001351049,5.981983918073993
114,14,RANDOM,13,4.091506261911437,1.317375771603062,1.0762000001351049,5.981983918073993
114,14,RANDOM,14,4.091506261911437,1.317375771603062,1.0762000001351049,5.981983918073993
114,14,RANDOM,15,4.091506261911437,1.317375771603062,1.0762000001351049,5.981983918073993
114,14,RANDOM,16,4.091506261911437,1.317375771603062,1.0762000001351049,5.981983918073993
114,14,RANDOM,17,4.091506261911437,1.317375771603062,1.0762000001351049,5.981983918073993
114,14,RANDOM,18,4.091506261911437,1.317375771603062,1.0762000001351049,5.981983918073993
114,14,RANDOM,19,4.091506261911437,1.317375771603062,1.0762000001351049,5.981983918073993
114,14,RANDOM,20,4.091506261911437,1.317375771603062,1.0762000001351049,5.981983918073993
114,14,RANDOM,21,4.091506261911437,1.317375771603062,1.0762000001351049,5.981983918073993
114,14,RANDOM,22,4.107088372155264,1.8347449445748714,1.2689114260462562,12.65235803223962
114,14,RANDOM,23,4.169484440200671,1.5502297498707356,1.3150971704204868,12.211179963441726
114,14,RANDOM,24,4.169484440200671,1.5502297498707356,1.3150971704204868,12.211179963441726
114,14,RANDOM,25,4.169484440200671,1.5502297498707356,1.3150971704204868,12.211179963441726
115,15,RANDOM,0,4.301455439918212,1.4887819660857744,1.3553598896762011,5.166756960135058
115,15,RANDOM,1,4.301455439918212,1.4887819660857744,1.3553598896762011,5.166756960135058
115,15,RANDOM,2,4.301455439918212,1.4887819660857744,1.3553598896762011,5.166756960135058
115,15,RANDOM,3,4.301455439918212,1.4887819660857744,1.3553598896762011,5.166756960135058
115,15,RANDOM,4,4.301455439918212,1.4887819660857744,1.3553598896762011,5.166756960135058
115,15,RANDOM,5,4.301455439918212,1.4887819660857744,1.3553598896762011,5.166756960135058
115,15,RANDOM,6,4.301455439918212,1.4887819660857744,1.3553598896762011,5.166756960135058
115,15,RANDOM,7,4.301455439918212,1.4887819660857744,1.3553598896762011,5.166756960135058
115,15,RANDOM,8,4.301455439918212,1.4887819660857744,1.3553598896762011,5.166756960135058
115,15,RANDOM,9,4.301455439918212,1.4887819660857744,1.3553598896762011,5.166756960135058
115,15,RANDOM,10,4.301455439918212,1.4887819660857744,1.3553598896762011,5.166756960135058
115,15,RANDOM,11,4.301455439918212,1.4887819660857744,1.3553598896762011,5.166756960135058
115,15,RANDOM,12,4.301455439918212,1.4887819660857744,1.3553598896762011,5.166756960135058
115,15,RANDOM,13,4.301455439918212,1.4887819660857744,1.3553598896762011,5.166756960135058
115,15,RANDOM,14,4.301455439918212,1.4887819660857744,1.3553598896762011,5.166756960135058
115,15,RANDOM,15,4.301455439918212,1.4887819660857744,1.3553598896762011,5.166756960135058
115,15,RANDOM,16,4.301455439918212,1.4887819660857744,1.3553598896762011,5.166756960135058
115,15,RANDOM,17,4.301455439918212,1.4887819660857744,1.3553598896762011,5.166756960135058
115,15,RANDOM,18,4.301455439918212,1.4887819660857744,1.3553598896762011,5.166756960135058
115,15,RANDOM,19,4.301455439918212,1.4887819660857744,1.3553598896762011,5.166756960135058
115,15,RANDOM,20,4.301455439918212,1.4887819660857744,1.3553598896762011,5.166756960135058
115,15,RANDOM,21,4.301455439918212,1.4887819660857744,1.3553598896762011,5.166756960135058
115,15,RANDOM,22,4.301455439918212,1.4887819660857744,1.3553598896762011,5.166756960135058
115,15,RANDOM,23,4.301455439918212,1.4887819660857744,1.3553598896762011,5.166756960135058
115,15,RANDOM,24,4.301455439918212,1.4887819660857744,1.3553598896762011,5.166756960135058
115,15,RANDOM,25,4.301455439918212,1.4887819660857744,1.3553598896762011,5.166756960135058
116,16,RANDOM,0,3.031516033515698,2.1685011963824743,1.4891733603442976,0.6655189326084838
116,16,RANDOM,1,3.9469819402959665,1.0386057482685604,1.5529559662575214,2.330942673475792
116,16,RANDOM,2,3.9469819402959665,1.0386057482685604,1.5529559662575214,2.330942673475792
116,16,RANDOM,3,3.9469819402959665,1.0386057482685604,1.5529559662575214,2.330942673475792
116,16,RANDOM,4,3.9469819402959665,1.0386057482685604,1.5529559662575214,2.330942673475792
116,16,RANDOM,5,3.9469819402959665,1.0386057482685604,1.5529559662575214,2.330942673475792
116,16,RANDOM,6,3.9469819402959665,1.0386057482685604,1.5529559662575214,2.330942673475792
116,16,RANDOM,7,3.9469819402959665,1.0386057482685604,1.5529559662575214,2.330942673475792
116,16,RANDOM,8,3.9469819402959665,1.0386057482685604,1.5529559662575214,2.330942673475792
116,16,RANDOM,9,3.9469819402959665,1.0386057482685604,1.5529559662575214,2.330942673475792
116,16,RANDOM,10,3.9469819402959665,1.0386057482685604,1.5529559662575214,2.330942673475792
116,16,RANDOM,11,3.9469819402959665,1.0386057482685604,1.5529559662575214,2.330942673475792
116,16,RANDOM,12,3.9469819402959665,1.0386057482685604,1.5529559662575214,2.330942673475792
116,16,RANDOM,13,3.9469819402959665,1.0386057482685604,1.5529559662575214,2.330942673475792
116,16,RANDOM,14,3.9469819402959665,1.0386057482685604,1.5529559662575214,2.330942673475792
116,16,RANDOM,15,3.9469819402959665,1.0386057482685604,1.5529559662575214,2.330942673475792
116,16,RANDOM,16,3.973536559776919,2.1246028533744137,1.3374647553913954,5.708475075326252
116,16,RANDOM,17,3.973536559776919,2.1246028533744137,1.3374647553913954,5.708475075326252
116,16,RANDOM,18,3.973536559776919,2.1246028533744137,1.3374647553913954,5.708475075326252
116,16,RANDOM,19,3.973536559776919,2.1246028533744137,1.3374647553913954,5.708475075326252
116,16,RANDOM,20,3.973536559776919,2.1246028533744137,1.3374647553913954,5.708475075326252
116,16,RANDOM,21,3.973536559776919,2.1246028533744137,1.3374647553913954,5.708475075326252
116,16,RANDOM,22,3.973536559776919,2.1246028533744137,1.3374647553913954,5.708475075326252
116,16,RANDOM,23,4.229885981204573,1.9187473916958786,1.311149690017929,4.60724066871119
116,16,RANDOM,24,4.229885981204573,1.9187473916958786,1.311149690017929,4.60724066871119
116,16,RANDOM,25,4.229885981204573,1.9187473916958786,1.311149690017929,4.60724066871119
117,17,RANDOM,0,3.590879773810102,2.337201716564578,1.3522347240420514,6.018089651444624
117,17,RANDOM,1,3.590879773810102,2.337201716564578,1.3522347240420514,6.018089651444624
117,17,RANDOM,2,3.590879773810102,2.337201716564578,1.3522347240420514,6.018089651444624
117,17,RANDOM,3,3.7332544144537083,1.2923760355928389,0.8822889599416808,14.217765923339813
117,17,RANDOM,4,3.7332544144537083,1.2923760355928389,0.8822889599416808,14.217765923339813
117,17,RANDOM,5,3.7332544144537083,1.2923760355928389,0.8822889599416808,14.217765923339813
117,17,RANDOM,6,3.7332544144537083,1.2923760355928389,0.8822889599416808,14.217765923339813
117,17,RANDOM,7,4.016202943661607,1.1599810662117505,1.427575696124972,8.062081708147224
117,17,RANDOM,8,4.016202943661607,1.1599810662117505,1.427575696124972,8.062081708147224
117,17,RANDOM,9,4.016202943661607,1.1599810662117505,1.427575696124972,8.062081708147224
117,17,RANDOM,10,4.016202943661607,1.1599810662117505,1.427575696124972,8.062081708147224
117,17,RANDOM,11,4.016202943661607,1.1599810662117505,1.427575696124972,8.062081708147224
117,17,RANDOM,12,4.016202943661607,1.1599810662117505,1.427575696124972,8.062081708147224
117,17,RANDOM,13,4.016202943661607,1.1599810662117505,1.427575696124972,8.062081708147224
117,17,RANDOM,14,4.016202943661607,1.1599810662117505,1.427575696124972,8.062081708147224
117,17,RANDOM,15,4.016202943661607,1.1599810662117505,1.427575696124972,8.062081708147224
117,17,RANDOM,16,4.016202943661607,1.1599810662117505,1.427575696124972,8.062081708147224
117,17,RANDOM,17,4.016202943661607,1.1599810662117505,1.427575696124972,8.062081708147224
117,17,RANDOM,18,4.016202943661607,1.1599810662117505,1.427575696124972,8.062081708147224
117,17,RANDOM,19,4.016202943661607,1.1599810662117505,1.427575696124972,8.062081708147224
117,17,RANDOM,20,4.016202943661607,1.1599810662117505,1.427575696124972,8.062081708147224
117,17,RANDOM,21,4.016202943661607,1.1599810662117505,1.427575696124972,8.062081708147224
117,17,RANDOM,22,4.016202943661607,1.1599810662117505,1.427575696124972,8.062081708147224
117,17,RANDOM,23,4.016202943661607,1.1599810662117505,1.427575696124972,8.062081708147224
117,17,RANDOM,24,4.016202943661607,1.1599810662117505,1.427575696124972,8.062081708147224
117,17,RANDOM,25,4.016202943661607,1.1599810662117505,1.427575696124972,8.062081708147224
118,18,RANDOM,0,3.699557492002483,1.2363262125074743,0.7316846576957299,1.894937102086478
118,18,RANDOM,1,3.699557492002483,1.2363262125074743,0.7316846576957299,1.894937102086478
118,18,RANDOM,2,3.699557492002483,1.2363262125074743,0.7316846576957299,1.894937102086478
118,18,RANDOM,3,3.699557492002483,1.2363262125074743,0.7316846576957299,1.894937102086478
118,18,RANDOM,4,3.699557492002483,1.2363262125074743,0.7316846576957299,1.894937102086478
118,18,RANDOM,5,3.699557492002483,1.2363262125074743,0.7316846576957299,1.894937102086478
118,18,RANDOM,6,3.699557492002483,1.2363262125074743,0.7316846576957299,1.894937102086478
118,18,RANDOM,7,3.699557492002483,1.2363262125074743,0.7316846576957299,1.894937102086478
118,18,RANDOM,8,3.699557492002483,1.2363262125074743,0.7316846576957299,1.894937102086478
118,18,RANDOM,9,3.699557492002483,1.2363262125074743,0.7316846576957299,1.894937102086478
118,18,RANDOM,10,3.699557492002483,1.2363262125074743,0.7316846576957299,1.894937102086478
118,18,RANDOM,11,3.699557492002483,1.2363262125074743,0.7316846576957299,1.894937102086478
118,18,RANDOM,12,3.699557492002483,1.2363262125074743,0.7316846576957299,1.894937102086478
118,18,RANDOM,13,3.699557492002483,1.2363262125074743,0.7316846576957299,1.894937102086478
118,18,RANDOM,14,3.699557492002483,1.2363262125074743,0.7316846576957299,1.894937102086478
118,18,RANDOM,15,3.699557492002483,1.2363262125074743,0.7316846576957299,1.894937102086478
118,18,RANDOM,16,3.699557492002483,1.2363262125074743,0.7316846576957299,1.894937102086478
118,18,RANDOM,17,3.9835102949128567,1.6313873964109535,0.8293452531085856,4.014969954712788
118,18,RANDOM,18,3.9835102949128567,1.6313873964109535,0.8293452531085856,4.014969954712788
118,18,RANDOM,19,3.9835102949128567,1.6313873964109535,0.8293452531085856,4.014969954712788
118,18,RANDOM,20,4.270700776372489,1.5321898714467688,1.5072524974123094,4.098760537046468
118,18,RANDOM,21,4.270700776372489,1.5321898714467688,1.5072524974123094,4.098760537046468
118,18,RANDOM,22,4.270700776372489,1.5321898714467688,1.5072524974123094,4.098760537046468
118,18,RANDOM,23,4.270700776372489,1.5321898714467688,1.5072524974123094,4.098760537046468
118,18,RANDOM,24,4.270700776372489,1.5321898714467688,1.5072524974123094,4.098760537046468
118,18,RANDOM,25,4.270700776372489,1.5321898714467688,1.5072524974123094,4.098760537046468
119,19,RANDOM,0,3.3124351758533965,1.8184683790677,0.38544942627857526,4.675669601939484
119,19,RANDOM,1,3.3124351758533965,1.8184683790677,0.38544942627857526,4.675669601939484
119,19,RANDOM,2,3.6629615666764854,0.6915021998469639,1.2406260482483358,3.6860466389506987
119,19,RANDOM,3,3.6629615666764854,0.6915021998469639,1.2406260482483358,3.6860466389506987
119,19,RANDOM,4,3.6629615666764854,0.6915021998469639,1.2406260482483358,3.6860466389506987
119,19,RANDOM,5,3.6629615666764854,0.6915021998469639,1.2406260482483358,3.6860466389506987
119,19,RANDOM,6,3.6629615666764854,0.6915021998469639,1.2406260482483358,3.6860466389506987
119,19,RANDOM,7,3.883239835424829,1.465027585744909,1.6948830983344512,6.824904919773438
119,19,RANDOM,8,3.883239835424829,1.465027585744909,1.6948830983344512,6.824904919773438
119,19,RANDOM,9,3.883239835424829,1.465027585744909,1.6948830983344512,6.824904919773438
119,19,RANDOM,10,3.883239835424829,1.465027585744909,1.6948830983344512,6.824904919773438
119,19,RANDOM,11,4.028859679749734,2.0289656094272437,1.0495590830325199,2.1659065379625297
119,19,RANDOM,12,4.028859679749734,2.0289656094272437,1.0495590830325199,2.1659065379625297
119,19,RANDOM,13,4.028859679749734,2.0289656094272437,1.0495590830325199,2.1659065379625297
119,19,RANDOM,14,4.114959104845093,1.1354834540345817,1.168079281635308,2.3362169566204725
119,19,RANDOM,15,4.224201149066039,1.8756164734053389,1.2239639180158433,5.078227566500145
119,19,RANDOM,16,4.224201149066039,1.8756164734053389,1.2239639180158433,5.078227566500145
119,19,RANDOM,17,4.224201149066039,1.8756164734053389,1.2239639180158433,5.078227566500145
119,19,RANDOM,18,4.224201149066039,1.8756164734053389,1.2239639180158433,5.078227566500145
119,19,RANDOM,19,4.224201149066039,1.8756164734053389,1.2239639180158433,5.078227566500145
119,19,RANDOM,20,4.224201149066039,1.8756164734053389,1.2239639180158433,5.078227566500145
119,19,RANDOM,21,4.224201149066039,1.8756164734053389,1.2239639180158433,5.078227566500145
119,19,RANDOM,22,4.224201149066039,1.8756164734053389,1.2239639180158433,5.078227566500145
119,19,RANDOM,23,4.224201149066039,1.8756164734053389,1.2239639180158433,5.078227566500145
119,19,RANDOM,24,4.224201149066039,1.8756164734053389,1.2239639180158433,5.078227566500145
119,19,RANDOM,25,4.224201149066039,1.8756164734053389,1.2239639180158433,5.078227566500145
120,20,RANDOM,0,3.636075606287758,1.525028880318502,0.6453929209448686,7.011912939326778
120,20,RANDOM,1,3.636075606287758,1.525028880318502,0.6453929209448686,7.011912939326778
120,20,RANDOM,2,4.008129103039602,1.9522432289378373,1.328612369738873,14.962874935313083
120,20,RANDOM,3,4.008129103039602,1.9522432289378373,1.328612369738873,14.962874935313083
120,20,RANDOM,4,4.008129103039602,1.9522432289378373,1.328612369738873,14.962874935313083
120,20,RANDOM,5,4.008129103039602,1.9522432289378373,1.328612369738873,14.962874935313083
120,20,RANDOM,6,4.008129103039602,1.9522432289378373,1.328612369738873,14.962874935313083
120,20,RANDOM,7,4.171578770009453,1.6429390886660409,1.2665849388042383,11.854314563071101
120,20,RANDOM,8,4.171578770009453,1.6429390886660409,1.2665849388042383,11.854314563071101
120,20,RANDOM,9,4.171578770009453,1.6429390886660409,1.2665849388042383,11.854314563071101
120,20,RANDOM,10,4.171578770009453,1.6429390886660409,1.2665849388042383,11.854314563071101
120,20,RANDOM,11,4.171578770009453,1.6429390886660409,1.2665849388042383,11.854314563071101
120,20,RANDOM,12,4.171578770009453,1.6429390886660409,1.2665849388042383,11.854314563071101
120,20,RANDOM,13,4.171578770009453,1.6429390886660409,1.2665849388042383,11.854314563071101
120,20,RANDOM,14,4.171578770009453,1.6429390886660409,1.2665849388042383,11.854314563071101
120,20,RANDOM,15,4.171578770009453,1.6429390886660409,1.2665849388042383,11.854314563071101
120,20,RANDOM,16,4.171578770009453,1.6429390886660409,1.2665849388042383,11.854314563071101
120,20,RANDOM,17,4.171578770009453,1.6429390886660409,1.2665849388042383,11.854314563071101
120,20,RANDOM,18,4.171578770009453,1.6429390886660409,1.2665849388042383,11.854314563071101
120,20,RANDOM,19,4.171578770009453,1.6429390886660409,1.2665849388042383,11.854314563071101
120,20,RANDOM,20,4.171578770009453,1.6429390886660409,1.2665849388042383,11.854314563071101
120,20,RANDOM,21,4.171578770009453,1.6429390886660409,1.2665849388042383,11.854314563071101
120,20,RANDOM,22,4.171578770009453,1.6429390886660409,1.2665849388042383,11.854314563071101
120,20,RANDOM,23,4.171578770009453,1.6429390886660409,1.2665849388042383,11.854314563071101
120,20,RANDOM,24,4.171578770009453,1.6429390886660409,1.2665849388042383,11.854314563071101
120,20,RANDOM,25,4.171578770009453,1.6429390886660409,1.2665849388042383,11.854314563071101
121,21,RANDOM,0,3.4918112135270585,1.8190364294108887,0.6204646034983883,10.64730805493597
121,21,RANDOM,1,3.906028634932314,1.4504458716525752,1.6222518418220933,13.354690569112869
121,21,RANDOM,2,3.906028634932314,1.4504458716525752,1.6222518418220933,13.354690569112869
121,21,RANDOM,3,3.906028634932314,1.4504458716525752,1.6222518418220933,13.354690569112869
121,21,RANDOM,4,3.906028634932314,1.4504458716525752,1.6222518418220933,13.354690569112869
121,21,RANDOM,5,3.906028634932314,1.4504458716525752,1.6222518418220933,13.354690569112869
121,21,RANDOM,6,3.906028634932314,1.4504458716525752,1.6222518418220933,13.354690569112869
121,21,RANDOM,7,3.906028634932314,1.4504458716525752,1.6222518418220933,13.354690569112869
121,21,RANDOM,8,3.906028634932314,1.4504458716525752,1.6222518418220933,13.354690569112869
121,21,RANDOM,9,4.235694124831057,1.8947696846482889,1.1930288392975692,3.973324121478027
121,21,RANDOM,10,4.235694124831057,1.8947696846482889,1.1930288392975692,3.973324121478027
121,21,RANDOM,11,4.235694124831057,1.8947696846482889,1.1930288392975692,3.973324121478027
121,21,RANDOM,12,4.235694124831057,1.8947696846482889,1.1930288392975692,3.973324121478027
121,21,RANDOM,13,4.235694124831057,1.8947696846482889,1.1930288392975692,3.973324121478027
121,21,RANDOM,14,4.235694124831057,1.8947696846482889,1.1930288392975692,3.973324121478027
121,21,RANDOM,15,4.235694124831057,1.8947696846482889,1.1930288392975692,3.973324121478027
121,21,RANDOM,16,4.235694124831057,1.8947696846482889,1.1930288392975692,3.973324121478027
121,21,RANDOM,17,4.235694124831057,1.8947696846482889,1.1930288392975692,3.973324121478027
121,21,RANDOM,18,4.235694124831057,1.8947696846482889,1.1930288392975692,3.973324121478027
121,21,RANDOM,19,4.235694124831057,1.8947696846482889,1.1930288392975692,3.973324121478027
121,21,RANDOM,20,4.235694124831057,1.8947696846482889,1.1930288392975692,3.973324121478027
121,21,RANDOM,21,4.235694124831057,1.8947696846482889,1.1930288392975692,3.973324121478027
121,21,RANDOM,22,4.235694124831057,1.8947696846482889,1.1930288392975692,3.973324121478027
121,21,RANDOM,23,4.235694124831057,1.8947696846482889,1.1930288392975692,3.973324121478027
121,21,RANDOM,24,4.235694124831057,1.8947696846482889,1.1930288392975692,3.973324121478027
121,21,RANDOM,25,4.235694124831057,1.8947696846482889,1.1930288392975692,3.973324121478027
122,22,RANDOM,0,3.734442057073772,0.8600156289795298,1.291020078086563,8.477720900186016
122,22,RANDOM,1,3.734442057073772,0.8600156289795298,1.291020078086563,8.477720900186016
122,22,RANDOM,2,3.734442057073772,0.8600156289795298,1.291020078086563,8.477720900186016
122,22,RANDOM,3,3.8275660552491075,1.6453218532160307,0.8063011167050016,8.432530966632815
122,22,RANDOM,4,3.8275660552491075,1.6453218532160307,0.8063011167050016,8.432530966632815
122,22,RANDOM,5,3.8275660552491075,1.6453218532160307,0.8063011167050016,8.432530966632815
122,22,RANDOM,6,3.8275660552491075,1.6453218532160307,0.8063011167050016,8.432530966632815
122,22,RANDOM,7,3.8275660552491075,1.6453218532160307,0.8063011167050016,8.432530966632815
122,22,RANDOM,8,3.8275660552491075,1.6453218532160307,0.8063011167050016,8.432530966632815
122,22,RANDOM,9,3.8275660552491075,1.6453218532160307,0.8063011167050016,8.432530966632815
122,22,RANDOM,10,3.8275660552491075,1.6453218532160307,0.8063011167050016,8.432530966632815
122,22,RANDOM,11,4.211519284156341,1.5276330271583296,1.2037202668874456,7.766039015131518
122,22,RANDOM,12,4.211519284156341,1.5276330271583296,1.2037202668874456,7.766039015131518
122,22,RANDOM,13,4.211519284156341,1.5276330271583296,1.2037202668874456,7.766039015131518
122,22,RANDOM,14,4.211519284156341,1.5276330271583296,1.2037202668874456,7.766039015131518
122,22,RANDOM,15,4.211519284156341,1.5276330271583296,1.2037202668874456,7.766039015131518
122,22,RANDOM,16,4.211519284156341,1.5276330271583296,1.2037202668874456,7.766039015131518
122,22,RANDOM,17,4.211519284156341,1.5276330271583296,1.2037202668874456,7.766039015131518
122,22,RANDOM,18,4.211519284156341,1.5276330271583296,1.2037202668874456,7.766039015131518
122,22,RANDOM,19,4.211519284156341,1.5276330271583296,1.2037202668874456,7.766039015131518
122,22,RANDOM,20,4.211519284156341,1.5276330271583296,1.2037202668874456,7.766039015131518
122,22,RANDOM,21,4.211519284156341,1.5276330271583296,1.2037202668874456,7.766039015131518
122,22,RANDOM,22,4.211519284156341,1.5276330271583296,1.2037202668874456,7.766039015131518
122,22,RANDOM,23,4.211519284156341,1.5276330271583296,1.2037202668874456,7.766039015131518
122,22,RANDOM,24,4.211519284156341,1.5276330271583296,1.2037202668874456,7.766039015131518
122,22,RANDOM,25,4.211519284156341,1.5276330271583296,1.2037202668874456,7.766039015131518
123,23,RANDOM,0,3.849876599270708,1.4932279224165703,0.745103773073807,1.9305347205402257
123,23,RANDOM,1,3.849876599270708,1.4932279224165703,0.745103773073807,1.9305347205402257
123,23,RANDOM,2,4.173303860565671,1.7480209434843825,1.3581388497338098,10.693149166368048
123,23,RANDOM,3,4.173303860565671,1.7480209434843825,1.3581388497338098,10.693149166368048
123,23,RANDOM,4,4.173303860565671,1.7480209434843825,1.3581388497338098,10.693149166368048
123,23,RANDOM,5,4.173303860565671,1.7480209434843825,1.3581388497338098,10.693149166368048
123,23,RANDOM,6,4.173303860565671,1.7480209434843825,1.3581388497338098,10.693149166368048
123,23,RANDOM,7,4.173303860565671,1.7480209434843825,1.3581388497338098,10.693149166368048
123,23,RANDOM,8,4.173303860565671,1.7480209434843825,1.3581388497338098,10.693149166368048
123,23,RANDOM,9,4.173303860565671,1.7480209434843825,1.3581388497338098,10.693149166368048
123,23,RANDOM,10,4.173303860565671,1.7480209434843825,1.3581388497338098,10.693149166368048
123,23,RANDOM,11,4.173303860565671,1.7480209434843825,1.3581388497338098,10.693149166368048
123,23,RANDOM,12,4.173303860565671,1.7480209434843825,1.3581388497338098,10.693149166368048
123,23,RANDOM,13,4.173303860565671,1.7480209434843825,1.3581388497338098,10.693149166368048
123,23,RANDOM,14,4.173303860565671,1.7480209434843825,1.3581388497338098,10.693149166368048
123,23,RANDOM,15,4.173303860565671,1.7480209434843825,1.3581388497338098,10.693149166368048
123,23,RANDOM,16,4.173303860565671,1.7480209434843825,1.3581388497338098,10.693149166368048
123,23,RANDOM,17,4.173303860565671,1.7480209434843825,1.3581388497338098,10.693149166368048
123,23,RANDOM,18,4.173303860565671,1.7480209434843825,1.3581388497338098,10.693149166368048
123,23,RANDOM,19,4.173303860565671,1.7480209434843825,1.3581388497338098,10.693149166368048
123,23,RANDOM,20,4.173303860565671,1.7480209434843825,1.3581388497338098,10.693149166368048
123,23,RANDOM,21,4.173303860565671,1.7480209434843825,1.3581388497338098,10.693149166368048
123,23,RANDOM,22,4.173303860565671,1.7480209434843825,1.3581388497338098,10.693149166368048
123,23,RANDOM,23,4.173303860565671,1.7480209434843825,1.3581388497338098,10.693149166368048
123,23,RANDOM,24,4.173303860565671,1.7480209434843825,1.3581388497338098,10.693149166368048
123,23,RANDOM,25,4.173303860565671,1.7480209434843825,1.3581388497338098,10.693149166368048
124,24,RANDOM,0,3.9519987751424406,1.9657124671926556,0.9925602450950795,6.14947418219028
124,24,RANDOM,1,3.9519987751424406,1.9657124671926556,0.9925602450950795,6.14947418219028
124,24,RANDOM,2,3.9519987751424406,1.9657124671926556,0.9925602450950795,6.14947418219028
124,24,RANDOM,3,3.9519987751424406,1.9657124671926556,0.9925602450950795,6.14947418219028
124,24,RANDOM,4,3.9519987751424406,1.9657124671926556,0.9925602450950795,6.14947418219028
124,24,RANDOM,5,3.9519987751424406,1.9657124671926556,0.9925602450950795,6.14947418219028
124,24,RANDOM,6,3.9519987751424406,1.9657124671926556,0.9925602450950795,6.14947418219028
124,24,RANDOM,7,3.9519987751424406,1.9657124671926556,0.9925602450950795,6.14947418219028
124,24,RANDOM,8,3.9519987751424406,1.9657124671926556,0.9925602450950795,6.14947418219028
124,24,RANDOM,9,3.9519987751424406,1.9657124671926556,0.9925602450950795,6.14947418219028
124,24,RANDOM,10,3.9519987751424406,1.9657124671926556,0.9925602450950795,6.14947418219028
124,24,RANDOM,11,3.9519987751424406,1.9657124671926556,0.9925602450950795,6.14947418219028
124,24,RANDOM,12,3.9519987751424406,1.9657124671926556,0.9925602450950795,6.14947418219028
124,24,RANDOM,13,3.9519987751424406,1.9657124671926556,0.9925602450950795,6.14947418219028
124,24,RANDOM,14,3.9519987751424406,1.9657124671926556,0.9925602450950795,6.14947418219028
124,24,RANDOM,15,3.9519987751424406,1.9657124671926556,0.9925602450950795,6.14947418219028
124,24,RANDOM,16,3.9519987751424406,1.9657124671926556,0.9925602450950795,6.14947418219028
124,24,RANDOM,17,3.9519987751424406,1.9657124671926556,0.9925602450950795,6.14947418219028
124,24,RANDOM,18,3.9519987751424406,1.9657124671926556,0.9925602450950795,6.14947418219028
124,24,RANDOM,19,3.9519987751424406,1.9657124671926556,0.9925602450950795,6.14947418219028
124,24,RANDOM,20,3.9519987751424406,1.9657124671926556,0.9925602450950795,6.14947418219028
124,24,RANDOM,21,3.9519987751424406,1.9657124671926556,0.9925602450950795,6.14947418219028
124,24,RANDOM,22,3.9519987751424406,1.9657124671926556,0.9925602450950795,6.14947418219028
124,24,RANDOM,23,3.9519987751424406,1.9657124671926556,0.9925602450950795,6.14947418219028
124,24,RANDOM,24,3.9519987751424406,1.9657124671926556,0.9925602450950795,6.14947418219028
124,24,RANDOM,25,3.9519987751424406,1.9657124671926556,0.9925602450950795,6.14947418219028
