run_id,seed,acq,iteration,global_index,x1,x2,x3,y
0,0,TEI,0,0,1.2803258255202747,-0.5557465018264539,0.6155618855189842,1.4298285623381422
0,0,TEI,0,1,-1.038236226029887,1.3464458372009536,13.691420903588549,2.5156292474185618
0,0,TEI,0,2,1.166997894041951,1.0532379634439946,8.154831246989877,3.911910942489584
0,0,TEI,0,3,2.39436564769489,1.3554874394253624,0.04207476405205128,2.1154370892183443
0,0,TEI,0,4,2.104119781607747,-1.3824504864308746,10.94510204100273,1.1169347515592012
0,0,TEI,0,5,-0.4435749458082371,1.521126228224603,8.122376842516127,2.317676406183738
0,0,TEI,0,6,0.02002333493820685,-0.020594725808195324,0.425766747510799,0.13443507222537385
0,0,TEI,0,7,-0.6355533957211297,0.847185451427706,9.708195484102177,1.9930562497833715
0,0,TEI,0,8,1.1996941616054455,-0.15712856008340803,14.958151826902377,2.397072649740676
0,0,TEI,0,9,2.565381661006772,0.8993969456824313,9.757238684740976,2.6314662209934747
0,0,TEI,1,10,1.577435886795107,1.0663140335216394,8.683024326441613,4.107466065820677
0,0,TEI,1,11,-0.7782753789089405,1.0703740870270444,8.639982472643824,2.2802761268403184
0,0,TEI,1,12,0.46191573297483846,1.0479704187940229,1.730777267325057,3.204238469065495
0,0,TEI,2,13,1.6785295609229074,0.6242539549399004,1.207624728178109,3.4610817622078334
0,0,TEI,2,14,1.6781265492889759,0.6393959584322682,11.220529218094075,3.5533944168388194
0,0,TEI,2,15,0.6372417636388019,1.3013122976874985,6.1474533577507104,3.528811776997679
0,0,TEI,3,16,1.5041144806862343,1.2218166904073877,14.991466208012755,4.110044214367753
0,0,TEI,3,17,1.492005983949936,1.1869432092549195,7.488163401516627,4.201576342712849
0,0,TEI,3,18,1.5167031433197953,1.3375654384538698,0.04602454760253404,2.9357983505733625
0,0,TEI,4,19,1.45530827505221,1.150594075636025,13.665006752964382,4.072117801891828
0,0,TEI,4,20,1.4560622986499405,1.1450801984222023,4.945026189024883,4.239564300551363
0,0,TEI,4,21,0.07867293277647991,1.2158089705188666,9.275545669461106,2.761668083281676
0,0,TEI,5,22,1.7180251561341762,1.1324477278318321,0.177178270861093,2.8660789362817156
0,0,TEI,5,23,1.7597998472036616,1.1408733267023257,7.860853538233886,4.15965810803314
0,0,TEI,5,24,1.1378923982259224,1.1962033290167544,14.946102857722867,3.8923135539443607
0,0,TEI,6,25,1.535712119494678,1.1341271843308154,9.964243571825943,4.130793900603825
0,0,TEI,6,26,1.5246073988078859,1.1122455392623989,1.0360556884202292,3.888513314983565
0,0,TEI,6,27,0.4071023729707255,0.9036477670981311,14.995060775975752,2.8106204954016434
0,0,TEI,7,28,1.2932500707767498,1.9873187015095302,2.883636917984184,2.9148161110030166
0,0,TEI,7,29,1.5036035380803652,0.9942544225740284,2.825565171385884,4.189389367164921
0,0,TEI,7,30,1.494759695230445,1.9639633757311143,14.565750854672626,2.8736945123141697
0,0,TEI,8,31,1.1290234108684283,0.9542719880915129,0.5090057105559767,2.754278501537181
0,0,TEI,8,32,1.8075974766261291,1.2415354022734904,11.011673848418313,4.1342437263369956
0,0,TEI,8,33,0.7923607164769226,1.6387400522586555,6.316939482218554,3.4578180822994344
0,0,TEI,9,34,1.686547061307642,1.0592663196585494,5.834716277306412,4.168180539305185
0,0,TEI,9,35,1.7779701614769263,1.0293977097889524,14.675391268255101,3.964435169520735
0,0,TEI,9,36,1.44641394392605,1.8998846541772498,10.173951911613798,3.1873211744082663
0,0,TEI,10,37,1.4923638889708783,1.0954380599608453,5.192962339661816,4.206775177516465
0,0,TEI,10,38,1.5293164673695165,1.2662746027806207,13.408876407604891,4.145304456224265
0,0,TEI,10,39,2.0104319237266233,0.42555029731110583,10.182300047465832,3.08660858800486
0,0,TEI,11,40,1.4610868228805152,1.257628982266049,2.424489242258198,4.352751997537455
0,0,TEI,11,41,1.4626909562686414,1.0592588091605166,12.365050287019743,4.02037913770898
0,0,TEI,11,42,1.5303407052280908,0.394450655147359,6.433816495881117,3.3083967397622467
0,0,TEI,12,43,1.6530378617218533,1.3837528888757191,6.203724969151343,4.280250364171037
0,0,TEI,12,44,1.7108457493735445,1.266922206795472,13.873356235800268,4.139248782395905
0,0,TEI,12,45,2.1421154312067667,0.693192854045316,1.7539183174550819,3.4132907237921453
0,0,TEI,13,46,1.2695292131431817,1.208452222938654,2.305128745544951,4.23543890246339
0,0,TEI,13,47,1.6993717036249025,1.2715279130838995,11.982662939145078,4.164170405409901
0,0,TEI,13,48,2.1563082939643112,1.7112837736989777,5.8301069295386,3.523721816097163
0,0,TEI,14,49,1.6148248896350377,1.2752820271461953,2.2457776132464944,4.375916532749025
0,0,TEI,14,50,1.6425040731169567,1.2734315897744892,11.850947413065118,4.173163545570232
0,0,TEI,14,51,-0.906794736706096,1.5695501155327847,1.6873807191912698,2.4004875350043586
0,0,TEI,15,52,1.5750681561833386,1.1964936573255258,2.129608535750923,4.3390473172479105
0,0,TEI,15,53,1.678302840821929,1.2608073125477879,11.759292820818386,4.167957993481318
0,0,TEI,15,54,1.5267642920951605,0.5066850442595006,7.5550415972954905,3.431449095787986
0,0,TEI,16,55,1.5205267568731933,1.270050866588591,2.2154322555865367,4.362773313098679
0,0,TEI,16,56,1.6593209745983377,1.2589801005289036,12.466851839376101,4.16083014174356
0,0,TEI,16,57,1.5097252651865452,0.60114411446673,7.168189882797079,3.567756851115397
0,0,TEI,17,58,1.5799661148659223,1.2587953410152903,2.2846997254787427,4.372471934354454
0,0,TEI,17,59,1.6482008978775387,1.240394539611744,11.412187215840847,4.169685587904625
0,0,TEI,17,60,0.519420901640534,0.9101919967919812,4.404577410895229,3.1606407063839717
0,0,TEI,18,61,1.5083218618982537,1.2280980821494691,2.3012181411956094,4.351983098465494
0,0,TEI,18,62,1.6207959081368846,1.2490252908286164,11.566069469737078,4.1713549352801
0,0,TEI,18,63,-1.00810242347887,-1.45410749292905,14.577052224203536,-0.47127005609359873
0,0,TEI,19,64,1.5456967693901862,1.2553322857146654,2.307591812140713,4.3684649829216085
0,0,TEI,19,65,1.646699090213314,1.2721481418875498,11.478403221873334,4.177564294920482
0,0,TEI,19,66,-1.068241899372792,-1.490053591894301,6.28955944350535,-0.36404418190708543
0,0,TEI,20,67,1.570090938366346,1.2547549058532068,2.268850139341328,4.369664932811778
0,0,TEI,20,68,1.6329556173944937,1.251764071646888,11.190943469475641,4.17705986861463
0,0,TEI,20,69,2.604042373481507,-1.4510553692734325,4.8049632717194,-0.011749549531151704
0,0,TEI,21,70,1.537107458918281,1.2258747605312155,2.2393327039673507,4.353904511636193
0,0,TEI,21,71,1.5957264260137567,1.2386285297689397,11.41679282309408,4.169504893173393
0,0,TEI,21,72,0.5211177912460838,1.2715178574090742,7.143877364333981,3.3529898353930285
0,0,TEI,22,73,1.5070424488596275,1.2273745630088593,2.414114573441573,4.3555848631715115
0,0,TEI,22,74,1.6078766868583867,1.2522347866016088,11.388277446054499,4.174598566871508
0,0,TEI,22,75,0.509609625922884,1.2260725479832866,7.243067336412488,3.3224893301094243
0,0,TEI,23,76,1.525794693947356,1.2317685684991742,2.4354319750711846,4.361877194689369
0,0,TEI,23,77,1.607867936606599,1.2699750279963555,10.999689197623553,4.184575682241245
0,0,TEI,23,78,0.5234434604965388,1.3588348449501972,6.978823627094549,3.3633662987475637
0,0,TEI,24,79,1.529320939378171,1.2776953072876962,2.293523674640115,4.370236547716762
0,0,TEI,24,80,1.6083285711046602,1.2637271904381113,11.45542695614002,4.176764403321412
0,0,TEI,24,81,0.546557710809207,1.2865259419094124,7.003189837765924,3.3911056776122486
0,0,TEI,25,82,1.5693011696675434,1.2202268235415539,2.3740209213201844,4.362211500935626
0,0,TEI,25,83,1.6284886856973553,1.2686387675070727,11.504982259223091,4.177236980394228
0,0,TEI,25,84,0.6110969511574156,1.2248575279935796,7.140500595627469,3.4509622274556175
1,1,TEI,0,0,0.8126774115048594,1.8266229371407734,2.163250031181786,3.104339427457295
1,1,TEI,0,1,2.4451029839518803,-0.408589917963301,6.3504734081396625,1.567455147783362
1,1,TEI,0,2,1.993124593106991,-0.06780302270793559,8.244355721408219,2.56622020147804
1,1,TEI,0,3,-0.9970115938106536,1.137295880361823,8.072611554975953,2.4913871583888287
1,1,TEI,0,4,0.13220742455710743,1.2595004619994152,4.5486192445453835,2.95891619975078
1,1,TEI,0,5,0.5947216129891946,-1.0308540596349234,6.047291683720492,1.2662253247393567
1,1,TEI,0,6,-0.339687765593229,-0.5819033084535268,11.255719724778158,0.5297700606735617
1,1,TEI,0,7,-0.052112471406168925,0.19816841051072265,14.711077259818778,1.3672373770746002
1,1,TEI,0,8,2.493712932721571,1.036764792707368,8.118861606355965,3.0135030029043834
1,1,TEI,0,9,-0.0652575704824494,-0.937717969287056,14.548911272828773,0.44766364750641396
1,1,TEI,1,10,0.7862657828950466,1.2840864123686342,2.1612987038284133,3.7906295680478936
1,1,TEI,1,11,0.8004929182399627,-0.8922642030900065,2.165832916454474,1.7260243717823167
1,1,TEI,1,12,-0.4830086560536847,0.19784239334496312,2.160572924152879,1.3166386895694342
1,1,TEI,2,13,1.2653596071514128,0.9501528158518644,0.40830699483354554,2.699874744244965
1,1,TEI,2,14,1.2463324682377181,0.91156973942832,7.149226750454886,3.8488116230431886
1,1,TEI,2,15,1.2622677672910143,0.892469543870368,14.313746128764754,3.7249722470183855
1,1,TEI,3,16,0.8834570868759906,1.0002134439175596,7.998646259997007,3.5909428327758657
1,1,TEI,3,17,0.6934736015467489,1.110825037565014,0.8026076717641947,2.930261245654103
1,1,TEI,3,18,1.278318065465455,0.8915304638184605,14.899951084626935,3.728848928883158
1,1,TEI,4,19,1.2888870760799178,1.268692602126694,7.447815497396314,4.141023581406615
1,1,TEI,4,20,1.5396479416790272,0.9399343022504878,14.744154389965486,3.895076407685739
1,1,TEI,4,21,1.0289913961217145,1.5058473972394744,0.12881391239294054,2.5493897380697654
1,1,TEI,5,22,1.126979792410998,1.3331207373433243,4.93507581319905,4.098928634110626
1,1,TEI,5,23,1.7111270922798862,0.9989927156040839,14.230924641830581,3.9592007898612342
1,1,TEI,5,24,0.9112442077022882,1.9739013224756903,11.675933139381488,2.4352558711172847
1,1,TEI,6,25,1.2900350731237453,1.3020093053538728,5.571784001628721,4.198775889972303
1,1,TEI,6,26,1.5711242868143507,0.9623357095396243,12.96539005635414,3.9420777226971992
1,1,TEI,6,27,0.5407624552433989,1.9319254974002549,0.0165966179299527,0.9497741447072875
1,1,TEI,7,28,1.4956303262620172,1.471200968016908,3.9818701137192964,4.295945727053487
1,1,TEI,7,29,1.8557176048876807,0.8764003348477614,13.911232756773245,3.768686776127265
1,1,TEI,7,30,0.7297437877722139,1.0405845492325012,9.700447514230236,3.419280738672524
1,1,TEI,8,31,1.3618549238903137,1.458834185393881,3.9623193778139076,4.2533824316084825
1,1,TEI,8,32,1.5325705941966432,1.1553361671094833,11.404198834702989,4.122298461367929
1,1,TEI,8,33,2.4947494319833226,1.7208120659597768,14.879043516523556,2.639258845887579
1,1,TEI,9,34,1.4032255047612328,1.4326251298881925,4.089333607238183,4.283622441394046
1,1,TEI,9,35,1.5308308774493984,1.1839866078470234,11.756883456255228,4.133573584976219
1,1,TEI,9,36,2.536920559353698,1.962980613486339,5.015800596367559,1.8692512571095614
1,1,TEI,10,37,1.4471904502513726,1.3717875483046176,3.8826510839788897,4.329639225628404
1,1,TEI,10,38,1.4834327530114053,1.253501972844857,11.50224374990962,4.1540856352411
1,1,TEI,10,39,0.17058834452334648,1.4057857590039453,3.254815990153883,3.038045748533942
1,1,TEI,11,40,1.368517076716222,1.3615029569639874,3.612767863266664,4.306852697790941
1,1,TEI,11,41,1.420395666545169,1.2404195153812232,11.151589146153873,4.1332346671147215
1,1,TEI,11,42,2.500470967406157,0.9933462165616151,14.85809843741068,2.857833117956131
1,1,TEI,12,43,1.4562837727066764,1.3360288018901088,3.76830308293281,4.341148088087055
1,1,TEI,12,44,1.5647873791164528,1.2042081391634776,11.281053043881265,4.15507448915544
1,1,TEI,12,45,2.600758047298572,-1.4856312563125638,14.456257950839177,-0.27802185620201403
1,1,TEI,13,46,1.4534063240170259,1.344850193352463,3.6715736763283333,4.342695105694589
1,1,TEI,13,47,1.5385500733982989,1.2620455393194274,11.220553749352298,4.172787859846574
1,1,TEI,13,48,-1.011041926082911,-1.4931873062964478,0.19512312504184073,-1.7763822769768427
1,1,TEI,14,49,1.4174862829382224,1.331286435948857,3.4902965878378684,4.335570211958595
1,1,TEI,14,50,1.54603502010207,1.169567462227406,11.066955354258797,4.137706477075878
1,1,TEI,14,51,2.449104737600342,-1.4817476766239328,0.12025138149261516,-1.0376063251585728
1,1,TEI,15,52,1.4071748412880463,1.335843954527816,3.49614928884063,4.330918190242745
1,1,TEI,15,53,1.6010015986140407,1.162023253556805,11.236406542075873,4.136281281203197
1,1,TEI,15,54,0.12205690853707973,1.0285254563444428,3.2459307841965273,2.843838362331269
1,1,TEI,16,55,1.4318893546794103,1.3017848603505144,3.8782785305142307,4.32792465266141
1,1,TEI,16,56,1.569920590034664,1.1918494348435873,11.489247677094795,4.146880971786743
1,1,TEI,16,57,0.37225023789446543,1.2666974431051226,8.293966037047124,3.140226528192226
1,1,TEI,17,58,1.4325144470686446,1.314678951255328,3.542083712186844,4.3398341317221725
1,1,TEI,17,59,1.5690280947282278,1.2188505024822556,10.970060753141793,4.1662881980488145
1,1,TEI,17,60,0.36826246186988554,1.4057887684204364,7.84227075460465,3.1372811839099066
1,1,TEI,18,61,1.4232139129898136,1.3477222836031864,3.885108302557034,4.324276228750098
1,1,TEI,18,62,1.5850086261558003,1.198228968963492,11.241115658131402,4.154743745236458
1,1,TEI,18,63,0.4297277075061663,1.4109157276152482,8.445452572687126,3.1985760690543517
1,1,TEI,19,64,1.4087245853177435,1.3010170051468917,3.821059020441532,4.320421534452112
1,1,TEI,19,65,1.6109886847371953,1.17234775679997,11.060295404972413,4.144989312531205
1,1,TEI,19,66,0.4183705425640776,1.348498330278482,8.241451451446826,3.2041651600775527
1,1,TEI,20,67,1.3763889308177975,1.361517636949412,3.6279583052677284,4.310224394855946
1,1,TEI,20,68,1.5629427434648933,1.2307168555652699,10.784818260602256,4.172897859831812
1,1,TEI,20,69,0.40799020648816575,1.4547613662831016,8.609202115445092,3.1458982156060316
1,1,TEI,21,70,1.4310011750700218,1.3097745051103469,3.8548822235190396,4.329001107748842
1,1,TEI,21,71,1.6094139551934314,1.2418960326931083,10.948999056180245,4.17762796752795
1,1,TEI,21,72,0.45636508364482054,1.4011800073815874,8.375415437824165,3.236863614487479
1,1,TEI,22,73,1.412271662477175,1.3658947431997976,3.7463585997090183,4.321838908141862
1,1,TEI,22,74,1.605023683568814,1.2115814004083267,10.67742041922164,4.169989300700512
1,1,TEI,22,75,0.4822128245977615,1.2033902158694958,8.13629512457874,3.258171115930901
1,1,TEI,23,76,1.4235889223373728,1.3591046393713953,3.661108737427294,4.330319587832426
1,1,TEI,23,77,1.4887377103699562,1.2277345751577022,10.577479308721818,4.160260731318523
1,1,TEI,23,78,0.41285709227645206,1.3729607698031217,7.522408061652104,3.209444466096567
1,1,TEI,24,79,1.3588880786733823,1.3152672094947149,3.8759599784732366,4.296226012936669
1,1,TEI,24,80,1.502566036773917,1.2219477472388425,10.68170111010342,4.160025366967673
1,1,TEI,24,81,2.330716695357573,0.7998203738052063,6.426860295541671,3.179608499062393
1,1,TEI,25,82,1.480883730995581,1.3023222337753109,3.7733704072959657,4.347872419843838
1,1,TEI,25,83,1.5967369157795717,1.211337056232705,10.571028190072617,4.1711729573541545
1,1,TEI,25,84,0.5190789435467786,1.2796293573752076,7.676013320754189,3.33932605114752
2,2,TEI,0,0,-0.1223554543103047,-0.45528099805056854,12.21357188317361,0.7507596298390671
2,2,TEI,0,1,-0.756510124241143,0.6003518408797888,10.928679341650108,1.6666540168363224
2,2,TEI,0,2,-0.39781368882900303,-1.3069868043342614,4.125265549222666,-0.07017086983794907
2,2,TEI,0,3,1.3568271765900897,0.46792981973149805,2.2517838873167366,3.444127279905535
2,2,TEI,0,4,0.5167412652374896,0.842540545010821,6.342347314378648,3.013863270461253
2,2,TEI,0,5,1.2662101000873731,1.8860258337278681,10.24628926982207,3.1474517080865465
2,2,TEI,0,6,0.3635020012200576,-0.8446160059796568,5.190064022910425,1.1718025759627784
2,2,TEI,0,7,0.8098535432295095,1.619232933252027,11.633683573147868,3.407141790005367
2,2,TEI,0,8,0.08891384649965395,1.7347591377738847,7.064177371350947,2.386821585242486
2,2,TEI,0,9,1.4925767933097336,-1.1247744204124417,1.5690488329356895,1.9382967795716612
2,2,TEI,1,10,1.0879137166594464,0.9749552852492127,11.757945747891812,3.7080245215097296
2,2,TEI,1,11,1.0815031993598834,0.9747124325522618,2.257569482215577,3.903079646368007
2,2,TEI,1,12,0.7803765084465553,1.9534540697609324,7.1531232555872295,2.4640830544281207
2,2,TEI,2,13,2.629309472749183,1.1247500964869679,0.6753486960718906,1.9433042745895834
2,2,TEI,2,14,2.6134732465943125,1.1912550585973332,6.9609004848052525,2.7971910199177703
2,2,TEI,2,15,2.633302321426558,1.250378669890999,13.12447176658008,2.6514871965120124
2,2,TEI,3,16,1.3619225569510145,1.1018628120303084,7.028637592716784,4.107436553067623
2,2,TEI,3,17,1.1527385944991915,1.007132286329596,0.6376196804528014,3.057361938753262
2,2,TEI,3,18,1.232722573712333,1.2969604299867674,13.297844741757297,4.01356156845733
2,2,TEI,4,19,0.7992286608174402,0.9739961823723049,10.908528502159033,3.416672997553294
2,2,TEI,4,20,2.5545342782348457,0.9739214767142448,13.33473224020047,2.6983633555682336
2,2,TEI,4,21,-0.774145998985964,0.9741264170782133,7.138297876667149,2.220609503426523
2,2,TEI,5,22,1.3599664217366914,0.9509999337665467,4.776088631799702,4.032348787976458
2,2,TEI,5,23,1.1999778051484906,1.5764045368552715,14.869335152606453,3.818099558314323
2,2,TEI,5,24,1.5655427945880884,0.48271242642694,11.050133086505536,3.340497774893493
2,2,TEI,6,25,1.362298252079944,1.3912923142845295,1.6282141087898376,4.218940716207489
2,2,TEI,6,26,1.3563646805614198,1.354640497105228,8.368174468788695,4.16376620377626
2,2,TEI,6,27,1.231749941708467,0.910339499967729,14.918082035406904,3.719026855082612
2,2,TEI,7,28,1.1719588261662,1.45919738874142,3.4692276873997208,4.143806943050057
2,2,TEI,7,29,1.4052898460234853,1.277612891479444,10.227855374080468,4.150545438322396
2,2,TEI,7,30,1.381675911912386,0.06855071015669867,2.7684130349476668,2.972445576767659
2,2,TEI,8,31,1.4589498846406657,1.5212229687336687,2.3858354114265574,4.267312015901171
2,2,TEI,8,32,1.5234807918526974,1.0080935255341412,8.937796156240436,4.041038955914724
2,2,TEI,8,33,0.990095038853001,1.5351915396969735,14.657954522466556,3.6826946726791676
2,2,TEI,9,34,1.3210150339814115,1.6687628687826144,1.6389520709171865,3.8993551154402075
2,2,TEI,9,35,1.4371550794997554,1.2257816549674057,8.818837046467575,4.173048202223757
2,2,TEI,9,36,1.9081162284021995,1.6456477791633923,14.876449347122989,3.778000435140264
2,2,TEI,10,37,1.4497777374616558,1.2183566637135392,2.760915613692078,4.33926608164949
2,2,TEI,10,38,1.3366320166929073,1.2750401901074926,9.852682598615456,4.122444443308585
2,2,TEI,10,39,2.014862008553625,1.918071442455111,14.634478771539419,2.8931996708480368
2,2,TEI,11,40,1.4545756317142704,1.3035438074915664,3.276165457750761,4.35443279241946
2,2,TEI,11,41,1.5773893783767834,1.3361135126919348,14.874846391134374,4.144188179407477
2,2,TEI,11,42,0.8091566598938769,1.4753482844202797,9.312307285484216,3.6099056206667486
2,2,TEI,12,43,1.4742154943700516,1.309018622613915,3.229461720950103,4.362277341360703
2,2,TEI,12,44,1.6268060640720967,1.3775166682839899,14.98858511273548,4.139022678510003
2,2,TEI,12,45,0.8541062482724344,1.1998297075035325,9.48424269753587,3.680375650831788
2,2,TEI,13,46,1.3790912341390689,1.3064320882490676,3.1143907432575597,4.327477480435612
2,2,TEI,13,47,1.6567233803324628,1.37193485444726,14.982985819848432,4.138713708634279
2,2,TEI,13,48,0.8657800262466677,1.2797337995638336,9.636159470102147,3.717351075600059
2,2,TEI,14,49,1.4411023101580196,1.3368091691914348,2.8899037820388687,4.357530417473146
2,2,TEI,14,50,1.5100657199917435,1.3085296219474047,10.188779700813448,4.189988483189477
2,2,TEI,14,51,2.5969885760055473,-1.493195520875839,14.560337889005353,-0.2884146621493584
2,2,TEI,15,52,1.4868616643450894,1.2811929553160848,2.7452824288257847,4.369512329188678
2,2,TEI,15,53,1.6274208052728967,1.3117251391431153,10.033355627299473,4.205210022554693
2,2,TEI,15,54,0.7701287451363723,1.3870842632577274,14.88358481731335,3.53698784566141
2,2,TEI,16,55,1.4122168210214041,1.2636967621106536,3.0175559872115443,4.337154983981571
2,2,TEI,16,56,1.6958051466228845,1.2674357907383396,10.351035536543304,4.1869203030913535
2,2,TEI,16,57,0.8160634834192662,1.3872895844464104,14.852956271517785,3.590676512841402
2,2,TEI,17,58,1.449339491128756,1.2396742993157526,3.1014367254270696,4.342889700416107
2,2,TEI,17,59,1.6324879460749426,1.2868786799367413,10.378561877331677,4.196943589336802
2,2,TEI,17,60,0.7535020165933255,1.3334190941900754,14.905284095788106,3.525601657880248
2,2,TEI,18,61,1.476890462004528,1.2884681625745813,2.817475493071746,4.367545856794755
2,2,TEI,18,62,1.6931603642949535,1.3075259773841506,10.044753632988277,4.198404938780083
2,2,TEI,18,63,0.8473168937820232,1.2534209648374879,14.728745382438351,3.625767607353632
2,2,TEI,19,64,1.4392767211909274,1.301039388610369,3.075045441597125,4.353235197632493
2,2,TEI,19,65,1.6015187168259124,1.307061647830508,10.388011102198528,4.199051912217592
2,2,TEI,19,66,0.7605251452535691,1.2289602721008919,14.874241480757542,3.5159542151662944
2,2,TEI,20,67,1.4318200163249326,1.2867215832377212,3.0153941537197153,4.3496649842760915
2,2,TEI,20,68,1.6001161510762585,1.3058085159463064,10.342769132227492,4.199608535380879
2,2,TEI,20,69,0.759544634401836,1.3280967407479976,14.771992277694224,3.5341274656453616
2,2,TEI,21,70,1.4743126887056177,1.2911866600462618,2.732006241774913,4.3674951736179795
2,2,TEI,21,71,1.6274342730562488,1.280841619925221,10.273325633868996,4.197718373847247
2,2,TEI,21,72,0.799877022102611,1.433969752075829,14.72409298506393,3.5546390025106884
2,2,TEI,22,73,1.430006969277859,1.2911744830561505,2.868076491120186,4.351555604096458
2,2,TEI,22,74,1.5757243265894174,1.25832505395269,10.376024384786701,4.189206928156061
2,2,TEI,22,75,2.5919976228700223,-1.499185593574575,6.737133705878827,-0.16449172244377452
2,2,TEI,23,76,1.4513829347859701,1.3140558493981764,2.8524726294673304,4.361607949012589
2,2,TEI,23,77,1.7087051898905123,1.2497699933727109,10.01002884489371,4.185179313044037
2,2,TEI,23,78,0.9149812744962218,1.3247081241397813,14.861246465203397,3.70962735479341
2,2,TEI,24,79,1.4924308138329465,1.285059528493365,3.1607979545063927,4.366244863212411
2,2,TEI,24,80,1.6226491484747005,1.2724754685866912,10.569768039728553,4.191561379237033
2,2,TEI,24,81,0.7713681031100852,1.3896776734563687,14.561075748888216,3.5407173404660317
2,2,TEI,25,82,1.4976810479492495,1.2684310543064812,3.0337224399876384,4.366843748071827
2,2,TEI,25,83,1.490519529732096,1.2760417318239838,10.471590738624528,4.176330322899376
2,2,TEI,25,84,2.2936058937613275,1.3887141080058978,14.93683617118514,3.5235939526537883
3,3,TEI,0,0,-0.7799290623842758,-0.671163226913651,12.019315703630747,0.4155254796193949
3,3,TEI,0,1,1.0755395287725422,-1.1705497521586028,6.497470976606871,1.618186424861741
3,3,TEI,0,2,0.6902147011522968,-0.940913798770225,11.01892269398681,1.3679095707167146
3,3,TEI,0,3,-0.6752076615537155,-0.13070133326518274,7.751585999137834,0.8354990575388201
3,3,TEI,0,4,0.5092569122877824,0.5537950000334924,11.06782897159511,2.521134102916817
3,3,TEI,0,5,2.4735707313225004,-0.5052959268792299,9.728559558990296,1.357485212962346
3,3,TEI,0,6,1.501759179556371,-0.4754773784562951,0.023349762549033728,1.1252207897384325
3,3,TEI,0,7,2.5378210468020845,-0.45559571944093524,4.710476044513018,1.3367871894460186
3,3,TEI,0,8,2.232324270253552,0.5480702896181784,7.0701736680622895,3.0102610659693836
3,3,TEI,0,9,1.789736185057627,-1.3937889731813509,10.604769469738697,1.3638454560205804
3,3,TEI,1,10,2.633803183354803,0.6498470177067888,5.708324973204612,2.185351555124796
3,3,TEI,1,11,2.614235101198846,0.6494909917174958,13.994887423540671,2.0993409024018588
3,3,TEI,1,12,2.609613773860102,0.6359543467917219,0.08710665306670858,0.8880402223367848
3,3,TEI,2,13,0.7909383509542729,0.5474460255980365,6.258418686474973,2.954125396188923
3,3,TEI,2,14,-0.6527124663924653,0.5473337152556641,1.996277367683238,1.741489201375673
3,3,TEI,2,15,-0.27254968434400084,0.5474448804515828,11.894145943671276,1.6776058748586729
3,3,TEI,3,16,1.4177071682316473,0.549003485842277,5.372809253882937,3.5172705348753484
3,3,TEI,3,17,1.624615246230809,0.548870303652417,13.452693630781981,3.404926345435741
3,3,TEI,3,18,-1.0592208217693873,0.5668047099742473,12.52558511244374,1.8231333668182206
3,3,TEI,4,19,1.5550469076693547,0.5507497974870978,1.3144781049779286,3.4213265085635536
3,3,TEI,4,20,1.2622398898378058,0.5506602223374557,8.210848072131558,3.3600974295451382
3,3,TEI,4,21,2.0380539085063916,0.5507252953370267,14.803513246850832,3.1721307569525887
3,3,TEI,5,22,1.5269558786411652,0.5460634130299526,7.415631337527406,3.489139670167242
3,3,TEI,5,23,1.548634141117803,0.5463878168026794,14.304889839394127,3.387544231086443
3,3,TEI,5,24,1.7962855002754798,0.5493451478732156,0.5482760512886642,2.489248961779563
3,3,TEI,6,25,1.1350321748890968,0.6722324035942187,0.03877763040651035,2.138889301629337
3,3,TEI,6,26,1.7934227424321376,0.5577907171486527,10.4339623943191,3.4200069051608883
3,3,TEI,6,27,1.168407141555694,1.2574629753548732,5.916229404953641,4.092816835567947
3,3,TEI,7,28,1.1196298326893679,0.5106009931458311,0.25852432874380954,1.907874374820488
3,3,TEI,7,29,1.1822258240668977,1.2553704908644319,5.6877030182439965,4.110185477772894
3,3,TEI,7,30,1.6932455864343714,0.5041688056394191,10.568022984828263,3.3736294676155856
3,3,TEI,8,31,1.4029099148791722,1.3496157070740855,5.286839900908181,4.2677462044651655
3,3,TEI,8,32,1.24733881036145,1.3425980328556304,12.508860008126344,4.033755569274007
3,3,TEI,8,33,1.5581137033901875,0.6050705686867923,0.20073258146714268,2.2660379575959264
3,3,TEI,9,34,1.3954512630304654,1.445398342667365,2.5179505005893428,4.305164975490015
3,3,TEI,9,35,1.5579356900328785,1.4124505280947752,9.78670727348369,4.1884732770782644
3,3,TEI,9,36,1.7194449319154446,0.4277077985789244,2.840214506840809,3.4581622151482696
3,3,TEI,10,37,1.4251487217779526,1.0719855946999495,2.82020475838424,4.236564756613351
3,3,TEI,10,38,1.5452232601883593,1.3142586965441674,9.912883632868986,4.2016184955570015
3,3,TEI,10,39,0.4744010404435648,1.9596121900047638,12.295555018730749,1.9708312721110248
3,3,TEI,11,40,1.4458811440944208,1.3340201143098578,2.0077466689565395,4.330712298990326
3,3,TEI,11,41,1.6262948268455681,1.3459295474402988,11.60824702506479,4.1814027450166185
3,3,TEI,11,42,2.2606677873926673,1.9873123427824977,6.336634321235879,2.3656657204102762
3,3,TEI,12,43,1.4163244358130869,1.2618978239645608,2.1729950299925456,4.3257065033140805
3,3,TEI,12,44,1.5304891096817825,1.3274134176744328,10.674414363181393,4.187278241999705
3,3,TEI,12,45,0.33489275320468637,1.9899386985165388,0.12616572701282636,0.4282014243769175
3,3,TEI,13,46,1.5823332759142694,1.2634074690036496,2.369295685090552,4.377339765464705
3,3,TEI,13,47,1.5780496999513267,1.2940746038974713,10.431632996074045,4.195605366692693
3,3,TEI,13,48,0.7349609154199317,1.9844390500212645,6.272149560381559,2.2892876324794678
3,3,TEI,14,49,1.491442427657696,1.178331660652161,4.003455282332645,4.302488443277314
3,3,TEI,14,50,1.6572226740775138,1.336211473873655,11.040593751383014,4.188258965469427
3,3,TEI,14,51,0.5164562982021434,1.276202085923389,14.913448082153497,3.229941564793125
3,3,TEI,15,52,1.5603218055409944,1.3200763511741544,2.3811723802726217,4.38316636421362
3,3,TEI,15,53,1.6469674103744767,1.239849133184444,9.595934348091957,4.197519340399951
3,3,TEI,15,54,1.145693493646628,1.9430733040091543,14.979921089363284,2.7659350797201094
3,3,TEI,16,55,1.5669774630551716,1.3024570576110714,2.443640033554344,4.384807996424854
3,3,TEI,16,56,1.6227665111634444,1.3040974363867903,9.90670796942726,4.20683108002809
3,3,TEI,16,57,0.6381793634226838,1.024281739578416,14.499542280893737,3.231385849211753
3,3,TEI,17,58,1.5206323736513325,1.3045730178513617,2.5130331216380366,4.379075492458977
3,3,TEI,17,59,1.5881596245096432,1.2944419350526988,10.08393709342382,4.201936059354506
3,3,TEI,17,60,0.6261037558835716,1.1545030115166601,14.82793450556616,3.31653434164354
3,3,TEI,18,61,1.5858794497026771,1.3587311675768197,2.5106093335768245,4.386520898242032
3,3,TEI,18,62,1.5878056226003667,1.313089552181764,10.362188367844317,4.19911676188543
3,3,TEI,18,63,0.6347697314629244,1.1584058865414182,14.937258185351896,3.3285932501434514
3,3,TEI,19,64,1.5760523095209744,1.434886140953461,2.4806255053118904,4.3599573788447294
3,3,TEI,19,65,1.5810830906427795,1.268441477759536,10.354268303713908,4.192509919325428
3,3,TEI,19,66,1.4019779802429708,0.29577217505572584,2.6221352838105694,3.2481145656447428
3,3,TEI,20,67,1.5318197387497783,1.261471748177264,2.445861683694781,4.37248210032585
3,3,TEI,20,68,1.5887956777910626,1.2838801961236768,10.57027776715378,4.1927961050380675
3,3,TEI,20,69,-1.0863562830247084,-1.4765874454256582,0.5176251553408101,-1.3635556215958093
3,3,TEI,21,70,1.5472807968504863,1.264181246892524,2.504802779304398,4.377075093870655
3,3,TEI,21,71,1.5569772254605474,1.3030851122293545,11.166610263231938,4.183416494695226
3,3,TEI,21,72,2.387104773270187,-1.4878888912455226,0.7920036004652624,-0.15915074642357518
3,3,TEI,22,73,1.5635485524812562,1.2743375833760253,2.5831393822701365,4.382729708774472
3,3,TEI,22,74,1.587612182577518,1.2929838357083265,10.460172795737911,4.1957644951458155
3,3,TEI,22,75,0.5673547978918574,1.2676065276379842,14.99052012002779,3.2909182644177264
3,3,TEI,23,76,1.5275326895251045,1.2693442036289775,2.696347448593606,4.376710726727324
3,3,TEI,23,77,1.5843122751477394,1.319809983271631,11.148948342917821,4.187431980409951
3,3,TEI,23,78,0.47753652135860847,1.213866089243361,14.99393819781796,3.1609953809439277
3,3,TEI,24,79,1.5390192302287615,1.315744335765749,2.5728787575839416,4.38413459450343
3,3,TEI,24,80,1.5914314317077345,1.2575755511761662,10.268578185476413,4.191884758129585
3,3,TEI,24,81,0.6342305098041716,1.3467101493268392,14.94336133571187,3.3799043007921155
3,3,TEI,25,82,1.5896838568176044,1.3261315270072385,2.535994147663133,4.389718216057915
3,3,TEI,25,83,1.5938787063950288,1.2881251341045443,10.225903753858542,4.199124872371429
3,3,TEI,25,84,0.6410661343062038,1.1982412434612817,14.782592900096674,3.359354182959856
4,4,TEI,0,0,2.4242006665239377,0.28964643485026564,14.643679341909854,2.144763429957022
4,4,TEI,0,1,-0.7979157787021347,0.6257454119826038,5.647922279074711,1.831659516477525
4,4,TEI,0,2,1.8967048105059616,-0.8891526434959004,13.074657477540658,1.9881510235312032
4,4,TEI,0,3,0.9327090146531924,1.6577527790059592,7.157825704064256,3.557458546444625
4,4,TEI,0,4,0.5087645898748168,1.2613135114051532,14.762310845966889,3.2183561270813117
4,4,TEI,0,5,0.28166528714212635,1.8912650426068223,13.935466790093527,2.003163141883807
4,4,TEI,0,6,-0.4359628070074767,0.6309806589559166,10.573266318725572,1.7269885026245202
4,4,TEI,0,7,2.4232573489056977,0.8298009593801368,2.001802936019945,3.08604319725342
4,4,TEI,0,8,0.7605312166609444,0.22766941884640213,7.50389261404184,2.4641273578241396
4,4,TEI,0,9,2.482222003190257,-0.2752191006221083,3.3573434305264613,1.6605450926386305
4,4,TEI,1,10,2.000197114769294,1.6574764158150699,6.967170176575253,3.7987193172066664
4,4,TEI,1,11,-0.3778453337150991,1.6566927108341116,6.993304255653172,2.177918130940435
4,4,TEI,1,12,1.1211351039631055,1.6571852604161168,13.470240218026367,3.637647275605528
4,4,TEI,2,13,1.743808911356274,1.6633953234275136,13.90533840856906,3.8380068501381874
4,4,TEI,2,14,1.6840480498007828,1.6632504188843535,1.977640941655509,4.054984261492192
4,4,TEI,2,15,2.5195617683159277,1.6563750785608535,7.806138828230453,2.809605351491983
4,4,TEI,3,16,1.5822087491696952,1.40326029486459,0.43710328891472433,3.082629046290985
4,4,TEI,3,17,1.5149016720056743,1.4085629971396498,7.54227867304174,4.2271841713916976
4,4,TEI,3,18,1.5885426381759964,1.399896849798214,14.591052899786762,4.135357849709086
4,4,TEI,4,19,1.4918196956330876,1.4923519383673756,10.055653437492158,4.12180396871884
4,4,TEI,4,20,1.5607819589314191,1.7406903527873814,2.617950775372494,3.9161711076517847
4,4,TEI,4,21,2.4753038554858637,0.8684281232413764,5.28539626586116,2.9569576888920475
4,4,TEI,5,22,1.573756803577504,1.357136018883538,10.727490393342832,4.190396931258553
4,4,TEI,5,23,1.5779496729906999,1.6742714855708596,3.113148189042633,4.064862351373072
4,4,TEI,5,24,0.29955589768510826,1.2858480950499387,6.077798126674683,3.110288797376257
4,4,TEI,6,25,1.550355321693564,1.4990622955440704,6.689638218070786,4.198776024476851
4,4,TEI,6,26,1.5073599233587096,1.3017866411773804,13.744849772143814,4.1429924284624
4,4,TEI,6,27,2.0036598278642117,1.7365243269552688,0.19678713332456327,2.3008592285604785
4,4,TEI,7,28,1.6952682772506211,1.7501057721977902,4.317404382860519,3.8476888624687833
4,4,TEI,7,29,1.5101624155033533,1.0749996464933593,9.738767796619715,4.084668702421229
4,4,TEI,7,30,1.6653672386009877,1.7888975129444518,14.890595565648153,3.54007634323238
4,4,TEI,8,31,1.814721505052042,1.34764391201302,2.859690051791032,4.344368109465428
4,4,TEI,8,32,1.3701853337356975,1.1977055902635798,14.928564625752724,4.050444024313599
4,4,TEI,8,33,1.2955088923496785,1.7672422604561926,8.837065422317963,3.5798455541382506
4,4,TEI,9,34,1.8932116836011512,1.4602057353829063,2.882879625691317,4.2569429571322805
4,4,TEI,9,35,1.3831040468894957,1.370101044958366,11.255425856823152,4.125349784322491
4,4,TEI,9,36,0.6434644588333747,1.2300058435629864,2.4485829906483887,3.6174748230869085
4,4,TEI,10,37,1.5531559761527287,1.2616003868348118,2.6538579502847894,4.379018131000363
4,4,TEI,10,38,1.6360619459124481,1.3015059200961132,9.951778370005467,4.205507275930801
4,4,TEI,10,39,2.5601637569981293,1.4227004852765708,14.845725110713639,2.8536956669370244
4,4,TEI,11,40,1.6614137255366392,1.339272909490068,2.6907266861183863,4.389339347381015
4,4,TEI,11,41,1.5644860949968882,1.3246076170950056,10.033411572353756,4.202510292383789
4,4,TEI,11,42,-0.9473389474487522,-1.4937396981716313,0.5761391257006058,-1.4539395761152973
4,4,TEI,12,43,1.542823042845269,1.2697534886176118,3.023283482596199,4.376749641239663
4,4,TEI,12,44,1.6200252304695857,1.338618702600459,11.589256153847284,4.182284291522713
4,4,TEI,12,45,-1.0750145404762128,-1.476706518775967,14.737297555030374,-0.4579866210346948
4,4,TEI,13,46,1.6006421883210358,1.274089759893116,3.430805447713778,4.374025433514456
4,4,TEI,13,47,1.5861168684513474,1.3266624074648448,12.226772906784488,4.173387955223573
4,4,TEI,13,48,2.5419510540120207,-1.499674554284744,8.999896697340153,-0.06541281541298449
4,4,TEI,14,49,1.5879467311036763,1.3284605524157738,3.2515584078462694,4.383366910240084
4,4,TEI,14,50,1.5428320461640177,1.3425934014341583,10.695728060421798,4.1884498526718925
4,4,TEI,14,51,2.5543574938049636,-1.457122186738233,14.95390391966262,-0.06301883225284555
4,4,TEI,15,52,1.6195057307207765,1.3135624284986576,3.104307373271417,4.387403618627517
4,4,TEI,15,53,1.5363180924744135,1.323393623168311,10.602245010793663,4.189437996629277
4,4,TEI,15,54,0.3723061694759966,1.2358973271991602,6.507791370778556,3.174261017151129
4,4,TEI,16,55,1.641849912839414,1.319958284592917,2.974894906595942,4.389232019489294
4,4,TEI,16,56,1.572442174256366,1.3421146477723385,10.329312025388557,4.197985275452777
4,4,TEI,16,57,0.42961047098626093,1.2383848220829425,6.114788146262653,3.257297361596784
4,4,TEI,17,58,1.6340876039426764,1.3361533361706508,3.1684999301526946,4.385755697393385
4,4,TEI,17,59,1.6244508875377783,1.3449336004100436,10.439214439458654,4.198290105675564
4,4,TEI,17,60,0.4865235150819607,1.256555978540748,6.74611815143694,3.3163226170092424
4,4,TEI,18,61,1.681259586523614,1.2964125854699051,3.340686663932678,4.3758985442039915
4,4,TEI,18,62,1.5881903904368802,1.2630177808536245,10.459950808270662,4.190101623412186
4,4,TEI,18,63,0.48632661146263545,1.2840129172059767,6.220471136569384,3.336630025385569
4,4,TEI,19,64,1.5648154058768728,1.3047972871366817,3.0312472764797924,4.38506952650883
4,4,TEI,19,65,1.5407042207271813,1.3391835246854917,10.30101999158332,4.194392807723204
4,4,TEI,19,66,0.5716554400013596,1.099108883103645,14.953395045538876,3.20935354506181
4,4,TEI,20,67,1.6120795178912797,1.3231203566198535,3.121217865927492,4.387283954245386
4,4,TEI,20,68,1.554476716466549,1.293084333337867,10.469430100742422,4.19222965495077
4,4,TEI,20,69,0.47456690432103743,1.3065647193005692,6.301652663999967,3.3223685593112515
4,4,TEI,21,70,1.6069588584182473,1.2827797790559412,3.380654693686386,4.377263871622586
4,4,TEI,21,71,1.5426410316184116,1.3192720291865614,10.71455177852578,4.188763719588786
4,4,TEI,21,72,0.48053981250449196,1.1993309646198544,6.994966000348313,3.2808916458902706
4,4,TEI,22,73,1.5616450234015606,1.3144324001773429,3.0891904632480722,4.3842461485024815
4,4,TEI,22,74,1.5885451273232998,1.3003866308086085,10.149377937159553,4.201579671035632
4,4,TEI,22,75,0.6772196445600744,1.3783198817562154,14.993306899447647,3.4268488346550647
4,4,TEI,23,76,1.6177336374554612,1.2881891805845376,3.2726065022488937,4.381100346679211
4,4,TEI,23,77,1.5823442583880576,1.2674611626726215,10.273149829445593,4.193660810573279
4,4,TEI,23,78,0.6519222196618855,1.372599834309769,14.796491944981732,3.3990197617056417
4,4,TEI,24,79,1.627022887551227,1.3521150220728053,2.8783643966540895,4.389398219100246
4,4,TEI,24,80,1.5048009202337012,1.290193089573905,9.851002384763229,4.19234134416495
4,4,TEI,24,81,0.6589356169007792,1.3961922736070456,14.850929565226814,3.4007651305885838
4,4,TEI,25,82,1.6497820195383182,1.3581991836169554,3.234965303405242,4.381222296151112
4,4,TEI,25,83,1.5849883458841494,1.3156413345320095,10.486002047156378,4.197114071994029
4,4,TEI,25,84,0.5834806550569018,1.2770016168874934,6.54668873220272,3.4474721406042543
5,5,TEI,0,0,1.9082959260364856,1.3277927640777283,7.730368090071089,4.147777031524758
5,5,TEI,0,1,-0.03196024261061492,-1.3112425416642024,5.751149842901988,0.13346677509308824
5,5,TEI,0,2,0.42646436865453485,-1.341536821341442,0.7323169031967938,-0.10638336565326356
5,5,TEI,0,3,2.633921141998172,0.7832918905579569,3.5184185148456892,2.4374909028247727
5,5,TEI,0,4,0.5253990026653557,1.9096516764073939,13.465266444020124,2.23638250759352
5,5,TEI,0,5,2.054891387543865,-0.12658367482827648,7.395852257957408,2.465911149921589
5,5,TEI,0,6,1.4287881077926938,-1.2871905046468037,8.334386157693931,1.6218961567787782
5,5,TEI,0,7,-0.08558535387101074,1.5787791066722274,0.9641523452455529,2.1529882250208736
5,5,TEI,0,8,1.438101388900841,1.5453097581462618,3.4105505588884606,4.227399987146568
5,5,TEI,0,9,2.2462900706905886,1.5526841380851724,0.27873974783549105,2.306374101545779
5,5,TEI,1,10,1.5200983392205956,1.2999009844405909,4.147784827325646,4.344712143985989
5,5,TEI,1,11,1.4999987779983663,1.305024647139878,13.992673810117319,4.138956721455797
5,5,TEI,1,12,0.609287376196676,1.2459367128156638,9.050219198951208,3.4147431546226104
5,5,TEI,2,13,1.305999119105564,1.410832459755425,0.053613008710761155,2.8318828017344644
5,5,TEI,2,14,1.3267537654404316,1.43426051722331,7.922795669347086,4.131839304889336
5,5,TEI,2,15,1.296552208621057,1.4412586361585742,14.833232977354047,4.011097971379693
5,5,TEI,3,16,1.8054216847331115,1.099139537191204,14.989286208575201,4.009846059506187
5,5,TEI,3,17,1.373801319725874,1.425560737782258,5.133904498503639,4.237639532495847
5,5,TEI,3,18,0.7385099342542047,0.31856917440163857,14.704910897725439,2.4442698896657467
5,5,TEI,4,19,1.6953899856479642,1.9980673526415869,5.4038140461192,2.884263089485356
5,5,TEI,4,20,1.6611494320910234,1.9128742596057178,14.952657856408843,3.1064019466646196
5,5,TEI,4,21,0.9702328317783051,1.1457271958196804,9.942185375977965,3.767625796541582
5,5,TEI,5,22,1.6360860335623788,1.3967978008683408,5.471055583370476,4.299622343557942
5,5,TEI,5,23,1.4653220625031884,1.236942122521787,13.933870994303787,4.114964274085211
5,5,TEI,5,24,0.4654965947595473,1.0938475486664645,11.033493542867234,3.117507076706347
5,5,TEI,6,25,1.4950812360580272,1.39041903334095,4.1308253020062535,4.331135352702377
5,5,TEI,6,26,1.8199738835725627,1.3684405190547873,11.460002881888599,4.131916190821467
5,5,TEI,6,27,0.8812870109671385,1.2908783022301042,14.84191512509397,3.6706413367680835
5,5,TEI,7,28,1.5439513315052853,1.360733277963075,4.786779289615916,4.325427361514951
5,5,TEI,7,29,1.7234235969694827,1.3140623527580924,14.984931976931344,4.1322347272801885
5,5,TEI,7,30,0.8326201450403077,1.3047240175804573,10.505712770260843,3.669166949850787
5,5,TEI,8,31,1.547675275354924,1.34097394135053,4.7174049421502495,4.330650294862295
5,5,TEI,8,32,1.5909372598110583,1.310839505690458,12.467370129260374,4.170374829395879
5,5,TEI,8,33,2.409176638171044,1.1396584518780446,8.171681625225387,3.310650333281835
5,5,TEI,9,34,1.5964496140883337,1.3409456307636791,4.715396142539298,4.335622459392797
5,5,TEI,9,35,1.5882357096354336,1.369663013156722,12.250458580145082,4.168819555309274
5,5,TEI,9,36,0.7381835625625914,1.3159524500884743,8.47003284547497,3.5955665198713227
5,5,TEI,10,37,1.54251036434504,1.3748620086563532,4.598052097925126,4.328996423958586
5,5,TEI,10,38,1.6311779904781414,1.3408127188637526,11.914236884488393,4.17770341926113
5,5,TEI,10,39,0.7809780839973646,1.1466392407077843,8.785194394991166,3.5796635847264393
5,5,TEI,11,40,1.5241917485525684,1.3435088693875574,5.03668327081765,4.315452165231359
5,5,TEI,11,41,1.583134295726202,1.306338263575117,12.303555122267166,4.171520963617379
5,5,TEI,11,42,2.3742547328517176,1.4084471830431524,8.083270936259158,3.4430539588225972
5,5,TEI,12,43,1.5156464123428544,1.3519669999692212,4.537186811794083,4.329898418216926
5,5,TEI,12,44,1.6952086428481041,1.3071713588620981,11.420734481615321,4.177514273229098
5,5,TEI,12,45,0.8712106618723008,1.3188456707298295,14.79220904824098,3.6622504633949786
5,5,TEI,13,46,1.5128400201684706,1.337948941212841,5.095390163251283,4.311462337695321
5,5,TEI,13,47,1.6199666135495407,1.3362630136379137,12.11732346870782,4.175593584024255
5,5,TEI,13,48,0.7877546677752674,1.1860368848705458,9.347547631577763,3.5998946135939
5,5,TEI,14,49,1.5444666243520264,1.359847909966847,4.562168435991311,4.333396615037507
5,5,TEI,14,50,1.548353880969184,1.2956837599209945,11.501757694835227,4.17679684492001
5,5,TEI,14,51,0.7620316785086809,1.274960026219012,8.029442569070866,3.6282130874911367
5,5,TEI,15,52,1.5645580938022636,1.3176156868705435,4.722865402982977,4.333196825698259
5,5,TEI,15,53,1.5129634794653026,1.3229485068329843,11.494905920565628,4.172007273230892
5,5,TEI,15,54,2.293009631186116,1.3157699588417446,14.89401924545897,3.5340734394330804
5,5,TEI,16,55,1.5363545476540788,1.3527030477184478,4.447641530490079,4.337009061212619
5,5,TEI,16,56,1.5761508139287672,1.2885784471681543,11.43340365576213,4.180143753980192
5,5,TEI,16,57,2.5892835395922087,-1.4585731030206874,14.94240948168051,-0.17300892325169115
5,5,TEI,17,58,1.5255483330248047,1.3212321926812298,4.8022131775708825,4.324402301892449
5,5,TEI,17,59,1.5900101302631913,1.3373631605029583,12.044974551952203,4.175578445177124
5,5,TEI,17,60,0.7776396784436499,1.346843587308015,8.735300701475879,3.63605795624492
5,5,TEI,18,61,1.5920494681379158,1.3620129882214242,4.713375977305749,4.332992593627719
5,5,TEI,18,62,1.5823343960144585,1.324019889999458,11.543061302091818,4.181911480403379
5,5,TEI,18,63,0.7267250614278944,1.5119545505116867,3.89347673037966,3.6291797736075924
5,5,TEI,19,64,1.5462801591505304,1.3500035321110841,4.995300307214285,4.32015596091763
5,5,TEI,19,65,1.5353009588523916,1.3255334497607207,12.052643453858526,4.169230759012201
5,5,TEI,19,66,0.7906899574224113,1.2104062578167674,8.36449009255561,3.6339202146009075
5,5,TEI,20,67,1.522320130534982,1.3523509231709037,4.806184395918251,4.321985345450728
5,5,TEI,20,68,1.6441323347405454,1.3280100295687962,11.57640772549057,4.1820852325130256
5,5,TEI,20,69,0.8374070798627953,1.2663740390816827,9.205161166020368,3.6902515516726506
5,5,TEI,21,70,1.534311678669678,1.376294472734695,4.68886935590112,4.324124069440062
5,5,TEI,21,71,1.6155938884106993,1.352435325093984,11.1902817481961,4.186487507593863
5,5,TEI,21,72,0.8287784663664588,1.2742505572906437,8.462074108941131,3.696530877159879
5,5,TEI,22,73,1.523052268454196,1.3483885384763261,5.019151884415352,4.315359180556078
5,5,TEI,22,74,1.5953152379815791,1.3184546358045837,11.531875339296864,4.182815925876848
5,5,TEI,22,75,0.8744621273967583,1.2533307182235154,14.907192928778555,3.6544831373586026
5,5,TEI,23,76,1.5831534499729805,1.3449123848142497,4.963106121656932,4.32603229708298
5,5,TEI,23,77,1.5740256164311686,1.3600689653097526,11.46025736806157,4.179578196718818
5,5,TEI,23,78,0.852599303251883,1.2763953866094324,8.08261139071852,3.731940723222662
5,5,TEI,24,79,1.5159863922993488,1.361395241148918,4.633369220036784,4.32531464064769
5,5,TEI,24,80,1.661444769014608,1.3290148080299424,11.022653188458664,4.188362780465626
5,5,TEI,24,81,0.9912040478208581,1.3721818737097773,14.744559405899922,3.785356996392159
5,5,TEI,25,82,1.5501289990242988,1.3610712600882495,4.251434672283989,4.344885364522062
5,5,TEI,25,83,1.6429253577743794,1.3242196182836352,10.710305640419051,4.194403849679974
5,5,TEI,25,84,1.0009413231004056,1.3813624989967201,14.982148143257136,3.7908028696392764
6,6,TEI,0,0,0.9111201814506518,-0.2985519556533154,5.536639529690879,2.180301218433196
6,6,TEI,0,1,0.29949441300191637,1.9560574656526333,9.491711332834583,1.8122086039966219
6,6,TEI,0,2,1.4199485282952926,-0.34512790615089584,10.19908499979917,2.4403360411409847
6,6,TEI,0,3,-0.6404522350465709,-1.3189476880567867,12.753020010784997,-0.3325645427926973
6,6,TEI,0,4,-1.0667563747140807,1.9256864676485383,12.405218384259985,1.473939001710935
6,6,TEI,0,5,1.83433335500265,-1.3317077954910872,3.112381553838414,1.668307042049719
6,6,TEI,0,6,2.075947863402807,0.013731840792607697,9.412391537612404,2.53137578285416
6,6,TEI,0,7,-0.6430306756434283,-0.8478228846275967,7.459521423209364,0.3439118912295931
6,6,TEI,0,8,1.7381265975850662,0.38950021520552625,1.6040942984570679,3.300511306741468
6,6,TEI,0,9,2.1369373754100915,-1.0111938164904783,6.595426704926833,1.7372012220477613
6,6,TEI,1,10,1.738219809327198,-0.5213632383433131,0.3310257416690688,1.1298192663461128
6,6,TEI,1,11,1.7382630571541378,1.6650526295026085,2.144840368053014,4.055265855069783
6,6,TEI,1,12,1.7381703534565958,-0.24166073508225572,7.352961607229611,2.59671280193933
6,6,TEI,2,13,1.864479074250791,1.3942248436469495,0.2365351876822615,2.8658949116377914
6,6,TEI,2,14,0.13843068036655715,1.1764893953569402,0.10413417633011514,1.5367289060748963
6,6,TEI,2,15,2.6262399561431438,1.295192836506322,5.691589343484503,2.8247494296563773
6,6,TEI,3,16,2.410225402066739,1.6859129343757089,1.6814186669310924,3.0971891968958474
6,6,TEI,3,17,0.7172396431390482,1.7100332355132117,0.14193003751401642,1.8858502238526311
6,6,TEI,3,18,1.2616545431210642,1.6445574599885084,6.519699957118927,3.8894621923083954
6,6,TEI,4,19,-0.16681620931615637,1.6490256271116506,1.9772424238618567,2.420356766133429
6,6,TEI,4,20,1.5590400792116101,1.650821083211187,2.4729976877903432,4.1100774551142605
6,6,TEI,4,21,2.580330291438286,1.6493193920557854,7.910282406791429,2.6409955149084445
6,6,TEI,5,22,1.5642902054262557,1.8081826505538543,7.2693627585827905,3.5960915107367093
6,6,TEI,5,23,1.5045291584281428,1.7643898664976652,13.634620626488841,3.610439103462319
6,6,TEI,5,24,1.6839934320404932,1.832687145016811,1.0106843254917575,3.2124102656848805
6,6,TEI,6,25,1.7073644422646121,1.1950561394009478,4.019944078388581,4.318626721261114
6,6,TEI,6,26,1.8642654157440215,1.5073015240724477,14.548755902985356,3.997157972281552
6,6,TEI,6,27,2.003949065673857,-0.2802340708851694,14.877777274289329,2.2858290038731504
6,6,TEI,7,28,1.710892230906115,1.1260724351443976,8.290359159699829,4.153857539293168
6,6,TEI,7,29,1.7262793454129355,1.0926258727947609,0.9776681365615654,3.8119026147614328
6,6,TEI,7,30,1.191221269433382,1.5360033599296399,14.877362234401778,3.8603316443472533
6,6,TEI,8,31,1.6575982077254476,1.1702387869831803,2.6433085853185347,4.343827516153531
6,6,TEI,8,32,1.8337070712101764,1.4069040080713915,14.9960079247686,4.074683729964076
6,6,TEI,8,33,0.9848590954578884,0.8924634768955766,9.167023355092658,3.556926005376333
6,6,TEI,9,34,1.6663721467851005,1.4438119844543014,9.958721935807745,4.171708989512404
6,6,TEI,9,35,1.6410127623479052,1.3666115069795834,2.3194561978470682,4.380096808058848
6,6,TEI,9,36,1.7455129538195209,0.115815887389213,14.256298354538655,2.8235356168060832
6,6,TEI,10,37,1.7247080614045145,1.2639806533693854,3.157175797935911,4.36587292263254
6,6,TEI,10,38,1.7411013512428353,1.2232835247295166,10.858027527101054,4.1547821000511895
6,6,TEI,10,39,0.560079630133993,0.9212882377503946,14.994189112640791,3.021844260378233
6,6,TEI,11,40,1.6736239721502573,1.2177420955048581,2.729109116060386,4.365624738685198
6,6,TEI,11,41,1.7137974113740033,1.2258119565679686,10.717119854478359,4.164853444368102
6,6,TEI,11,42,0.4661380759206999,1.6013091297781599,5.222792345128987,3.1529757652283257
6,6,TEI,12,43,1.60265951786725,1.224886645176698,2.8539307139887153,4.3711229694535305
6,6,TEI,12,44,1.6830790352401035,1.220293787650876,10.455370845694002,4.172374243603118
6,6,TEI,12,45,2.5875303133055674,1.848397411770585,14.956804765954686,1.9971065239234462
6,6,TEI,13,46,1.6209061963638085,1.2653030114134256,3.115143349347422,4.380190582690475
6,6,TEI,13,47,1.5398544757243826,1.1833671121440599,14.944754536163718,4.100013517048914
6,6,TEI,13,48,-1.0775028275983383,1.943052584127686,3.0137158292065394,1.629297480060406
6,6,TEI,14,49,1.6728709085778366,1.196665137313397,3.0708477941076504,4.352646256019812
6,6,TEI,14,50,1.6376290632116661,1.2892082814595334,14.983706048790069,4.142232960923476
6,6,TEI,14,51,1.2503482401854153,0.4114842491212751,9.062584989852299,3.144766777334101
6,6,TEI,15,52,1.591443291512448,1.3180880654341962,3.139070278679534,4.38608125252429
6,6,TEI,15,53,1.7853981908757652,1.2404202812377583,13.544738742080886,4.112189437362717
6,6,TEI,15,54,0.691996996934628,1.1776461994476901,8.848658587381104,3.4906081841717005
6,6,TEI,16,55,1.6368333798709505,1.2767591540836314,3.1981355028891247,4.380504661192457
6,6,TEI,16,56,1.7121190275356617,1.3078616990519238,10.98843581980322,4.180253718369528
6,6,TEI,16,57,0.5426083243113784,1.3593175263091286,7.446178038233918,3.375695675610787
6,6,TEI,17,58,1.6850109367455754,1.3115489485157403,2.978050455114937,4.384389881799625
6,6,TEI,17,59,1.6970689192836765,1.3321459566800993,10.62997809548803,4.189040125716138
6,6,TEI,17,60,0.5748938743072964,1.4113801105293535,6.8366485965199475,3.416863804214398
6,6,TEI,18,61,1.6246473459923312,1.3260983023866197,2.9518113424164056,4.390193114147351
6,6,TEI,18,62,1.750531568682066,1.2723185741711607,10.499972395409827,4.172214104355366
6,6,TEI,18,63,0.5895058854303867,1.194019801645549,7.388303046252797,3.404556151607985
6,6,TEI,19,64,1.6036784554811665,1.28524861062058,3.04170856022926,4.3853701160315
6,6,TEI,19,65,1.7053492783273518,1.2829357317343506,10.681693829312698,4.1831574233809565
6,6,TEI,19,66,0.5767051517444481,1.3255368437171247,7.478834830332002,3.4200232543623623
6,6,TEI,20,67,1.6362227761855572,1.2868759791903157,3.1351074520042728,4.38368779958656
6,6,TEI,20,68,1.6511208063515448,1.270959342371015,10.562437480368452,4.19013464207252
6,6,TEI,20,69,0.5472380979809783,1.2671876249443592,6.623720189864504,3.398139528123928
6,6,TEI,21,70,1.5753813092918132,1.268881776280578,2.9974179779882077,4.381148617043368
6,6,TEI,21,71,1.6512960896771922,1.2722989215876743,10.271437207294003,4.194921928508695
6,6,TEI,21,72,0.7236879304901416,1.3347702581416305,14.96071783902965,3.4894714580665216
6,6,TEI,22,73,1.575866539430093,1.3011770494916561,3.151989993915744,4.383557005932215
6,6,TEI,22,74,1.7371099291112797,1.3266602038997286,10.558450257140473,4.1809664293230755
6,6,TEI,22,75,0.7736017413457519,1.2433515104140254,14.903627057464446,3.5360926969105533
6,6,TEI,23,76,1.6167821859379377,1.313919596843618,3.190640268061005,4.385583436032693
6,6,TEI,23,77,1.668895299504424,1.3147622847176468,10.616584784879105,4.193362659734886
6,6,TEI,23,78,0.6094745909215338,1.231206814479437,6.98818434682152,3.4551862373826
6,6,TEI,24,79,1.579509067039289,1.284629076218164,3.033208369659707,4.384005455784365
6,6,TEI,24,80,1.6696746844623558,1.276505246010852,10.396531888129507,4.192043471360668
6,6,TEI,24,81,0.7238283315603038,1.436433665001982,14.80902041571519,3.4627544362419194
6,6,TEI,25,82,1.639592497846306,1.3261804438256597,3.08620359374129,4.387495538258559
6,6,TEI,25,83,1.6257927596513198,1.3650313477908615,10.477068873359269,4.195014664548061
6,6,TEI,25,84,2.4039567215345814,0.8393709401727851,14.835313322546702,2.9295499722887435
7,7,TEI,0,0,1.2359817587016404,1.640248303393514,11.635509667987657,3.781100281171634
7,7,TEI,0,1,-0.25840073100515826,-0.44941800281071087,13.103428127498532,0.6390618236963885
7,7,TEI,0,2,-1.0803235568384473,1.374299464339682,11.956244361851942,2.5809924140624476
7,7,TEI,0,3,0.6486729187769844,-0.4393865061324027,4.1771057558994995,1.824018416704799
7,7,TEI,0,4,-0.1475523509365364,0.057767070589263,7.568719336110342,1.2304256950767942
7,7,TEI,0,5,0.9684196047023783,1.9842509920203746,11.890136126287082,2.4434651457882284
7,7,TEI,0,6,1.2250837804216248,1.961360516886597,3.230415164835749,2.9853411481940664
7,7,TEI,0,7,-0.501287629473235,0.6438886149556078,0.6600861774127892,1.0075302428531248
7,7,TEI,0,8,-0.9666627982230713,0.30211087094979594,6.993624173854012,1.4679464493264407
7,7,TEI,0,9,2.3274559684216887,0.7022918907185365,7.712250581346109,3.0246887496850787
7,7,TEI,1,10,1.4166291771895771,1.5247496940750387,10.929427235270955,4.052928619319173
7,7,TEI,1,11,1.4217592615668075,1.515301124920292,1.4365740220440069,4.106600883027305
7,7,TEI,1,12,2.1351036092477322,0.8044210663860638,6.148768407385839,3.5369565960723257
7,7,TEI,2,13,1.4887892501377111,1.1861578935254573,2.7515552059624016,4.336452583911185
7,7,TEI,2,14,1.48834615766558,1.199389034546393,11.15664046473866,4.139609458273391
7,7,TEI,2,15,1.7037388098616182,0.23098930855655997,7.017606167726075,3.0835828509182557
7,7,TEI,3,16,1.4970362535756312,1.1415816884187455,0.16443311968387642,2.8678651523318117
7,7,TEI,3,17,1.435315773308865,1.1913241302653894,6.372784581165126,4.214367614418653
7,7,TEI,3,18,1.4832013856438402,1.2095006648532767,12.595791904912227,4.124234103148727
7,7,TEI,4,19,2.0064570027357385,1.2068754232256982,0.48739457290372223,2.9604647438154283
7,7,TEI,4,20,1.815572758048532,1.2077620180813033,7.42448473026241,4.183989431375628
7,7,TEI,4,21,2.006296980003337,1.2094077486566213,13.9083717299295,3.9412411379995596
7,7,TEI,5,22,-0.7785001886591711,1.1769975179725387,0.9728716639908155,2.043809222117946
7,7,TEI,5,23,2.4855914225726656,1.178632046712507,1.2274645120779677,3.0283637795136333
7,7,TEI,5,24,0.9572589153296343,1.1764383714133748,1.8688822955713094,3.910001881391998
7,7,TEI,6,25,1.6394495839956722,1.3442300503737572,4.062977436024265,4.35800402745308
7,7,TEI,6,26,1.8720892230272081,1.3905867704505583,11.594626089580682,4.095369575321297
7,7,TEI,6,27,0.3095346996481694,1.3214002800728575,13.299555507828968,2.9945811546262187
7,7,TEI,7,28,1.4851125718259337,-1.3143249668063657,0.7793812828372878,1.025722833469729
7,7,TEI,7,29,1.4851697659689598,0.879171687188788,1.072498087889389,3.679792431917619
7,7,TEI,7,30,1.4845362708825576,0.01636089469277424,4.438821821019646,2.9113973189969395
7,7,TEI,8,31,1.4909960353618898,1.1149721717399075,3.9138135045651925,4.264997327839099
7,7,TEI,8,32,1.5816425477624954,1.3660201799029026,10.975886517360735,4.186012294190983
7,7,TEI,8,33,0.36688661757648267,1.7010340806372395,0.9337333357075095,2.4016111406003353
7,7,TEI,9,34,1.5932856426480249,1.4414599365459422,2.817505153061286,4.359726087836737
7,7,TEI,9,35,1.3113069474355394,1.2898771033187644,9.844676851589462,4.110686017538302
7,7,TEI,9,36,1.9678388919908691,0.3650042483265854,1.876460834148277,3.189651336868258
7,7,TEI,10,37,1.4840464154146984,1.3415875689940648,3.2017069974662156,4.365696708095324
7,7,TEI,10,38,1.4946739474280788,1.3373378692901268,11.732607374073835,4.164078696773036
7,7,TEI,10,39,2.504574122242733,1.9973494766955886,0.6573590939271632,0.9455037635142822
7,7,TEI,11,40,1.4724121397908134,1.3800162546574084,3.0245008741893638,4.359709838349389
7,7,TEI,11,41,1.5613282150127135,1.3426801559300654,11.777916426398862,4.175987034116123
7,7,TEI,11,42,2.6329285571352363,1.4849372388277753,7.185402513512054,2.7027079579084194
7,7,TEI,12,43,1.5864938824272654,1.3039015077360019,3.2467984883477436,4.382501641332151
7,7,TEI,12,44,1.5751317093240895,1.4038045396831684,12.292114964733965,4.157687121358299
7,7,TEI,12,45,1.0301500141203515,0.3462882378774257,1.9093057627688506,3.002168959933759
7,7,TEI,13,46,1.5791472744060036,1.356259500340184,3.0306337972831305,4.385197767252889
7,7,TEI,13,47,1.5162616952036725,1.3317132456748464,10.115640176006943,4.192996541079506
7,7,TEI,13,48,1.9451024597378184,0.6387504983199905,14.99576542367059,3.3827991350176188
7,7,TEI,14,49,1.5629960507918574,1.3325374210935759,3.2447769922674774,4.38110221404179
7,7,TEI,14,50,1.585435346218449,1.3318961672485448,11.002167429329887,4.189543384079807
7,7,TEI,14,51,2.614041637136494,-1.491186466033214,14.046386443919015,-0.3319867876266671
7,7,TEI,15,52,1.518091965612355,1.3529674319300105,3.159824880001795,4.373949129021103
7,7,TEI,15,53,1.581733200145976,1.3032409976351338,10.582393365435355,4.194598402847663
7,7,TEI,15,54,2.6268150654168636,1.6011668921642759,14.90335096283197,2.4736743498709663
7,7,TEI,16,55,1.6417299336190654,1.312642463688901,2.8463744648596574,4.390466947288889
7,7,TEI,16,56,1.5718639648681103,1.3313290340840136,11.369276760318806,4.183234900136695
7,7,TEI,16,57,2.619825098286089,-1.4387893670374852,6.580937443299038,-0.08571482507759098
7,7,TEI,17,58,1.5827039932597926,1.2468134038241776,2.6444508773870874,4.3780438627983695
7,7,TEI,17,59,1.6068145502014821,1.343659374470569,11.457477548372403,4.1835621394219356
7,7,TEI,17,60,-1.0976172046798056,-1.485304795786941,8.27169882320694,-0.36242148867482094
7,7,TEI,18,61,1.5531422178854681,1.2996672439536447,2.5411464648046764,4.384758140581788
7,7,TEI,18,62,1.5118424249190987,1.338935697462504,9.821157692764258,4.196537165128824
7,7,TEI,18,63,2.3912364144955536,0.8361526691029644,14.718999567780381,2.956513964713486
7,7,TEI,19,64,1.543243001059977,1.2890387950152293,2.786716922929602,4.383023327453751
7,7,TEI,19,65,1.4712781508212145,1.1566467035303991,14.946017689272706,4.068468940115548
7,7,TEI,19,66,2.095528570242942,1.7097833189542797,9.208233713004216,3.5314287863717686
7,7,TEI,20,67,1.5376227327209078,1.2984168845141402,2.7400823601270017,4.383430301284411
7,7,TEI,20,68,1.5002598424604843,1.3668963868295996,10.063214993167906,4.186322373110629
7,7,TEI,20,69,0.5683825333137036,1.0375987668543085,14.960482442112808,3.1530564887844488
7,7,TEI,21,70,1.5676492885401188,1.2903337759212303,2.8716787194162516,4.385919064213928
7,7,TEI,21,71,1.5854783079140642,1.3463359454344896,11.467009379251005,4.182163882002985
7,7,TEI,21,72,1.3189755479731393,0.29563116032989245,6.83248005062344,3.086166852942146
7,7,TEI,22,73,1.5450101886025775,1.3107482548840892,2.9068640062282767,4.384566510062552
7,7,TEI,22,74,1.5583107522309407,1.3265266951220145,10.311646106324758,4.197283559437538
7,7,TEI,22,75,1.7810564601738927,0.2980405254981646,6.590170200449176,3.155605031954229
7,7,TEI,23,76,1.5514941477945556,1.261536791423751,2.8129148138969335,4.378616180535193
7,7,TEI,23,77,1.534161704896495,1.3753300121094472,10.423162029945827,4.186163342393142
7,7,TEI,23,78,1.6152242939168326,0.45595896268899905,14.920294193302599,3.262710108225485
7,7,TEI,24,79,1.5140423039211286,1.334737486205126,2.798174076843459,4.379804114460607
7,7,TEI,24,80,1.580315077620201,1.358743506902548,10.1088243635077,4.2003462528028574
7,7,TEI,24,81,0.6623709684018555,1.0620928133183178,14.634355530266776,3.2941124191171984
7,7,TEI,25,82,1.5267700451336998,1.2833930791628063,2.8990377660207156,4.378291702545006
7,7,TEI,25,83,1.6000801719615834,1.349271309345554,10.397805283983084,4.198196838025145
7,7,TEI,25,84,0.674919483728931,1.0602147814833556,14.846779214617374,3.3058303541031053
8,8,TEI,0,0,0.12189539767498037,1.9554689516827395,4.781343866444266,1.7278012224560158
8,8,TEI,0,1,1.8468073731594483,1.5446377909367563,5.866881013281371,4.1189671343701795
8,8,TEI,0,2,0.5363645598598992,-0.1953788391872644,1.6051969934951427,1.7950028669198042
8,8,TEI,0,3,0.6898939022060733,-0.655267492203612,3.857921583018395,1.750762224058123
8,8,TEI,0,4,-0.4096581721097916,-0.8214740788349125,12.20760122465516,0.3267331933197166
8,8,TEI,0,5,0.48069191109497367,-0.6042782319462088,8.863951873629407,1.3832747704742694
8,8,TEI,0,6,1.1581655703704494,0.7640030947106577,13.670434350347412,3.4925118270783564
8,8,TEI,0,7,-0.5386797595981241,-0.20014505045161335,4.270024942024678,0.8828804169691364
8,8,TEI,0,8,-1.0372854704635277,-0.8645612192304467,5.920634050897744,0.5925894771816106
8,8,TEI,0,9,0.3698021235925937,0.6585478054245035,6.784545665878369,2.5757447559792164
8,8,TEI,1,10,2.1003226778228052,1.438603742679399,14.59936556818055,3.82175924234187
8,8,TEI,1,11,2.104143727608247,1.4445888658819523,5.7876471773383,3.966227923079314
8,8,TEI,1,12,2.095229384131479,1.3815248298098837,0.1498683732431346,2.649347698718173
8,8,TEI,2,13,1.7218064640423303,1.5013557614880515,9.11043229043993,4.135250322827608
8,8,TEI,2,14,2.3958321824104143,1.9721331980966106,14.850233787109453,2.0161415443525876
8,8,TEI,2,15,1.343316964915548,0.7951809475611413,14.853781824059615,3.6481439548258905
8,8,TEI,3,16,2.4306384747655185,1.529596292620869,8.417406107725263,3.2168109608559896
8,8,TEI,3,17,1.7896961939806477,0.8934036462455923,14.993264750008978,3.811537162271843
8,8,TEI,3,18,0.8115150038093084,1.5008572958817323,8.616717240423458,3.605227819440165
8,8,TEI,4,19,1.5672643352089857,1.3465334033267098,7.548924404539404,4.2504710332821425
8,8,TEI,4,20,1.5352769203661412,1.2798343223981727,14.91716515486941,4.134257645417504
8,8,TEI,4,21,-0.06277509490013089,1.3502490202773685,14.849076634996678,2.569366628192513
8,8,TEI,5,22,1.578893012202439,1.4022481916252962,7.603352678561776,4.237931545274098
8,8,TEI,5,23,1.6157418216812984,1.2514724037808636,14.841402952845986,4.1356679971929164
8,8,TEI,5,24,2.1191001491756896,1.8085951841429755,1.1374256648694658,3.081475577318618
8,8,TEI,6,25,1.6130644712052105,1.4168911801601003,7.624784574018666,4.233371956227782
8,8,TEI,6,26,1.8977515384430537,1.167717361654168,14.930906839288761,4.003419262730449
8,8,TEI,6,27,0.45982549737837397,1.2747835098126883,12.365084936993592,3.185785871216782
8,8,TEI,7,28,1.5662022897050134,1.4109637608315904,7.558359103348403,4.234435174256982
8,8,TEI,7,29,1.6465419085239876,1.2665041538860784,14.85859119140246,4.138557501101164
8,8,TEI,7,30,2.629035784556447,-1.2454141125527283,14.953481994414705,0.1547558238395963
8,8,TEI,8,31,1.5888627752114828,1.3872769462248957,7.682107814402783,4.241632896015279
8,8,TEI,8,32,1.7662959957900055,1.2976054660670178,14.971971817729754,4.118197781674731
8,8,TEI,8,33,0.42869508950016777,1.4265434897122824,12.152793328702415,3.1312018095020777
8,8,TEI,9,34,1.562570216273258,1.3191729816923217,8.042673480226842,4.2397475800629
8,8,TEI,9,35,1.1766271237515222,1.4335649261729397,14.968024316974873,3.9292612587738502
8,8,TEI,9,36,2.573704466229707,1.1153398313373595,14.937339959360838,2.7518708109578847
8,8,TEI,10,37,1.6341099597240247,1.345567109335159,8.050678574687081,4.241792238268401
8,8,TEI,10,38,1.3566233753032964,1.0970526842096309,14.982976459359293,3.9792935579759816
8,8,TEI,10,39,2.003175829555001,1.866155897093563,1.646270987289801,3.259211428541348
8,8,TEI,11,40,1.6497684003705575,1.3153446002008145,7.806489998183501,4.247098147801137
8,8,TEI,11,41,1.8141808640974753,1.1036683757889554,14.985831488857825,4.009265264603663
8,8,TEI,11,42,0.6274975221694072,1.582472392237166,12.468346987330845,3.2331165182527584
8,8,TEI,12,43,1.6065025335112124,1.3585079556874997,7.977898770764881,4.2419757932925055
8,8,TEI,12,44,1.773328428443087,1.1083002210460875,14.984700761442738,4.030082964237238
8,8,TEI,12,45,0.5399262622847218,1.3597780874295555,12.369569354087046,3.288289458608139
8,8,TEI,13,46,1.61224085987539,1.3445532363007566,7.99474032591987,4.243354084386146
8,8,TEI,13,47,1.767818768000216,1.1374327679135718,14.944782060460954,4.053048138813626
8,8,TEI,13,48,0.5671244597599641,1.1992866419366184,12.149465324377132,3.296597149782009
8,8,TEI,14,49,1.5903776410076667,1.3351915123345979,7.874741474520907,4.245808116147828
8,8,TEI,14,50,1.6322193138482706,1.306431803299696,14.901467383802219,4.145115914543943
8,8,TEI,14,51,2.0019348775240657,1.8906554253136312,2.0090107769488723,3.2301153279864234
8,8,TEI,15,52,1.5862165779794726,1.3757478418741496,7.678840827872948,4.244472801590386
8,8,TEI,15,53,1.5768820329587157,1.3493538147810273,14.995268971030052,4.142005099352778
8,8,TEI,15,54,0.48902847330280075,1.3573777934720068,11.196709824045053,3.240340714317055
8,8,TEI,16,55,1.6202501199703283,1.3736576913092917,7.935661192651105,4.240270590703664
8,8,TEI,16,56,1.541595044454258,1.295781676345345,14.991860636515518,4.137083126828395
8,8,TEI,16,57,2.091083394667306,1.7255346857816427,1.8178649507518276,3.6167523852245593
8,8,TEI,17,58,1.6369573651934863,1.3152635965638964,11.969275003680634,4.177160066044282
8,8,TEI,17,59,1.5511911040361368,1.4248305237235024,4.547525977736295,4.314891114357193
8,8,TEI,17,60,2.5649812608561975,-1.4860823012911517,0.20087139802431778,-1.371394249325185
8,8,TEI,18,61,1.4878306548683895,1.4057613526995256,5.544052917816404,4.276314414329438
8,8,TEI,18,62,1.61951060820896,1.280795668776331,12.962617800392024,4.161818099038202
8,8,TEI,18,63,0.3709468766567128,1.2872366372652704,2.714561874803313,3.296732300241766
8,8,TEI,19,64,1.5246690897857147,1.447775134853594,5.68663398329994,4.2605026978193345
8,8,TEI,19,65,1.5649599092427073,1.295388083320217,13.288227719480918,4.1573010454250285
8,8,TEI,19,66,0.4733568032871647,1.308611980663386,2.245780295746943,3.415440525406895
8,8,TEI,20,67,1.5711549864126297,1.4136585022948385,5.6532235415570895,4.285592740784777
8,8,TEI,20,68,1.6139553407213967,1.3274576172753085,13.082449963140839,4.164439972870467
8,8,TEI,20,69,0.5672202128150865,1.356218108354268,1.6048974571125183,3.4401620644625672
8,8,TEI,21,70,1.5927247523823582,1.4377799303199974,5.421166118376955,4.283241904750602
8,8,TEI,21,71,1.561785680423605,1.2782360958241274,13.214098017553605,4.155061239960111
8,8,TEI,21,72,0.5027793649043253,1.3473375658317446,2.752227304637363,3.462586297786511
8,8,TEI,22,73,1.5306813075651657,1.4318478573808795,5.639249077778502,4.271823145053514
8,8,TEI,22,74,1.5930703046882804,1.2964363246426176,13.429098501147887,4.158308311536662
8,8,TEI,22,75,0.5684742598952204,1.3644758761732008,1.5407965720068861,3.421505312951009
8,8,TEI,23,76,1.5431962585577303,1.413937943002873,5.564029562928616,4.284571157082449
8,8,TEI,23,77,1.5760643842038142,1.2778081776877839,12.987600518748499,4.159038812797499
8,8,TEI,23,78,0.5158748896078535,1.352545897283925,2.2034389485013595,3.464990720131474
8,8,TEI,24,79,1.5503609396529727,1.4264427880676687,5.38194745862161,4.285923639011609
8,8,TEI,24,80,1.5514646336045415,1.2657899523632192,12.884949914159705,4.154713917104577
8,8,TEI,24,81,-0.5752039707840059,-1.4996410894913121,0.04498172612361848,-1.9859304159151998
8,8,TEI,25,82,1.522303718053569,1.4141625952797465,5.6636779601195215,4.277528672795221
8,8,TEI,25,83,1.549534853229238,1.3104635399428277,13.305777590546091,4.156441933587146
8,8,TEI,25,84,0.5255549471562568,1.4237728968646066,1.7638219452726305,3.404814688989862
9,9,TEI,0,0,2.1521212752362064,-0.4961397681935562,9.047619102623376,2.032739485903135
9,9,TEI,0,1,1.805644867872708,1.0062612036124783,13.730786427237122,3.939896854241996
9,9,TEI,0,2,2.11529106699644,1.7138317016706681,0.3997894292794906,2.3241584758900062
9,9,TEI,0,3,0.533995776483974,0.19730514442050828,0.9782478063542428,1.8199754323235795
9,9,TEI,0,4,-1.0789754486111087,1.4071750293993994,14.749550362048346,2.5390012433629208
9,9,TEI,0,5,1.8320870194378034,-0.3953877850760441,10.580300235137218,2.3869721008720877
9,9,TEI,0,6,0.018039670541847963,1.0926196900651206,4.196928549004557,2.758854834968738
9,9,TEI,0,7,1.8245422505812274,1.9570926141310183,14.793592000654296,2.8687387446482995
9,9,TEI,0,8,2.199257412866577,1.6948351812437128,10.623395504633484,3.3893060146398497
9,9,TEI,0,9,0.9721548303337322,1.731333728245772,1.346871967034834,3.36969697541259
9,9,TEI,1,10,1.9058600329944313,1.0817335620136745,13.211672525351041,3.9547087886091825
9,9,TEI,1,11,0.8502975851528938,1.748121283132822,2.086325598186784,3.3708908155988846
9,9,TEI,1,12,2.54291153949518,1.9875012655464097,7.731975717645956,1.6594118638413051
9,9,TEI,2,13,1.8006673938560378,1.5237239497782902,8.551268860155904,4.0979507549806335
9,9,TEI,2,14,1.8006948719629596,-0.12639222089547264,12.097804889775201,2.5860673071194253
9,9,TEI,2,15,1.800628852905362,-1.3546024689404323,9.258776136935255,1.4685609175321765
9,9,TEI,3,16,1.5217267278037845,1.4294955637918192,11.79661709131677,4.144938238280485
9,9,TEI,3,17,1.3143546879218997,1.416645870247498,4.102586683102067,4.245139816477358
9,9,TEI,3,18,2.6280257953468107,0.6088090856214867,14.968658849443795,1.989048816691482
9,9,TEI,4,19,1.526390874922611,1.2330124598987218,7.2596032178388725,4.235206743688255
9,9,TEI,4,20,1.4289146993564095,1.075926189557217,14.851553639954677,3.996230907975569
9,9,TEI,4,21,0.9816076020036246,1.1417789270148542,0.2074227924461965,2.517342678716992
9,9,TEI,5,22,1.3296755983978872,1.5421639036762973,6.414465196833599,4.083398747999881
9,9,TEI,5,23,1.7306617968863836,1.212160135117327,13.712483929456416,4.117852562701886
9,9,TEI,5,24,0.45152597876779277,1.1286201487281198,12.013469635633646,3.112564370343127
9,9,TEI,6,25,1.5781315338262538,1.3447236468522235,7.7254511695214125,4.247634596514369
9,9,TEI,6,26,1.9995632854378123,1.4168832520614503,14.97536882980891,3.9449439772099337
9,9,TEI,6,27,0.676985930138075,1.5094338261543077,2.2676310881869597,3.588421001897798
9,9,TEI,7,28,1.5807208193912046,1.3467218971768764,5.914391308421222,4.295260271394131
9,9,TEI,7,29,1.6802676069266496,1.3405292342307509,13.64911151853198,4.153390629868859
9,9,TEI,7,30,0.7549631860552619,0.5294192654745058,13.763543880753112,2.75629471480239
9,9,TEI,8,31,1.5163267139292294,1.375113313779238,5.71037308576252,4.287257403169311
9,9,TEI,8,32,1.704418224363295,1.3277841940452402,13.379556640265825,4.152631549208276
9,9,TEI,8,33,2.635267817596045,1.2695206678592572,8.320934048815058,2.723228691949214
9,9,TEI,9,34,1.5208689187062032,1.355347636371234,6.081385501645896,4.280605320950846
9,9,TEI,9,35,1.713047225529452,1.2972888044548725,13.560642525763223,4.147315977017329
9,9,TEI,9,36,0.41302554845168404,1.5311659291515856,3.442833154330159,3.2361301222489574
9,9,TEI,10,37,1.4597678597913473,1.3795032584056335,5.740957955576918,4.269812660992819
9,9,TEI,10,38,1.649005637627298,1.3056544591573158,13.07186724334463,4.162744764616421
9,9,TEI,10,39,0.6185733888138882,0.9714501244521094,10.121130466657819,3.2086078117442463
9,9,TEI,11,40,1.5482000373943485,1.3790457414430417,6.076351266044672,4.281194251440535
9,9,TEI,11,41,1.7522197573740201,1.3047679377874668,13.257114545475318,4.1407672351541756
9,9,TEI,11,42,0.6564070237895092,1.5842360380800433,1.801073885004011,3.4282899907448723
9,9,TEI,12,43,1.4722763071501532,1.3743871009011555,5.965908816970674,4.268160494789895
9,9,TEI,12,44,1.6312548525517983,1.2953804629743146,13.325445409582859,4.159797925257342
9,9,TEI,12,45,-1.0794356256404252,-1.170402565794737,0.05748997361553585,-1.0321973057387208
9,9,TEI,13,46,1.4560867373574555,1.3835676375019434,5.630449307907684,4.270975981072921
9,9,TEI,13,47,1.6291588418594891,1.3091298119476886,13.029582673141055,4.164415168080217
9,9,TEI,13,48,-1.0675729186062572,-1.4975151071529154,14.966002792737692,-0.5274706697589924
9,9,TEI,14,49,1.4711374328327826,1.383206040416563,6.337598109299523,4.254896352989939
9,9,TEI,14,50,1.5947039358379502,1.2474672569422665,13.783696915144436,4.144210572244607
9,9,TEI,14,51,0.4813684271412937,1.491465572135537,1.5103610055622356,3.2405979427495666
9,9,TEI,15,52,1.484227396499041,1.3807765856653091,6.381837810846174,4.258128338235871
9,9,TEI,15,53,1.6520711255676415,1.2740849341244544,14.104418820875704,4.1470750547140245
9,9,TEI,15,54,0.432918371430846,1.418992022023465,2.1276927364682683,3.3377433780914387
9,9,TEI,16,55,1.4968234222656691,1.366473741420727,6.147623859187621,4.2713149619571205
9,9,TEI,16,56,1.6230451975430316,1.2873290753841862,13.662545410600314,4.15525845929896
9,9,TEI,16,57,0.44898100727160917,1.482279327381093,1.9204461544400329,3.298249217956177
9,9,TEI,17,58,1.5035059761294245,1.3694618058147507,6.148619015681683,4.272380906984608
9,9,TEI,17,59,1.6879699249703823,1.29035511601705,13.626661302420413,4.150528449675891
9,9,TEI,17,60,0.46072064988421846,1.47481832258521,2.061204079456902,3.334218877251814
9,9,TEI,18,61,1.4543462578963755,1.361564157974561,5.444817877400017,4.280951872689956
9,9,TEI,18,62,1.6411952603880757,1.3160112489778992,12.906444192864232,4.165696522759222
9,9,TEI,18,63,0.44585824094301807,1.2231180903698928,14.544782245018864,3.129416536433391
9,9,TEI,19,64,1.5328963515004417,1.3874855297957027,5.946688020509027,4.280248436578356
9,9,TEI,19,65,1.6672685982021642,1.286377281424889,13.50382338302171,4.154065429887261
9,9,TEI,19,66,0.42822209437309366,1.4216373435403513,2.771820177659056,3.349302471533342
9,9,TEI,20,67,1.5442214641624057,1.3710048327775857,6.09111451998229,4.2819506253686885
9,9,TEI,20,68,1.5866492075437502,1.2545310447974978,13.599058027867164,4.147722744651788
9,9,TEI,20,69,0.4578665895214036,1.3682480040282057,2.6865317791238694,3.403429661814733
9,9,TEI,21,70,1.4812797020823307,1.3598132934759382,5.796112063663563,4.278685560147858
9,9,TEI,21,71,1.6227776037998365,1.346609132376666,13.287157835717496,4.161152300342078
9,9,TEI,21,72,0.44171089749713377,1.4930931825498095,2.2407563213690596,3.30923950241297
9,9,TEI,22,73,1.4424862623754304,1.376732722636326,5.832359229673912,4.261714231926352
9,9,TEI,22,74,1.6733733875536485,1.2523185152947232,13.329447107159682,4.147591135671064
9,9,TEI,22,75,2.487572049111704,-1.425119358761148,0.05439628418022335,-0.9903063992844532
9,9,TEI,23,76,1.4836134969577404,1.390599851868728,5.8349916534297375,4.271212119092893
9,9,TEI,23,77,1.6310401820095959,1.335019588356356,13.349252944778428,4.161119999452079
9,9,TEI,23,78,2.6026551682745516,-1.4865085029431144,14.981982872253164,-0.2914043440945058
9,9,TEI,24,79,1.4256515092896938,1.3689329024590724,6.064080288734323,4.2501111701017456
9,9,TEI,24,80,1.6456622244404673,1.2934914999035185,13.490754811386461,4.157115627064897
9,9,TEI,24,81,0.45626906038408555,1.3435362447297847,1.7767018799551746,3.342144268220853
9,9,TEI,25,82,1.52227837939096,1.3770948355487844,6.310955680796835,4.270279972271755
9,9,TEI,25,83,1.5798914509986597,1.291412066527379,14.035991765389058,4.15044073537076
9,9,TEI,25,84,0.48928390718142434,1.4196601222713028,2.7612954043787687,3.4264248040899945
10,10,TEI,0,0,2.472578388883481,-0.7731136647229859,12.426844834232687,1.1518024544923837
10,10,TEI,0,1,-0.5421327060424903,0.29481615752797685,2.0396581407035788,1.4126231454877674
10,10,TEI,0,2,1.474929324942087,1.4461170350929762,6.383209452077245,4.228476437661166
10,10,TEI,0,3,2.4760324749052294,1.3886651723467942,5.0738914717611685,3.2818741747031615
10,10,TEI,0,4,1.0516171676686472,1.1365565264796693,12.406731951434907,3.8072214151740154
10,10,TEI,0,5,2.3882595655723597,-0.9925185677232045,11.183957585448018,1.1978351301816406
10,10,TEI,0,6,-0.579243841115948,1.672850646395244,3.392490390684237,2.201007377732238
10,10,TEI,0,7,2.0885569453972503,-0.4278874706375666,14.54748569272662,2.090129566645263
10,10,TEI,0,8,0.8351464562862418,-0.3713390443187854,4.2372203239530295,2.0885983346899577
10,10,TEI,0,9,1.1641174893781292,-0.33182440148231596,10.180052953848636,2.2920504057764193
10,10,TEI,1,10,1.5074054931148582,1.9988202487882614,5.426430872507628,2.8733979582323648
10,10,TEI,1,11,1.5007705007391037,1.9959686610567875,13.442604286633323,2.7335038101051654
10,10,TEI,1,12,1.8064704207287994,1.1720106624190332,0.033870896025381236,2.8602132408732883
10,10,TEI,2,13,1.2557265764940397,1.4327343472022802,13.441771628614465,4.003049410106254
10,10,TEI,2,14,1.311323767542501,1.482420560464881,6.188779344864368,4.1358335953826275
10,10,TEI,2,15,2.127271464288816,1.5472005029732605,0.028595749532838832,2.492588054870247
10,10,TEI,3,16,1.5130556932635635,1.337922093242812,9.03483384464296,4.210838211372382
10,10,TEI,3,17,2.3966513911220058,1.334914561104334,14.926126407597957,3.310450558444617
10,10,TEI,3,18,0.606717073542985,1.4003384659255542,14.888586489956788,3.3346868114888686
10,10,TEI,4,19,1.396743067546185,1.2659921104515108,0.04251419669545952,2.8890601795990487
10,10,TEI,4,20,1.3675376310760257,1.2053643105725342,8.313057830580261,4.144347715515314
10,10,TEI,4,21,2.4839727919104364,1.1804016653382208,14.322733853952458,3.056189020868239
10,10,TEI,5,22,1.4385664186887022,1.3849959876376143,8.227737464728223,4.19710436201273
10,10,TEI,5,23,2.183038667216578,1.4308925615199541,14.993682627104628,3.7025161752692295
10,10,TEI,5,24,0.7434934290206259,1.1668806363747857,14.868743789579494,3.4661397213115164
10,10,TEI,6,25,1.4682929656249915,1.3516121946719792,7.125439617383099,4.239070602840167
10,10,TEI,6,26,1.7807748607637452,1.4123077318861132,14.973992580706641,4.097071721359132
10,10,TEI,6,27,0.5649678098321782,1.1862080129101926,13.062502893931523,3.276640772691646
10,10,TEI,7,28,1.509385492851457,1.3347357427758704,7.38735819789859,4.245184503186687
10,10,TEI,7,29,1.8893504196169677,1.3013825156745775,14.885624821424548,4.056089207568103
10,10,TEI,7,30,0.6586630408271656,1.3552999156467322,14.06025244187774,3.4173918642014893
10,10,TEI,8,31,1.517585926576701,1.3614834018094037,7.3025926319869585,4.246327666557078
10,10,TEI,8,32,1.6376616739242835,1.1673074750601917,14.988232640742357,4.09699877540441
10,10,TEI,8,33,0.5379774842154692,1.300504790312071,12.011836208012738,3.2917388833262167
10,10,TEI,9,34,1.4814394979392191,1.3621795187637846,7.33792640774877,4.236288404764047
10,10,TEI,9,35,1.6681693834180615,1.3010108467544765,14.880633395070003,4.142205254738831
10,10,TEI,9,36,-1.0985648632364182,-1.4725597952564293,14.941496778979781,-0.4186847634868749
10,10,TEI,10,37,1.53925394245204,1.361745612475353,7.4974064067636945,4.245782417748252
10,10,TEI,10,38,1.4921492281370505,1.0949180423965745,14.950436366512463,4.031320889981352
10,10,TEI,10,39,0.39857547056256926,1.3924562739724968,11.039981409334526,3.1219595322676783
10,10,TEI,11,40,1.5052601541211592,1.3572235080502066,7.6004942155800475,4.237094629432399
10,10,TEI,11,41,1.5735928059757027,1.228977067746479,14.98842517526298,4.124668766995105
10,10,TEI,11,42,0.4345613564615842,1.4969202491033569,3.6654587049457694,3.2889631128050887
10,10,TEI,12,43,1.527526339983412,1.3452279029694836,7.639457080621751,4.242411677754039
10,10,TEI,12,44,1.6947560508449984,1.4712061112724313,14.998385940376473,4.08839313134467
10,10,TEI,12,45,0.5368064645620221,1.4485757182741925,3.2116925995520855,3.4643582738510053
10,10,TEI,13,46,1.4841014809935542,1.3312502990904465,7.379169996051943,4.23902117120491
10,10,TEI,13,47,1.5347073527352575,1.3024092842727586,14.95480772647129,4.136941583414466
10,10,TEI,13,48,0.4096756665836423,1.407397583295177,3.926169583352174,3.3043166149949625
10,10,TEI,14,49,1.5035886446068196,1.3321258199742338,7.719520800832164,4.236131303316965
10,10,TEI,14,50,1.8088721187773684,1.3688645720547763,14.960945052442614,4.098196849379295
10,10,TEI,14,51,0.5585419024152904,1.4547779158973122,3.1513880181736575,3.4890575012590466
10,10,TEI,15,52,1.5203854729909358,1.3289942278822449,7.481211570588453,4.245542957198317
10,10,TEI,15,53,1.5836251151511185,1.2341445266955628,14.972569468696955,4.127560826373971
10,10,TEI,15,54,0.6082576299863798,1.4713504267066866,2.7824582806426017,3.544876546609598
10,10,TEI,16,55,1.478384131235487,1.3685229964701642,7.266315356941285,4.236004121407135
10,10,TEI,16,56,1.582703299548219,1.3129575159906195,14.981220928916775,4.14364353478676
10,10,TEI,16,57,0.6124666410705044,1.5269419576807244,2.3302100940518122,3.4948196187827714
10,10,TEI,17,58,1.5065240410399325,1.3331628684475092,6.885070089369429,4.257118334601495
10,10,TEI,17,59,1.5887710345093407,1.3663433798471458,14.675196854964446,4.143409580083482
10,10,TEI,17,60,2.3909459160440876,0.9135974420051802,3.0872489524877227,3.2906920370550257
10,10,TEI,18,61,1.5047696990226922,1.3256090100168434,6.796213136037404,4.259172061703474
10,10,TEI,18,62,1.5908135352752626,1.3214479577144975,14.969213069743008,4.144582220997237
10,10,TEI,18,63,0.6790765576429438,1.5316205588138576,1.6253955745046322,3.482358350049121
10,10,TEI,19,64,1.5220586730462742,1.3204843288645227,6.698853215478016,4.265570524395342
10,10,TEI,19,65,1.619627580291159,1.296952954749731,14.99288193391759,4.143592589352948
10,10,TEI,19,66,0.6291255092984827,1.5687939775084825,2.2262339494431473,3.461702830164441
10,10,TEI,20,67,1.4823843809423582,1.33773963799944,6.62764251089842,4.257418832178493
10,10,TEI,20,68,1.6155908781959898,1.3415577489048252,14.298619861890947,4.1511429776488225
10,10,TEI,20,69,0.5913905840383935,1.5145113804103247,2.183685833047557,3.4733621150431606
10,10,TEI,21,70,1.4941549641979628,1.3279900716211999,6.549654687346885,4.2630949903119735
10,10,TEI,21,71,1.5845564941230954,1.3380933720987422,14.741202935606353,4.145905876531135
10,10,TEI,21,72,0.6303768620366772,1.4869493165986056,2.0071887075368258,3.530860028491597
10,10,TEI,22,73,1.4842294489433985,1.3022415264874319,6.4556456989484845,4.261947075027112
10,10,TEI,22,74,1.6646082581829695,1.3454630264904277,14.3125348972574,4.148236270449708
10,10,TEI,22,75,0.6069717397949363,1.4830231896463792,2.032524950197702,3.5076471165303267
10,10,TEI,23,76,1.521505930148174,1.3077343870224376,6.84834549310446,4.260940469007573
10,10,TEI,23,77,1.5667763550128195,1.320065347178272,14.691823834189485,4.145054740904392
10,10,TEI,23,78,0.598328416640934,1.439670844783214,3.1728090806351483,3.5468970288838886
10,10,TEI,24,79,1.516557108532727,1.3220355161175226,6.571700188938945,4.26786040456255
10,10,TEI,24,80,1.568758106520431,1.3074215869810488,14.391502225027866,4.147550771020433
10,10,TEI,24,81,0.5881097080555948,1.3969864186794831,2.533724322546749,3.5571486663490237
10,10,TEI,25,82,1.448492472564578,1.3302883981900413,6.422727081109767,4.252562935428523
10,10,TEI,25,83,1.5877041112615475,1.3349968519070137,14.903328809810109,4.144783769838318
10,10,TEI,25,84,0.6168298298122423,1.3611005826013796,1.6898996680678886,3.5222811118763175
11,11,TEI,0,0,-0.6195331522515011,0.2474725185404023,9.022873865992738,1.2048841752296109
11,11,TEI,0,1,-0.9927891757140433,-0.9822587039789042,13.923237133382582,0.3018528190554698
11,11,TEI,0,2,-0.8368383069117665,-1.045791177102457,14.224978470923334,0.11586877006362428
11,11,TEI,0,3,1.2239789862800827,-0.20852406694573156,7.671338937027137,2.4787718101682117
11,11,TEI,0,4,1.3770441135552787,-0.5364191448360474,2.070383124931463,2.4627103696265586
11,11,TEI,0,5,1.8449039646614174,0.846262044358693,7.686222319933924,3.8335801296151546
11,11,TEI,0,6,1.952144061218612,0.4217634410450921,14.713723675820285,3.0810872558472484
11,11,TEI,0,7,-0.3357481430096223,0.4380562700282973,7.254886829153893,1.5721262420198152
11,11,TEI,0,8,0.22018813336089438,0.5705835638216521,3.5302831737820406,2.377207065959067
11,11,TEI,0,9,1.8978314292801928,1.5356674314484513,1.9322663087465377,4.150840781678124
11,11,TEI,1,10,1.8218181238314277,1.3736709649132814,0.023136243305352102,2.892768892061944
11,11,TEI,1,11,1.8318675974925607,1.5481860402000889,7.143419851142537,4.087868313918095
11,11,TEI,1,12,1.7956998676932208,1.7547543459576533,14.23470373226244,3.6069946054530106
11,11,TEI,2,13,2.3141279783187363,1.6155072585627877,0.20996181711586404,2.079041304586143
11,11,TEI,2,14,2.526726554561384,1.6025856420837528,7.963465725817296,2.8770840561999598
11,11,TEI,2,15,1.6954908769131634,1.618063442475043,14.841346837665748,3.920958035960673
11,11,TEI,3,16,1.8835817938722874,1.5883467886227618,1.380568900827666,3.951664202876528
11,11,TEI,3,17,1.8824131512954452,1.589884914958105,14.014499702242345,3.8944099488964206
11,11,TEI,3,18,1.8704234889600175,0.6641202945515325,7.744679532515185,3.5769991409483914
11,11,TEI,4,19,1.440145497015323,1.6988832661953177,3.5248835130474845,3.9705963506876603
11,11,TEI,4,20,1.6594829345842301,1.193106334944963,14.714806891205846,4.111843150575966
11,11,TEI,4,21,1.7988852594723261,0.49251841357483395,7.628073228080781,3.380792456187777
11,11,TEI,5,22,1.8448629613367151,1.7713115756763145,3.62322552918732,3.7592723692980323
11,11,TEI,5,23,1.9171000392575563,1.2900842007012727,14.946067979365461,4.03422127903765
11,11,TEI,5,24,1.66942639812995,0.6216655365383597,7.776878469019977,3.591393582985902
11,11,TEI,6,25,1.3083753508571978,1.5673229590212898,1.8477610245112766,4.098836916770924
11,11,TEI,6,26,1.7820514103272895,1.1844336483930813,13.728832558191435,4.087556106623747
11,11,TEI,6,27,0.8773005921446972,1.9784379616089294,9.030971916100722,2.4182635002199717
11,11,TEI,7,28,1.6435763653577191,1.5647130602376391,2.22132034796743,4.236908085090709
11,11,TEI,7,29,1.5871368698417818,1.2215824472430858,14.902753316456323,4.1237211708788415
11,11,TEI,7,30,1.566528215323498,0.6376547010359244,7.7560057898233215,3.6140090268425586
11,11,TEI,8,31,1.4732801389239083,1.3480165918102731,6.582987404396979,4.255143238672042
11,11,TEI,8,32,1.5818464758893391,1.3117766308137226,14.878583778743122,4.144454659194745
11,11,TEI,8,33,2.5164277353292386,0.8188027358470578,2.5550914685230537,2.8562057630594335
11,11,TEI,9,34,1.5345794689673875,1.3522615985627175,6.972451803774524,4.259220680184864
11,11,TEI,9,35,1.4546386989188402,1.2788238835760106,14.97317820223945,4.112631035492557
11,11,TEI,9,36,2.628335314617256,0.8434519437068517,11.978814305666925,2.3330757307350725
11,11,TEI,10,37,1.5937436223571542,1.2701916053404592,6.899404340446164,4.263557689146191
11,11,TEI,10,38,1.5805782027834758,1.2289122590986508,14.711909413685957,4.127825896798503
11,11,TEI,10,39,1.0145223332096447,1.9948088784855575,1.5222968832193697,2.5247955190441953
11,11,TEI,11,40,1.4734520479906856,1.2582848176673593,1.911642214190326,4.319376827987935
11,11,TEI,11,41,1.6496558584443743,1.2635610960724364,14.318073557692825,4.142766396725412
11,11,TEI,11,42,0.5949810918514924,1.9146051579768866,5.5438800564838635,2.451845771019623
11,11,TEI,12,43,1.5330343690190116,1.3411796615208065,2.0205241885908416,4.355212078766228
11,11,TEI,12,44,1.6217041945068216,1.2797442893507918,14.331537517409087,4.147230795621293
11,11,TEI,12,45,1.7977446915885884,0.5950163280123393,7.740392021346998,3.520318497314209
11,11,TEI,13,46,1.5258721200136791,1.3599231849130557,2.1639606388716803,4.363993584477363
11,11,TEI,13,47,1.5958387275114467,1.2760344681183513,14.552921733530551,4.143857056278109
11,11,TEI,13,48,1.7634432297402793,0.6433632994508831,8.001566104226024,3.5946590344356677
11,11,TEI,14,49,1.5452108642635114,1.3958178610320426,2.320545262849381,4.367515574019692
11,11,TEI,14,50,1.6374603590550594,1.2713717501470398,14.271094812711352,4.145736802040504
11,11,TEI,14,51,-1.021682527540496,-1.4974234020045099,0.3160418841441943,-1.7513828587186753
11,11,TEI,15,52,1.5474690682259742,1.3627327792748907,2.31631317671918,4.375792976232153
11,11,TEI,15,53,1.6069489131356378,1.3048283219805663,14.150610378139541,4.152249623624973
11,11,TEI,15,54,2.5985941965617494,-1.490949424249536,4.836688345714762,-0.10380393663792331
11,11,TEI,16,55,1.5495989961174486,1.3566043494848028,2.341730769391637,4.378098571546988
11,11,TEI,16,56,1.558844193017475,1.278473838236804,14.485645210066261,4.141671434314113
11,11,TEI,16,57,2.5922608666021314,-1.4936583475335001,14.729477504503404,-0.2764902159349041
11,11,TEI,17,58,1.5269566458435024,1.3127431178268933,2.3776670014938555,4.377427410642142
11,11,TEI,17,59,1.5887287385173137,1.2294123475601264,14.601812419763567,4.129648336195325
11,11,TEI,17,60,-1.0535882103309528,1.7680716926797841,14.954932220046349,1.9775715008244406
11,11,TEI,18,61,1.572209052514343,1.3544760698369096,2.357154089433342,4.381786154948345
11,11,TEI,18,62,1.6340520159994076,1.2482589527868564,14.332548971984094,4.139259288904986
11,11,TEI,18,63,-1.0816680833070684,-1.4845296514644941,7.606014739041106,-0.3659228191504378
11,11,TEI,19,64,1.5453018305044677,1.3312138233670536,2.394244136529136,4.381423556032199
11,11,TEI,19,65,1.6483508151476376,1.238589916305032,14.208974930889758,4.136619737311245
11,11,TEI,19,66,1.828064033813018,0.3478874442829476,8.024169667206888,3.1636709270435714
11,11,TEI,20,67,1.5328033417990348,1.3951639707685182,2.2264790986606133,4.360934056520344
11,11,TEI,20,68,1.6196647519625555,1.2581968828087313,14.144040961278943,4.144231460145861
11,11,TEI,20,69,1.8520059092381733,0.42840489770245416,7.612906228546455,3.266863918486076
11,11,TEI,21,70,1.6037704546394322,1.3413452851233476,2.471234529824629,4.388562875772932
11,11,TEI,21,71,1.6246277051259859,1.264827505486699,14.556871046521273,4.141853227044538
11,11,TEI,21,72,1.5272158348901317,0.3707030554017057,8.112829263713373,3.235141395034356
11,11,TEI,22,73,1.6221020469490175,1.3625532274489838,2.477145458617895,4.3863728041454175
11,11,TEI,22,74,1.6204237450123857,1.250451223937059,14.31057552754611,4.140411558417242
11,11,TEI,22,75,1.6054735046919157,0.396500928319522,8.131182750365888,3.277779449225684
11,11,TEI,23,76,1.6317394674179777,1.3317685763896647,2.394598271978366,4.386993956900688
11,11,TEI,23,77,1.58446432947835,1.2759646008308758,14.470020833238046,4.1439358483616395
11,11,TEI,23,78,1.8425732112695075,0.460294180712731,8.38850203484701,3.298478333318645
11,11,TEI,24,79,1.5930720949476194,1.3680416672724287,2.389613733838277,4.382348657117689
11,11,TEI,24,80,1.6333638070555119,1.2345698170516988,14.389096071889952,4.134241361937555
11,11,TEI,24,81,1.7564098541288988,0.4465693878568844,7.902784132732309,3.3280577863126304
11,11,TEI,25,82,1.5789190140779583,1.3232097330567192,2.517576864061135,4.388613847290242
11,11,TEI,25,83,1.6326457913551438,1.2936988182440148,14.569620295860723,4.146895507350649
11,11,TEI,25,84,1.7635816873747916,0.4639649197211162,8.293956302800307,3.3408780677723664
12,12,TEI,0,0,-0.16266900004873697,1.8136353000079861,2.84061644771188,2.0496068522249082
12,12,TEI,0,1,-0.42998799926753206,-0.27538765791414876,3.458888157601999,0.8816188997973555
12,12,TEI,0,2,1.4054557407418962,-1.0972221625679337,13.444744296196502,1.8233127847680466
12,12,TEI,0,3,2.1068336377065675,-1.4901053873468297,8.122450959620195,0.8907008857233618
12,12,TEI,0,4,-0.7006967889732838,-0.5971576443365341,6.254023713455908,0.5494303199234877
12,12,TEI,0,5,0.5951634473656942,0.13851306830365218,13.912822996384023,2.0583407798906546
12,12,TEI,0,6,-0.1329724388294239,-0.8423842622541172,10.057986600343447,0.5211647079310249
12,12,TEI,0,7,2.4375140944263407,1.72983806405313,13.203869748852181,2.7840997575435598
12,12,TEI,0,8,-0.8595027643334516,1.778436437251968,9.738956295448075,1.8437758310573602
12,12,TEI,0,9,2.157004194728032,-0.07165536180405496,3.2916296276905648,2.505086172880276
12,12,TEI,1,10,1.970519318474579,0.87296014431855,0.942144311407132,3.409027701430626
12,12,TEI,1,11,1.9635450945110229,0.8841096125013839,11.167940473068176,3.7311895416048313
12,12,TEI,1,12,2.430215263579291,1.9521712161586344,5.926084789885211,2.175937087691435
12,12,TEI,2,13,1.9576615078135062,0.9658006749218244,14.994462888818187,3.7855894633838174
12,12,TEI,2,14,1.9719349804896509,0.9359347067222097,8.144284551845908,3.836031057338308
12,12,TEI,2,15,1.910739347509573,0.8637849822178203,1.4604150893600139,3.804605315669795
12,12,TEI,3,16,1.7620633875538707,1.1221906676271822,5.900496975903011,4.197196752314472
12,12,TEI,3,17,1.7590519107538207,1.1584263702376236,12.985477727516884,4.08933190016277
12,12,TEI,3,18,1.626910638813451,0.12528111109511775,0.06817037544025133,1.6480071988561418
12,12,TEI,4,19,1.7895255892944197,0.9891927317582616,7.684220762393206,4.023458265104971
12,12,TEI,4,20,1.8095769575572227,1.0335644902554044,0.23584643665129526,2.7562537497998045
12,12,TEI,4,21,1.7807752055829793,1.2452613483834205,14.997770052114578,4.101311527848204
12,12,TEI,5,22,1.3247711331055663,0.8290366824270117,4.392414985038897,3.8824955261489964
12,12,TEI,5,23,-0.3200764281980215,0.8498364456103427,4.721759120373857,2.2118268148853
12,12,TEI,5,24,0.8806837307680837,1.180985167500126,13.793656289755177,3.6423803812070803
12,12,TEI,6,25,2.013980765437829,0.8342343337246465,4.140048542695937,3.7895778550423938
12,12,TEI,6,26,1.5139825017804291,1.2960374298199708,13.661614309082593,4.1447563843179545
12,12,TEI,6,27,0.5954905830785726,1.1554170978911849,7.33365553191424,3.391948016512767
12,12,TEI,7,28,1.5919166291243942,1.0402876565904084,3.4051528928129517,4.235961669692067
12,12,TEI,7,29,1.5987071264972572,1.2763978262766362,14.215923523898239,4.147327311290274
12,12,TEI,7,30,2.603848503431402,1.489190382424785,8.575366887415584,2.762422414459352
12,12,TEI,8,31,1.4926495056300393,1.198187323661415,6.259587979647928,4.239302035448286
12,12,TEI,8,32,1.6724276880094604,1.268654466412217,13.98587090602481,4.1450383148299075
12,12,TEI,8,33,2.596154233302425,0.7988698190105881,1.5837963148402083,2.486468177135553
12,12,TEI,9,34,1.5206064431647417,0.9229526723940498,2.920557326054837,4.115552302578921
12,12,TEI,9,35,1.510526026495012,1.1904209611687042,10.333233452206878,4.153030024399502
12,12,TEI,9,36,2.6038442963515283,0.7252930041338526,14.886757040885653,2.227185935560841
12,12,TEI,10,37,1.5951552136225717,1.5263603552849538,8.341132320942924,4.138297634135033
12,12,TEI,10,38,1.7452004903492364,0.6710247647693439,2.963698815720619,3.7845323533106194
12,12,TEI,10,39,1.5120264521090991,0.9017526098521755,14.949358895158769,3.8442082498099825
12,12,TEI,11,40,1.5694474509693426,1.0924782065484067,3.9599550883351697,4.261121395588396
12,12,TEI,11,41,1.5733055414830028,1.0453777973444267,11.94154945837206,4.036865070007394
12,12,TEI,11,42,1.7764752008341027,0.03256556899881513,7.360302048489645,2.8302664012863503
12,12,TEI,12,43,1.6225852404652943,1.0889745947935277,4.631015696562056,4.2376759564740265
12,12,TEI,12,44,1.598769625383376,1.21154055258368,14.102173872459105,4.127855984133314
12,12,TEI,12,45,1.0239587322841812,1.9312964482402477,8.997268349370039,2.7851031568473372
12,12,TEI,13,46,1.631356439381403,1.2697336653089955,7.88948143934515,4.240135566151017
12,12,TEI,13,47,1.3078959799841612,1.2971643697546305,14.975722418575934,4.046180866208186
12,12,TEI,13,48,1.9074021187180135,0.822378778199417,1.3130498668278958,3.6900178423371055
12,12,TEI,14,49,1.5795244883200472,1.1471625540363486,4.95557420542396,4.266817793644068
12,12,TEI,14,50,1.6072952313059972,1.2593647477982892,14.71787142050088,4.138878655435653
12,12,TEI,14,51,0.5962251137125272,1.030564403471443,9.89455431979644,3.2435862620389857
12,12,TEI,15,52,1.5923664685915688,1.11757081109294,4.44310862840177,4.265229523388356
12,12,TEI,15,53,1.6841276861968115,1.273463105923374,11.762313741839542,4.170015232174058
12,12,TEI,15,54,0.5457262171511335,1.452062171511039,14.787141250162252,3.235153791152631
12,12,TEI,16,55,1.5731572367753435,1.0978878330529227,4.524404420955491,4.24618096818532
12,12,TEI,16,56,1.7021504445620694,1.2630375205496356,12.04463385426802,4.160882852160242
12,12,TEI,16,57,0.5614343996233606,1.1369418287578292,14.978643364238176,3.2236362838863952
12,12,TEI,17,58,1.6033966484073927,1.103668963907256,4.327279641961695,4.259460481003838
12,12,TEI,17,59,1.5928797861240893,1.3285265201893983,11.563649367592792,4.182313297018077
12,12,TEI,17,60,2.6146554383139553,-1.4306872237838915,0.3928781931634815,-1.2873613223046003
12,12,TEI,18,61,1.5770376962353847,1.1532681445659247,5.1245968195522345,4.264775720297472
12,12,TEI,18,62,1.6220385360777279,1.2541340753000059,12.552654118393491,4.160396525468542
12,12,TEI,18,63,-1.0643626285811982,-1.4110952934802359,0.1259733501887253,-1.5027109304385304
12,12,TEI,19,64,1.5314840132338294,1.1780819595063123,5.218069880690557,4.269815427895847
12,12,TEI,19,65,1.599713994148579,1.2501009546952266,12.898381171712495,4.154850485507544
12,12,TEI,19,66,2.6072387723834725,-0.4051830185434844,7.232667673527727,1.0831574423707202
12,12,TEI,20,67,1.5860474212494746,1.2525772924291263,4.200499751972545,4.342848727089976
12,12,TEI,20,68,1.626679179233018,1.2724805624771696,11.82044443090546,4.173948884576525
12,12,TEI,20,69,0.4870614093212142,1.1524784214545378,8.263060333708337,3.2339074863462733
12,12,TEI,21,70,1.5983495664920455,1.2552461304407045,4.068461914374722,4.348869561371972
12,12,TEI,21,71,1.6188477829274692,1.3079327382377577,11.424471313285753,4.184329639981457
12,12,TEI,21,72,0.5382965643885513,1.0192511735700935,7.887925721867636,3.1993705501566616
12,12,TEI,22,73,1.5852309376613416,1.2921467380114233,4.211966283758163,4.350782246938957
12,12,TEI,22,74,1.641962024594228,1.2656291530419792,11.448512347990237,4.176778685200775
12,12,TEI,22,75,-1.0832172774458633,-1.4576445676659644,14.988837414923,-0.3988056579006678
12,12,TEI,23,76,1.5491055158918847,1.2789978393972752,4.436268552183113,4.3368470444463885
12,12,TEI,23,77,1.6638797291620908,1.2916103850081755,11.80655858359633,4.17517289087227
12,12,TEI,23,78,0.486960680776259,1.4731131710290577,14.910273983296818,3.1465662968559736
12,12,TEI,24,79,1.5518863586290057,1.3121199071068128,4.04193332072052,4.35493322212103
12,12,TEI,24,80,1.6065351934716565,1.2581002944858826,11.52336575096647,4.174363141366582
12,12,TEI,24,81,0.4747984300409387,1.4308112881995867,8.123143698682188,3.2526509798724756
12,12,TEI,25,82,1.6087955320251774,1.2930520148684943,4.3723356164893525,4.346417039220639
12,12,TEI,25,83,1.6464064210139155,1.282623217784613,11.950481354144301,4.173403718174892
12,12,TEI,25,84,0.507043252507883,1.2633460847340166,8.050170054288268,3.31241279234881
13,13,TEI,0,0,2.131748582680984,1.4935588022622066,12.165539958366347,3.7676746364093363
13,13,TEI,0,1,-0.12297494738662706,-1.2298018979855252,14.197040240910503,0.04523611932395344
13,13,TEI,0,2,1.1937395494430194,-1.490792362307951,13.656197263809501,0.9357980483608388
13,13,TEI,0,3,2.5802105869627447,-0.4979618854184036,12.205103184461654,1.021203158399827
13,13,TEI,0,4,-0.7920415137155512,0.03398016556197492,12.265738917397368,0.9485623160742864
13,13,TEI,0,5,0.4274364642616839,0.3121239751544198,1.7564812122425197,2.2293173362159475
13,13,TEI,0,6,1.941942362437668,0.24253592916379274,3.7249396441051923,3.0808701768556968
13,13,TEI,0,7,1.8024761649752454,1.927299012163469,8.075610167910273,3.1052942392047873
13,13,TEI,0,8,1.6547303819338683,1.9746624109692692,0.45288231813348423,1.8106312826020137
13,13,TEI,0,9,1.1383794868946242,1.885533472270553,1.7609312710759095,3.176776273195227
13,13,TEI,1,10,-0.5307204537283122,1.5884271334184903,12.15883614495434,2.1464880434557347
13,13,TEI,1,11,1.845473551109142,1.573851885885484,12.18129235511676,3.9595353749861393
13,13,TEI,1,12,2.405168009605707,1.8668077327939296,1.8685668761299068,2.630133476483966
13,13,TEI,2,13,1.645968999125491,1.9814298980884875,11.755969507404512,2.83833240363733
13,13,TEI,2,14,0.9945841994949807,1.9172831849020304,3.241820724987868,2.9756586392713764
13,13,TEI,2,15,2.402201593896257,0.8936022966714403,3.5544769185586977,3.2289875377330954
13,13,TEI,3,16,1.5485562800616486,1.7415641361694627,10.20150833699363,3.7236544277763786
13,13,TEI,3,17,1.2951279318106779,1.721965919111076,2.2565445749462096,3.8504406463915104
13,13,TEI,3,18,0.023793764541353957,1.7640767069055867,7.71983223462294,2.2261478901103007
13,13,TEI,4,19,2.03313724542726,1.6649402186917053,9.244752757081518,3.7004383773545895
13,13,TEI,4,20,1.4350212789461803,1.6847879295702999,2.2725379101162777,4.004468517661307
13,13,TEI,4,21,0.9500301882082041,1.4807495734867882,14.923142785646826,3.689216026086054
13,13,TEI,5,22,1.5152849117852094,1.5596727163999597,0.9086133732570177,3.700085844942829
13,13,TEI,5,23,1.473357788131767,1.5379749212891967,8.533123903140414,4.100186878211329
13,13,TEI,5,24,2.2934805568084338,1.5787523092626294,14.861267941818614,3.3732551429835316
13,13,TEI,6,25,1.4289490609560502,1.6340636330294132,11.561176290800255,3.8998036125329367
13,13,TEI,6,26,1.4045243963813525,1.6246410235449922,3.635387999474833,4.096231350068592
13,13,TEI,6,27,2.1119506469049156,0.5184442719208593,7.390742086646359,3.147693496500499
13,13,TEI,7,28,1.0526290693024163,1.5627296928668826,14.71900212965883,3.7111138469743663
13,13,TEI,7,29,-0.6376976279100198,1.5649584943836112,14.092825829811684,2.148571922827567
13,13,TEI,7,30,2.4721875135311846,1.565186515986507,14.080495587343714,2.987943959028642
13,13,TEI,8,31,1.6062414125391928,1.3732429456610715,14.756244035697241,4.142062112655133
13,13,TEI,8,32,1.6448959419761437,1.6242585849290276,5.182362291522832,4.091188230540659
13,13,TEI,8,33,0.5175874602218862,1.7624984202094507,0.1390359583201027,1.508583995093915
13,13,TEI,9,34,1.7695000331948183,1.4088383537806721,14.854799503659361,4.103778414075672
13,13,TEI,9,35,1.4856084236663034,1.609737172929369,6.05805450299978,4.069203258439517
13,13,TEI,9,36,2.520643303310513,0.8210301846992101,8.824719366214294,2.6833857210224554
13,13,TEI,10,37,1.6061706373625255,1.4264072339349068,13.169705855111088,4.1398781498225885
13,13,TEI,10,38,1.4986491161404834,1.609272793647437,5.06913036585851,4.104512273077661
13,13,TEI,10,39,2.185679630537563,0.689216088759883,0.03110441575586691,1.9641192055586978
13,13,TEI,11,40,1.616243009636031,1.4195745420571342,13.59023945362969,4.138618466895767
13,13,TEI,11,41,1.5480738698398726,1.619932649092017,5.610550688854315,4.079987839502257
13,13,TEI,11,42,2.5991312727063063,1.1345277470513913,1.4792971374623614,2.791027897053554
13,13,TEI,12,43,1.6392567389460564,1.3571143557231427,12.707018387051834,4.165971140714183
13,13,TEI,12,44,1.4566539495886142,1.6676459872526879,4.648533289486796,4.003656181255173
13,13,TEI,12,45,1.7770927776696972,0.23038006566290647,9.100151255408612,3.016256280408358
13,13,TEI,13,46,1.6963462783005268,1.3945970426053091,9.606281359098869,4.194958699464934
13,13,TEI,13,47,1.3966664162507474,1.4596920093255696,1.9392122158873064,4.261013753010006
13,13,TEI,13,48,2.6354466980927835,1.5718358597533677,3.978989202319859,2.702718130587428
13,13,TEI,14,49,1.4919259103694018,1.4010759546349187,3.5206942869804614,4.346898135985075
13,13,TEI,14,50,1.6087643820822968,1.3922040613430875,11.26555159749807,4.176890723554297
13,13,TEI,14,51,-1.031399186948508,-1.462923382908905,0.008779024655381138,-1.67168423537512
13,13,TEI,15,52,1.434648789113489,1.3750752369413202,3.0691719274207463,4.347222890988408
13,13,TEI,15,53,1.6295385591239797,1.3659746883071495,11.136619042045554,4.1850440224888725
13,13,TEI,15,54,1.7151620880523724,-1.4598910266509946,0.1361948692971006,-0.025664712665592514
13,13,TEI,16,55,1.402500570754103,1.413654280262974,3.441371496916242,4.312943011063721
13,13,TEI,16,56,1.6289177748890404,1.3807705038932663,11.31186431859651,4.179400734694718
13,13,TEI,16,57,1.4700123388135808,0.09378308548035674,6.412458620129398,2.9259161384709182
13,13,TEI,17,58,1.4190071669381799,1.4400169227466084,3.2385078939222685,4.312634727398293
13,13,TEI,17,59,1.6480404704228655,1.3873147454317212,11.0431471431606,4.18054364862621
13,13,TEI,17,60,1.273514760410667,0.26441270632460334,14.896465228312008,2.8929099700941387
13,13,TEI,18,61,1.4004983430403621,1.4171674247054442,3.0478527931663226,4.319966464985937
13,13,TEI,18,62,1.6854528214446187,1.3792452873247418,10.70633762796215,4.183420645275393
13,13,TEI,18,63,0.6309858679081921,1.4011658214523486,14.84772748263956,3.364767739976604
13,13,TEI,19,64,1.5032677086808657,1.4288699884154683,3.3270146027658183,4.343612161834281
13,13,TEI,19,65,1.6421219908023126,1.3676132402267118,11.46255314163967,4.179725413257667
13,13,TEI,19,66,0.451910794472165,1.6638379939666428,11.548771755052593,2.8912848433442617
13,13,TEI,20,67,1.445223419848162,1.39639100686798,3.176087031870168,4.343042213223351
13,13,TEI,20,68,1.648606713602701,1.4001877945226666,11.019495458090082,4.176804584056438
13,13,TEI,20,69,-1.0984750073080711,1.988891589798047,4.893433630778806,1.3848704938165886
13,13,TEI,21,70,1.5936083815776119,1.3428938081549129,2.8469571716698105,4.39002837551172
13,13,TEI,21,71,1.5826744081383133,1.3714717254755624,10.653984978276466,4.189764622121919
13,13,TEI,21,72,2.6336524265467984,-1.4475091800681916,6.8367724235244225,-0.16013681335175778
13,13,TEI,22,73,1.6222350409801218,1.3921537286881627,2.964811361058462,4.379936755658257
13,13,TEI,22,74,1.638805298992625,1.345285107007002,10.575546877047477,4.195731205058111
13,13,TEI,22,75,0.6002316460759061,1.3610372646166655,14.961026123992843,3.3358836648998653
13,13,TEI,23,76,1.6162281125264437,1.3788272810403126,3.0294135989154922,4.382594138099291
13,13,TEI,23,77,1.6265640112438513,1.3505039066607791,10.911658252529005,4.190615673768287
13,13,TEI,23,78,0.5722144006374335,1.395666246615769,14.988221024326956,3.2924881347369945
13,13,TEI,24,79,1.607217070117743,1.3671278889770067,2.8767866949262015,4.38706492242699
13,13,TEI,24,80,1.633920277501431,1.3679632039213634,11.033965591959277,4.185995254290052
13,13,TEI,24,81,0.5557108580215191,1.2055473162358181,14.933835223154812,3.255545067998006
13,13,TEI,25,82,1.5565414435750906,1.3557357356417712,2.7747992926143112,4.38560165365627
13,13,TEI,25,83,1.6083735429013055,1.3804819925389804,10.605287481772836,4.189712606705587
13,13,TEI,25,84,0.601321207710388,1.2340642677912856,14.995053425005871,3.323247516422117
14,14,TEI,0,0,2.0053846626886096,-0.23668666608010192,10.541386844425242,2.3688078663683063
14,14,TEI,0,1,2.1142639057207453,0.7446111827585762,8.225899768990896,3.4359509332077574
14,14,TEI,0,2,1.748765259999069,1.0071003392401416,7.0080641399088694,4.0724889982510835
14,14,TEI,0,3,1.0392790519885517,1.112128260319591,0.9543952231688143,3.505529213419063
14,14,TEI,0,4,1.317375771603062,1.0762000001351049,5.981983918073993,4.091506261911437
14,14,TEI,0,5,0.7953411158137753,-0.699477802827316,9.753262518526983,1.6922739348051359
14,14,TEI,0,6,2.529689295317916,-0.45450420346361553,6.942999008477219,1.2932927319567322
14,14,TEI,0,7,2.231961144388981,0.4299030705412634,6.322549636949335,2.8689414023263904
14,14,TEI,0,8,1.3974025170573365,-1.3921291900890354,2.307792471870808,1.5388238891684112
14,14,TEI,0,9,2.156135487318751,-0.9461605456555318,0.4429731154750614,0.5995696155814277
14,14,TEI,1,10,0.7951077803772131,1.2782900946679856,8.568608260142105,3.656362043355066
14,14,TEI,1,11,2.1837918637079747,1.2697688109058625,8.62278944397991,3.8066734185104374
14,14,TEI,1,12,-1.069513038094236,1.2724935576784526,8.725515172433719,2.61863673892055
14,14,TEI,2,13,1.5022290607358921,1.7528466894535892,8.427826928730724,3.7173905559678664
14,14,TEI,2,14,1.4451602449273349,1.6804023790117846,13.348768109930042,3.7964786855098422
14,14,TEI,2,15,1.591408925469536,1.8221244768705773,3.4757480442622106,3.671686654688007
14,14,TEI,3,16,1.301678051000434,0.9768887777195752,14.5937601631102,3.8416871885101087
14,14,TEI,3,17,1.5252696602545046,1.0904246733956762,9.243556517193497,4.109167535478299
14,14,TEI,3,18,1.6329133251488455,1.2494707647689616,3.865038136350338,4.354297369356065
14,14,TEI,4,19,1.9521889554489076,1.2847807803178184,0.10240156181562625,2.8066925979797985
14,14,TEI,4,20,1.6741164352899722,1.233652152320324,5.798027015661768,4.281092461999871
14,14,TEI,4,21,1.4229440049194837,1.277192030536681,11.484803344665123,4.139353795764718
14,14,TEI,5,22,1.8033614356653351,1.259148950225823,4.52139439290953,4.294099368081229
14,14,TEI,5,23,1.355797614500506,1.1374889635520464,11.292591929538595,4.0495011407201105
14,14,TEI,5,24,0.7296311715748833,1.1212007547275782,2.7218554477066066,3.6656803057666636
14,14,TEI,6,25,1.5970377158272888,1.1888946049456353,4.49741303739473,4.307661200544963
14,14,TEI,6,26,1.523179365538312,1.2775000101925942,10.65219492079286,4.181581532494698
14,14,TEI,6,27,2.287925644683005,1.0814773917088925,14.96647040240655,3.435551857387961
14,14,TEI,7,28,1.6616240043947172,1.2180207459375199,4.304129229062814,4.326134273992675
14,14,TEI,7,29,1.5306001005879892,1.2842392180688789,10.608164283729044,4.184905105014333
14,14,TEI,7,30,0.7053994405672963,1.2227669249987358,14.637279765557018,3.449885957415369
14,14,TEI,8,31,1.5933341692272007,1.2327660808175556,4.647327046249362,4.321360931250484
14,14,TEI,8,32,1.5423717025163737,1.240973385623017,11.07171770188537,4.169391149148087
14,14,TEI,8,33,1.5664225045097973,0.21753837796910624,14.998912155517164,2.950605929372687
14,14,TEI,9,34,1.6426828577935821,1.2388778089723869,4.831111689960701,4.317168079210751
14,14,TEI,9,35,1.610070854293109,1.26592984578709,11.674712712432202,4.174396554936088
14,14,TEI,9,36,0.7063935508290133,1.3035338852837235,2.9408251169005806,3.71281519989254
14,14,TEI,10,37,1.6233249498785622,1.2361780419818333,4.616111793037654,4.324291511518159
14,14,TEI,10,38,1.5832410600224294,1.2746802405444582,11.331235688047435,4.179687873961594
14,14,TEI,10,39,0.6827755366151904,1.434115051378277,3.613668086245279,3.6416554982344875
14,14,TEI,11,40,1.6902394100782154,1.234964079331057,4.632266919882084,4.317385347075526
14,14,TEI,11,41,1.609942579477143,1.32530825747037,11.092216387564186,4.189470607215094
14,14,TEI,11,42,0.797080437631555,1.3690415242018474,2.5975497700765877,3.8179991554114796
14,14,TEI,12,43,1.6222956770626076,1.2213174785737086,4.256060048127628,4.3312751300964365
14,14,TEI,12,44,1.6084423443187412,1.3069599911135348,10.835373735416109,4.192484255113111
14,14,TEI,12,45,0.7782797113010906,1.4812434977938471,1.9394189858773057,3.705897397358157
14,14,TEI,13,46,1.6364922187997686,1.205667975068871,4.327013095714966,4.321768302630927
14,14,TEI,13,47,1.5558261646362035,1.2973883768967123,10.925879527579491,4.186119324965457
14,14,TEI,13,48,0.776351654653179,1.2986491001172351,2.199364313568573,3.783553431734077
14,14,TEI,14,49,1.608714654064197,1.2637833093785669,4.412482761619369,4.339492011420975
14,14,TEI,14,50,1.554220311056588,1.271207571713401,10.920292918958909,4.181641570964102
14,14,TEI,14,51,0.7554118369036062,1.4149687391640713,2.3136853600937144,3.7479419103416527
14,14,TEI,15,52,1.5923002227321486,1.3019618066888103,4.428049967898668,4.344844369641391
14,14,TEI,15,53,1.5833995454913699,1.2917288767399109,11.257410906568714,4.183622789827461
14,14,TEI,15,54,0.7470011596503572,1.2956085968092537,2.45547814685088,3.7592752461017804
14,14,TEI,16,55,1.6112806956237584,1.2368509914495616,4.202021666324884,4.338905585545108
14,14,TEI,16,56,1.5842302352067685,1.3074910747831918,10.808254087626448,4.191759785934998
14,14,TEI,16,57,0.7601694535335448,1.2471875401193344,2.69681293862372,3.7673750182714367
14,14,TEI,17,58,1.5887347517998864,1.2689121433881922,4.200195282190785,4.347234642994599
14,14,TEI,17,59,1.5984426918632808,1.3335872525770465,10.737829112059435,4.194097151294341
14,14,TEI,17,60,0.7515573179391564,1.385378385938794,2.5343969669930537,3.7598885207693957
14,14,TEI,18,61,1.6325094699939227,1.256154184607463,4.5030235615558425,4.334220794860492
14,14,TEI,18,62,1.5489386773015772,1.3426272020523204,10.841147239979525,4.187247872326165
14,14,TEI,18,63,0.8413745224710998,1.3837836112630608,2.2075114485827885,3.852821068247623
14,14,TEI,19,64,1.6047129042460897,1.2549845559626247,4.266751117843503,4.342162363871866
14,14,TEI,19,65,1.5604325265917556,1.3063601167864496,10.629595102001803,4.191956183728241
14,14,TEI,19,66,0.792607002898712,1.3961849917450375,2.5886363594143798,3.8056304643324266
14,14,TEI,20,67,1.6109124710651463,1.2734443642905244,4.506611253853564,4.338448327946679
14,14,TEI,20,68,1.6242177691430042,1.3237053719225562,10.807786102963565,4.193612403873331
14,14,TEI,20,69,0.8217985748032497,1.40719103495322,2.6860847242690054,3.836103094915209
14,14,TEI,21,70,1.5473433925318498,1.2602224071529782,4.39488011817223,4.333835187878513
14,14,TEI,21,71,1.603313923081724,1.3432317767640787,10.786891595743525,4.192985063119847
14,14,TEI,21,72,2.369835866950141,1.20740318015128,4.901106596423106,3.5295418088961847
14,14,TEI,22,73,1.5663004724159375,1.3318261863403302,4.261018559736881,4.3494307213998145
14,14,TEI,22,74,1.6171097628015385,1.3137524914920906,10.783905016487319,4.193754076990838
14,14,TEI,22,75,0.7712536032180433,1.2366707499408727,2.6389328509340766,3.776794216072484
14,14,TEI,23,76,1.5307828496705258,1.2841013178894802,4.416171935388328,4.335361886927517
14,14,TEI,23,77,1.6873987768855843,1.3237352000943932,10.500598231936618,4.192780920945496
14,14,TEI,23,78,1.118967988244988,1.1315941140525396,14.936021435552059,3.838363754879403
14,14,TEI,24,79,1.541079808483667,1.2844388193525655,4.142985303977971,4.3467391204362436
14,14,TEI,24,80,1.688019783907173,1.343493232850471,10.47898718534744,4.192254578825234
14,14,TEI,24,81,1.0796069051710298,1.1786700205955882,14.996684295449995,3.831615589613515
14,14,TEI,25,82,1.545221069296836,1.2735987162813802,4.145707025729746,4.3452918537014344
14,14,TEI,25,83,1.6078602814731702,1.2948311224011073,10.6332790960836,4.1942721199845
14,14,TEI,25,84,0.7883078495026654,1.4068674018567524,2.383279852770649,3.7925083175464627
15,15,TEI,0,0,1.4887819660857744,1.3553598896762011,5.166756960135058,4.301455439918212
15,15,TEI,0,1,-0.9324397374449049,0.5005903996180585,2.194535155427239,1.8133822729887699
15,15,TEI,0,2,1.5860486353836358,-0.2912522357345608,6.855688124457461,2.5874471903925
15,15,TEI,0,3,2.547079885177085,1.2351310972021072,12.657006888914376,2.9208699326498766
15,15,TEI,0,4,0.9744624532877526,1.7956747690506258,0.27586896480727185,1.9588298183015238
15,15,TEI,0,5,2.2228802563178856,-0.1358453082753024,3.4768701781293267,2.3365926980307057
15,15,TEI,0,6,0.8970312272458099,1.806415975284648,4.965643663750206,3.2156144361433094
15,15,TEI,0,7,2.295517353728442,0.13566064376779963,14.509349184066178,2.2454316961533296
15,15,TEI,0,8,1.755916236962754,1.2417384668235592,5.423550716478223,4.277022494795997
15,15,TEI,0,9,1.0965637194278455,-0.6300779417761381,12.002279611544562,2.0173338358465847
15,15,TEI,1,10,1.8251296125462253,1.355337201372587,7.171146022320642,4.210500853185657
15,15,TEI,1,11,-0.8086889346041384,1.3553426380679192,10.631806597840999,2.373800880963077
15,15,TEI,1,12,1.7380174460818645,1.3554797214615655,14.728730680013422,4.128920013258235
15,15,TEI,2,13,1.424121401708883,1.3549677140379113,0.18412012789544102,2.905790247353458
15,15,TEI,2,14,1.3433685969585376,1.354770541085223,12.00560342991047,4.097890013167015
15,15,TEI,2,15,2.619548025281447,1.2420489382357767,7.295134250733791,2.7902931368438226
15,15,TEI,3,16,1.48308570006675,1.2615604634021502,6.604780071459853,4.250425035439332
15,15,TEI,3,17,1.5564612971498435,1.586165664749314,14.888148986007787,3.9714115921378466
15,15,TEI,3,18,1.253808022979269,0.18429460025531585,4.1825780461229884,2.9917278328552177
15,15,TEI,4,19,1.6919446277783754,1.540950638165247,5.663948158750448,4.185615228648059
15,15,TEI,4,20,1.5611985304662492,1.2301079458507447,14.528520645557697,4.128004147403246
15,15,TEI,4,21,2.4863934873262177,1.992478840405842,0.334697391208406,0.5290093733945919
15,15,TEI,5,22,1.5573701784167366,1.3768346436866103,6.311255660343232,4.276250994719501
15,15,TEI,5,23,1.541759128008278,1.3552485811367938,13.947369768093425,4.14687903839726
15,15,TEI,5,24,1.7515713990515271,0.6689312261272136,0.5377684589503294,2.6524299787704835
15,15,TEI,6,25,1.6464631660103013,1.3090371161751833,5.7964103432760545,4.299986602572023
15,15,TEI,6,26,1.5793535222992712,1.3292413650285444,13.525251487552147,4.1579504008618615
15,15,TEI,6,27,0.7791851755859844,1.9430591132897366,9.318848874743885,2.4629372703283945
15,15,TEI,7,28,1.5436335679060718,1.3290373029233078,5.238126463779315,4.313012545678402
15,15,TEI,7,29,1.5420732482247725,1.3271931374815669,13.489795877243102,4.153707337172852
15,15,TEI,7,30,0.3945432684306933,0.9444183516698117,14.27693467552331,2.848088505150198
15,15,TEI,8,31,1.6013255344506745,1.349287642814152,5.468579069034256,4.310031390569641
15,15,TEI,8,32,1.5419925187652734,1.3180095282239601,13.24760965630394,4.156232305315559
15,15,TEI,8,33,-0.23853237119150028,-1.4899418002961733,0.009145437722019867,-1.817556552956046
15,15,TEI,9,34,1.553553524421484,1.3476837671177888,5.913775653743646,4.2921647452691225
15,15,TEI,9,35,1.5430638833309414,1.3341836468708541,14.03501014996506,4.148039742094435
15,15,TEI,9,36,-1.0623052652423182,-1.4682422720804478,14.920488542633711,-0.4520451683135964
15,15,TEI,10,37,1.517822152663455,1.2812508715888886,5.663033417340885,4.290712301001174
15,15,TEI,10,38,1.5898082561045346,1.331517168546112,13.533324664527312,4.1585796035376585
15,15,TEI,10,39,2.5829356590584025,-1.4975312186480931,14.908396921534312,-0.26020100576309124
15,15,TEI,11,40,1.5573836632298468,1.2311430140626514,5.742681780729387,4.281419850637926
15,15,TEI,11,41,1.5489895158883193,1.1673396100632032,13.5360049321471,4.106510457580684
15,15,TEI,11,42,0.7399014296385802,0.3038503802195902,9.538144228407731,2.493234569948978
15,15,TEI,12,43,1.5312296197471804,1.3249812180919625,5.7348866120411754,4.295096312357743
15,15,TEI,12,44,1.6238214713942738,1.3370156640744648,13.739236042329775,4.157036267381684
15,15,TEI,12,45,0.46504732574780183,1.2570452060858117,10.32301651273921,3.2162973177090564
15,15,TEI,13,46,1.541145699812093,1.3208870392422942,6.204503384058191,4.282829827148286
15,15,TEI,13,47,1.5735786337538031,1.3046011649172349,14.599652042599887,4.145830166702453
15,15,TEI,13,48,0.48639551992104013,1.2726041440706037,10.606804477035556,3.2423513938194697
15,15,TEI,14,49,1.5805668418907173,1.3519943354623156,5.8669779119514525,4.296108638978899
15,15,TEI,14,50,1.548826940514488,1.3306191903558848,14.144379198673617,4.14796264772971
15,15,TEI,14,51,0.5102439262400824,1.3190821525041727,9.91666611399419,3.2886280463559534
15,15,TEI,15,52,1.5636456567390429,1.3589207960847585,6.150150095606544,4.28508780222697
15,15,TEI,15,53,1.5690019686123273,1.3264061841978863,14.262048391407648,4.149464352259434
15,15,TEI,15,54,0.5465321364431335,1.1552325468984956,10.084257152523577,3.2762660962799712
15,15,TEI,16,55,1.582854036203598,1.314100158885569,5.736174604634542,4.301655170710289
15,15,TEI,16,56,1.6030915391368779,1.3012205222918038,13.888413160616206,4.1544530439460114
15,15,TEI,16,57,0.5685434351897385,1.222409961975727,9.75406093955975,3.3432626877346783
15,15,TEI,17,58,1.5831365743785648,1.3218984553192974,6.097290876499386,4.29106395528879
15,15,TEI,17,59,1.5526492272807522,1.3088604889291489,13.801972046041618,4.151531793536893
15,15,TEI,17,60,0.46445749073487463,1.2943616118761287,3.6778007290313166,3.3941498269578028
15,15,TEI,18,61,1.550785976093004,1.3302795520813637,6.038355871866047,4.289137488376145
15,15,TEI,18,62,1.5501187884682448,1.3145367490980497,14.205520333240518,4.14740362103189
15,15,TEI,18,63,0.4477091220681144,1.217335645181548,3.69167832345354,3.351751586509355
15,15,TEI,19,64,1.5326433485768347,1.318682141643905,5.695084362615931,4.296509275571561
15,15,TEI,19,65,1.5751727150035757,1.3195492939534947,14.203209446165186,4.1506141048652845
15,15,TEI,19,66,0.5989397776540397,1.3842136069726871,10.288820124630657,3.385393793774851
15,15,TEI,20,67,1.5308422482633515,1.3555422076289663,5.898604174585872,4.287976727702853
15,15,TEI,20,68,1.5781821878593645,1.3146604921090157,13.5178023037169,4.157758017361922
15,15,TEI,20,69,0.4539389534322069,1.2187291669676448,3.7493503818034255,3.358235148325616
15,15,TEI,21,70,1.549843903934093,1.339793527187354,5.507873316443199,4.30481671531015
15,15,TEI,21,71,1.5843977391451092,1.331767574139565,13.526602842382118,4.158274581592121
15,15,TEI,21,72,0.6363111846490264,1.2522846506451546,9.64157392268382,3.4393951433200787
15,15,TEI,22,73,1.5665485097361587,1.3397236343480765,5.716976759069196,4.300452021930235
15,15,TEI,22,74,1.6085144489987795,1.3102897358012582,13.792509148884628,4.1563060385530495
15,15,TEI,22,75,0.670704541451135,1.2522981461381733,9.961117230421076,3.4761915716041747
15,15,TEI,23,76,1.567618861883266,1.3486840411656722,5.749057772623956,4.298825002463021
15,15,TEI,23,77,1.6092574334123846,1.3337687335396522,14.032810086354663,4.1541359769012685
15,15,TEI,23,78,0.7179785005889405,1.197530363453288,10.055581038822371,3.510795695976424
15,15,TEI,24,79,1.580082885736446,1.3311736064125976,5.7963214785224055,4.299738518250439
15,15,TEI,24,80,1.5968552175266564,1.297674763132263,13.846411181690334,4.154260305660429
15,15,TEI,24,81,0.6821737755274275,1.23713169900523,9.923637177453429,3.4859949738943583
15,15,TEI,25,82,1.5521982674260069,1.3479045981961786,5.975253596458347,4.290113551444008
15,15,TEI,25,83,1.5901126630388673,1.2977108939447257,13.752641903808843,4.154865910762325
15,15,TEI,25,84,0.6808718710043726,1.2561683032092632,10.045214570979674,3.48829622879335
16,16,TEI,0,0,1.0185682268921874,0.007604509215649591,1.4120133080974064,2.4694768852675693
16,16,TEI,0,1,0.20077327997931493,0.6752816343323778,0.3258033927374751,1.1015257022382525
16,16,TEI,0,2,2.1685011963824743,1.4891733603442976,0.6655189326084838,3.031516033515698
16,16,TEI,0,3,1.898647138229884,-0.8532169347960299,10.434663099564013,2.0499116670766213
16,16,TEI,0,4,-0.5207640475670036,0.9206691459414329,14.37954883213524,2.0304612191520075
16,16,TEI,0,5,2.5808888992215544,0.8215334344762009,2.454658846671232,2.667783569512534
16,16,TEI,0,6,0.37578108886917816,-0.5270167557428449,14.3350897595026,1.2253878377562897
16,16,TEI,0,7,0.01865250229852089,0.4637694815421538,6.111072062696367,1.9233094297057094
16,16,TEI,0,8,-0.5815751426575689,-0.1534047084706731,11.541456392376888,0.7473892424215305
16,16,TEI,0,9,0.4456207988443526,0.8776010554036517,8.728226293567289,2.9115581251711253
16,16,TEI,1,10,2.239776018286157,1.490460839748581,0.6508468237768451,2.8870980852117554
16,16,TEI,1,11,-0.9079961116067016,1.4880998366521814,0.5717490763157927,1.4992884203114107
16,16,TEI,1,12,0.4689271683145697,0.859776593710035,6.204154251725799,2.9793197570889363
16,16,TEI,2,13,1.9998958730532888,1.4847551655534432,3.599835349742883,4.132837309022943
16,16,TEI,2,14,2.024558019617414,1.485396013501354,13.475595961950082,3.892301634497736
16,16,TEI,2,15,0.5197413982612693,0.8517171071253307,10.226158743754576,2.946149400790479
16,16,TEI,3,16,1.9152176151319726,1.4966865343355256,0.12628599180586766,2.7697796278918774
16,16,TEI,3,17,1.9104682692187538,1.5440403596368255,8.439216767110802,4.013757447427033
16,16,TEI,3,18,1.9456519835806927,0.8448568644422432,14.847600712522553,3.656937862735123
16,16,TEI,4,19,1.5638583519687121,1.972504664751645,5.579408975860033,3.006013432910687
16,16,TEI,4,20,1.485789299986203,1.9951870259366493,14.077709257966779,2.726844667980687
16,16,TEI,4,21,1.4582013015399262,0.8646816504312382,5.231831155962182,3.9586164042214724
16,16,TEI,5,22,1.8579475273763761,1.2455532155314897,6.148376965609135,4.20926933333596
16,16,TEI,5,23,2.3385958011161114,1.242497798651426,13.885263451874284,3.437002910147646
16,16,TEI,5,24,0.7850761742482901,1.135133863757487,12.216739809456417,3.523639465443125
16,16,TEI,6,25,1.9573407614978526,1.3639384420046827,5.001722225494796,4.181857816865565
16,16,TEI,6,26,1.5366447238558179,1.1761030461068263,12.821963961289558,4.117333743876105
16,16,TEI,6,27,2.5771689420069834,1.9891702948299717,10.859916784995871,1.4915008451412641
16,16,TEI,7,28,1.6108719883176956,1.44615719503525,5.697778609505706,4.270517585890903
16,16,TEI,7,29,1.4806349009643762,1.428471925848187,13.95188128911938,4.1105104886834205
16,16,TEI,7,30,1.8188729910563843,0.4824882156822141,9.245896424264306,3.3245273453741024
16,16,TEI,8,31,1.6767429944743384,1.3548517126674273,6.0289475073607806,4.288542229512789
16,16,TEI,8,32,1.5773717894817674,1.395433590893072,13.865508635655994,4.143132186273099
16,16,TEI,8,33,1.6969518670038841,0.34263944860935425,14.895470036299674,3.1046115640796046
16,16,TEI,9,34,1.7506896436953978,1.4010530229183793,5.783412653182227,4.268338540946962
16,16,TEI,9,35,1.5161741090317173,1.304839070561008,13.480412427209899,4.148045575241181
16,16,TEI,9,36,1.6252339401081843,0.36337885860862773,5.685373045251483,3.2975581705844483
16,16,TEI,10,37,1.6716215465892685,1.3643670655892404,6.169465270565219,4.283632652305957
16,16,TEI,10,38,1.54579274057093,1.3865393708338472,13.876144728278145,4.1418119857414935
16,16,TEI,10,39,-0.8759206101371937,-1.4946003704078616,0.07566288367794949,-1.893473929346906
16,16,TEI,11,40,1.6695408651363688,1.3081881977637702,5.885733525792646,4.295119755791982
16,16,TEI,11,41,1.6484790469535282,1.3465569114418674,13.696027864255369,4.155772030814161
16,16,TEI,11,42,2.6176089847579878,-1.4444247618485084,0.12103309935969378,-1.4244348578724821
16,16,TEI,12,43,1.7226417692598894,1.3237834366220214,5.763051692419746,4.2898197157918085
16,16,TEI,12,44,1.594215627649306,1.3132015807406354,14.131135198941895,4.152502849851311
16,16,TEI,12,45,2.560288241418732,-1.466474859744703,14.996339982225784,-0.10599036834512243
16,16,TEI,13,46,1.6909945144796352,1.3410349521853777,5.848943601111289,4.293165194558704
16,16,TEI,13,47,1.6060037246969565,1.2838452336808164,13.87274666647874,4.152388331525978
16,16,TEI,13,48,1.5542508351939315,0.14088250357809917,9.353502201510487,2.9312886483707423
16,16,TEI,14,49,1.7270679899373582,1.3236169955814492,5.798308584483332,4.287632857983067
16,16,TEI,14,50,1.60927236630027,1.3291570339555538,13.567067109394058,4.159076261750748
16,16,TEI,14,51,0.4800627139912508,1.2651907129165023,8.91135195728789,3.261594032107722
16,16,TEI,15,52,1.7184452806479955,1.3275373119533156,5.639793577457908,4.294622080026485
16,16,TEI,15,53,1.5905936850840008,1.2666291106171723,13.246539631548982,4.154884598962201
16,16,TEI,15,54,0.4790501022903151,1.147326395141273,8.659446461315456,3.21255965334214
16,16,TEI,16,55,1.7136896506524995,1.3316796758481146,5.765224767635168,4.29174537420319
16,16,TEI,16,56,1.60647008353105,1.284277812408034,13.387171800043145,4.157578025396764
16,16,TEI,16,57,0.499211436802522,1.2576890968658017,9.102029604453438,3.2800262075309723
16,16,TEI,17,58,1.6611306710039528,1.3129390519583102,6.035220055898283,4.291853936555963
16,16,TEI,17,59,1.6271697531610134,1.298321840797259,13.654212920630492,4.156730943519218
16,16,TEI,17,60,0.5297877325411862,1.3715998065663846,9.72254221656751,3.3115556347504853
16,16,TEI,18,61,1.679967952633446,1.3023914297196661,5.410548073835104,4.30809041550465
16,16,TEI,18,62,1.5871732233168814,1.3140579387158797,12.888277386947578,4.165372824567568
16,16,TEI,18,63,0.5154578841125936,1.2672859660815234,8.411879146912518,3.316230948468686
16,16,TEI,19,64,1.6917366385385852,1.3504286956053186,5.638201958899281,4.298659776570539
16,16,TEI,19,65,1.5879059279441705,1.3331611776173031,12.855378595207586,4.165886576352747
16,16,TEI,19,66,0.5441943840742167,1.304138417384653,8.786616847125094,3.3505207132958397
16,16,TEI,20,67,1.672546693470673,1.2961467160081916,5.522604689776468,4.304845635272012
16,16,TEI,20,68,1.5703363580806324,1.2905977842726344,12.787966073072,4.162883643557791
16,16,TEI,20,69,0.5358888244415259,1.3641194995566086,8.496711596920585,3.3434149406705655
16,16,TEI,21,70,1.7014647149326474,1.3340348966686673,5.555507095804322,4.300730114014463
16,16,TEI,21,71,1.6038431281205519,1.3115505836186379,13.324029651820922,4.1612206272690875
16,16,TEI,21,72,0.6198696703177764,1.333262250123291,9.027267561648019,3.4407022252538093
16,16,TEI,22,73,1.7045472043781755,1.3232870660113059,5.761858535495081,4.293885974212019
16,16,TEI,22,74,1.587387737934502,1.306014238572594,12.749580927026557,4.166488054519165
16,16,TEI,22,75,0.5751339517236924,1.2930896717430111,8.767441172772665,3.3882564331899525
16,16,TEI,23,76,1.721821011253073,1.3260243933344427,5.933980294835752,4.284839537354975
16,16,TEI,23,77,1.6208538150346672,1.3178915397059199,12.981235852203152,4.165504291974976
16,16,TEI,23,78,0.6306324820219926,1.2532233436998466,9.086150672240498,3.442619617215739
16,16,TEI,24,79,1.6596181865923425,1.3118310442351744,5.777857291071065,4.2996754417601855
16,16,TEI,24,80,1.628104419099615,1.3214392782395157,12.814240015304602,4.167381404101173
16,16,TEI,24,81,0.6085099777724348,1.261502204731845,9.156382936112877,3.4162126013076985
16,16,TEI,25,82,1.6714282570471841,1.3208072890052205,5.452213198936472,4.3089006541795
16,16,TEI,25,83,1.590317433202682,1.2866508443001496,12.413911021372215,4.168370459831258
16,16,TEI,25,84,0.6187305999979134,1.2702390753980328,8.596847829486917,3.441681548680762
17,17,TEI,0,0,2.058044500685758,-0.9365941809081256,8.366610465938017,1.8688440135969002
17,17,TEI,0,1,0.27551474199938175,-0.7477031275338105,5.787974739800388,1.114575970190988
17,17,TEI,0,2,0.5000507331128146,0.6397008797464321,11.046051671828785,2.628757115164677
17,17,TEI,0,3,-1.042862553298089,-0.6108568017257625,9.062583672604388,0.6952271643656339
17,17,TEI,0,4,-0.787075971954146,1.9921728832304177,12.485359521386057,0.9480905769916965
17,17,TEI,0,5,-0.9625630143972073,0.4863893460195561,9.140492715539507,1.6625597537865675
17,17,TEI,0,6,-1.0741153723551797,-0.8732064413036791,2.4746682806824087,0.7206901736129379
17,17,TEI,0,7,0.6263367079280504,0.484512656795524,6.779186448333439,2.654888455699917
17,17,TEI,0,8,2.337201716564578,1.3522347240420514,6.018089651444624,3.590879773810102
17,17,TEI,0,9,-0.34078526350213856,-0.2458606151962397,12.930663508524269,0.7328232341664278
17,17,TEI,1,10,1.857192229856539,1.0633315892358333,5.797857343782422,4.109670217306533
17,17,TEI,1,11,1.8552825112629776,1.0624138945315647,14.528210644405071,3.958173761157207
17,17,TEI,1,12,1.8951015458014622,1.1041574740966298,0.725415184142163,3.406675449276357
17,17,TEI,2,13,1.969416454942556,0.9448222996740623,9.577811869418417,3.820520208533029
17,17,TEI,2,14,1.951844757930457,0.8864132525267423,3.3740906691222508,3.936929466268536
17,17,TEI,2,15,2.597067437561307,0.4309928932965621,14.994737434997223,1.8437342167120927
17,17,TEI,3,16,1.3814271916218779,1.0617713942314815,6.952657571101635,4.086249776210518
17,17,TEI,3,17,1.681061728889654,1.1832950930773545,14.923473636458755,4.102319771726412
17,17,TEI,3,18,2.6072481723080196,0.8823261523537758,1.8420430684198144,2.6116153624313583
17,17,TEI,4,19,1.6247922605362053,1.0360451287418266,6.527683651661527,4.132632226853189
17,17,TEI,4,20,1.7134530687197485,1.370719797357233,13.84878505575515,4.141156137095139
17,17,TEI,4,21,1.597429496606829,0.4630867189283403,0.4704148951936637,2.274634694966549
17,17,TEI,5,22,1.2902998453665528,1.0227478661518714,3.9229924249189136,4.095722421198602
17,17,TEI,5,23,2.019591864126932,1.3596807982061967,14.320753702963154,3.9470157877992325
17,17,TEI,5,24,2.601181917864795,1.6745346363036027,7.705466024171302,2.5318942567078517
17,17,TEI,6,25,1.6412028102661158,1.176468316942084,4.279544116381906,4.3085676030936195
17,17,TEI,6,26,1.59571687357899,1.2779003009540775,13.72751159935207,4.1524283811757945
17,17,TEI,6,27,0.6652105202348602,1.9197914569067676,0.15404140753099638,1.1550293352108283
17,17,TEI,7,28,1.3919484177933268,1.3492256628244688,6.4479207381159105,4.227845664285859
17,17,TEI,7,29,1.559861989945773,1.3724868840088407,13.783192075510268,4.148214098492198
17,17,TEI,7,30,1.0404939637353454,0.8160629787023215,0.0282323243638436,2.244485711784497
17,17,TEI,8,31,1.6039803051411017,1.2861190280120973,4.523748091894333,4.34001712162763
17,17,TEI,8,32,1.5691482556089604,1.2970503142861394,13.747031386246228,4.153080466918478
17,17,TEI,8,33,0.556074488653431,1.918982181188496,8.812232394894098,2.3035174962210774
17,17,TEI,9,34,1.5941203143901541,1.27368719831043,4.401581543961973,4.341576351893617
17,17,TEI,9,35,1.6284941069442547,1.272878621506241,13.78543017607621,4.151249942827127
17,17,TEI,9,36,2.220731423272887,0.4604403825032326,9.15066043718492,2.8648459784607496
17,17,TEI,10,37,1.6231866912858268,1.2986255426258273,4.748075837773411,4.334125504939517
17,17,TEI,10,38,1.6307838325518018,1.2489742662861913,13.483056585697284,4.148249053797079
17,17,TEI,10,39,1.7745724571957417,0.3541605442227347,8.853393213849905,3.178608961911747
17,17,TEI,11,40,1.6532883495845239,1.2746583926128467,4.365610821165704,4.342259757087436
17,17,TEI,11,41,1.5988206047225457,1.3000426985389884,13.626963671424162,4.1568832272248795
17,17,TEI,11,42,1.6706707456356553,0.4058054356278835,8.929261435505424,3.2711063168654064
17,17,TEI,12,43,1.638345599514008,1.2627791841446139,4.32425923930402,4.341950000110207
17,17,TEI,12,44,1.6040139472168664,1.2781422765403359,13.839685178707558,4.151649272184892
17,17,TEI,12,45,1.55617770596207,0.43962808696550937,9.021758734307038,3.31386342358715
17,17,TEI,13,46,1.6251498235059127,1.2983582216448655,4.77598254503735,4.333111771069412
17,17,TEI,13,47,1.57644147830485,1.3271756958016225,13.768098993094428,4.155176360317347
17,17,TEI,13,48,1.5850007283841019,0.48149259184858684,9.40487912791759,3.366889672660489
17,17,TEI,14,49,1.6432512455490582,1.2670958369889331,4.610479682781876,4.332784060828958
17,17,TEI,14,50,1.5933908982647207,1.288880455996769,14.080514292441922,4.15056676458906
17,17,TEI,14,51,1.5693626285551936,0.4944025574239248,9.435000508118527,3.382661528102755
17,17,TEI,15,52,1.6187589698402882,1.2554834807961335,4.695376963132869,4.327608913378997
17,17,TEI,15,53,1.632585217290944,1.3156516146977686,14.168319808712473,4.152631874795504
17,17,TEI,15,54,1.3498578582087135,0.5609125908087718,9.63066646569618,3.399665250822573
17,17,TEI,16,55,1.6624943281711895,1.2537794482082196,4.615091911109453,4.327666789584448
17,17,TEI,16,56,1.6037239368528082,1.3056176556743448,14.158251811434576,4.152147127556473
17,17,TEI,16,57,1.3527472459971719,0.572830328158664,9.529371686531327,3.4194455669704165
17,17,TEI,17,58,1.6562446954211674,1.25020304573935,4.730542674570953,4.323235848508277
17,17,TEI,17,59,1.5661009213844972,1.311307394594703,13.994948962828614,4.151430258030565
17,17,TEI,17,60,1.6217707063434497,0.516723963141136,9.456396116224038,3.4155976609744685
17,17,TEI,18,61,1.6490062478113234,1.2670821043433889,4.5151885552558495,4.3357208705925006
17,17,TEI,18,62,1.5710448044595742,1.2904685214210039,13.734157515751994,4.152569094622916
17,17,TEI,18,63,1.5260035329960808,0.5403298334036903,9.098096943395412,3.4454973673355145
17,17,TEI,19,64,1.7024697328393907,1.2597173239911674,4.405758339314785,4.330622729930989
17,17,TEI,19,65,1.5888622042064307,1.3260764265570568,14.193768876302432,4.151844785713912
17,17,TEI,19,66,1.681615922425411,0.604975028732119,9.707934975386513,3.5287191875425226
17,17,TEI,20,67,1.6363336639873851,1.2919954014194657,4.43691558364848,4.343745483415189
17,17,TEI,20,68,1.5673245930477178,1.2998334244724834,14.079859808388129,4.14979372663514
17,17,TEI,20,69,1.510497339149281,0.6261567622140403,9.293304574526642,3.5573753316067025
17,17,TEI,21,70,1.6045914937174377,1.283968753658895,4.526380103835367,4.339593848801938
17,17,TEI,21,71,1.5987722821747825,1.309555495111184,13.831217056378552,4.155550070489849
17,17,TEI,21,72,1.3766931511621916,0.6049396608176574,8.98726208930708,3.4857876560302197
17,17,TEI,22,73,1.6591955623139278,1.2623423498064668,4.383817880426128,4.338312457260479
17,17,TEI,22,74,1.6289665233641082,1.3300373124777911,14.032617109286434,4.154204870979021
17,17,TEI,22,75,1.4998622577643723,0.6542399166322674,9.498150570553856,3.5898638482182816
17,17,TEI,23,76,1.6324536114183346,1.2749678822008086,4.607033087269498,4.335099464233634
17,17,TEI,23,77,1.5557456975738844,1.2723800907461644,13.940563684822544,4.145420171466162
17,17,TEI,23,78,1.663371111100691,0.5917662612846004,9.187517926505302,3.5219285547317236
17,17,TEI,24,79,1.6064898544520392,1.313159635470393,4.674711203667632,4.337678034691203
17,17,TEI,24,80,1.6021289090863964,1.3094468067295755,14.094759869077485,4.153002214932414
17,17,TEI,24,81,1.4625581555884346,0.6659222926124877,9.191469888201468,3.6006958259685096
17,17,TEI,25,82,1.6357952342287212,1.2754568825215151,4.576581320600893,4.336132180090117
17,17,TEI,25,83,1.5894845657061136,1.3118774029640021,14.005704566461818,4.153418355910121
17,17,TEI,25,84,1.6609110008395227,0.6627390339253996,9.388793975776867,3.6164507869241698
18,18,TEI,0,0,0.39220565956606945,1.0109513775087562,4.213069097212015,3.116703714237297
18,18,TEI,0,1,-0.7908569814410393,1.8941996175250093,8.459337253773914,1.4436570631010381
18,18,TEI,0,2,1.3078274355592079,0.5190501222591317,7.130939184979311,3.370167964312029
18,18,TEI,0,3,-0.6425837639385585,-0.4024135757187366,11.043392531692195,0.5672695443017026
18,18,TEI,0,4,2.2909128165016153,1.610106808117357,14.224864907167259,3.3386044772508843
18,18,TEI,0,5,-1.0050655458341675,1.0831350481969237,10.089328548450752,2.4215439136389563
18,18,TEI,0,6,1.2363262125074743,0.7316846576957299,1.894937102086478,3.699557492002483
18,18,TEI,0,7,1.239982756868447,1.2548213374013382,0.1120081888290711,2.795533331423009
18,18,TEI,0,8,2.3419407823001186,-1.0427908790542846,5.636215384770097,1.3670536179385886
18,18,TEI,0,9,0.9579604697088961,0.6288940533763743,8.241879704037993,3.2029537233856082
18,18,TEI,1,10,2.631577100706929,0.46343304981094,0.10347797600383293,0.5787318490119253
18,18,TEI,1,11,2.6141437179507747,0.840614246612557,6.325378842366125,2.4839026586964175
18,18,TEI,1,12,0.8236270702508803,0.5389668187437855,0.023442125642318103,1.639682883913994
18,18,TEI,2,13,1.2362240245370302,0.8795277710078522,3.8989728371301626,3.9049447941191833
18,18,TEI,2,14,1.2359226845445277,-0.40263754473866986,3.947820134440465,2.4582220544588456
18,18,TEI,2,15,1.1612996865560796,1.9969873146535218,5.939533918788928,2.678378892908208
18,18,TEI,3,16,1.235836632648911,1.6424281204158424,11.85128728537265,3.774292483004588
18,18,TEI,3,17,1.2360831676818833,1.4369583418214829,3.430509589155954,4.206357843683836
18,18,TEI,3,18,1.2353308638330178,0.4720924005361882,14.452902684426492,3.144050813079695
18,18,TEI,4,19,1.2367789354538088,1.4362830695734696,1.4673064985938529,4.07346364968882
18,18,TEI,4,20,1.2362322902302716,1.1118904017231577,8.090503536190447,4.013406128087726
18,18,TEI,4,21,1.2355673653684787,0.6877331106724793,14.597519940631436,3.440022028663253
18,18,TEI,5,22,1.2337894128455371,1.3473450295729883,0.5528512746783047,3.1423358330293887
18,18,TEI,5,23,1.235875429963678,1.310987855296315,8.422104298911927,4.090101904609116
18,18,TEI,5,24,1.3067069375701377,0.585019919605978,14.02509671470237,3.350771369285337
18,18,TEI,6,25,1.2360649830427275,1.1352571784714787,1.245372786380631,3.9275645989839774
18,18,TEI,6,26,1.2356305340763574,1.2480979415574982,13.586169478924026,4.002218359679736
18,18,TEI,6,27,1.2366171413978075,1.96554527334087,7.611089593521711,2.8423021330239604
18,18,TEI,7,28,1.2363188412529187,1.4788978990785604,2.193011463689816,4.177817625957514
18,18,TEI,7,29,1.2361462367541773,1.2842224640127031,11.253652771848323,4.039378663956674
18,18,TEI,7,30,2.2919182147687414,1.5644430486558973,7.254697080180865,3.5100431997016583
18,18,TEI,8,31,1.2356718174902293,1.4399308096498085,6.530385719365306,4.104970652884193
18,18,TEI,8,32,1.2374846637403225,0.788535635343317,14.073682358297036,3.580962833381351
18,18,TEI,8,33,2.293664875186387,1.5733608140209459,11.590197890856611,3.4163857557105413
18,18,TEI,9,34,1.2358559949300862,1.4884053883141113,10.557326141885671,3.989592220343231
18,18,TEI,9,35,1.2360204340701801,1.0860619738132167,3.7747809149771125,4.120221072880165
18,18,TEI,9,36,1.3079308125838924,0.5040517542717935,14.689471694886644,3.2331313658150815
18,18,TEI,10,37,1.2355574942327947,1.2596337096334227,2.9897638302775453,4.236118961902041
18,18,TEI,10,38,1.236843067146887,1.2031040908087114,14.04613183676217,3.981060347730728
18,18,TEI,10,39,2.292305265511998,1.5537578840367186,7.8289782450735474,3.508961800097726
18,18,TEI,11,40,1.235017880343245,1.348358945677702,6.522265189180763,4.133894459173911
18,18,TEI,11,41,1.2365928022074635,1.0974516224110507,14.091854441040196,3.914382759140212
18,18,TEI,11,42,2.2917101449666366,1.8267080280885626,6.012684969992706,2.96481383220308
18,18,TEI,12,43,1.2360460221442922,1.5072415954428777,2.2344997999052745,4.156428345189734
18,18,TEI,12,44,2.291265687191664,0.8576522913861355,7.483918431888112,3.3053307970693013
18,18,TEI,12,45,1.235910722883978,1.3144538419380813,11.485976467746605,4.0392132159197836
18,18,TEI,13,46,1.235998020920405,1.2508596862298726,3.0316812284530674,4.233316048104527
18,18,TEI,13,47,1.2362583475441644,1.276560434940004,14.133076284468519,4.004187395935742
18,18,TEI,13,48,2.293697950633049,1.3453198901400816,7.068584932258501,3.6518743920332684
18,18,TEI,14,49,1.2357630651189258,1.1109834897409714,4.335933638279685,4.1201211082280205
18,18,TEI,14,50,1.2350095011620068,1.4726589777633308,12.123104381169622,3.979440247544246
18,18,TEI,14,51,2.292841334999567,1.2118848088942267,7.8986829956557125,3.609532806571435
18,18,TEI,15,52,1.2359993544831154,1.4559048663471752,2.620059232174856,4.207231628683983
18,18,TEI,15,53,1.2354990250541542,1.1928245091759537,10.649258906238506,4.016940596694646
18,18,TEI,15,54,2.2923865788498237,1.2619933110820796,6.252982058692055,3.669214622521233
18,18,TEI,16,55,1.2362892107932901,1.28554460945506,3.955418169571409,4.2154381742608
18,18,TEI,16,56,1.2367173302763756,1.251492902333935,13.137084344758742,4.008862228767821
18,18,TEI,16,57,2.2961690651222106,1.2586650245287476,6.205062999018598,3.6622789392654456
18,18,TEI,17,58,1.2365559299882007,1.3217345777539595,2.8760809542921577,4.246922847666731
18,18,TEI,17,59,1.2362524959739516,1.2364508248669637,12.464842137571923,4.011497091853853
18,18,TEI,17,60,2.292772965956562,1.24416921605724,5.298631782461902,3.6925665650102024
18,18,TEI,18,61,1.2355513718138558,1.4208316724232004,3.3855477276335613,4.215115322531728
18,18,TEI,18,62,1.2358153344814635,1.1907977838660697,12.409015990467475,3.992435890544873
18,18,TEI,18,63,2.293573608018621,1.181727191169644,4.353818646238339,3.696443313333334
18,18,TEI,19,64,1.2351076439118023,1.4028275176973528,5.571751899508094,4.1495066144195745
18,18,TEI,19,65,1.2354497089801724,1.1871874084134357,12.65301573403548,3.987436620349965
18,18,TEI,19,66,2.2949578842303677,1.1397510419106367,2.9050626216834794,3.7102628426317885
18,18,TEI,20,67,1.2349866523700967,1.2740396481956213,5.216248736097646,4.16920712383841
18,18,TEI,20,68,1.235570241967527,1.4967388379463187,11.903352885460553,3.9636393189396544
18,18,TEI,20,69,2.295258682037562,1.1398837507462702,2.0547926052430285,3.6859681318611566
18,18,TEI,21,70,1.2356485047719366,1.3531478426192822,3.166031669043321,4.239785967645939
18,18,TEI,21,71,1.2360185095337388,1.4207380554721034,12.787564844920759,4.002394202218096
18,18,TEI,21,72,2.296167996286366,1.1173912107579627,3.781723141981053,3.670415459629621
18,18,TEI,22,73,1.2366137602240883,1.1619452455747852,7.109350001181677,4.069876688533512
18,18,TEI,22,74,1.2372585983958602,1.4968876893174352,13.748149145614862,3.9434180054710604
18,18,TEI,22,75,2.2936479923573327,1.0458431662091487,2.314765623942492,3.6325904522096115
18,18,TEI,23,76,1.235443850744912,1.3649522400908523,4.915083241297018,4.1813594144345565
18,18,TEI,23,77,1.2376115154376204,1.1821023853134731,13.54039840331632,3.9764047137767577
18,18,TEI,23,78,2.2960045515759884,1.3196715083499528,4.325153890507193,3.732425334641953
18,18,TEI,24,79,1.2351548816565585,1.404681199971098,3.5755879076726633,4.215869037550418
18,18,TEI,24,80,1.2362364979233877,1.334404851056862,10.734589229811473,4.050115694374625
18,18,TEI,24,81,1.298320292500419,0.28671385971949537,11.050972881886244,2.980611955341862
18,18,TEI,25,82,1.2350356200651524,1.4561806204725953,4.264044707270667,4.167168888470565
18,18,TEI,25,83,1.2345019082967381,1.4581486706651163,12.559988184484233,3.9836478715730053
18,18,TEI,25,84,2.2967929227380535,1.2785746404444738,4.387508840757968,3.7243373741934933
19,19,TEI,0,0,0.4709555596402477,1.740542706858463,4.1087759484863335,2.9183501304897512
19,19,TEI,0,1,-0.8755983663941179,-0.4130978959041083,10.773060682823283,0.6433341030043127
19,19,TEI,0,2,1.8184683790677,0.38544942627857526,4.675669601939484,3.3124351758533965
19,19,TEI,0,3,2.324398938727252,1.7482642903188008,6.548378114616708,3.1131334899239222
19,19,TEI,0,4,0.43102125522660506,0.6463582903976759,10.70448236804343,2.5567351984568867
19,19,TEI,0,5,1.2173803926185838,0.015367244006476932,6.629029413590811,2.7026816076983304
19,19,TEI,0,6,1.314083738928573,1.7125232610356371,0.720304373641153,3.083900351733059
19,19,TEI,0,7,-0.7650015731908965,1.1654008789700456,6.896000604545869,2.3833184033353136
19,19,TEI,0,8,1.8042216507412285,0.38787561311675467,6.928468359018892,3.253862744946325
19,19,TEI,0,9,2.4657511200247955,-0.21067853588243723,9.70557126016936,1.5833925335732877
19,19,TEI,1,10,2.496631051465663,0.28480436121066854,0.10810170973950947,0.7496248617502371
19,19,TEI,1,11,2.4542445902568146,0.27688249916951957,4.743293483727261,2.240545581485054
19,19,TEI,1,12,0.735786632987703,0.28114779491371844,0.2892532389218203,1.2065308864419695
19,19,TEI,2,13,2.0729569855653263,0.3851215001556021,4.530981563644429,3.1018447686438124
19,19,TEI,2,14,-0.21746586816807434,0.3848575121275446,4.290005070308631,1.667228589132255
19,19,TEI,2,15,0.9449756254053829,0.3841873787253516,9.46762655436125,2.8307084098357347
19,19,TEI,3,16,1.5844188056062158,0.386337435114132,7.995746920215754,3.2661065981477986
19,19,TEI,3,17,1.4942206267523415,0.384614836629644,13.4501687032525,3.164793418386191
19,19,TEI,3,18,1.859436831495345,0.384780855838053,0.20273220126837133,1.8988954298866723
19,19,TEI,4,19,1.8136188059814256,-1.4827614414729695,4.0956582757852384,1.2887852532242172
19,19,TEI,4,20,1.8135761209965073,0.09302347794770816,14.41062156057168,2.7705029982927085
19,19,TEI,4,21,1.813677888118626,1.202245904104121,8.407737941547323,4.160578214231427
19,19,TEI,5,22,1.8142550935831219,1.2269004629458289,14.702044858999797,4.083146162330076
19,19,TEI,5,23,1.8133801038337625,1.1954416784339514,3.400074770998302,4.3025259867607755
19,19,TEI,5,24,1.8197301096751266,1.872310207430485,9.236084927725923,3.291819054990137
19,19,TEI,6,25,1.7007432680627725,1.1243139403797802,5.046169617590958,4.242250853731319
19,19,TEI,6,26,1.5215908086167458,1.2750414300744524,14.773377351177087,4.132029797927394
19,19,TEI,6,27,0.7576330456893328,1.6025052068503558,9.23550641900687,3.4096545991032032
19,19,TEI,7,28,1.8062274820496267,1.1318440327693433,1.1325680755496137,3.9514878664569038
19,19,TEI,7,29,1.703287825701377,1.12057829417851,8.291939353506487,4.151521136089461
19,19,TEI,7,30,1.5237535911124023,1.1640326732528519,14.975324708931382,4.085985800708477
19,19,TEI,8,31,1.8951231232835206,1.0704383197984937,4.248066737015879,4.142866451911177
19,19,TEI,8,32,1.667984645480074,1.2741334888647913,12.292378012862402,4.165600045007611
19,19,TEI,8,33,0.5172770784142979,1.6594852393446038,14.826829864829895,2.944828338677281
19,19,TEI,9,34,1.6678406285237752,1.1697488722478577,4.369006308367627,4.299487306212464
19,19,TEI,9,35,1.6475787162834097,1.2787717327245343,12.30932921493666,4.1681514939010835
19,19,TEI,9,36,2.5712339910993296,1.6197031217004545,0.03153027882581583,1.4213193634702024
19,19,TEI,10,37,1.5886530650111177,1.1780998547069341,3.152228143497837,4.343944298701748
19,19,TEI,10,38,1.611266511922385,1.2073749398930467,10.738640551069635,4.167361588106555
19,19,TEI,10,39,2.593114918580173,1.620098103210327,14.853228225804138,2.5523665818510533
19,19,TEI,11,40,1.5562872298905166,1.173760699555734,3.427847730300173,4.331392485483247
19,19,TEI,11,41,1.6751482562306168,1.2017307596076452,11.303661153837544,4.153027079575441
19,19,TEI,11,42,0.5715991740650019,1.390414239819349,7.7921570331772845,3.3968424572396927
19,19,TEI,12,43,1.5091361527622298,1.1059792677639289,3.6960997685301606,4.270041483886022
19,19,TEI,12,44,1.6290188215629278,1.2406592017481062,11.927236636313717,4.163861047643331
19,19,TEI,12,45,0.5839661294057734,1.4202672213239667,7.9541916950328035,3.397552779359557
19,19,TEI,13,46,1.6270077291386746,1.194302053922796,3.971548572431753,4.328978193206062
19,19,TEI,13,47,1.6134805083348556,1.2556157011729585,11.039478715691242,4.180521883111457
19,19,TEI,13,48,0.5585467503510886,1.3945375988551443,7.587916517686362,3.3839972222227845
19,19,TEI,14,49,1.5644122706125065,1.1893468040218096,4.173156997730016,4.316500368283909
19,19,TEI,14,50,1.6029207278712363,1.2704054329232486,11.936764029885,4.171832726448799
19,19,TEI,14,51,0.5993702766376503,1.3891850292137709,8.20616852875305,3.422655210320497
19,19,TEI,15,52,1.5713026853041732,1.170896700528452,3.9142580386120858,4.316231421062835
19,19,TEI,15,53,1.6195551507097825,1.2672022005920645,11.068826321409214,4.183069856361879
19,19,TEI,15,54,0.6109805813466118,1.43956495836657,7.672924606186237,3.4278602314489337
19,19,TEI,16,55,1.5858374344402386,1.1995634655020524,3.794346739418788,4.336396719919858
19,19,TEI,16,56,1.5997106637393106,1.2685231249728663,10.873837633127819,4.185814489653527
19,19,TEI,16,57,0.6425510713709042,1.4466839912343854,7.282287782799913,3.4720636535152805
19,19,TEI,17,58,1.5746919369654515,1.2097048447885603,3.9708625544114358,4.334185024283319
19,19,TEI,17,59,1.6674997498046435,1.2704979947504054,10.73617492450807,4.1858813998045425
19,19,TEI,17,60,0.7576998821453298,1.3446047544218769,14.718673393734598,3.5316132342093085
19,19,TEI,18,61,1.6195525974686307,1.2321088421900512,4.3250147388280045,4.33300057243839
19,19,TEI,18,62,1.5770000769593526,1.2843943926185721,11.39733639925313,4.180054534849173
19,19,TEI,18,63,0.6516517743449699,1.3267014299264703,0.9217773281189338,3.119412896551924
19,19,TEI,19,64,1.6179121197340662,1.2208925399091135,3.760665726550556,4.347980799545798
19,19,TEI,19,65,1.6049884898598479,1.263192141014513,11.23618163060066,4.179562611569189
19,19,TEI,19,66,0.6896216755882834,1.444450557836321,7.30505524631165,3.5303247299390117
19,19,TEI,20,67,1.6410448829662556,1.1873062187524264,3.702037990163417,4.333900706893973
19,19,TEI,20,68,1.652705635322417,1.2844171961413187,10.595498763261649,4.192092549408579
19,19,TEI,20,69,0.8327035674959378,1.1465223512514888,14.972803462166487,3.5568373303041336
19,19,TEI,21,70,1.6114453593729916,1.214072131453734,3.8919696077574684,4.340764157233921
19,19,TEI,21,71,1.5746176648380072,1.2839232327594243,10.586923871061343,4.191417960425694
19,19,TEI,21,72,2.184056266776901,0.8176292870848054,14.859779658612585,3.335687053215385
19,19,TEI,22,73,1.5754596808083758,1.2321095706509229,4.397252079440147,4.328486022134231
19,19,TEI,22,74,1.5707672578779572,1.3091666654472287,11.14100892894973,4.185880386790066
19,19,TEI,22,75,-1.0389332740063988,-1.484857555454652,0.4392114976399469,-1.56956838475193
19,19,TEI,23,76,1.5839578976341846,1.21615282831136,4.294293372827504,4.326569958785713
19,19,TEI,23,77,1.5364958099710244,1.2811799000093451,11.126561398624508,4.1778717703400945
19,19,TEI,23,78,1.3455817056222776,-1.4944774677648776,14.878944902473846,1.0129103224561942
19,19,TEI,24,79,1.5917901363801001,1.1769242887382112,3.968638714368035,4.319385537034183
19,19,TEI,24,80,1.580311794488737,1.324795665408057,10.758980818208668,4.19280545519106
19,19,TEI,24,81,0.6389184754825095,1.4973952587885542,7.172798878279992,3.4338450441875423
19,19,TEI,25,82,1.616492313906578,1.2103871540079858,4.157214557811612,4.330150907131644
19,19,TEI,25,83,1.5756439076808064,1.2962961742425465,10.96721314956719,4.187657617648856
19,19,TEI,25,84,0.6307484828075391,1.2577313260810143,7.230009815530623,3.4838155411221496
20,20,TEI,0,0,-0.053356127651094765,0.11401348431029756,1.8266736689540517,1.4593241122245413
20,20,TEI,0,1,0.8529874103736508,-0.06791056929028283,1.075521568522769,2.014334072408719
20,20,TEI,0,2,-0.7301615324661468,1.9520092738836143,10.411324167481443,1.1460354407984763
20,20,TEI,0,3,0.5767487760032746,0.7406188300641672,4.058062357961005,3.0310025347639242
20,20,TEI,0,4,0.028103014611592814,-1.2433027635692682,0.7897309812662753,-0.2976651595251619
20,20,TEI,0,5,1.9175345546606501,1.3465686752638901,0.0755692152788092,2.837010815270677
20,20,TEI,0,6,0.13341682089234808,-1.1881960018616313,7.019735669933866,0.48089935426228547
20,20,TEI,0,7,1.2083055115717456,0.42866822033464436,2.011794025301106,3.2778425131229856
20,20,TEI,0,8,1.525028880318502,0.6453929209448686,7.011912939326778,3.636075606287758
20,20,TEI,0,9,0.010364123465252506,1.7143785940613525,1.2525120304366892,2.231704383695839
20,20,TEI,1,10,1.8004661968249862,0.5617616948795856,7.009143601234388,3.4906836366255107
20,20,TEI,1,11,1.7661125928943346,0.655481955348594,1.8742177661908832,3.7117749979167165
20,20,TEI,1,12,1.922755669575991,0.47647629208135234,12.110213204299102,3.207573540432499
20,20,TEI,2,13,1.5786675272663735,0.778788756987181,0.6233233632660783,2.9718408529209057
20,20,TEI,2,14,1.4729763657582882,0.8265448905301067,6.644667628497496,3.8737499123617027
20,20,TEI,2,15,1.3442698698027007,0.8267638431403306,12.585307964875522,3.7127062730802995
20,20,TEI,3,16,-0.9227815867782925,0.8739532127614593,0.014421174409622994,0.8749103887172267
20,20,TEI,3,17,1.0174757721711778,0.8691484185325962,0.10974442189865936,2.288181409179109
20,20,TEI,3,18,2.5854981232131875,0.8762284971807679,0.3770448622493517,1.3547154054547572
20,20,TEI,4,19,1.7120065496554013,1.92585928180343,3.996715511977861,3.260482672062828
20,20,TEI,4,20,1.6034740477615044,0.7149992325369503,4.012103447353542,3.833866052861417
20,20,TEI,4,21,1.3860714224414905,1.4397789657705,13.947842387648016,4.068967528819535
20,20,TEI,5,22,1.0494474341440059,1.5854311585896474,7.863385163506611,3.777401090584121
20,20,TEI,5,23,1.344631633934711,1.7853460242666221,14.478788465582152,3.480097959363654
20,20,TEI,5,24,1.9001595250476906,0.02382540597683258,2.9350516953263535,2.885844609155999
20,20,TEI,6,25,1.679007501892765,1.1235759360961834,13.894645631783092,4.075667549905793
20,20,TEI,6,26,1.64373110722733,1.1340759678908334,2.8116410594319485,4.322264613187582
20,20,TEI,6,27,2.0502608253721215,1.8438027935257755,8.378915919448596,3.2222964247020207
20,20,TEI,7,28,1.5280370532569205,1.1510457689183116,8.452621685578073,4.16813895546578
20,20,TEI,7,29,1.5778184837316118,1.1476718026904438,0.12501157945122757,2.8857675642428213
20,20,TEI,7,30,2.189271711942415,1.1669864742562104,14.843509373816493,3.671611602836953
20,20,TEI,8,31,1.5854857167459193,1.237094107193804,2.6681065014225127,4.375192437049812
20,20,TEI,8,32,1.4618578964666513,1.262846031418456,13.297867420809967,4.1282435623877145
20,20,TEI,8,33,2.352054539160751,0.8262473411448146,8.47734372336722,3.1186594414465114
20,20,TEI,9,34,1.5520720154916487,1.2782098620563245,2.5814346166820683,4.381971339270267
20,20,TEI,9,35,1.3839070016098418,1.168986748285565,13.782822457167944,4.053082270673496
20,20,TEI,9,36,0.10213209886219876,0.977199106021347,14.776642876446482,2.5335979882741277
20,20,TEI,10,37,1.5783015553168664,1.3105011405987241,2.5596978790497813,4.388783608840676
20,20,TEI,10,38,1.6023866255782186,1.3682731759011384,13.05081483512922,4.160400780035434
20,20,TEI,10,39,0.7560873458777582,0.8899373818988154,7.876747407662138,3.3265253071196774
20,20,TEI,11,40,1.501025735949312,1.2845992286534922,2.448459446573814,4.370722688917004
20,20,TEI,11,41,1.5375050729596995,1.3402040386004317,12.794670956848389,4.1601511661445
20,20,TEI,11,42,1.8088065270648968,0.5422650036100727,7.802366844518052,3.4409258917495493
20,20,TEI,12,43,1.4912576561076811,1.3367246991312411,2.5260549279778304,4.372853834755075
20,20,TEI,12,44,1.5636100307683725,1.357111498209088,13.014904235767668,4.159691598663527
20,20,TEI,12,45,1.8209989323814746,0.5924085272510662,7.699414934757659,3.506841810190628
20,20,TEI,13,46,1.5769726357522438,1.3580958587359864,2.287702148626245,4.378821223061328
20,20,TEI,13,47,1.5493083764495932,1.3936724948702217,12.862067574494315,4.151217360524764
20,20,TEI,13,48,1.7215307562569722,0.6128734154243816,7.751273628666666,3.5704754864389945
20,20,TEI,14,49,1.531877279988724,1.4147479284170217,2.3832331174395947,4.360588581541194
20,20,TEI,14,50,1.5500841207735205,1.3257127125495667,12.886926023889986,4.161624273415153
20,20,TEI,14,51,1.6511724324199957,0.6281053862827806,7.384761982679339,3.6111874936747457
20,20,TEI,15,52,1.6038184072623518,1.3590708518131884,2.513477805167272,4.387441433848105
20,20,TEI,15,53,1.537815312221527,1.3362563235627833,12.961580438623841,4.15852612583492
20,20,TEI,15,54,1.5454050660751957,0.6198247380269271,7.596255786164666,3.5902222230445444
20,20,TEI,16,55,1.5673060857407726,1.312143329309106,2.4184017383427534,4.384864602700391
20,20,TEI,16,56,1.5547965201809508,1.3239222667677613,12.875223747148109,4.1624297346763495
20,20,TEI,16,57,2.5048221365976375,-1.4822318500416736,14.72512477057908,0.013313516722754937
20,20,TEI,17,58,1.615810872102036,1.359879220482243,2.4236978480100757,4.3854837359056535
20,20,TEI,17,59,1.5380132931774098,1.3155298618624975,12.862645252924885,4.159794500045386
20,20,TEI,17,60,0.7659565340593963,1.3263184918072413,7.329668026162664,3.6540363288121505
20,20,TEI,18,61,1.580322919569611,1.3486707769811428,2.3510445254332955,4.382983310868873
20,20,TEI,18,62,1.608564193653499,1.278483924731873,12.90963332459408,4.161896636130125
20,20,TEI,18,63,0.8046112628655895,1.3705613760085948,7.811485165874804,3.6833461409832275
20,20,TEI,19,64,1.5884701114312452,1.374974386727911,2.2280561729280195,4.373467376399606
20,20,TEI,19,65,1.57295300857718,1.314258304640615,13.00751640440137,4.162842097651918
20,20,TEI,19,66,0.8310105915516282,1.1861676902839902,7.6371666603081945,3.684762124470702
20,20,TEI,20,67,1.5904712474228493,1.3685947718803644,2.6109627315214063,4.386450912702228
20,20,TEI,20,68,1.6007934358728018,1.3253960166641074,12.891354433525109,4.166301792994326
20,20,TEI,20,69,0.8249615865695317,1.2636387941051472,7.795428145646921,3.7040821277982854
20,20,TEI,21,70,1.5503273152411587,1.357345744731047,2.3790591204683444,4.379462459937187
20,20,TEI,21,71,1.6102735689269334,1.3440984829013973,12.773239809501987,4.16711378055957
20,20,TEI,21,72,0.8893945244706771,1.0524530267659244,7.72027181821241,3.6530405022961396
20,20,TEI,22,73,1.6000779648532513,1.356575041326599,2.559202654665317,4.3883826509485555
20,20,TEI,22,74,1.5641146926657155,1.313942474519918,12.990184379204761,4.162066904271394
20,20,TEI,22,75,0.8770292370895663,1.0868089035548323,7.64645971234208,3.67014319398354
20,20,TEI,23,76,1.5617186880964073,1.3387440692439818,2.447035996272471,4.38489745271264
20,20,TEI,23,77,1.592331441681282,1.3081132336385157,12.54819999632266,4.169316330489933
20,20,TEI,23,78,0.8256799043695073,1.3057895889508169,7.486168975333886,3.718950290261736
20,20,TEI,24,79,1.6164462917051425,1.3224547526846977,2.5985994773617187,4.391385242011193
20,20,TEI,24,80,1.628968102353939,1.3139764871251507,12.70799750256135,4.168371224755502
20,20,TEI,24,81,0.8895048592676722,1.3220276048945,7.701967655672822,3.7862669782928045
20,20,TEI,25,82,1.5798112830883246,1.3598038607400773,2.3345422613520865,4.380856918626475
20,20,TEI,25,83,1.5753382813152301,1.3216093315763802,12.64734522675638,4.167426990608667
20,20,TEI,25,84,0.9049951522120896,1.1411475213097022,7.397123087126429,3.7463979395213243
21,21,TEI,0,0,1.8190364294108887,0.6204646034983883,10.64730805493597,3.4918112135270585
21,21,TEI,0,1,-0.7670412488897053,0.707500455558665,14.712179722664567,1.7732209172743365
21,21,TEI,0,2,0.48226512910840835,-1.106589208284302,14.37403841404227,0.8957126457382201
21,21,TEI,0,3,1.4261454250524181,-0.8098254241926905,10.081216788645278,2.144376169462815
21,21,TEI,0,4,2.609875462851648,-0.7668008409772669,12.808043117889488,0.7509847376840884
21,21,TEI,0,5,1.5118296043946073,-0.724137403481252,2.772391212096663,2.4166906926035203
21,21,TEI,0,6,2.4656848292585782,-0.30846865338598195,6.621476090792783,1.5759404259358352
21,21,TEI,0,7,1.3517984334688369,0.041056662955405,0.004967295202797416,1.483969699895683
21,21,TEI,0,8,-0.12742381239624112,0.15282423149320268,11.41926539222722,1.283459334888959
21,21,TEI,0,9,1.1660657550654583,0.005682602461915431,2.8662359230463337,2.767063141356775
21,21,TEI,1,10,1.8687413389158052,0.5246377619300602,10.645369670653691,3.3316115077674002
21,21,TEI,1,11,1.8749810575943022,1.7781749291560178,10.643240674907723,3.5440952227823246
21,21,TEI,1,12,1.8146538283102225,-0.7728989776714478,10.669914702326423,2.154266058004434
21,21,TEI,2,13,1.6406096729102733,1.254393577131398,10.759439258647738,4.183707248119097
21,21,TEI,2,14,1.6331734077700548,0.02631920999712878,10.335637504690304,2.794980944016216
21,21,TEI,2,15,1.0268411055586744,0.16268885611599204,3.6928690190990605,2.793307468878166
21,21,TEI,3,16,1.4106176208127659,1.362532309651641,11.083938954263868,4.141415668988552
21,21,TEI,3,17,1.590824488660517,0.1636476743744153,10.729510561253617,2.938595873225923
21,21,TEI,3,18,0.29201679765686417,1.958451495098779,9.376965886133414,1.7943380845735735
21,21,TEI,4,19,1.5050526079795223,1.341853728933145,10.672288888149856,4.181247144068609
21,21,TEI,4,20,1.504783646875984,0.7854806684000382,5.012256558916591,3.879295220917526
21,21,TEI,4,21,0.5458033660983355,-1.3536172707845728,2.871666075891735,0.8076619361611209
21,21,TEI,5,22,1.540610809302835,1.3418465145092204,11.008018393926031,4.183566837934104
21,21,TEI,5,23,1.5903653840416938,0.7433734345436829,5.331746200021681,3.8262761904261233
21,21,TEI,5,24,1.3021824382100298,1.9990639035591036,2.732325751477793,2.863330633075706
21,21,TEI,6,25,1.5229203258080477,1.3275986608717796,10.587213146310653,4.187107817682512
21,21,TEI,6,26,1.4035166171377056,0.6900341863846533,4.892169750320152,3.7216729102403585
21,21,TEI,6,27,-1.0969896048889067,1.8861048607278104,0.17852633672494703,0.4458438602336897
21,21,TEI,7,28,1.546084041736937,1.2977093224004714,10.353964880345343,4.193350751294673
21,21,TEI,7,29,1.4768680616178016,0.5984292019626176,4.608408874943115,3.6322271000140547
21,21,TEI,7,30,1.9731935673690812,1.979447262278958,4.927672653765727,2.841696664588155
21,21,TEI,8,31,1.5363959659405504,1.26403155352518,8.906955705557506,4.210741222684139
21,21,TEI,8,32,1.2179538006017538,1.554453400236092,14.985213520137018,3.8583709498103484
21,21,TEI,8,33,1.506045640905409,0.08103315908250042,4.972332527668667,2.96644182140765
21,21,TEI,9,34,1.5436558807295495,1.2695608193468892,8.145615443843774,4.228660339913521
21,21,TEI,9,35,1.389884036349533,1.5537409143634715,14.420539469921003,3.967893786638496
21,21,TEI,9,36,1.1787456001181948,0.6210856290452424,2.745283872314782,3.548934753058347
21,21,TEI,10,37,1.56968026644723,1.306769716593045,8.538267203074833,4.229559401107752
21,21,TEI,10,38,1.3495648251421604,1.3961858521971697,14.899128605186272,4.060553988802564
21,21,TEI,10,39,1.0764476607281486,1.205218668991288,2.687225942289621,4.0886936164322805
21,21,TEI,11,40,1.5620560852506609,1.260548296673635,5.829774632440365,4.288521758006679
21,21,TEI,11,41,1.4993421764343973,1.237092827601244,13.094525074110543,4.133650784053617
21,21,TEI,11,42,0.8418199514238425,1.1869393731038094,0.7990493753458432,3.1476679703959256
21,21,TEI,12,43,1.3906059035296412,1.2608610988777809,4.5732161805642475,4.279359257292267
21,21,TEI,12,44,1.4887318131131773,1.2303037264007353,11.420492862950764,4.149094679770528
21,21,TEI,12,45,2.3605162214392297,1.4349049977379806,7.493508181170813,3.4751555567552748
21,21,TEI,13,46,1.4478247494745515,1.2784745262948665,5.233395154366,4.284082103541516
21,21,TEI,13,47,1.5139497184142043,1.2603204094525795,11.868851731269393,4.158808808408125
21,21,TEI,13,48,2.3999543590726455,1.117440970861316,8.181097149339234,3.3170209630638734
21,21,TEI,14,49,1.3780924079777286,1.2627605678425091,4.695953047841713,4.269740077749171
21,21,TEI,14,50,1.560593717980403,1.2689655114400766,11.199190886820713,4.178009366296184
21,21,TEI,14,51,2.400820113800311,1.2897691753845963,6.961524031618953,3.421225803718278
21,21,TEI,15,52,1.4803148886238793,1.2605980414987332,4.915235007873233,4.301121925816738
21,21,TEI,15,53,1.5961158908637212,1.221907867116585,11.359718681889332,4.164149695684077
21,21,TEI,15,54,0.4886083323843351,1.3986122341209644,2.792364689372261,3.433646094438881
21,21,TEI,16,55,1.4434074115045403,1.253897482462428,4.677205956010519,4.295474027788554
21,21,TEI,16,56,1.5835565648522452,1.2887820906815417,10.99781924820038,4.186884848020062
21,21,TEI,16,57,0.7384987717296259,1.0850882408819738,14.84289581348257,3.403454008149317
21,21,TEI,17,58,1.4703447022443634,1.2784750986814704,4.915275011792108,4.302134075284444
21,21,TEI,17,59,1.5440186896852155,1.2791834373147846,11.351432661137329,4.175636989457479
21,21,TEI,17,60,0.4876133395419897,1.4563056459858053,2.9153864085736316,3.403518907112467
21,21,TEI,18,61,1.458442094428218,1.2932419641998392,4.698946507769681,4.308081241457009
21,21,TEI,18,62,1.523191585496448,1.232928856718451,11.158772028799838,4.16187240052768
21,21,TEI,18,63,2.347311651950857,1.305849567217388,14.95606648449107,3.4208868089851023
21,21,TEI,19,64,1.4863842902502094,1.280950090637571,4.426136565023513,4.324143009014438
21,21,TEI,19,65,1.5432834197253675,1.268584257496268,11.080484598377739,4.177116032355297
21,21,TEI,19,66,0.49755176883889685,1.3933693260321989,2.983262279021104,3.4445551568705186
21,21,TEI,20,67,1.4279012656920358,1.2592399766032307,4.066601497959125,4.3123161071280425
21,21,TEI,20,68,1.6024546782774847,1.26193665016363,10.430657970044416,4.191000283303974
21,21,TEI,20,69,0.8729060318780419,1.23770672521847,14.97656030571648,3.6472265819645027
21,21,TEI,21,70,1.498383879396394,1.2643452916632945,4.577349231031223,4.3185588510763395
21,21,TEI,21,71,1.5685607007387241,1.307675565782664,11.13915272088608,4.185571023729829
21,21,TEI,21,72,0.7623897174320147,1.3003053432350944,14.976185647466425,3.534381913516022
21,21,TEI,22,73,1.4280025553907376,1.259866198966089,4.528094324750658,4.296489261596614
21,21,TEI,22,74,1.579637163649863,1.2557687107489612,11.33689783591961,4.174785817108026
21,21,TEI,22,75,2.3384412958892726,1.4438051953301407,7.361749645701575,3.5213867466408493
21,21,TEI,23,76,1.469495126505358,1.2707723768004189,4.38543227257132,4.318577161981241
21,21,TEI,23,77,1.6523338412383586,1.31154343065662,10.900831255568548,4.190599425303665
21,21,TEI,23,78,0.8698367236856712,1.1652155641476822,14.897756037754233,3.6107852720578526
21,21,TEI,24,79,1.4721561845428903,1.2663894429566422,4.589788450584625,4.311294426721358
21,21,TEI,24,80,1.5247793497168658,1.2580242956563499,11.117143430299564,4.170641840297947
21,21,TEI,24,81,2.340639413120725,1.3463696748709704,7.71327263265387,3.539959859404126
21,21,TEI,25,82,1.532944507501242,1.2701990795970088,4.527842587290346,4.3291811179478366
21,21,TEI,25,83,1.5928495389415196,1.2343129150684655,11.159263035939912,4.171427226859876
21,21,TEI,25,84,0.624899859759791,1.2762362498834903,2.449380327076898,3.6077838030944234
22,22,TEI,0,0,0.2690384229696683,-0.8024661721872098,1.3292870405459223,0.9533654052127152
22,22,TEI,0,1,1.340977336564638,0.10767965660381362,14.815146607584143,2.7492970729066544
22,22,TEI,0,2,2.0823098770336754,1.4293646313296557,0.7725300733614147,3.3640329894722885
22,22,TEI,0,3,0.9753248455860772,0.6261258422343352,0.7530692848011713,2.611609783012282
22,22,TEI,0,4,0.683774559266914,-0.34652666743225957,3.2480687411214846,1.958089969218917
22,22,TEI,0,5,1.878451530236839,-0.026853885911402697,1.5486434448581023,2.7331713807501767
22,22,TEI,0,6,0.2792169015221977,1.7019554934412886,5.844567723952071,2.716240753309485
22,22,TEI,0,7,-0.3999258952415624,-1.2664234573360598,7.683061204361468,-0.10226850269598842
22,22,TEI,0,8,1.3946567156105685,-0.05516645505752571,12.724942737956042,2.630575578487563
22,22,TEI,0,9,0.8600156289795298,1.291020078086563,8.477720900186016,3.734442057073772
22,22,TEI,1,10,-1.0947107116747312,1.2118022793798766,12.718182799308739,2.57006464861757
22,22,TEI,1,11,-1.084707750557718,1.2177907309212448,1.2776675227620986,2.549880633564279
22,22,TEI,1,12,-0.2754517603787331,1.2235125687091122,7.182166204996031,2.4971063682655794
22,22,TEI,2,13,1.2715781500358418,1.3679579295624107,8.569636873977979,4.107751050935564
22,22,TEI,2,14,1.2876659767699636,1.3684614065055287,0.5796093584528936,3.2233328920715283
22,22,TEI,2,15,2.1362114280962423,1.3827772764145014,14.917803758505306,3.791867803738722
22,22,TEI,3,16,-1.0521206108672208,1.342303157365751,10.984406163826664,2.564966724778812
22,22,TEI,3,17,1.7645888789479214,1.3401669557681206,11.080765314457686,4.164130493764691
22,22,TEI,3,18,0.42574779626808135,1.342183494791516,6.914207284688722,3.2449255625876443
22,22,TEI,4,19,1.5733409254962636,1.449978347159084,10.63744993822924,4.15786916654273
22,22,TEI,4,20,1.738183503886571,1.4278326885792318,3.006755056210085,4.348557240216781
22,22,TEI,4,21,0.20885756533594702,1.5758549101119437,14.935331366889782,2.7018777919195527
22,22,TEI,5,22,2.4290450369825507,1.1826048371759401,5.645453460155979,3.3535225400405917
22,22,TEI,5,23,2.5027622953809785,1.9846632292541826,11.963240669117825,1.7149952627193419
22,22,TEI,5,24,2.6239047548672385,-0.11361398768730924,5.9778307820906305,1.286052626003095
22,22,TEI,6,25,1.6992788030762571,1.4320492526805144,5.791066307822569,4.267786231327985
22,22,TEI,6,26,1.8765025433492406,1.1778627256429544,14.833051838669222,4.0243230722483245
22,22,TEI,6,27,0.510841581592907,0.8979379680345416,10.455578146663589,2.987121965904597
22,22,TEI,7,28,1.5635859616688088,1.335948145727257,4.253928129026358,4.34920018395568
22,22,TEI,7,29,1.5946316712728992,1.2032043411433286,12.178829460103982,4.145347069976749
22,22,TEI,7,30,2.5503248084102563,0.26848997698040455,14.861221618681006,1.775531075303473
22,22,TEI,8,31,1.5434449481701544,1.4692843776685551,4.202319268666222,4.299767373564683
22,22,TEI,8,32,1.5026047974299863,1.2889901408860895,11.701778926286261,4.164168109226257
22,22,TEI,8,33,0.12384405852029423,-0.08301461741770133,14.997691828879255,1.2491798600986663
22,22,TEI,9,34,1.7214048735277165,1.2243153477507227,4.6569702477695865,4.306227006991293
22,22,TEI,9,35,1.1202773172417708,1.5202085785781052,13.030425021310704,3.83740807503002
22,22,TEI,9,36,2.3792798236777757,0.8096723193522006,11.313919087656675,2.9892553390867036
22,22,TEI,10,37,1.6997173313568785,1.4274751158630568,4.179613262453444,4.323691152718675
22,22,TEI,10,38,1.6455302554961637,1.3404639456655238,12.254594988842795,4.172795195732588
22,22,TEI,10,39,0.851146824114714,0.6071440979797726,7.793149405519098,3.066754998691631
22,22,TEI,11,40,1.6595907185252945,1.3328176403282477,4.002248989936369,4.3593276512845005
22,22,TEI,11,41,1.4836862819928993,1.2458568438064739,11.226723225442745,4.155658411234976
22,22,TEI,11,42,1.6961357453688688,0.34845693144312584,0.08058172175232908,1.9135318502984637
22,22,TEI,12,43,1.6737191726257383,1.3904676496824129,4.0324444932235375,4.347266203993607
22,22,TEI,12,44,1.6039322955758828,1.314689273844658,11.517194741471048,4.183235277662888
22,22,TEI,12,45,2.587524136211848,-1.4820574629759156,0.03261791332807285,-1.4295262784459941
22,22,TEI,13,46,1.6669707020711595,1.381447695404273,4.1512889368062655,4.346471004424083
22,22,TEI,13,47,1.6193352976709772,1.272283684896955,11.734134392186482,4.175113805278052
22,22,TEI,13,48,1.8426415861689138,-1.4614575042400202,14.901067572485843,1.1196114303448255
22,22,TEI,14,49,1.6515254432830306,1.3510862469212874,4.386897499231055,4.345327629231785
22,22,TEI,14,50,1.6029278931482884,1.2726442523024328,11.985179708508248,4.171698969192333
22,22,TEI,14,51,2.624406225776761,1.9979406791956302,0.07894953607163302,0.053227216882656116
22,22,TEI,15,52,1.6439161025422693,1.359131434915576,5.387993274689665,4.310897649247631
22,22,TEI,15,53,1.6487134772102192,1.2336015944009482,12.96094401444135,4.148061796376819
22,22,TEI,15,54,1.7678743267381427,-0.43849620117364996,0.5856614749020049,1.538315050067325
22,22,TEI,16,55,1.6632150601372926,1.374989577596366,4.233278453239026,4.345577912741367
22,22,TEI,16,56,1.5796591243625118,1.3046128395057819,11.929892454923591,4.175775962119221
22,22,TEI,16,57,-1.090759018962751,0.3475887584880397,0.08682960759421682,0.3410458386720582
22,22,TEI,17,58,1.6277205201733969,1.3626652914531028,4.180985563755544,4.352016710682453
22,22,TEI,17,59,1.6653682274112316,1.3220404345832506,11.860126438815383,4.176595442103929
22,22,TEI,17,60,1.2940381714865747,0.13098913775938947,3.8109367567986028,2.969071580637808
22,22,TEI,18,61,1.7662823760729522,1.2871691396420246,4.119086949882619,4.328813477037979
22,22,TEI,18,62,1.5953178945542028,1.3222706611793047,11.876833406076184,4.178349944418452
22,22,TEI,18,63,-1.050232995927501,1.9572413973749803,0.12678818061134128,0.0912865851149212
22,22,TEI,19,64,1.6790183640812262,1.3458213340427023,4.159254033046293,4.350822717746475
22,22,TEI,19,65,1.5898996592830943,1.3118368650161982,11.825160210348457,4.178374603348569
22,22,TEI,19,66,0.28629172367814504,0.9197142767759461,3.388502099581261,2.9167794659252446
22,22,TEI,20,67,1.7156516550236667,1.3696766131174876,3.9827697357670315,4.346691976514113
22,22,TEI,20,68,1.5633720091678103,1.3412952639809541,11.601860279857112,4.178658142872145
22,22,TEI,20,69,0.392997362491055,1.4699099644354168,7.138195144431899,3.150113581267621
22,22,TEI,21,70,1.7124307477676988,1.3763716876124796,4.123216438041834,4.341148789834758
22,22,TEI,21,71,1.5895900152901015,1.3443590313384224,11.678043398840247,4.179796999098081
22,22,TEI,21,72,0.4153378284089959,1.3218008258056808,7.318639966003252,3.22249062990493
22,22,TEI,22,73,1.6757266428791597,1.340148340246469,4.047767499823924,4.355566379568266
22,22,TEI,22,74,1.6082316406140817,1.340063880050391,11.459571107302645,4.183834012000121
22,22,TEI,22,75,0.40296256818688025,1.5165889050710946,7.6275346141395115,3.1116238134520593
22,22,TEI,23,76,1.6273542670813188,1.3485150391536425,4.216985259959759,4.352692996825459
22,22,TEI,23,77,1.5800814261197527,1.2964204137527302,11.555536192778371,4.179885237470616
22,22,TEI,23,78,0.3792995089019442,1.278031401465059,7.728493250926214,3.1636897496485945
22,22,TEI,24,79,1.6822304022183028,1.3184272865716027,3.801250973028544,4.363401475705033
22,22,TEI,24,80,1.5978013776164044,1.3155155060868986,11.220650208920436,4.187101198292857
22,22,TEI,24,81,0.4629949525675723,1.1506982153794665,7.070393430050236,3.2302154540608594
22,22,TEI,25,82,1.6605890726434773,1.3017163835456262,3.6187737153094797,4.370884058075341
22,22,TEI,25,83,1.6053308390458794,1.3293494457254211,10.891513090636312,4.1922053702441415
22,22,TEI,25,84,0.4393929886690784,1.2404858283477798,6.963144725539007,3.246968259589031
23,23,TEI,0,0,1.4932279224165703,0.745103773073807,1.9305347205402257,3.849876599270708
23,23,TEI,0,1,-0.6750730166592223,0.7867093246710555,12.802003132371444,1.876112787488419
23,23,TEI,0,2,-0.34595137459620173,-0.736934770199924,10.749052954217818,0.43580038357201434
23,23,TEI,0,3,0.6590046692910809,-0.04672324275750994,5.237867922959576,2.106942472237986
23,23,TEI,0,4,-0.861378524502023,0.09133158069045355,4.522497740715563,1.2142282461661507
23,23,TEI,0,5,0.3539798270469787,0.39104236766678735,10.254161791391196,2.1183281898132993
23,23,TEI,0,6,1.2346996335150426,1.0994655886100015,0.27424211932542214,2.7170158871121486
23,23,TEI,0,7,1.344958968548947,0.39721892064412834,12.770263855279737,3.1290705902492393
23,23,TEI,0,8,2.409152291913421,-1.4551190853520575,12.425096141549593,0.35781079039723074
23,23,TEI,0,9,-0.1533286205186738,0.686477963837774,11.466510984413667,1.9632799754903718
23,23,TEI,1,10,1.7390495835203574,0.9575500471510945,0.10495439603087495,2.7038879520601236
23,23,TEI,1,11,1.7542131107103192,0.8982956650683724,7.673021183412141,3.936601805469911
23,23,TEI,1,12,1.7651098119095199,0.8906910558211414,14.949026711218881,3.8181210921326727
23,23,TEI,2,13,1.6089476484692145,0.5521827985868297,5.445707233866499,3.561423269256249
23,23,TEI,2,14,1.979852413902628,0.8185723049573888,12.746375018394094,3.615248897617562
23,23,TEI,2,15,0.4279531030531578,0.7334473713880225,0.0723715604674986,1.4234730478186683
23,23,TEI,3,16,1.4170397387378184,0.789918596090069,9.264642020300284,3.7487555372837296
23,23,TEI,3,17,1.4262034080095485,0.7378497714901933,1.3291073763640446,3.6508967860289
23,23,TEI,3,18,2.2838959242319095,1.2307868876883927,14.984705189597566,3.533437037434571
23,23,TEI,4,19,1.7856110019750289,0.7570372194248804,1.5608411874133212,3.773630661846875
23,23,TEI,4,20,1.7968343406333522,0.7555070037016547,10.531848563515414,3.687340995815029
23,23,TEI,4,21,0.48392269082618333,0.8843888316444639,6.571861203307376,3.017511389786221
23,23,TEI,5,22,1.5676096741761736,0.7662306688707599,7.473917977004893,3.794658289145721
23,23,TEI,5,23,1.9475408292352618,0.923620505480498,0.032743843626198234,2.549936433812901
23,23,TEI,5,24,2.139297045651865,0.8105180917803967,14.879554139425165,3.3940873863105967
23,23,TEI,6,25,1.4943992820594607,0.8759864135456512,1.014027948671256,3.6248562261024935
23,23,TEI,6,26,1.4048513102287803,0.8846004396172016,9.477341937185297,3.8580346476675116
23,23,TEI,6,27,2.3439988931706,1.2425718511118555,14.604363552371524,3.4183862597395027
23,23,TEI,7,28,1.4127096287744796,1.9963830283603916,11.45910220025727,2.7259607329867404
23,23,TEI,7,29,1.6448583503788816,1.9262202929852945,2.823496069636268,3.2982670688595714
23,23,TEI,7,30,1.1904897089653246,1.1991901647800614,14.730670413179608,3.9382690731204777
23,23,TEI,8,31,1.5289726162378598,1.084402840081105,2.177944373301299,4.262657880408722
23,23,TEI,8,32,1.4350538909131845,1.0820011092298123,14.979290712382173,4.002399597190394
23,23,TEI,8,33,2.3121855374345817,1.194558678879173,8.699112984044387,3.5461196349328783
23,23,TEI,9,34,1.5618986706284006,1.1743946947275363,2.872475214994053,4.343898437272939
23,23,TEI,9,35,1.4659447493401108,1.115922650265409,14.962237725216601,4.039425366974826
23,23,TEI,9,36,2.6268276334558984,0.7752236605283471,6.093299438419259,2.365716707423849
23,23,TEI,10,37,1.487662264806326,1.1463063197563113,2.9265699975087416,4.311707806427134
23,23,TEI,10,38,1.5357667689598977,1.291078077946445,14.978192246830412,4.135600739582648
23,23,TEI,10,39,1.5148456635426313,1.8756979305306842,7.98427330689781,3.340985205837163
23,23,TEI,11,40,1.5734402104952707,1.1517121527205703,2.9835149535902437,4.330410009857389
23,23,TEI,11,41,1.612823210019195,1.4638090136098025,14.952559947784422,4.100637655691281
23,23,TEI,11,42,1.6386890509935084,0.702545286518931,10.169204141209152,3.6591581593186073
23,23,TEI,12,43,1.6165813915679972,1.1396031061323644,2.8413111286520163,4.326486736887503
23,23,TEI,12,44,1.4918936053067622,1.3990728050765004,14.993135904863573,4.115747221549702
23,23,TEI,12,45,1.7521433792011196,0.6902890457082593,10.074656008286258,3.623599183771385
23,23,TEI,13,46,1.546669250765412,1.1731755732989329,3.0616441992591157,4.3384201835348595
23,23,TEI,13,47,1.5399219974220286,1.422899857875891,14.967316027682967,4.116949309058374
23,23,TEI,13,48,1.8619398706411459,0.7571119287415886,9.931000818357404,3.6653182868909946
23,23,TEI,14,49,1.5529031454384974,1.181139789224917,2.991387185961459,4.344877296954865
23,23,TEI,14,50,1.6374286025215166,1.3264700217179968,14.980521152642215,4.144894036592866
23,23,TEI,14,51,1.7679686690767937,0.6624294363996857,9.390758742377367,3.591815367812731
23,23,TEI,15,52,1.5873467487959836,1.1094076731601774,3.005791259437207,4.302234635959307
23,23,TEI,15,53,1.4561222293827032,1.3350650508221515,14.97378134813411,4.117260373307079
23,23,TEI,15,54,2.2059667367731235,1.4435041808228806,8.946920164209626,3.738244385974075
23,23,TEI,16,55,1.6076900518426496,1.1734722766721966,3.0838478977898394,4.343624078662618
23,23,TEI,16,56,1.589912472901919,1.2663912691569426,14.91223676533032,4.1380769844687375
23,23,TEI,16,57,2.203467640032605,1.569714792123655,8.753576538435533,3.6300981541274817
23,23,TEI,17,58,1.5357276774826674,1.1608078628306981,2.9613581644220983,4.331090957819047
23,23,TEI,17,59,1.652942227703139,1.2984817224285004,14.945996643928328,4.142818140635245
23,23,TEI,17,60,2.1151604402386,1.6239911788781667,8.365267213746119,3.690601048243856
23,23,TEI,18,61,1.5634469178585517,1.168049875638843,3.1095941243932024,4.3368928917644105
23,23,TEI,18,62,1.5695691569510868,1.312362333795086,14.922668903954722,4.142941080441066
23,23,TEI,18,63,2.063156991213191,1.655598451063641,8.570869554834156,3.6968043450825125
23,23,TEI,19,64,1.6123964984189323,1.1876389467163118,3.2240238868293045,4.348280957914042
23,23,TEI,19,65,1.5322158485787867,1.3749481709458085,14.974206790774874,4.13180828214806
23,23,TEI,19,66,1.8268403237382618,0.7342707087144102,9.774168981928575,3.6571096600514013
23,23,TEI,20,67,1.5725647479459979,1.20276965363445,2.9839181951380973,4.3581408212124515
23,23,TEI,20,68,1.55798302429685,1.3171026067125489,14.80166400718695,4.142885564403177
23,23,TEI,20,69,2.1686828070953275,1.5267474278109887,8.707886061188841,3.7364029665115264
23,23,TEI,21,70,1.5859698805499405,1.2105474457912724,3.130482032586642,4.36013418359651
23,23,TEI,21,71,1.5918423266570731,1.36126426363677,14.958435033240503,4.141850948283658
23,23,TEI,21,72,1.473222929338485,0.7399636279541615,9.568328095156966,3.697598515969133
23,23,TEI,22,73,1.5981488772239616,1.1869901466811332,3.281170797111514,4.346151124499148
23,23,TEI,22,74,1.5748747974250672,1.3080829670787075,14.88734581076727,4.143536821700079
23,23,TEI,22,75,2.2179009254000808,1.4582724361760082,8.842125415342707,3.7112823949194063
23,23,TEI,23,76,1.635382547607315,1.1677868362113597,3.2298763380390736,4.3370380527637575
23,23,TEI,23,77,1.563454817009866,1.3472511178445923,14.82040550529066,4.142420275775163
23,23,TEI,23,78,1.8563528937965716,0.7697515668655601,9.868233167603508,3.6863635608501584
23,23,TEI,24,79,1.5911983254729445,1.162366605002934,3.0658680142007118,4.336898828112945
23,23,TEI,24,80,1.5496094225798185,1.3653619241525923,14.944159834958855,4.136915661870074
23,23,TEI,24,81,2.1629329090679894,1.427578652160228,8.869288983713902,3.816373195001151
23,23,TEI,25,82,1.635876569684743,1.166378910369544,3.2159940894642998,4.336532721123586
23,23,TEI,25,83,1.6203164890784185,1.3349938964719645,14.91912909643919,4.145652266566607
23,23,TEI,25,84,2.0989787976686527,1.6088828753344613,8.568736538397868,3.732297916483738
24,24,TEI,0,0,0.13421464263323157,-0.08187939526299659,8.621492552088553,1.3477363977329846
24,24,TEI,0,1,0.7924159302885432,0.4747437760058777,8.54573997031552,2.8006321777167464
24,24,TEI,0,2,2.16657347724665,-1.1974933865315942,11.137386585027752,1.370637511109022
24,24,TEI,0,3,1.9657124671926556,0.9925602450950795,6.14947418219028,3.9519987751424406
24,24,TEI,0,4,2.423818255886791,-1.3916780229355776,12.044296591935739,0.4831601931399827
24,24,TEI,0,5,1.1498557126040572,-1.3560581894107295,4.986658780157507,1.4023570305247772
24,24,TEI,0,6,0.31360487338931065,-0.8838413526689186,9.639370104349135,0.9716736892937028
24,24,TEI,0,7,0.5414432158864451,1.005316921036683,5.572184810976208,3.2514827221488787
24,24,TEI,0,8,-0.89752685164652,1.0049496647938359,10.995946436722052,2.244811146843368
24,24,TEI,0,9,-0.7930248735339938,0.12911848465686582,6.828635425442691,1.1499411055045028
24,24,TEI,1,10,1.3399869094605612,1.6334091726537179,8.79080864126377,3.9041154014855644
24,24,TEI,1,11,1.3698875538331228,1.6164256019076282,12.629480022480315,3.8897795117726
24,24,TEI,1,12,1.3722125948274257,1.6112504990731678,1.9836569023104584,4.089166452902255
24,24,TEI,2,13,1.6408738785976902,1.5041415639903404,0.009480932232746483,2.87014282944519
24,24,TEI,2,14,1.583952920991635,1.525778772006912,4.741984574565453,4.237131677491056
24,24,TEI,2,15,1.6099323220524204,1.5019250033802485,9.480911028289542,4.140384302957052
24,24,TEI,3,16,1.6215222369684588,1.563059917245504,7.769876074481685,4.109361374664601
24,24,TEI,3,17,0.10202366387435702,1.5591564471692916,8.099548967328452,2.6987910022818458
24,24,TEI,3,18,1.0438466468805925,1.545125107372328,12.727008746270217,3.744663310070141
24,24,TEI,4,19,0.7512709247153557,1.9959198570902728,3.165090270965761,2.3515576596134395
24,24,TEI,4,20,2.144636897266911,1.3422686163683832,9.675625530412969,3.8522667530981494
24,24,TEI,4,21,2.135129873623435,1.9768771060361447,4.75791891771966,2.6706486536511607
24,24,TEI,5,22,1.3306937021607022,1.1531158737103087,4.834541050073918,4.191907575240038
24,24,TEI,5,23,1.6704883935626555,1.0690358903303876,9.976173447755237,4.085155988445372
24,24,TEI,5,24,1.3178746494352152,1.390112167805773,14.976817006904195,4.044148023840221
24,24,TEI,6,25,1.3805023027001657,1.4087425398508913,4.929825967527714,4.254917532400424
24,24,TEI,6,26,1.658907311203099,1.3100349262270496,10.356157955267667,4.198163523677289
24,24,TEI,6,27,0.8920251169461193,1.3032133170071987,14.92802764714228,3.6830839606095997
24,24,TEI,7,28,1.4037709112776637,1.3828813343537756,4.322787396821369,4.29480895219381
24,24,TEI,7,29,1.670698109761282,1.21174668358569,14.2681425667862,4.12356521552838
24,24,TEI,7,30,2.101336096328241,0.866516733041995,8.843521287645526,3.596748859212523
24,24,TEI,8,31,1.4466520143128312,1.358070508995286,4.618655465753819,4.306464458048563
24,24,TEI,8,32,1.5843770132075936,1.2935270221288513,10.445148651302173,4.195838634985809
24,24,TEI,8,33,2.3562364525811903,1.628306320467145,14.97952797692175,3.166258479833906
24,24,TEI,9,34,1.452843194312436,1.3898553794402422,4.592348177643049,4.302533568472052
24,24,TEI,9,35,1.509236477290452,1.2034346967716738,13.633793230131172,4.116639171956736
24,24,TEI,9,36,2.2565850863382257,1.0861042883787015,8.946832120606075,3.5779267936352914
24,24,TEI,10,37,1.4708901400624628,1.3260099702326071,4.588958181300708,4.317926658724732
24,24,TEI,10,38,1.6557397934370885,1.3287237846394144,10.512268404719604,4.1964531110750976
24,24,TEI,10,39,0.8317725170806987,1.198180085517047,14.911231907509405,3.585282349007307
24,24,TEI,11,40,1.4880120270440602,1.3057351364776544,4.916247108211999,4.310916113299091
24,24,TEI,11,41,1.6048129331166479,1.2862793868470064,10.929341591359071,4.188610681933277
24,24,TEI,11,42,0.8570224211854622,0.8534756840231092,0.29487278409128814,2.115378153179124
24,24,TEI,12,43,1.4942608046300476,1.32823257068477,5.0671777819753,4.308241428477139
24,24,TEI,12,44,1.5915634217903225,1.3240685838566435,11.532584152817334,4.182684771159238
24,24,TEI,12,45,1.1963427861945255,1.9894447593268314,0.013428223436066068,1.3933769513299388
24,24,TEI,13,46,1.630180368479306,1.4178127337750333,3.1513943492378673,4.366964077082075
24,24,TEI,13,47,1.5173189088455485,1.3289955748321587,9.744312780126295,4.199439402798058
24,24,TEI,13,48,2.124770164996347,1.0254580223435164,14.923578041648895,3.6579153337526407
24,24,TEI,14,49,1.5245460599751381,1.420493323496435,3.4138262039385268,4.3498918309950305
24,24,TEI,14,50,1.5879596113244587,1.292806798560751,9.911227550210727,4.204545461747675
24,24,TEI,14,51,0.9095081182462965,1.3156760864008197,14.977992879981093,3.702472335750798
24,24,TEI,15,52,1.540934391878893,1.442574065732889,3.2378321355709647,4.346403517779304
24,24,TEI,15,53,1.5657000877331355,1.3686721445758172,9.78405101951602,4.202558382420476
24,24,TEI,15,54,0.8905505710753927,1.2374516332203251,14.90007786819061,3.667323307624322
24,24,TEI,16,55,1.4924643039678411,1.421318275184654,3.1206021137399818,4.34925875334609
24,24,TEI,16,56,1.6305057756135133,1.3085678006630368,9.835299311665427,4.20821795460142
24,24,TEI,16,57,0.9247977042118434,1.2792428674949226,14.764477486272842,3.7167780071078025
24,24,TEI,17,58,1.523152728123387,1.4155274058946579,3.068451044150217,4.3599849831534465
24,24,TEI,17,59,1.641722608401897,1.3840209362929272,9.674379838782283,4.203262123331298
24,24,TEI,17,60,1.0322775561589275,1.487180620403588,14.952849120450592,3.7668245866631938
24,24,TEI,18,61,1.4458204957596612,1.3917786002420236,3.4965585024205152,4.336306959072536
24,24,TEI,18,62,1.596875494769907,1.357610582124479,10.211295770457667,4.199944063204052
24,24,TEI,18,63,-1.086224588879437,-1.4588563191806734,0.04263990141353696,-1.5961763430862361
24,24,TEI,19,64,1.528994489456811,1.3591445341916764,3.578364001637216,4.364085903847307
24,24,TEI,19,65,1.5297126252483966,1.3046033473143774,10.423827121192181,4.190112992844626
24,24,TEI,19,66,2.630042355393117,-0.9807639181989027,5.761086814891714,0.6485798483944016
24,24,TEI,20,67,1.520187257201155,1.356013098722603,3.6404252276595215,4.36084776490531
24,24,TEI,20,68,1.5745115071193632,1.2899602429390273,10.532085250310008,4.193180746252655
24,24,TEI,20,69,0.45185351368416415,1.3177748886252227,2.4262861842251215,3.3963126064162728
24,24,TEI,21,70,1.526184057073849,1.3574189414628437,3.399177929241671,4.369043046132204
24,24,TEI,21,71,1.5710905710102283,1.305165523996279,10.21958179807686,4.199429272921493
24,24,TEI,21,72,0.7809458012660031,1.2465340983973348,14.918503208324353,3.5455754796283045
24,24,TEI,22,73,1.6036022690898513,1.406246049092584,3.356307072531275,4.366579976292412
24,24,TEI,22,74,1.6184807615553165,1.3058681676914698,10.139603772015622,4.2031948689451415
24,24,TEI,22,75,0.7106314880161158,1.1430945456319517,6.775474884618598,3.539383996878635
24,24,TEI,23,76,1.52491505066933,1.3856336089014483,3.330361779434002,4.36476234401091
24,24,TEI,23,77,1.5579792790112896,1.3303155807262197,10.403874194119739,4.195739092467958
24,24,TEI,23,78,0.7658443872729948,1.1793889270151516,14.972834719095491,3.498660387484605
24,24,TEI,24,79,1.5238894415054802,1.360591595415717,3.3833511785691983,4.368543213061344
24,24,TEI,24,80,1.6008109745472443,1.3065830834825967,10.236044074769866,4.2013788058388695
24,24,TEI,24,81,0.8319252733660587,1.1613963549576893,14.670954653922095,3.5679270106811396
24,24,TEI,25,82,1.5142155641985808,1.382229113848712,3.5185454356757404,4.358120010708566
24,24,TEI,25,83,1.5895069648145013,1.3064810674927387,10.398091360525282,4.1982527771147575
24,24,TEI,25,84,0.8082224201782215,1.3517042919958562,14.748351068159275,3.58970782221089
25,0,EI,0,0,1.2803258255202747,-0.5557465018264539,0.6155618855189842,1.4298285623381422
25,0,EI,0,1,-1.038236226029887,1.3464458372009536,13.691420903588549,2.5156292474185618
25,0,EI,0,2,1.166997894041951,1.0532379634439946,8.154831246989877,3.911910942489584
25,0,EI,0,3,2.39436564769489,1.3554874394253624,0.04207476405205128,2.1154370892183443
25,0,EI,0,4,2.104119781607747,-1.3824504864308746,10.94510204100273,1.1169347515592012
25,0,EI,0,5,-0.4435749458082371,1.521126228224603,8.122376842516127,2.317676406183738
25,0,EI,0,6,0.02002333493820685,-0.020594725808195324,0.425766747510799,0.13443507222537385
25,0,EI,0,7,-0.6355533957211297,0.847185451427706,9.708195484102177,1.9930562497833715
25,0,EI,0,8,1.1996941616054455,-0.15712856008340803,14.958151826902377,2.397072649740676
25,0,EI,0,9,2.565381661006772,0.8993969456824313,9.757238684740976,2.6314662209934747
25,0,EI,1,10,1.577435886795107,1.0663140335216394,8.683024326441613,4.107466065820677
25,0,EI,1,11,-0.7782753789089405,1.0703740870270444,8.639982472643824,2.2802761268403184
25,0,EI,1,12,0.46191573297483846,1.0479704187940229,1.730777267325057,3.204238469065495
25,0,EI,2,13,1.6702573883817005,0.7021664297380315,14.721388955721501,3.6002754441059173
25,0,EI,2,14,1.6808338233675246,0.7268418005324748,6.904820214382781,3.7546660978297
25,0,EI,2,15,1.458201220583848,1.2494367816754095,0.002516172134332379,2.908558157348276
25,0,EI,3,16,1.5435568070653383,0.9310225686849969,5.1854216440671035,4.05910311116339
25,0,EI,3,17,1.5109358383050577,0.9257967937060796,13.739939844557,3.8834108104523875
25,0,EI,3,18,0.1734157366075968,0.979612996069267,0.003614183625333896,1.4159196636887768
25,0,EI,4,19,1.6963377554793184,0.9828646680488897,9.83682374117187,4.00222047554131
25,0,EI,4,20,1.7201741244380253,0.9964276715405802,1.5408091732678186,4.0733107648659965
25,0,EI,4,21,0.4741090153347334,1.2959460575081776,14.965151968278775,3.1796769815924497
25,0,EI,5,22,1.654675326616049,1.0811541791150274,0.09872815470795254,2.8375337203273423
25,0,EI,5,23,1.6423007682299606,1.1114617018276491,8.934218989338042,4.139744863462836
25,0,EI,5,24,1.1232520987597332,0.3914892315792784,14.854372543700915,2.94314200625793
25,0,EI,6,25,1.7407493009186252,-1.0424222379295514,2.8576593375069517,2.1473021021228984
25,0,EI,6,26,1.7498914495657854,1.7830308847264207,2.763549843544618,3.7852254100921026
25,0,EI,6,27,1.7499777846299964,0.630623549253424,2.8496912760228805,3.7288206520555276
25,0,EI,7,28,1.3551366632438944,1.2514883647004442,2.79297896302775,4.309624409640364
25,0,EI,7,29,1.5470469751957117,1.3509352572230884,10.984409468847627,4.184081306809546
25,0,EI,7,30,2.3439336036010987,0.5557929170372247,14.884751661034185,2.6837072551057584
25,0,EI,8,31,1.355108780505561,1.358038107728393,9.61405581738649,4.139063882257652
25,0,EI,8,32,1.3549086926308318,0.4826762503443385,2.6487451838410108,3.4737750614844347
25,0,EI,8,33,1.355417773207884,0.2734810895496689,11.147965902651418,2.9949058814048564
25,0,EI,9,34,1.6378820408745889,1.572554350097878,12.24704828531141,4.021748954804381
25,0,EI,9,35,1.342523224861388,1.572685890652838,3.5070410409528514,4.147296702596728
25,0,EI,9,36,1.5451170513254913,0.5962753091398043,8.10937804903163,3.5461243804079574
25,0,EI,10,37,1.465674043936143,1.5124214737449715,6.510776100365699,4.171733851440468
25,0,EI,10,38,1.5041470512533568,1.440983464009276,14.501076288004207,4.104841153766225
25,0,EI,10,39,1.9100836094067084,0.7221896359525934,1.8251757773334985,3.7168143161452356
25,0,EI,11,40,1.3552063075529368,-0.4752715958364344,8.438733675360787,2.3563149428914287
25,0,EI,11,41,1.3552216062054283,1.16415719235907,12.866449375626283,4.0460926196641775
25,0,EI,11,42,1.3551558143010491,-1.328254583010641,3.1022828825832107,1.6599675063707633
25,0,EI,12,43,1.474171104571591,1.701700084384195,8.263875869876548,3.8372639896411664
25,0,EI,12,44,1.4766465626321947,1.53118496078672,0.062340008135786835,2.822866992255537
25,0,EI,12,45,1.6371136741817698,0.8166065267845606,13.454328262257276,3.76659627158652
25,0,EI,13,46,1.5162348919650088,1.2091119155701402,2.5330781305324868,4.3528372341159685
25,0,EI,13,47,1.47312453723386,1.2507067562661445,10.494052217187411,4.164760471348341
25,0,EI,13,48,0.33007175032502034,1.349035170300347,4.377350316263007,3.204684078022389
25,0,EI,14,49,1.5085005879524997,1.3256859527382252,5.383274702986667,4.301406411101016
25,0,EI,14,50,1.40162932928036,1.28619270118728,13.34616601958438,4.109501025965682
25,0,EI,14,51,1.9346412985430739,0.5568392699231017,0.23270750030366255,2.0821170889528466
25,0,EI,15,52,1.5490028932569575,1.1651481570320281,2.497931736890608,4.335653967591606
25,0,EI,15,53,1.4559064469654426,1.2849592787556898,10.722210933342344,4.163669381156602
25,0,EI,15,54,2.5761984615536018,1.5914741789156084,4.937980495746449,2.8312956059000247
25,0,EI,16,55,1.4637024912967367,1.2155013648301498,2.6407688770159137,4.3425784706048765
25,0,EI,16,56,1.5472263570345417,1.3220512583341075,10.449228218951268,4.1935616336341806
25,0,EI,16,57,0.7884352766267491,1.9637118758298997,14.40980970002779,2.313565186874048
25,0,EI,17,58,1.529997143608314,1.200907090273783,2.607120285019991,4.352808809719326
25,0,EI,17,59,1.6500770335320625,1.2722897708531784,14.937659385934808,4.138883929364777
25,0,EI,17,60,0.9497870990229305,1.5472666025629587,9.06457419284734,3.7019745383881073
25,0,EI,18,61,1.5575517752801362,1.226494553767151,2.531171865351284,4.367180906849885
25,0,EI,18,62,1.5264101243441854,1.328309490577574,10.476003129445372,4.189494349143162
25,0,EI,18,63,2.295709094140053,1.831614613792964,14.964779528181396,2.791349642175173
25,0,EI,19,64,1.565531979817505,1.228308342555021,2.7786545887903005,4.370140142456265
25,0,EI,19,65,1.5297586913549348,1.3072044096748163,10.879854186385588,4.183471005166323
25,0,EI,19,66,0.4584133458074422,1.41864313555015,3.3330669531507824,3.37874933771975
25,0,EI,20,67,1.5498087288512283,1.2124637494379646,3.0110718638348684,4.359224776094473
25,0,EI,20,68,1.5537910612818542,1.298166680891999,11.195550845463341,4.1820823473004705
25,0,EI,20,69,0.7169794593331047,1.6865986465549265,6.925008229795513,3.2594919674673672
25,0,EI,21,70,1.5367279347494862,1.2263039784426613,2.829637362659241,4.364912373708245
25,0,EI,21,71,1.5566446966479601,1.2980664958298238,10.958640310448848,4.185831236647249
25,0,EI,21,72,0.4729067964844291,0.9945093397326428,3.4080640987605144,3.22696319691648
25,0,EI,22,73,1.5274896420265365,1.2059738836202651,2.8979991437719006,4.35409447066681
25,0,EI,22,74,1.5172575723223427,1.3405643120699962,10.520699885919788,4.186411621107521
25,0,EI,22,75,0.491231401965903,1.514356741758958,2.979872337932987,3.3611475078989477
25,0,EI,23,76,1.511225743987501,1.2562633412563748,2.7858681583537575,4.3698753652894595
25,0,EI,23,77,1.5146871629683485,1.3327174830066588,10.580121413633544,4.185350258951042
25,0,EI,23,78,0.46129595285838,1.3934663227672277,3.8440054471386222,3.3761949026270077
25,0,EI,24,79,1.509292882483166,1.2061413167744908,2.6337152022364343,4.3510692124905415
25,0,EI,24,80,1.5395302369493802,1.3234252656399637,10.219176118307852,4.19593780097553
25,0,EI,24,81,0.6985076418946412,1.1450498805421727,14.90103858021132,3.3984729548034416
25,0,EI,25,82,1.5507285437284004,1.252346965375915,2.865340170949756,4.375606046164994
25,0,EI,25,83,1.5688495593908085,1.3038817828475593,10.914641133936096,4.188515742039084
25,0,EI,25,84,0.551113155975371,1.515398696099254,4.074275015500338,3.404061136512172
26,1,EI,0,0,0.8126774115048594,1.8266229371407734,2.163250031181786,3.104339427457295
26,1,EI,0,1,2.4451029839518803,-0.408589917963301,6.3504734081396625,1.567455147783362
26,1,EI,0,2,1.993124593106991,-0.06780302270793559,8.244355721408219,2.56622020147804
26,1,EI,0,3,-0.9970115938106536,1.137295880361823,8.072611554975953,2.4913871583888287
26,1,EI,0,4,0.13220742455710743,1.2595004619994152,4.5486192445453835,2.95891619975078
26,1,EI,0,5,0.5947216129891946,-1.0308540596349234,6.047291683720492,1.2662253247393567
26,1,EI,0,6,-0.339687765593229,-0.5819033084535268,11.255719724778158,0.5297700606735617
26,1,EI,0,7,-0.052112471406168925,0.19816841051072265,14.711077259818778,1.3672373770746002
26,1,EI,0,8,2.493712932721571,1.036764792707368,8.118861606355965,3.0135030029043834
26,1,EI,0,9,-0.0652575704824494,-0.937717969287056,14.548911272828773,0.44766364750641396
26,1,EI,1,10,1.6781843123038476,1.0003497637678906,4.974922891115098,4.141834431798918
26,1,EI,1,11,1.6661439178043516,0.9931572912102231,11.994278214543595,3.9856623396946302
26,1,EI,1,12,0.15986806650765306,1.801965190547914,6.144850141296768,2.30466648658829
26,1,EI,2,13,1.333930849512066,1.039125030620887,0.03570347926639107,2.719964206713718
26,1,EI,2,14,1.4274167901419648,1.02860423430175,5.878642855275264,4.106111450061595
26,1,EI,2,15,1.477409639793669,1.0437040995963076,11.8046566441478,4.0181384975391135
26,1,EI,3,16,1.6578298874933113,1.1838056274686863,7.6234331955230905,4.212078651433863
26,1,EI,3,17,1.5257451169084044,1.1500651184528041,13.936778560833657,4.08788975053417
26,1,EI,3,18,1.781759439144484,1.6422163484719876,1.6866955048496461,4.019306682945185
26,1,EI,4,19,1.8520756445519897,1.6439295280614243,4.7303038363597425,4.007721606571938
26,1,EI,4,20,1.5407461058818774,1.158114523450029,14.874890217667486,4.0865139299925985
26,1,EI,4,21,1.3246549412458566,0.6594730053550331,8.690957212079038,3.5393362232250687
26,1,EI,5,22,1.5855135238415392,1.2303724158451117,6.280853211100014,4.268076734821812
26,1,EI,5,23,1.4934083549833197,1.2624210677410468,14.872005696094636,4.121639412341462
26,1,EI,5,24,1.9717913544017156,1.7676504515471096,0.4572413796550964,2.430142135943481
26,1,EI,6,25,1.5422844062768903,1.4932488877551084,3.5663503364917792,4.302286724586042
26,1,EI,6,26,1.426622469768923,1.3761368461420744,10.517515139516815,4.153569778698069
26,1,EI,6,27,2.2529493234303444,0.5779547663733808,6.954491851824146,3.0177238035376828
26,1,EI,7,28,1.6419096716956756,1.6556339433370528,3.9247553983770693,4.078912121397962
26,1,EI,7,29,1.7566440478289982,1.5938282208150785,10.715883519086269,3.991099113007537
26,1,EI,7,30,1.5063540574158916,0.566388743717626,7.197631501285176,3.5181147315104657
26,1,EI,8,31,1.7350077302215214,0.9343268958692637,2.525831587626834,4.122653179904375
26,1,EI,8,32,1.4567975860901679,1.6548942784215326,7.860403805952357,3.936431751948385
26,1,EI,8,33,1.6303668080471923,1.653259794641572,14.48510345885507,3.869731386611763
26,1,EI,9,34,1.6699808903655549,1.288287072598159,1.9431368511505638,4.349035838220748
26,1,EI,9,35,1.8571291782136923,1.268938710169051,8.658876712130889,4.155525283114612
26,1,EI,9,36,1.3731378352766135,1.5558214965596613,14.780715551084201,3.954056883436749
26,1,EI,10,37,1.6011752454032964,1.272433286284226,2.860702709335149,4.385326598919976
26,1,EI,10,38,1.4447145022319794,1.2013301064764872,9.652932016083971,4.150157840029333
26,1,EI,10,39,1.8251297835293365,1.8338260712002534,14.996498167327527,3.349989187238389
26,1,EI,11,40,1.567088907249365,1.2805905337946255,2.4230765026031023,4.381269031489156
26,1,EI,11,41,1.7875564957386105,1.3094284766105035,9.43595471415852,4.1815824719845445
26,1,EI,11,42,1.421583631086809,1.932428696229961,14.80309807912923,2.9874322220904075
26,1,EI,12,43,2.159036985542009,1.2824261853143235,2.749593130723212,4.008193087436027
26,1,EI,12,44,1.8182643088496966,1.3291009658437658,13.702289497163187,4.1102418759760235
26,1,EI,12,45,1.3000555666004425,1.2447682976173295,7.370566730795549,4.143283254457452
26,1,EI,13,46,1.651538460987811,1.385283710190473,2.969210848844182,4.380614645785307
26,1,EI,13,47,1.5371972619292622,1.3167063625519786,12.812732464869347,4.160269391147422
26,1,EI,13,48,0.8179559315910365,1.0938495485391506,7.257322914628665,3.618297557012724
26,1,EI,14,49,1.670423266397259,1.302281519027471,2.67656098704441,4.38771481607306
26,1,EI,14,50,1.641130690444029,1.2691565186752407,9.845173675977787,4.201819291613185
26,1,EI,14,51,0.8301342957449751,1.2314339944503794,14.98099002995486,3.5967997526958118
26,1,EI,15,52,1.6507449313181026,1.3313062609220876,2.424754620857794,4.386912199869052
26,1,EI,15,53,1.1594808970369352,1.2395370969915485,14.853872817821756,3.9288690631692855
26,1,EI,15,54,1.8445369267012701,1.4600197523451417,9.386061972252604,4.113084802442211
26,1,EI,16,55,1.7154214007669029,1.3507643673262884,2.832942470785706,4.379131051510303
26,1,EI,16,56,1.5814062003462777,1.3076797286339281,9.918632158859005,4.205457321242227
26,1,EI,16,57,2.31959136482813,1.3891802052681284,14.958286179961911,3.4709314501756454
26,1,EI,17,58,1.6886949671218017,1.3410929453677567,2.7962608881391615,4.38546797046473
26,1,EI,17,59,1.6132892045302434,1.29157388429857,10.042656259736768,4.203194529111061
26,1,EI,17,60,0.798056425467762,1.0351019417526834,5.952602125470871,3.5803200093536067
26,1,EI,18,61,1.6230255199396026,1.3496450076214312,2.7839460503362132,4.390431621309993
26,1,EI,18,62,1.6429808505379802,1.3362459492124605,9.947103110520265,4.206095804329044
26,1,EI,18,63,0.9145866479549793,1.2158932240735463,14.906455647426576,3.685205529074694
26,1,EI,19,64,1.6560832975254072,1.362250145606997,2.6650188168863465,4.387137379885134
26,1,EI,19,65,1.5898280266746236,1.3026892618744625,10.192254991499784,4.2011970605334765
26,1,EI,19,66,2.583404915660418,-1.4948869703830607,11.233952930606362,-0.212539220633174
26,1,EI,20,67,1.6152486297866506,1.2794302375066846,2.7786933409395895,4.387567544798085
26,1,EI,20,68,1.6333084186747366,1.3241296499365016,9.909664809605973,4.207439387183069
26,1,EI,20,69,0.9180339867247853,1.3417240530808057,14.953914314208642,3.7114397855112338
26,1,EI,21,70,1.6201685106337438,1.3639942028215222,2.9127439403592703,4.38736755732304
26,1,EI,21,71,1.6515913915451077,1.2866157409221617,10.263929296496325,4.197665546716602
26,1,EI,21,72,0.9047223829376505,1.2191361519059272,14.90814506639148,3.6758536393017627
26,1,EI,22,73,1.6122860685605587,1.3167401883180858,2.611537911613693,4.391344196554617
26,1,EI,22,74,1.5944731333151032,1.2818104522661344,9.774545444765517,4.205528196507425
26,1,EI,22,75,0.9112822385754358,1.2370574943910082,14.93984778098354,3.689404961520445
26,1,EI,23,76,1.7033945269047304,1.3440951668119827,2.847947558438866,4.3822306776211075
26,1,EI,23,77,1.5812252278127525,1.27441663107084,10.203681855041356,4.196190849574754
26,1,EI,23,78,0.8210757180047692,1.1416062515733167,5.684921373298298,3.6998185402088164
26,1,EI,24,79,1.6785510259656675,1.3025414998356668,2.8053681563828494,4.386492585643924
26,1,EI,24,80,1.6213354957871027,1.2962359844071942,10.064338410597593,4.203449628447225
26,1,EI,24,81,0.9105642614183957,1.4170645841748302,14.955666869841913,3.6847463952147086
26,1,EI,25,82,1.6694017870766653,1.3425184926322058,2.856281878131397,4.38764524900056
26,1,EI,25,83,1.561190670777925,1.2862433503075024,10.034295073611036,4.199017656113285
26,1,EI,25,84,0.8572174238591126,1.0271069987857593,5.615035443928914,3.650749231486653
27,2,EI,0,0,-0.1223554543103047,-0.45528099805056854,12.21357188317361,0.7507596298390671
27,2,EI,0,1,-0.756510124241143,0.6003518408797888,10.928679341650108,1.6666540168363224
27,2,EI,0,2,-0.39781368882900303,-1.3069868043342614,4.125265549222666,-0.07017086983794907
27,2,EI,0,3,1.3568271765900897,0.46792981973149805,2.2517838873167366,3.444127279905535
27,2,EI,0,4,0.5167412652374896,0.842540545010821,6.342347314378648,3.013863270461253
27,2,EI,0,5,1.2662101000873731,1.8860258337278681,10.24628926982207,3.1474517080865465
27,2,EI,0,6,0.3635020012200576,-0.8446160059796568,5.190064022910425,1.1718025759627784
27,2,EI,0,7,0.8098535432295095,1.619232933252027,11.633683573147868,3.407141790005367
27,2,EI,0,8,0.08891384649965395,1.7347591377738847,7.064177371350947,2.386821585242486
27,2,EI,0,9,1.4925767933097336,-1.1247744204124417,1.5690488329356895,1.9382967795716612
27,2,EI,1,10,1.0879137166594464,0.9749552852492127,11.757945747891812,3.7080245215097296
27,2,EI,1,11,1.0815031993598834,0.9747124325522618,2.257569482215577,3.903079646368007
27,2,EI,1,12,0.7803765084465553,1.9534540697609324,7.1531232555872295,2.4640830544281207
27,2,EI,2,13,2.629309472749183,1.1247500964869679,0.6753486960718906,1.9433042745895834
27,2,EI,2,14,2.6134732465943125,1.1912550585973332,6.9609004848052525,2.7971910199177703
27,2,EI,2,15,2.633302321426558,1.250378669890999,13.12447176658008,2.6514871965120124
27,2,EI,3,16,1.0609959375210751,0.9671622505808362,0.13080513246401673,2.441845934857877
27,2,EI,3,17,1.0583991542892561,0.9481281861576618,9.1100711123366,3.69332705020389
27,2,EI,3,18,0.8260641124689578,1.6290998690506835,14.757550985999679,3.3746489826325927
27,2,EI,4,19,0.9794019650223715,1.182270315235129,3.2729663712695234,3.9751622639780124
27,2,EI,4,20,1.462686231424946,0.7976725689615503,10.377327769838681,3.756789356671497
27,2,EI,4,21,0.7447658512859827,1.727993192276423,14.65942079206289,3.0773978601689804
27,2,EI,5,22,0.7611889467410589,1.614292733371835,2.275171018672157,3.558627817219258
27,2,EI,5,23,2.1571313687160893,1.6292709753000922,2.281116644283064,3.7682890738311983
27,2,EI,5,24,-0.663423306314172,1.5835302057471274,2.2898420511843374,2.3552358392642914
27,2,EI,6,25,1.2682801561109542,1.0170174540547667,14.986948289074398,3.8572250136821706
27,2,EI,6,26,1.5389755455793028,1.2759611666848398,3.1587325731750924,4.374798985199635
27,2,EI,6,27,1.772822201858823,0.3995317005618264,9.007674422606788,3.236352397992073
27,2,EI,7,28,1.5706936588437515,1.2951180012424546,3.3144450863000543,4.37851412393404
27,2,EI,7,29,1.286321441024751,1.1664788420684395,14.936000113610486,3.9865754611938393
27,2,EI,7,30,0.6896810974589833,0.8428765175022344,8.628655664328624,3.173791898052569
27,2,EI,8,31,1.5477384250703858,1.1911339275782606,3.374113785277658,4.340851196065906
27,2,EI,8,32,1.4412894944525272,1.329217461555205,14.98067890728861,4.112193425807917
27,2,EI,8,33,1.471468551797361,0.4618333205135208,9.447379312656189,3.317507441093818
27,2,EI,9,34,1.525522524993724,1.3255452624579913,3.2298828586000705,4.375615258106904
27,2,EI,9,35,1.580035005168459,1.3525414955833241,14.907007994735679,4.142720421270791
27,2,EI,9,36,1.6919308460060796,0.5575624927000398,9.196469289691695,3.4704909432608853
27,2,EI,10,37,1.54752937464652,1.3208928195107683,3.2671268970052814,4.378545672604467
27,2,EI,10,38,1.5255940146586648,1.3974074442792173,14.906919622628223,4.124923829650654
27,2,EI,10,39,1.190412020182798,0.6918921267030824,9.234353616948438,3.4827764969684276
27,2,EI,11,40,1.5521348203151866,1.2873315160050343,3.417614026760913,4.372357670430522
27,2,EI,11,41,1.5885290200984383,1.394391082881596,14.993006390488624,4.133440217200349
27,2,EI,11,42,0.7789556290271209,1.1300872098213972,9.60212740700049,3.551315110220223
27,2,EI,12,43,1.5499199694644665,1.320787322257416,3.1866277427729126,4.380808101305737
27,2,EI,12,44,1.6268060640720967,1.3775166682839899,14.98858511273548,4.139022678510003
27,2,EI,12,45,0.8785380100772571,1.101249633631753,9.498361339179162,3.645801531404626
27,2,EI,13,46,1.522060857369497,1.2917293623806079,3.2556198431889487,4.372024153592494
27,2,EI,13,47,1.6567233803324628,1.37193485444726,14.982985819848432,4.138713708634279
27,2,EI,13,48,0.8913531629223905,1.0847015892946077,9.609832184283029,3.6449500307456164
27,2,EI,14,49,1.5503274809432042,1.3039088177253504,3.233075602073285,4.378912091830672
27,2,EI,14,50,1.4597994214864185,1.363327614262209,14.989330332317119,4.1153149866421845
27,2,EI,14,51,1.7544979385569914,0.6870133313782478,9.240551138020923,3.6327315818190105
27,2,EI,15,52,1.5338226435070719,1.2964520976580323,3.215449042572936,4.375858058212376
27,2,EI,15,53,1.6254704667035829,1.3584989606631428,14.986731811298979,4.142720336173172
27,2,EI,15,54,0.9663517429905628,1.010666424148885,9.48176643942582,3.660750598247004
27,2,EI,16,55,1.5194507150122067,1.3076857788931955,3.100118317825286,4.376593920948283
27,2,EI,16,56,1.5656478842399602,1.4280482938736219,14.922630955509204,4.118575182407523
27,2,EI,16,57,1.5121104578188875,0.7364867600664331,9.382443443755296,3.706516844723541
27,2,EI,17,58,1.536384198791442,1.2946300116293599,3.2938663242724893,4.374180079383086
27,2,EI,17,59,1.5437391941792717,1.309386892373046,14.833578769674837,4.1401415784471265
27,2,EI,17,60,1.8785186535918368,0.7270375533273699,9.088447045443473,3.6296146979671393
27,2,EI,18,61,1.5924534788241038,1.3258772100918117,3.324442614572799,4.381829377620679
27,2,EI,18,62,1.5555908070197595,1.365536770457222,14.95483540220225,4.137636083536352
27,2,EI,18,63,1.1667508538510485,0.8415461628638399,9.173371356914163,3.6615157160175325
27,2,EI,19,64,1.5671841557223942,1.2868323345700663,3.278408668259775,4.377900602918543
27,2,EI,19,65,1.5093095020370342,1.2804654817084478,14.994835684691008,4.1283435194367915
27,2,EI,19,66,0.9226378022277739,1.0702277834488707,8.95513831258057,3.678776937818734
27,2,EI,20,67,1.5133972489884644,1.3326523077227557,3.438105828906519,4.367455671046706
27,2,EI,20,68,1.5804263833552126,1.2860053964909532,14.982200875530117,4.140625398320013
27,2,EI,20,69,0.8672587459431627,1.1880097659526463,9.71443662634561,3.6853000259525426
27,2,EI,21,70,1.571724292354785,1.3027429243352517,3.1715165835571657,4.382879309858065
27,2,EI,21,71,1.5964755403277358,1.4075602770497273,14.901364023723993,4.130132753537332
27,2,EI,21,72,0.9685429815725115,1.1274814297247167,9.496171433273112,3.761298008654018
27,2,EI,22,73,1.5440436936901314,1.2837691729424359,3.3879054451268766,4.37138411768237
27,2,EI,22,74,1.5872224549948468,1.306695249701023,14.94317434544752,4.143927961019985
27,2,EI,22,75,0.906819225539778,1.2392950272816043,9.463813978483476,3.7549757227851575
27,2,EI,23,76,1.5223310866303095,1.267061879874816,3.342054465503397,4.365309243066951
27,2,EI,23,77,1.492955524387606,1.3686837720543465,14.992363521207963,4.124141515331057
27,2,EI,23,78,1.7959282485029524,0.8176128393092328,9.529161807217402,3.7848102303888167
27,2,EI,24,79,1.6127577391713732,1.3382087836562682,3.205696382278025,4.385065518427036
27,2,EI,24,80,1.598423687852617,1.3455595608112736,14.777059324750285,4.145831140132551
27,2,EI,24,81,0.9893889608757283,1.1418265645539556,9.218233894931952,3.7972218726598617
27,2,EI,25,82,1.5987765484931717,1.2801980240195836,3.369257135369351,4.376841792575581
27,2,EI,25,83,1.5475656945130711,1.3622577545545704,14.937503375910005,4.137205602840899
27,2,EI,25,84,0.9977142201618627,1.0930830810965433,9.09793012999601,3.7726548755216163
28,3,EI,0,0,-0.7799290623842758,-0.671163226913651,12.019315703630747,0.4155254796193949
28,3,EI,0,1,1.0755395287725422,-1.1705497521586028,6.497470976606871,1.618186424861741
28,3,EI,0,2,0.6902147011522968,-0.940913798770225,11.01892269398681,1.3679095707167146
28,3,EI,0,3,-0.6752076615537155,-0.13070133326518274,7.751585999137834,0.8354990575388201
28,3,EI,0,4,0.5092569122877824,0.5537950000334924,11.06782897159511,2.521134102916817
28,3,EI,0,5,2.4735707313225004,-0.5052959268792299,9.728559558990296,1.357485212962346
28,3,EI,0,6,1.501759179556371,-0.4754773784562951,0.023349762549033728,1.1252207897384325
28,3,EI,0,7,2.5378210468020845,-0.45559571944093524,4.710476044513018,1.3367871894460186
28,3,EI,0,8,2.232324270253552,0.5480702896181784,7.0701736680622895,3.0102610659693836
28,3,EI,0,9,1.789736185057627,-1.3937889731813509,10.604769469738697,1.3638454560205804
28,3,EI,1,10,2.633803183354803,0.6498470177067888,5.708324973204612,2.185351555124796
28,3,EI,1,11,2.614235101198846,0.6494909917174958,13.994887423540671,2.0993409024018588
28,3,EI,1,12,2.609613773860102,0.6359543467917219,0.08710665306670858,0.8880402223367848
28,3,EI,2,13,0.7909383509542729,0.5474460255980365,6.258418686474973,2.954125396188923
28,3,EI,2,14,-0.6527124663924653,0.5473337152556641,1.996277367683238,1.741489201375673
28,3,EI,2,15,-0.27254968434400084,0.5474448804515828,11.894145943671276,1.6776058748586729
28,3,EI,3,16,1.570272569476011,0.48652913336539694,8.31220052973476,3.393559426545613
28,3,EI,3,17,2.166363260309554,0.3716745479005443,14.464468527625566,2.7627614041825144
28,3,EI,3,18,0.51666951750727,0.4835536310469215,2.81840336633864,2.635294457741602
28,3,EI,4,19,2.2732514820257275,0.49902860234349555,8.322443192256195,2.839275962881531
28,3,EI,4,20,0.2729231719261982,0.4667222999295655,8.304583869869711,2.1574927902974728
28,3,EI,4,21,-1.0494745471346896,1.21137755017027,8.363166983774184,2.5823824222258738
28,3,EI,5,22,1.50192231653398,1.6400630338642848,6.7244992547124856,4.004321094544995
28,3,EI,5,23,1.4214371236364713,1.5437770133955904,12.939099724130495,4.008585791927596
28,3,EI,5,24,1.5753055762090056,0.6553086926415941,9.361525706676709,3.6068046341641358
28,3,EI,6,25,1.5178538114168223,1.5353550590104166,9.003520460261377,4.105373348345623
28,3,EI,6,26,1.4616614464881312,1.330989603514757,14.980608189046766,4.119174555889883
28,3,EI,6,27,1.0131907001355205,1.9006747804453727,3.40179049141773,3.057255950027158
28,3,EI,7,28,1.7097995623085445,1.5477972534922761,8.653488753374182,4.099397982992182
28,3,EI,7,29,1.4612241913066022,1.4996346660718811,14.943865654171951,4.046888173933404
28,3,EI,7,30,1.4103946519917545,0.19667234373553955,14.833539874982295,2.8848343635008122
28,3,EI,8,31,1.6499464655048883,1.341823361838137,8.284653297659652,4.236251072367171
28,3,EI,8,32,1.401757260930942,1.3165548336175674,14.839801752310033,4.097549047811253
28,3,EI,8,33,-1.0988175979364,1.9865586013125842,11.495491837516523,1.2500141657934833
28,3,EI,9,34,1.578526044354264,1.2937938352047293,7.3562181380310445,4.255195020265257
28,3,EI,9,35,1.4786161117444636,1.3201183959088145,14.93575757714483,4.124859074624986
28,3,EI,9,36,1.0458308667471932,1.2505576295169978,1.249836588348518,3.8278221033545874
28,3,EI,10,37,1.586759011598184,1.2304340609878817,6.959859905874401,4.249833851280775
28,3,EI,10,38,1.5109010781370071,1.2557762585142913,14.976598986499468,4.1232306162885495
28,3,EI,10,39,1.1280797856632327,1.2643962191241096,0.5210451433425257,2.9967987198296155
28,3,EI,11,40,0.5655830134051729,1.2516633571028501,3.3172244138959144,3.5220653716824932
28,3,EI,11,41,1.6012811835058631,1.249739140250182,8.537775476057972,4.221075734807872
28,3,EI,11,42,1.5434151563592646,1.7308107931804035,14.96223550953545,3.6922459439136244
28,3,EI,12,43,0.872123467322641,1.1739913891893052,0.2466987381765863,2.422969615578308
28,3,EI,12,44,1.6724172879425208,1.490833688026397,6.055291424166567,4.225196677186136
28,3,EI,12,45,1.4821454345593974,1.2585421473645662,13.899189946140533,4.126984030137484
28,3,EI,13,46,1.4377250614318102,1.174829899776943,3.190264709236504,4.307875135928684
28,3,EI,13,47,1.380958295439064,1.279656571011139,14.00340584993925,4.092086934652487
28,3,EI,13,48,2.0530800670738563,1.8606874502049844,8.496637536103098,3.1574810051957907
28,3,EI,14,49,1.2658240744711615,1.2589036198548027,2.593321325856047,4.258353595248115
28,3,EI,14,50,1.5090626184601938,1.2793299509340441,10.231077123768896,4.185366085066698
28,3,EI,14,51,2.4644299366552103,1.7663525410346894,5.551494071670914,2.766452565637623
28,3,EI,15,52,1.3171867387759368,1.179283583971655,2.696952738069423,4.25868391484372
28,3,EI,15,53,1.5513302718490158,1.359936856440512,9.849862868813727,4.201120334295722
28,3,EI,15,54,1.7618509120171164,0.4920578978860233,14.86052657052995,3.2885123080181833
28,3,EI,16,55,1.6894178287477555,1.220152214365465,5.7401718548263085,4.275491785659163
28,3,EI,16,56,1.488066080738078,1.2928530790811106,14.750767414335767,4.1271656379473916
28,3,EI,16,57,0.6099060468154649,1.528556374226007,1.4854320354878434,3.357527225971979
28,3,EI,17,58,1.3193784630921184,1.1956135973325086,2.9866430112579416,4.2661392673814404
28,3,EI,17,59,1.5881596245096432,1.2944419350526988,10.08393709342382,4.201936059354506
28,3,EI,17,60,0.5587455349444155,1.288318077955895,14.997233859539811,3.2840790085134444
28,3,EI,18,61,1.3086704864262337,1.234141431996016,2.7746269466358355,4.278184538456074
28,3,EI,18,62,1.5624751392144907,1.2989491180675516,9.991213295455585,4.201568459489876
28,3,EI,18,63,0.6127891886729355,1.0273577563653582,14.957651118725279,3.1986762184134108
28,3,EI,19,64,1.6459184481237004,1.2343155122129343,6.237624472722272,4.271027477486275
28,3,EI,19,65,1.4376281997054199,1.2351933724763655,14.677891602451977,4.097538226137159
28,3,EI,19,66,0.572608310842945,1.2488628241536825,1.9253212823617023,3.4998251226289003
28,3,EI,20,67,1.6784304975255555,1.2594119540825264,6.6236036191494705,4.264751712757571
28,3,EI,20,68,1.4612722433782572,1.280097066756281,14.797809737359245,4.1166844598674555
28,3,EI,20,69,0.7001416129616189,1.4204123844619847,1.9173327284457409,3.6466332386267983
28,3,EI,21,70,1.3327205259120931,1.2633138158335724,2.6927918102784387,4.300923328826141
28,3,EI,21,71,1.5476951467007245,1.2638454966704464,10.151078242148035,4.190738038222682
28,3,EI,21,72,-1.079400807006672,1.4706504763820427,5.614927333601284,2.6647142962875785
28,3,EI,22,73,1.4215410856249542,1.3208764121321783,3.0180729062957914,4.348574028805177
28,3,EI,22,74,1.570186124544644,1.2828023077772475,10.301242586143164,4.195198437158404
28,3,EI,22,75,0.5740855189484788,1.529844679622196,14.956672198148729,3.204719669775219
28,3,EI,23,76,1.473653232574101,1.2677501500575676,3.057132830207895,4.3595847850498775
28,3,EI,23,77,1.4943315396431318,1.3125837227337018,10.682314537221085,4.178731398818575
28,3,EI,23,78,1.854425838285322,0.45872798855726926,14.839131558216756,3.2003563825703316
28,3,EI,24,79,1.4763050977585994,1.315881385241961,3.117906298903979,4.365721783566488
28,3,EI,24,80,1.5652176104467919,1.332733946166941,10.447943859529309,4.195876354623664
28,3,EI,24,81,1.79044813897728,0.482741090207786,14.923872832886984,3.2643232861507876
28,3,EI,25,82,1.503668696447647,1.3500237352400823,3.0845087398071005,4.372543869159482
28,3,EI,25,83,1.5528341541116122,1.2921512488007387,10.888280576999707,4.185601644908617
28,3,EI,25,84,1.7302392362410588,0.4111759368468546,6.66001135543871,3.318410675863229
29,4,EI,0,0,2.4242006665239377,0.28964643485026564,14.643679341909854,2.144763429957022
29,4,EI,0,1,-0.7979157787021347,0.6257454119826038,5.647922279074711,1.831659516477525
29,4,EI,0,2,1.8967048105059616,-0.8891526434959004,13.074657477540658,1.9881510235312032
29,4,EI,0,3,0.9327090146531924,1.6577527790059592,7.157825704064256,3.557458546444625
29,4,EI,0,4,0.5087645898748168,1.2613135114051532,14.762310845966889,3.2183561270813117
29,4,EI,0,5,0.28166528714212635,1.8912650426068223,13.935466790093527,2.003163141883807
29,4,EI,0,6,-0.4359628070074767,0.6309806589559166,10.573266318725572,1.7269885026245202
29,4,EI,0,7,2.4232573489056977,0.8298009593801368,2.001802936019945,3.08604319725342
29,4,EI,0,8,0.7605312166609444,0.22766941884640213,7.50389261404184,2.4641273578241396
29,4,EI,0,9,2.482222003190257,-0.2752191006221083,3.3573434305264613,1.6605450926386305
29,4,EI,1,10,2.000197114769294,1.6574764158150699,6.967170176575253,3.7987193172066664
29,4,EI,1,11,-0.3778453337150991,1.6566927108341116,6.993304255653172,2.177918130940435
29,4,EI,1,12,1.1211351039631055,1.6571852604161168,13.470240218026367,3.637647275605528
29,4,EI,2,13,1.4831740617160558,1.534190236438302,0.1728311556401759,2.8215882510021277
29,4,EI,2,14,1.541153731776808,1.543217043744657,7.179925583469291,4.140585817819785
29,4,EI,2,15,1.5846290467317434,1.551751578583957,13.942022124422287,4.0280051974609
29,4,EI,3,16,1.5828014430381998,1.546903913687684,10.436175573230738,4.07748761146185
29,4,EI,3,17,1.6051707971989106,1.5466267054367702,0.00441942270852729,2.827017046800492
29,4,EI,3,18,0.363749531744874,1.5474049967678214,5.704528615281148,3.0820901677898425
29,4,EI,4,19,1.5249912455783732,1.3179281266362688,7.6159569596650964,4.243267295605493
29,4,EI,4,20,1.584170938094478,1.4370689650292099,14.997209096189813,4.1150683202505665
29,4,EI,4,21,2.6332157911805285,1.2496444307130479,2.620207786724959,2.8791351347239145
29,4,EI,5,22,1.507545667212681,1.2640048355389641,8.203777467599421,4.218970483223936
29,4,EI,5,23,1.8008940950421874,1.7308046104988875,14.957119246330993,3.658971755807954
29,4,EI,5,24,1.0128088774872714,0.7802095969981906,14.721825936559636,3.3717547376855252
29,4,EI,6,25,1.5020972814665283,1.376301350651545,8.16158825226199,4.220268302428955
29,4,EI,6,26,0.9610507638187586,1.0854359612081335,14.842294793141516,3.653784064738348
29,4,EI,6,27,2.2625725384732225,1.5033360025502525,14.658658770790325,3.518752884747461
29,4,EI,7,28,1.5301564576010955,1.3497570285797171,8.457531280114196,4.224688750764849
29,4,EI,7,29,0.9050725554067243,1.1008366951581903,14.90874473189505,3.605829998144198
29,4,EI,7,30,2.304669807532015,1.3300554020204092,14.90140016037356,3.5109592552083244
29,4,EI,8,31,1.4987364395710077,1.3662663140133988,7.8484061171299135,4.228357369040125
29,4,EI,8,32,1.9099190024862525,1.296736818115789,14.980690017113043,4.040139200090753
29,4,EI,8,33,1.6600514877698158,0.7676603148301702,2.0123328290713287,3.904052561281846
29,4,EI,9,34,1.4812370066321154,1.3011808630503197,7.730196780621251,4.228916424141966
29,4,EI,9,35,1.8770784144796187,1.307913632539385,14.928698666611638,4.064382254517291
29,4,EI,9,36,1.43370900306929,0.7457633814177522,1.587478885598541,3.7635708017023544
29,4,EI,10,37,1.609919517418707,1.2638244056997365,6.961463512514127,4.261056255752825
29,4,EI,10,38,1.5590325376038918,1.2029784078545944,14.864101514394111,4.113300220332173
29,4,EI,10,39,1.6968397311084282,0.6314780196081609,1.538723238059957,3.6222536280795286
29,4,EI,11,40,1.6247871731926442,1.22200942606522,5.9751552763514155,4.274892755015087
29,4,EI,11,41,1.6032066742928834,1.3130291376227072,14.449840800841256,4.149759465430404
29,4,EI,11,42,1.5975160310150422,0.6286017185522348,0.25659490421085707,2.306684065606955
29,4,EI,12,43,1.1622595126824096,0.48173680733142765,3.4436196400089303,3.330652378572222
29,4,EI,12,44,1.5918848311992808,1.2088001596062177,6.362208069588962,4.257442743680236
29,4,EI,12,45,1.6320250643132908,1.335652494489271,14.298742353699833,4.151283021251309
29,4,EI,13,46,1.5140270432718244,1.3627881409905136,5.247979910338122,4.303897663739388
29,4,EI,13,47,1.6093064473386227,1.2858559883675311,14.838988555755787,4.1433944163383405
29,4,EI,13,48,1.4293348297468556,0.5825516728647635,2.244574925109256,3.6345293235674365
29,4,EI,14,49,1.3826887268067916,1.3506658338711652,4.498669853985245,4.285171144507019
29,4,EI,14,50,1.5729169582136997,1.3711558370921897,13.125147752778242,4.15702129280402
29,4,EI,14,51,1.99473200404519,0.7787309930378674,8.337804854251562,3.618200185364775
29,4,EI,15,52,1.4605605743231052,1.296399392846432,5.7097511996952015,4.275974588574638
29,4,EI,15,53,1.57760421859256,1.342381566850876,14.006177532195991,4.1521877936617395
29,4,EI,15,54,1.8485915481285842,1.9690036571505338,9.4058955373794,2.870346744759592
29,4,EI,16,55,1.3891251411130106,1.3001832869503898,3.0047477363772295,4.333610261739205
29,4,EI,16,56,1.438503010986055,1.3599688209999545,10.678095547276081,4.1587686810327575
29,4,EI,16,57,1.9070265191778115,1.9944040480568979,4.273521874689274,2.8461802576446775
29,4,EI,17,58,1.3058244524857106,1.210282320139648,3.2377865287663656,4.259915280675808
29,4,EI,17,59,1.6244508875377783,1.3449336004100436,10.439214439458654,4.198290105675564
29,4,EI,17,60,2.5116410368749658,1.158080164527865,6.987636919428501,3.084151344313117
29,4,EI,18,61,1.5960714411398547,1.2038802897339513,2.6920897534000203,4.362541788713003
29,4,EI,18,62,1.6659818205653232,1.348412498243854,10.110948741356536,4.200583924105662
29,4,EI,18,63,-1.0440907810215743,-0.5388237711020103,14.92284452045781,0.6642018365630542
29,4,EI,19,64,1.587163600122543,1.1878314515938762,2.6037022213754155,4.353746195001698
29,4,EI,19,65,1.6332614501285323,1.3375208909578151,10.244038362601852,4.201662503466345
29,4,EI,19,66,-1.0835853386366123,-1.4946269263061394,3.676316433493502,-0.27271995098402013
29,4,EI,20,67,1.5354308454352816,1.1934894612908398,3.186293437862772,4.344688619938321
29,4,EI,20,68,1.623489221532986,1.3372405250623052,11.117135106063278,4.18882081894349
29,4,EI,20,69,0.6264285294932981,1.5382832119450747,7.3007673153289705,3.3752515869395157
29,4,EI,21,70,1.56453514511264,1.2016756037353984,2.978921923945309,4.35683867406571
29,4,EI,21,71,1.6518044521200865,1.3224617521002373,10.437777076746237,4.197942123474428
29,4,EI,21,72,0.5891757309262977,1.391737870422757,6.827558837876136,3.441766759618416
29,4,EI,22,73,1.5868310194699795,1.2077807689783455,3.0135489062258127,4.361152939266493
29,4,EI,22,74,1.6353686623055244,1.3198368021410944,11.06529557094003,4.18953891436076
29,4,EI,22,75,2.4361867182742105,-1.492247212026499,8.06571902967124,0.26099689805067694
29,4,EI,23,76,1.5513760355199668,1.1995538560793042,2.8290502781834546,4.355803520939626
29,4,EI,23,77,1.6238691073400955,1.3292337075918281,10.294077320227055,4.201402231075258
29,4,EI,23,78,0.590682629233384,1.426683428748389,6.742977606034789,3.4322471213075483
29,4,EI,24,79,1.5866987220986823,1.216601791664579,2.987474152897698,4.365357925706992
29,4,EI,24,80,1.5864253232042835,1.3402452499871051,11.174644869311054,4.18675457625635
29,4,EI,24,81,0.6064731239036945,1.3097719842921234,6.909324542326748,3.4706052057529098
29,4,EI,25,82,1.586855472643537,1.199506178924303,3.0081072692691455,4.357438155695778
29,4,EI,25,83,1.6087215553910186,1.3394925862997789,10.20480355254691,4.202332941406127
29,4,EI,25,84,0.7561972484317538,1.280984054878615,14.945495676271834,3.524621012947022
30,5,EI,0,0,1.9082959260364856,1.3277927640777283,7.730368090071089,4.147777031524758
30,5,EI,0,1,-0.03196024261061492,-1.3112425416642024,5.751149842901988,0.13346677509308824
30,5,EI,0,2,0.42646436865453485,-1.341536821341442,0.7323169031967938,-0.10638336565326356
30,5,EI,0,3,2.633921141998172,0.7832918905579569,3.5184185148456892,2.4374909028247727
30,5,EI,0,4,0.5253990026653557,1.9096516764073939,13.465266444020124,2.23638250759352
30,5,EI,0,5,2.054891387543865,-0.12658367482827648,7.395852257957408,2.465911149921589
30,5,EI,0,6,1.4287881077926938,-1.2871905046468037,8.334386157693931,1.6218961567787782
30,5,EI,0,7,-0.08558535387101074,1.5787791066722274,0.9641523452455529,2.1529882250208736
30,5,EI,0,8,1.438101388900841,1.5453097581462618,3.4105505588884606,4.227399987146568
30,5,EI,0,9,2.2462900706905886,1.5526841380851724,0.27873974783549105,2.306374101545779
30,5,EI,1,10,1.508722895543805,1.5354750669897754,6.937236309066756,4.148830130833562
30,5,EI,1,11,1.2774074258667882,1.5849606907534342,0.7498691994132679,3.3430456588810458
30,5,EI,1,12,1.6915325323398398,1.4467240420816894,13.088825792428521,4.124029547079211
30,5,EI,2,13,1.4358255923207377,1.5448495684517343,2.2873080273646966,4.229941894133584
30,5,EI,2,14,1.9070864619522738,1.327678155595986,11.073939449705891,4.088321988307731
30,5,EI,2,15,2.3312408260609323,-1.113751513625634,1.8182964715658532,1.3365262140356315
30,5,EI,3,16,1.133667945691665,1.524684977196872,8.557459835304016,3.9117481002361654
30,5,EI,3,17,1.1801384625747495,1.518942199265414,1.0043991788107527,3.6747703541128587
30,5,EI,3,18,1.7823871488780205,1.3887816568890048,14.96075614064136,4.104719836719233
30,5,EI,4,19,1.4788920776872154,1.3733139753821373,1.9132741693819169,4.32505129924317
30,5,EI,4,20,1.3883974565180424,1.3721420658384642,9.348536073996113,4.157530700326731
30,5,EI,4,21,0.5909340785301771,1.3842648769861343,14.812751892692985,3.3207436530831584
30,5,EI,5,22,1.692323685111655,1.3666773652428348,0.8742537360297908,3.7946440191151787
30,5,EI,5,23,1.222241386875321,1.5466578574044747,14.490616453150944,3.875306129566971
30,5,EI,5,24,1.9279992616451387,1.364157800526101,8.483192717242366,4.113186442583942
30,5,EI,6,25,1.3928744774193724,1.0876645700659888,2.1376989217179343,4.218189304173453
30,5,EI,6,26,1.4596016519278647,0.9496006858593753,9.88064559916097,3.9463760576215625
30,5,EI,6,27,2.226736289866199,1.6001305296801087,14.528571150093907,3.469254712693283
30,5,EI,7,28,1.4557890182336588,1.223986665918265,1.2229511451284825,4.077863130803721
30,5,EI,7,29,1.7222631359394711,1.83483663384211,14.840964218492667,3.3864305263868992
30,5,EI,7,30,1.140599849909743,0.8461298393776815,8.677707487788293,3.6551558393913552
30,5,EI,8,31,1.5007840566492612,1.3451701455239258,2.892507954951325,4.375234112732909
30,5,EI,8,32,1.5011888261050133,1.1186541397493883,14.212387578682847,4.058472789592486
30,5,EI,8,33,2.2186972296751653,1.447381736351001,8.483274533208172,3.72372262059425
30,5,EI,9,34,1.5040093775303065,1.3291961804206842,2.6606448051508584,4.377745306032313
30,5,EI,9,35,1.6210290295180014,1.343771068238837,13.88298618650964,4.155123936304129
30,5,EI,9,36,2.220309329198066,1.01188150466945,7.890974607504065,3.597638053152947
30,5,EI,10,37,1.5090158244523906,1.3410919814972941,2.7222589258091885,4.378520078744952
30,5,EI,10,38,1.6618140544902977,1.3355956615374516,10.701012687014247,4.192816014632435
30,5,EI,10,39,0.8364610561451973,1.2356775783735854,14.55721441244258,3.609464528023306
30,5,EI,11,40,1.4694646960453732,1.3351255835769278,2.485095564290403,4.365868534649309
30,5,EI,11,41,1.642579127601906,1.3229264203516147,10.421742694798265,4.198803685143659
30,5,EI,11,42,0.8623346996565482,1.1254523794425926,14.974322659933314,3.576166770910125
30,5,EI,12,43,1.5311667161618896,1.3434325636727005,2.588427981032813,4.382322724734172
30,5,EI,12,44,1.6893188836214068,1.2964892784392479,10.484411958295762,4.1910504746765955
30,5,EI,12,45,0.9083476140345308,1.3866538428804747,14.871390472877843,3.6938678827623175
30,5,EI,13,46,1.5499016176487932,1.3042024087332127,2.705669512819959,4.385977720608733
30,5,EI,13,47,1.5526361143229366,1.32261538361551,10.729080258698387,4.190124653329577
30,5,EI,13,48,2.287743201851484,1.0236662977782824,14.734175495540102,3.3868579228059312
30,5,EI,14,49,1.524331660531557,1.3278937444965075,2.5973329798359948,4.381822909602735
30,5,EI,14,50,1.6602371446293338,1.376099672304914,10.522118213466012,4.190116804402438
30,5,EI,14,51,0.9039106986430014,1.3851916556592125,14.75584870803489,3.6905282514963687
30,5,EI,15,52,1.548860131471257,1.3161900250849197,2.8371010432526274,4.38608767426369
30,5,EI,15,53,1.6338106547359477,1.2994616617566042,13.772497075272895,4.155435362623669
30,5,EI,15,54,2.226634398852823,1.3442531320735354,7.903120352812076,3.756182410009086
30,5,EI,16,55,1.550527198442405,1.337540533766525,2.825007723483994,4.38622407358829
30,5,EI,16,56,1.688438929081499,1.3238446682454694,10.711775001914082,4.189420429416718
30,5,EI,16,57,0.9551136066711239,1.2678056483479883,14.986417967243842,3.7443795380320877
30,5,EI,17,58,1.5059721299732534,1.2997369409623625,2.7257902707095796,4.377070902118628
30,5,EI,17,59,1.5886278846256525,1.34526904028895,10.708329499844933,4.193261281883211
30,5,EI,17,60,0.8617953299502288,1.2365951523220589,14.900289404668683,3.6351536237414965
30,5,EI,18,61,1.5296283741459096,1.29120396769118,2.6399925158660893,4.380869491225489
30,5,EI,18,62,1.6263247087147592,1.2918963115369468,10.753482939669082,4.192132462985551
30,5,EI,18,63,0.9213891790670488,1.3064028913958023,14.99150888350795,3.714615976206428
30,5,EI,19,64,1.5313122964647912,1.3225863743182087,2.6113599254984545,4.38331398057353
30,5,EI,19,65,1.6209556306074613,1.2950205169320341,10.622224528404677,4.1945680192206956
30,5,EI,19,66,0.9223614318644193,1.2241303274206805,14.942425701706442,3.6965613588431494
30,5,EI,20,67,1.4807480384797431,1.3313837638273918,2.7366532166936794,4.37163735540377
30,5,EI,20,68,1.6639141293695192,1.315288675101125,10.687953417037088,4.19286200432148
30,5,EI,20,69,0.9794329709435328,1.323724176145292,14.913573280261257,3.776796259442121
30,5,EI,21,70,1.5576661903933098,1.3177741841866024,2.5544208682554967,4.386780192978794
30,5,EI,21,71,1.6890118798900207,1.3591286168410104,10.60632682871031,4.1883328893724405
30,5,EI,21,72,1.02096320050648,1.3397737173029465,14.959615652918918,3.817405119043961
30,5,EI,22,73,1.499400828392874,1.349549811682281,2.593560819693756,4.374835619043452
30,5,EI,22,74,1.6430586616739102,1.3253336069325288,10.544522580128987,4.19689590695296
30,5,EI,22,75,0.983088779322439,1.3326444444622947,14.956213586916878,3.7799964294374595
30,5,EI,23,76,1.5590811256033077,1.3271257096076843,2.7634493354004857,4.3880529474620324
30,5,EI,23,77,1.6174928435960276,1.2886215244589598,10.839072778580778,4.190480816625465
30,5,EI,23,78,0.7909552351981304,1.4025180803375483,2.305467749572726,3.7941731264465033
30,5,EI,24,79,1.5464536354647005,1.3251055544325694,2.5163825613299133,4.384681794873936
30,5,EI,24,80,1.644615561122599,1.2921149100309832,10.511411660857194,4.195090759652438
30,5,EI,24,81,0.9912040478208581,1.3721818737097773,14.744559405899922,3.785356996392159
30,5,EI,25,82,1.5503192373977241,1.327992455120163,2.6727342440515285,4.3868314135826125
30,5,EI,25,83,1.6429253577743794,1.3242196182836352,10.710305640419051,4.194403849679974
30,5,EI,25,84,1.0009413231004056,1.3813624989967201,14.982148143257136,3.7908028696392764
31,6,EI,0,0,0.9111201814506518,-0.2985519556533154,5.536639529690879,2.180301218433196
31,6,EI,0,1,0.29949441300191637,1.9560574656526333,9.491711332834583,1.8122086039966219
31,6,EI,0,2,1.4199485282952926,-0.34512790615089584,10.19908499979917,2.4403360411409847
31,6,EI,0,3,-0.6404522350465709,-1.3189476880567867,12.753020010784997,-0.3325645427926973
31,6,EI,0,4,-1.0667563747140807,1.9256864676485383,12.405218384259985,1.473939001710935
31,6,EI,0,5,1.83433335500265,-1.3317077954910872,3.112381553838414,1.668307042049719
31,6,EI,0,6,2.075947863402807,0.013731840792607697,9.412391537612404,2.53137578285416
31,6,EI,0,7,-0.6430306756434283,-0.8478228846275967,7.459521423209364,0.3439118912295931
31,6,EI,0,8,1.7381265975850662,0.38950021520552625,1.6040942984570679,3.300511306741468
31,6,EI,0,9,2.1369373754100915,-1.0111938164904783,6.595426704926833,1.7372012220477613
31,6,EI,1,10,1.4997533996777794,0.8898320647957698,0.6117071283359166,3.076696393665657
31,6,EI,1,11,1.4906899472850812,0.8921787876652143,7.430644503187159,3.9392069844066917
31,6,EI,1,12,1.502517923733579,0.9075166445626337,14.237200019987048,3.855436484003378
31,6,EI,2,13,1.4866838262625288,0.9062006025286231,10.531205478916075,3.895221690444249
31,6,EI,2,14,1.4930737890608436,0.6994097668757426,4.174120734672338,3.790611727236171
31,6,EI,2,15,2.0929852358325998,1.9691707817540824,14.97489775371875,2.574176383532914
31,6,EI,3,16,1.3773350945596698,0.7472927132581302,8.763553331776862,3.684509090560601
31,6,EI,3,17,0.8333117246855484,0.6759218084457737,14.994575419174488,3.0377134488161843
31,6,EI,3,18,1.634770189375958,0.6541883545737486,2.2236211099658054,3.7695439850114933
31,6,EI,4,19,2.629208248201032,0.8854443454737004,7.284204574628553,2.4643979496951762
31,6,EI,4,20,2.3690519601729205,1.0640405610334138,14.028460626473576,3.260055082189383
31,6,EI,4,21,1.1746080238642227,1.0073192823113843,9.887120423077944,3.842312362490718
31,6,EI,5,22,1.5163692368904202,1.1036896612326386,14.750519772627946,4.04577517109091
31,6,EI,5,23,1.527768515937935,0.9561264023445148,8.00445339881209,4.007191115471219
31,6,EI,5,24,1.751146831287934,0.6266862174109975,1.4512882507215816,3.571498821031427
31,6,EI,6,25,1.509645488376282,1.1522998717311084,12.109457225709738,4.106451754116802
31,6,EI,6,26,1.6334052138186532,0.7631205854796734,5.467325668562856,3.84867896822084
31,6,EI,6,27,0.736453102563208,0.370378423859526,0.2324054310120327,1.3106322100345258
31,6,EI,7,28,1.4455265130214716,1.167707999149839,11.867002228910453,4.099911620454145
31,6,EI,7,29,1.5784514809686767,0.8017821015469413,4.8169639298359295,3.919128249257042
31,6,EI,7,30,2.5295795806821015,-0.1353730353794722,14.922446749518942,1.4058382996421512
31,6,EI,8,31,1.4772710860383573,1.1521575458926092,12.100285918769218,4.097965073027867
31,6,EI,8,32,1.5899676830054017,0.813451913733064,5.122983502346184,3.924614336977116
31,6,EI,8,33,2.6293442437361962,1.5782392650464634,14.915646152157075,2.4980081531605927
31,6,EI,9,34,1.5003644556917268,1.1566928305919184,11.917074931720311,4.109365891306915
31,6,EI,9,35,1.5875616843333349,0.7800631818152968,5.013654828906486,3.8850151241088793
31,6,EI,9,36,0.3066310016910563,1.0141645691924506,14.810024126381636,2.8075977541683628
31,6,EI,10,37,1.5523072023860722,1.4207882379515966,8.426022426315159,4.209487972125623
31,6,EI,10,38,2.0791257409671164,0.9756400027151964,2.335081939806291,3.907601780092712
31,6,EI,10,39,1.0527984704743432,1.2186865892116767,14.946343259579471,3.826204108165905
31,6,EI,11,40,1.5566703002013198,1.3387682684500168,8.447339158277552,4.230105042694527
31,6,EI,11,41,2.0043584290834797,0.8047218650725974,2.296387524622304,3.788844867218253
31,6,EI,11,42,1.0156744783745064,1.180031190829979,14.939036276370967,3.7721554740414356
31,6,EI,12,43,1.6212379487692816,1.3702630224196048,7.910355915765687,4.2415389906744005
31,6,EI,12,44,1.6084617310831142,1.040331184115875,14.922905532948231,4.002128358621886
31,6,EI,12,45,2.0676318873985036,0.8747173378217479,1.7794004816958615,3.7521172688946147
31,6,EI,13,46,1.7102698999991475,1.3627260593105612,6.120068162826766,4.278836793546364
31,6,EI,13,47,1.5227285682079281,1.2787726214125312,13.509031910795725,4.145579696317767
31,6,EI,13,48,2.5828437721860062,1.9753298620325572,2.7714110395657423,1.7395334067742134
31,6,EI,14,49,1.6239902940600568,1.324173131452147,5.7276626177517596,4.3034849261627794
31,6,EI,14,50,1.5278724026799066,1.2676167088544066,13.666267820449246,4.142606809365273
31,6,EI,14,51,2.0117851084788465,0.4845856644719049,1.1180622966946037,3.014515365883724
31,6,EI,15,52,1.7143838794338078,1.2825125595491498,4.9240432353939285,4.315203072075348
31,6,EI,15,53,1.5018779560735505,1.2849126000662277,12.606488222352022,4.152082776712108
31,6,EI,15,54,1.519228241869853,0.18969077386753996,2.30441269293671,3.1483840184933825
31,6,EI,16,55,1.7165328510217477,1.2305804589173137,4.7067043449004915,4.30802988100306
31,6,EI,16,56,1.4850232254836597,1.3057096233614,12.029341764375058,4.157233113692862
31,6,EI,16,57,1.4895518223729725,0.1694221144980399,2.2071798328821886,3.1123146617382025
31,6,EI,17,58,1.7350691656904358,1.2231684192936956,4.587927163761308,4.304634148070208
31,6,EI,17,59,1.5373312419429053,1.3330715651386886,11.861873734497117,4.171872453932749
31,6,EI,17,60,0.5314256147576788,1.1889778725507134,14.837922724812799,3.2181486546227367
31,6,EI,18,61,1.7256902041005429,1.2829560800070996,4.88968586895631,4.3137483375433785
31,6,EI,18,62,1.5426054427960603,1.3176105906663764,12.321915215505092,4.167031144031094
31,6,EI,18,63,0.535211177606121,1.5423996048702788,14.938309742257571,3.1427472916970003
31,6,EI,19,64,1.7073215171809322,1.2658299415402081,4.973298240255233,4.3116376493774204
31,6,EI,19,65,1.5152664118194354,1.3162401304381537,12.72009445234777,4.157010282588118
31,6,EI,19,66,1.5096594261607468,0.2739264572820792,1.950027431471515,3.220792744417654
31,6,EI,20,67,1.7166829219571031,1.2917496932493422,4.5406022731302285,4.329282087388867
31,6,EI,20,68,1.566579380721683,1.2662355287835902,11.901619146124963,4.168671514412186
31,6,EI,20,69,0.5733504688626945,1.3767899171145936,14.978388272616723,3.299233921883169
31,6,EI,21,70,1.7295035896730222,1.2703779677141491,4.504090647018593,4.323581738023986
31,6,EI,21,71,1.5520350491826065,1.3305115251567194,12.172833436293752,4.17034609181766
31,6,EI,21,72,0.5950468729145322,1.0972041791858018,14.986388190508935,3.2366543897408873
31,6,EI,22,73,1.7586809352055428,1.2247607828829925,4.176611608924291,4.312366312767448
31,6,EI,22,74,1.5848510755405663,1.336397229738247,11.502729481127126,4.182352774958806
31,6,EI,22,75,0.6537945147398871,1.4473618126465229,14.922525571177841,3.3706155538338867
31,6,EI,23,76,1.7296861478126795,1.287110618295336,4.916976481011644,4.312471791028345
31,6,EI,23,77,1.5464189137544948,1.2919535449494015,12.390372876799498,4.164669809633018
31,6,EI,23,78,1.511233391060852,0.3240844563808132,2.3287000159135594,3.314154611658871
31,6,EI,24,79,1.6799151780368056,1.2646501245026203,4.56379571596767,4.330177639625153
31,6,EI,24,80,1.5475057224009268,1.3338682803926853,12.087562085100483,4.170632915390875
31,6,EI,24,81,0.6060651013792038,1.4455144945425609,14.986220216550299,3.312257734724727
31,6,EI,25,82,1.7538846183358667,1.206743107042684,4.090244219588907,4.30938269649792
31,6,EI,25,83,1.510654569023754,1.3601690680658836,11.250650951322232,4.1720995166216035
31,6,EI,25,84,0.63122525279634,1.398978211798243,14.938041465688253,3.3649858660778524
32,7,EI,0,0,1.2359817587016404,1.640248303393514,11.635509667987657,3.781100281171634
32,7,EI,0,1,-0.25840073100515826,-0.44941800281071087,13.103428127498532,0.6390618236963885
32,7,EI,0,2,-1.0803235568384473,1.374299464339682,11.956244361851942,2.5809924140624476
32,7,EI,0,3,0.6486729187769844,-0.4393865061324027,4.1771057558994995,1.824018416704799
32,7,EI,0,4,-0.1475523509365364,0.057767070589263,7.568719336110342,1.2304256950767942
32,7,EI,0,5,0.9684196047023783,1.9842509920203746,11.890136126287082,2.4434651457882284
32,7,EI,0,6,1.2250837804216248,1.961360516886597,3.230415164835749,2.9853411481940664
32,7,EI,0,7,-0.501287629473235,0.6438886149556078,0.6600861774127892,1.0075302428531248
32,7,EI,0,8,-0.9666627982230713,0.30211087094979594,6.993624173854012,1.4679464493264407
32,7,EI,0,9,2.3274559684216887,0.7022918907185365,7.712250581346109,3.0246887496850787
32,7,EI,1,10,1.4166291771895771,1.5247496940750387,10.929427235270955,4.052928619319173
32,7,EI,1,11,1.4217592615668075,1.515301124920292,1.4365740220440069,4.106600883027305
32,7,EI,1,12,2.1351036092477322,0.8044210663860638,6.148768407385839,3.5369565960723257
32,7,EI,2,13,1.4887892501377111,1.1861578935254573,2.7515552059624016,4.336452583911185
32,7,EI,2,14,1.48834615766558,1.199389034546393,11.15664046473866,4.139609458273391
32,7,EI,2,15,1.7037388098616182,0.23098930855655997,7.017606167726075,3.0835828509182557
32,7,EI,3,16,1.4970362535756312,1.1415816884187455,0.16443311968387642,2.8678651523318117
32,7,EI,3,17,1.435315773308865,1.1913241302653894,6.372784581165126,4.214367614418653
32,7,EI,3,18,1.4832013856438402,1.2095006648532767,12.595791904912227,4.124234103148727
32,7,EI,4,19,1.700001735990801,1.329988473120212,3.609935928313817,4.366566819131815
32,7,EI,4,20,1.4811093098808947,1.318480164369845,11.724316178758919,4.160729567796677
32,7,EI,4,21,0.39908902591973305,1.2085558728421124,7.1101537974081666,3.1807382770765127
32,7,EI,5,22,1.3639976040581239,1.2297637820650071,4.1537275787236325,4.271411082396742
32,7,EI,5,23,1.279782308880164,1.2708162035263157,11.835390500314618,4.058462076619538
32,7,EI,5,24,0.5415852165804493,1.8164058624804258,0.16230164977842115,1.379980467476738
32,7,EI,6,25,1.7446824957597933,1.5145833252673224,1.991379650365095,4.25568458570716
32,7,EI,6,26,1.3157655759318572,1.0917130721459136,7.747389888758776,4.057068153752286
32,7,EI,6,27,1.7123190017030576,1.4182728500126136,13.683906654554363,4.127989811430544
32,7,EI,7,28,1.6018226713665453,1.2346195738227057,3.8206316457871785,4.350891293632692
32,7,EI,7,29,1.575264522428376,1.3585230465226976,11.586236870143297,4.1782372628607405
32,7,EI,7,30,2.115672506389388,1.9653897884420228,0.16981499804208014,1.3636492870495625
32,7,EI,8,31,2.407346344588909,1.2553731081864048,8.300495588819858,3.3674133567086177
32,7,EI,8,32,1.561552893528754,1.3611733955397338,2.476347252005281,4.383093489165639
32,7,EI,8,33,1.7013520881419342,1.2322945210436962,14.153629701047032,4.128048797898527
32,7,EI,9,34,1.6185506465309052,1.3982303941568603,2.8201117675577736,4.37954632626083
32,7,EI,9,35,1.4600274943297156,1.373684455189656,9.743905159288603,4.178618094793769
32,7,EI,9,36,2.2500254433589855,1.1218365187686623,14.978337736433485,3.537514877710403
32,7,EI,10,37,1.6286485966531083,1.3176341269919956,2.9047743937991313,4.390602059670321
32,7,EI,10,38,1.5604559443855428,1.3347572991414633,10.113382777135985,4.200507392630064
32,7,EI,10,39,1.3074346476150347,0.7017447486632014,14.86376594678634,3.5036068929314785
32,7,EI,11,40,1.644766837444239,1.372608235599651,2.766857008758386,4.386029081179039
32,7,EI,11,41,1.5783476066264934,1.3549846696131698,10.258035328703553,4.198322985646903
32,7,EI,11,42,1.4057583488725487,0.5578144680951409,4.957481748826698,3.538188017556876
32,7,EI,12,43,1.5697285526297131,1.3689329103026067,2.8945683791495362,4.384092822075967
32,7,EI,12,44,1.5973279658314157,1.3688985951592518,10.377124885939633,4.195428673300434
32,7,EI,12,45,0.6345983789638243,1.2589564194647793,14.933302134728834,3.372645687555025
32,7,EI,13,46,1.6002184509170605,1.363411913222036,2.786292222158268,4.3881716230314805
32,7,EI,13,47,1.577408360832238,1.3545937779812642,10.292126584143425,4.197753062236192
32,7,EI,13,48,1.4705502125161831,0.6372188917895754,6.049265116251368,3.6373536948719387
32,7,EI,14,49,1.570148101430061,1.327517878701355,2.7912686848341073,4.389226926226941
32,7,EI,14,50,1.510910729143558,1.3439644375383915,10.036327614386689,4.192397905013586
32,7,EI,14,51,2.6250146541897696,-1.4881731272010552,9.103733881194826,-0.2914793029754583
32,7,EI,15,52,1.5414964126074189,1.3983230545033276,2.856722125590932,4.372831945486559
32,7,EI,15,53,1.5754565597945365,1.3483594269351178,10.024309401987743,4.2026031797465455
32,7,EI,15,54,1.5559292520488262,0.5346592190279593,6.035254961098828,3.5149199348890656
32,7,EI,16,55,1.5423929514109012,1.3872202230087716,2.9723953213185315,4.375045571760614
32,7,EI,16,56,1.5867616129488362,1.3425551089761116,9.793042743950737,4.207884757798344
32,7,EI,16,57,1.5716172204094652,0.7165987004787389,14.94030852819812,3.6184888163962263
32,7,EI,17,58,1.5793172540030271,1.3292409781725527,3.1401703667006813,4.3852353804044055
32,7,EI,17,59,1.5876454937298932,1.3415289274220807,10.193081466736258,4.201454460244109
32,7,EI,17,60,0.8090566171308358,1.1506209864356283,14.959500592854484,3.53243179331135
32,7,EI,18,61,1.6463983096854777,1.3631416779880903,2.9995910962042647,4.385411325070345
32,7,EI,18,62,1.5188773744801112,1.3228116203012754,10.228317969989424,4.191849597143075
32,7,EI,18,63,2.2777768932560103,1.5671563931891597,14.97056038097469,3.4179877439398982
32,7,EI,19,64,1.606062984862878,1.3725238100407235,2.733882450996733,4.386766518365124
32,7,EI,19,65,1.5298123350223212,1.3259356434475338,9.749220708681005,4.2019194548696905
32,7,EI,19,66,1.8246112808230457,0.7686323832977604,14.935516616089023,3.6395973509074584
32,7,EI,20,67,1.5621748022125974,1.3859584746195575,2.8336660167038508,4.379772178522751
32,7,EI,20,68,1.596998506803566,1.3530184395952172,9.959039228991053,4.20465558401481
32,7,EI,20,69,0.8317248931362322,1.3628540743839919,14.932607763363185,3.613379335385278
32,7,EI,21,70,1.5748540007770724,1.3780483608480782,2.8930665344592246,4.382639055330953
32,7,EI,21,71,1.4817371453953814,1.347087864140796,10.417051902302113,4.178554257581913
32,7,EI,21,72,1.6989500550788534,0.6053915740609801,6.072049572480994,3.608473416971761
32,7,EI,22,73,1.604621261391988,1.3804730866656638,2.8453789882131653,4.384354957083889
32,7,EI,22,74,1.5856831518205663,1.3695206430553934,10.105085137012695,4.198941505678898
32,7,EI,22,75,1.5385831679180044,0.6395447268276118,6.402525552509304,3.646786784555256
32,7,EI,23,76,1.5353649350119651,1.364863668199349,2.74848185052871,4.380946387587508
32,7,EI,23,77,1.59522128076097,1.31504376062504,9.841509945695256,4.208062730310841
32,7,EI,23,78,0.8915761018521082,1.4137305076431952,14.836877914905935,3.666558650431595
32,7,EI,24,79,1.552289946690788,1.3416294614198536,3.1820276750685665,4.38067204474425
32,7,EI,24,80,1.5893481771428375,1.3724817499402553,10.781102085081283,4.188128687292426
32,7,EI,24,81,0.7280881910221297,1.2511061770697798,7.259412060559402,3.599699784327413
32,7,EI,25,82,1.5724847887192528,1.3537576315700135,2.7877457399179235,4.387668777242841
32,7,EI,25,83,1.5397670876994196,1.3682727673968387,9.751720101739924,4.199508711998557
32,7,EI,25,84,1.5884275943345374,0.8010637293196439,14.86369978364958,3.7321346889412546
33,8,EI,0,0,0.12189539767498037,1.9554689516827395,4.781343866444266,1.7278012224560158
33,8,EI,0,1,1.8468073731594483,1.5446377909367563,5.866881013281371,4.1189671343701795
33,8,EI,0,2,0.5363645598598992,-0.1953788391872644,1.6051969934951427,1.7950028669198042
33,8,EI,0,3,0.6898939022060733,-0.655267492203612,3.857921583018395,1.750762224058123
33,8,EI,0,4,-0.4096581721097916,-0.8214740788349125,12.20760122465516,0.3267331933197166
33,8,EI,0,5,0.48069191109497367,-0.6042782319462088,8.863951873629407,1.3832747704742694
33,8,EI,0,6,1.1581655703704494,0.7640030947106577,13.670434350347412,3.4925118270783564
33,8,EI,0,7,-0.5386797595981241,-0.20014505045161335,4.270024942024678,0.8828804169691364
33,8,EI,0,8,-1.0372854704635277,-0.8645612192304467,5.920634050897744,0.5925894771816106
33,8,EI,0,9,0.3698021235925937,0.6585478054245035,6.784545665878369,2.5757447559792164
33,8,EI,1,10,2.1003226778228052,1.438603742679399,14.59936556818055,3.82175924234187
33,8,EI,1,11,2.104143727608247,1.4445888658819523,5.7876471773383,3.966227923079314
33,8,EI,1,12,2.095229384131479,1.3815248298098837,0.1498683732431346,2.649347698718173
33,8,EI,2,13,2.1335012630225867,1.499259957255398,10.194047267437549,3.788110895289626
33,8,EI,2,14,2.1540478774270935,1.4997285498252761,2.576125170196588,3.9459564712219173
33,8,EI,2,15,0.8999581329475845,1.5051903678469105,14.546745134905118,3.6187892638241097
33,8,EI,3,16,-0.1449724011958602,1.546463914642516,4.395718821509178,2.579420026161656
33,8,EI,3,17,2.4575339346283727,1.5476586472360219,4.618595435326056,3.2336095154917786
33,8,EI,3,18,1.097406202292372,1.4499838278864896,8.891711147667445,3.933731168268684
33,8,EI,4,19,1.6030911952828357,1.477171818871561,0.7284296413814821,3.5399160189148215
33,8,EI,4,20,1.6590717428317627,1.4708435620937879,7.926899674767297,4.194049594779294
33,8,EI,4,21,1.6489646143845698,1.467061318853439,14.5428303989623,4.101195683014895
33,8,EI,5,22,1.6294632161779652,1.2497559058591259,4.774513757144482,4.3230977556773835
33,8,EI,5,23,1.6053688912145092,1.3278421697339202,11.9849687623773,4.177353034892264
33,8,EI,5,24,0.24781074878853615,1.2518527100987784,1.4316021128554461,2.979712449496196
33,8,EI,6,25,1.6790570771208557,1.2027681565681623,7.161836071924728,4.23007796737847
33,8,EI,6,26,1.5889868356635177,1.2449434718961272,14.125790459510975,4.139623893284881
33,8,EI,6,27,1.7828669631052998,1.1658176340678317,0.2313100133148548,2.8685160626611226
33,8,EI,7,28,1.8021489511383457,1.307622979456481,3.858075140766339,4.325699259829378
33,8,EI,7,29,1.5112448504209097,1.4937577440410172,10.923321502033096,4.112091906360107
33,8,EI,7,30,2.132752670880615,0.553578932801476,14.976677379184997,3.054764206571181
33,8,EI,8,31,1.759181292134676,1.4349107866047852,4.013570176756357,4.310123696693433
33,8,EI,8,32,1.5521262412635566,1.2931094115838273,11.301722325952326,4.179759068610959
33,8,EI,8,33,-1.077357757294931,1.2862764633361916,2.5463498469772916,2.7924865341108482
33,8,EI,9,34,1.7669197798664205,1.3049057845927146,4.446370556706508,4.31931953972743
33,8,EI,9,35,1.5784500631488956,1.3119596987372084,11.668844856047334,4.179572469969909
33,8,EI,9,36,2.1219477942720295,0.3107134075094309,8.235117992904401,2.836915668479876
33,8,EI,10,37,1.7442858077480947,1.36986800900441,3.985362629292416,4.33903761450253
33,8,EI,10,38,1.5727371400041594,1.3045636049399474,11.031874439639562,4.187286090237437
33,8,EI,10,39,0.3540390172626897,1.213001880829741,6.970087767823743,3.1306057647490864
33,8,EI,11,40,1.726915988410945,1.3809630639660129,4.28501166921103,4.330981362557795
33,8,EI,11,41,1.4973909536129573,1.2984299307660208,11.14571428615921,4.171650379002567
33,8,EI,11,42,2.40368877230452,1.9657829237687814,14.65129784649538,2.0290826436960945
33,8,EI,12,43,1.7058185602715787,1.3511721867583208,4.129051009022974,4.346705534400792
33,8,EI,12,44,1.7408675603087191,1.2754238609802178,11.10302708313802,4.166880083313224
33,8,EI,12,45,0.5291973929490708,1.1486419590502974,14.843340630713838,3.1922591848544224
33,8,EI,13,46,1.6947528271062051,1.3245994581273752,4.441995777065347,4.3394510755528986
33,8,EI,13,47,1.5801151739307655,1.250943927896138,14.972099220454973,4.132730100964745
33,8,EI,13,48,0.7004475458060446,1.2173814541226773,9.523053139857717,3.5075132655024337
33,8,EI,14,49,1.7296739323747792,1.3253871943446995,4.364485171965597,4.33448268496453
33,8,EI,14,50,1.606398825874079,1.3300993172270457,11.491816811135838,4.183799083253133
33,8,EI,14,51,0.5026403718688157,1.2771126482520407,7.376449390871589,3.3253470466997817
33,8,EI,15,52,1.7332929817340852,1.356667219062329,4.228772310706674,4.336023211024096
33,8,EI,15,53,1.5932605866269327,1.3392430638642265,11.451449799127156,4.183423183829035
33,8,EI,15,54,0.5250672203672384,1.2725281991407122,7.181033755804009,3.357216818428973
33,8,EI,16,55,1.7173552475410254,1.3113711883572376,4.325116909774115,4.33852114022793
33,8,EI,16,56,1.605658752029933,1.2874953947508612,11.178828599947863,4.185264270826652
33,8,EI,16,57,0.5214158676042049,1.2021921985652848,7.047586207543589,3.3319872963729678
33,8,EI,17,58,1.7188295553346875,1.370382705440072,4.121409765312543,4.3410537347166915
33,8,EI,17,59,1.7318833338555062,1.3046050786317736,10.913830417512957,4.17627097552728
33,8,EI,17,60,0.871467510033072,0.8528245562961092,14.937583438549703,3.3132456921566886
33,8,EI,18,61,1.7128276408558958,1.344017788613646,3.7836595641713076,4.357625973455942
33,8,EI,18,62,1.6186657588553643,1.3190952585405222,10.613760874466834,4.196483795116917
33,8,EI,18,63,0.5767740050939376,1.1661054809025337,6.867824560462176,3.3867641146490057
33,8,EI,19,64,1.7256524896657912,1.3597704363803653,4.062534535515802,4.343315377458536
33,8,EI,19,65,1.6918261603922446,1.320430393526964,10.793484970282782,4.187607192276943
33,8,EI,19,66,0.6161459370426048,1.2367467375410963,7.038562163823804,3.4641255978735606
33,8,EI,20,67,1.6660772804644584,1.3643455295271538,4.065593407905517,4.3532027259163275
33,8,EI,20,68,1.544190350494549,1.327053248695043,10.724542700276261,4.188916136311993
33,8,EI,20,69,2.349198334586124,0.9127797846717689,14.844456501073033,3.1421393331514884
33,8,EI,21,70,1.684184093047588,1.3458494264328125,4.413095435347054,4.341235053127694
33,8,EI,21,71,1.6042348800896695,1.3246440487410789,11.256520621365695,4.187023718254103
33,8,EI,21,72,2.6316384290559283,-1.353255506855901,14.947106716858174,-0.05843502646403653
33,8,EI,22,73,1.6690974594271428,1.3279953669022606,4.2441014589699595,4.350090851126896
33,8,EI,22,74,1.6242820206368438,1.376428976232558,10.964219900554475,4.185446096767137
33,8,EI,22,75,1.4943131866658517,0.5328664959821272,14.861031707154282,3.3523621912394264
33,8,EI,23,76,1.630164883337745,1.3691676054545114,4.278320247258534,4.347387579123187
33,8,EI,23,77,1.5558817261089617,1.3268185852547898,11.225251809184861,4.183423151492653
33,8,EI,23,78,0.5922013267386215,1.0956691946673263,7.24666588543046,3.348243254946013
33,8,EI,24,79,1.67781445884303,1.3780901748385048,4.222362068077595,4.343484787628492
33,8,EI,24,80,1.5533037258875404,1.351676774730037,11.105556171245073,4.183185160578319
33,8,EI,24,81,0.6043333927546504,1.2069601623650335,7.139341526049388,3.4351310520422
33,8,EI,25,82,1.686022445020436,1.343194442711026,4.0493266284674485,4.35380164572136
33,8,EI,25,83,1.6178634357067163,1.3298882671839682,11.082559457983368,4.189624351857592
33,8,EI,25,84,0.6243323930522755,1.2055742942730605,7.612931137661872,3.4478468704757383
34,9,EI,0,0,2.1521212752362064,-0.4961397681935562,9.047619102623376,2.032739485903135
34,9,EI,0,1,1.805644867872708,1.0062612036124783,13.730786427237122,3.939896854241996
34,9,EI,0,2,2.11529106699644,1.7138317016706681,0.3997894292794906,2.3241584758900062
34,9,EI,0,3,0.533995776483974,0.19730514442050828,0.9782478063542428,1.8199754323235795
34,9,EI,0,4,-1.0789754486111087,1.4071750293993994,14.749550362048346,2.5390012433629208
34,9,EI,0,5,1.8320870194378034,-0.3953877850760441,10.580300235137218,2.3869721008720877
34,9,EI,0,6,0.018039670541847963,1.0926196900651206,4.196928549004557,2.758854834968738
34,9,EI,0,7,1.8245422505812274,1.9570926141310183,14.793592000654296,2.8687387446482995
34,9,EI,0,8,2.199257412866577,1.6948351812437128,10.623395504633484,3.3893060146398497
34,9,EI,0,9,0.9721548303337322,1.731333728245772,1.346871967034834,3.36969697541259
34,9,EI,1,10,1.8022985395418312,-0.9033741070669892,13.733185598671994,2.023326846192229
34,9,EI,1,11,1.8028736820745408,0.4940017193251971,13.70027869802152,3.286374832138846
34,9,EI,1,12,1.8001909030658059,1.9381238693147762,13.85616050579513,2.973614890760058
34,9,EI,2,13,1.8455011004960502,1.1703214270939184,13.045369340765145,4.057020997240304
34,9,EI,2,14,1.1141573426474047,1.5507079604163154,5.9777648216412285,3.929894413686646
34,9,EI,2,15,0.07760830543570285,1.9211146323972956,0.06721814623597198,0.4416370089641612
34,9,EI,3,16,1.5512892327254884,1.291605501204919,10.213208419441834,4.195593668629746
34,9,EI,3,17,1.1523004729475281,1.439481323454931,1.9021535358838908,4.11050395058005
34,9,EI,3,18,-0.07697095235932894,0.8620518435913755,9.759755805499527,2.2846306228468287
34,9,EI,4,19,1.2613977942886607,1.2690709610936621,5.575571931663858,4.174801284902273
34,9,EI,4,20,1.735085539672201,1.2028895566360207,13.412550197552248,4.115692884343618
34,9,EI,4,21,2.6158018326948134,0.9632731319183487,6.885500021786609,2.6062610244120243
34,9,EI,5,22,1.372116689801207,1.3512365736383858,7.1039757422146,4.200945644730623
34,9,EI,5,23,1.7349295537600073,1.2232766272455073,14.880217009148089,4.109846371249259
34,9,EI,5,24,0.6757176250259536,1.160681133867513,0.0962487071384561,2.181719364004102
34,9,EI,6,25,1.5511981618957402,1.286325012735472,2.527772966745615,4.382518576317184
34,9,EI,6,26,1.3727355528345146,1.1713703436195915,11.49944800113581,4.076051566283987
34,9,EI,6,27,1.736645003259774,0.20309663853602777,6.233831580484547,3.063229332072212
34,9,EI,7,28,1.379302933051636,1.2655156454508876,0.03232655290348961,2.8809001531554044
34,9,EI,7,29,1.5443379801888066,1.2929416951824257,8.204633123840797,4.2316685948195065
34,9,EI,7,30,2.247701381375127,1.3395132970238661,14.925119401907164,3.618862399510518
34,9,EI,8,31,1.4830236127711274,1.5117541855764047,3.640535404601258,4.270238844371768
34,9,EI,8,32,1.467259569915734,1.2703491959559443,14.773383671325018,4.1168650423550375
34,9,EI,8,33,1.5248784626270533,0.6166067421392705,8.269309582019362,3.5672322753280845
34,9,EI,9,34,1.6636539379962558,1.460087275997875,0.7228762499513227,3.540797229193682
34,9,EI,9,35,1.3428121126198351,1.7421340687289222,8.957037592827295,3.6714168820293653
34,9,EI,9,36,1.5959927501249003,1.0631966116157971,14.910217719792461,4.022115383569843
34,9,EI,10,37,1.4093348304755051,1.3453747232598117,2.980064117000705,4.343254277241924
34,9,EI,10,38,1.57964759569487,1.3010673711994012,11.132877970736585,4.186164691229413
34,9,EI,10,39,2.1438051635115603,0.5719603371615096,2.873987445027111,3.3101653405515785
34,9,EI,11,40,1.4793319171497745,1.3830762237053018,2.876674036430706,4.362985714344465
34,9,EI,11,41,1.55267705466798,1.30683332552091,11.133817147647576,4.183598130577171
34,9,EI,11,42,0.6338264579084609,1.0337601030109678,7.289291321198277,3.3456559097744387
34,9,EI,12,43,1.4532117897291608,1.3737789401415776,2.8512055352150134,4.357196748549454
34,9,EI,12,44,1.6591071246979587,1.3221769396473766,10.705427997904177,4.193252040103087
34,9,EI,12,45,1.3077318172566899,0.5301851083518447,6.796301045378287,3.3940584743017146
34,9,EI,13,46,1.4289709356844007,1.3008003258148815,3.1940656560631906,4.34684141064648
34,9,EI,13,47,1.6507364323380243,1.2423162618337193,10.884758913504546,4.177573235208975
34,9,EI,13,48,0.7656000959249851,1.3098957009865901,14.993243559029516,3.538803243706946
34,9,EI,14,49,1.411240289424724,1.36802007864725,3.041775944284947,4.339869159043339
34,9,EI,14,50,1.599723719947375,1.2684193953690994,10.845437682374925,4.186206890257348
34,9,EI,14,51,-1.0500284458044802,-1.4861235661482635,3.706000955676167,-0.29012440155619146
34,9,EI,15,52,1.4341040497204816,1.3538074218920269,3.229399651448707,4.3473464764620715
34,9,EI,15,53,1.6266028927977145,1.284334439515785,11.004961019276521,4.1873170188769375
34,9,EI,15,54,0.6385896997584095,1.3799107207454346,14.83947928259791,3.380552212440802
34,9,EI,16,55,1.4553323244509206,1.3598996282017146,2.9275632674206515,4.3597051136949245
34,9,EI,16,56,1.6624246844902255,1.3178914379521718,10.596450258348336,4.19448197617744
34,9,EI,16,57,0.7157719222563317,1.4299171827036616,14.763025953083378,3.456827830571377
34,9,EI,17,58,1.4897355552728269,1.3268778150615228,3.096283372570518,4.370118294817351
34,9,EI,17,59,1.6303812286783628,1.2971762287748843,11.21944582137363,4.185991477000605
34,9,EI,17,60,0.6476706527020515,1.43056873904121,7.948084497423312,3.4715919039069485
34,9,EI,18,61,1.4274097871434352,1.3640618184033206,2.932097808210527,4.348806367531449
34,9,EI,18,62,1.6457291485734618,1.2661481038068878,10.505923793105572,4.190275817558931
34,9,EI,18,63,0.7652160138383792,1.3485880350454735,14.885120400638247,3.5385706440498605
34,9,EI,19,64,1.4492577299330933,1.3072382497081816,2.9180655952481134,4.359790028401715
34,9,EI,19,65,1.5820779069219086,1.3491349574144085,10.606016444312342,4.1939478813017015
34,9,EI,19,66,0.604221683251337,1.2776632337944682,7.715825777137815,3.44409755834837
34,9,EI,20,67,1.4189767011930141,1.3214426052028494,2.9151245991989967,4.349020292480133
34,9,EI,20,68,1.5972521144625467,1.2995473335323067,10.49422223752913,4.196561624129498
34,9,EI,20,69,0.7581700909308724,1.4681824817212674,14.963923410712392,3.4828517023260064
34,9,EI,21,70,1.5253591295631517,1.298029027545943,3.0937668959198583,4.3770459557332195
34,9,EI,21,71,1.5791382087235846,1.3132230605854969,10.69106952291909,4.193437937354651
34,9,EI,21,72,0.6345049289810389,1.354330135022623,7.308947290620954,3.493785246175428
34,9,EI,22,73,1.4264139022059177,1.3529519457826433,3.022679983567948,4.348729836311499
34,9,EI,22,74,1.6113210935516231,1.311539899604031,10.696806609915182,4.1948862018569875
34,9,EI,22,75,0.7638686695388957,1.1795685573236536,14.959935317762508,3.4965437902737957
34,9,EI,23,76,1.4981950289902186,1.3193185968356826,3.0984088845027578,4.372241246440555
34,9,EI,23,77,1.607574699769855,1.2746184628327266,11.100971262063618,4.1841111875416
34,9,EI,23,78,0.6672651441202597,1.3273644343370568,7.464038825161469,3.532151029962523
34,9,EI,24,79,1.501508947066717,1.3592225345042452,2.936691203265118,4.373200358341337
34,9,EI,24,80,1.5633851527583027,1.3212325137427414,10.375252072272117,4.196901127175758
34,9,EI,24,81,0.7706360586470118,1.3656228257396323,14.852167295785764,3.542834193478898
34,9,EI,25,82,1.4556497842264475,1.3170509520584415,3.3246855396965422,4.354373424619852
34,9,EI,25,83,1.6332122374194578,1.2771115601209826,10.784090099878625,4.189057238274203
34,9,EI,25,84,0.7937593192466414,1.2863419169745671,14.833357122385422,3.5706628249520165
35,10,EI,0,0,2.472578388883481,-0.7731136647229859,12.426844834232687,1.1518024544923837
35,10,EI,0,1,-0.5421327060424903,0.29481615752797685,2.0396581407035788,1.4126231454877674
35,10,EI,0,2,1.474929324942087,1.4461170350929762,6.383209452077245,4.228476437661166
35,10,EI,0,3,2.4760324749052294,1.3886651723467942,5.0738914717611685,3.2818741747031615
35,10,EI,0,4,1.0516171676686472,1.1365565264796693,12.406731951434907,3.8072214151740154
35,10,EI,0,5,2.3882595655723597,-0.9925185677232045,11.183957585448018,1.1978351301816406
35,10,EI,0,6,-0.579243841115948,1.672850646395244,3.392490390684237,2.201007377732238
35,10,EI,0,7,2.0885569453972503,-0.4278874706375666,14.54748569272662,2.090129566645263
35,10,EI,0,8,0.8351464562862418,-0.3713390443187854,4.2372203239530295,2.0885983346899577
35,10,EI,0,9,1.1641174893781292,-0.33182440148231596,10.180052953848636,2.2920504057764193
35,10,EI,1,10,1.3769449701265466,1.4550588134311697,8.353481095699747,4.137051631600698
35,10,EI,1,11,1.3406157612956116,1.4535882369438746,1.0133285528355207,3.8431935205022842
35,10,EI,1,12,1.4185029350769596,1.4981297102876296,14.9629916434378,4.0323630712491845
35,10,EI,2,13,1.65308785779566,1.2355243229302562,8.712246801078189,4.211920586947865
35,10,EI,2,14,1.647387179570564,1.2303656746653324,1.4377292324866653,4.215698529876786
35,10,EI,2,15,1.63837251521623,0.4096374045770439,14.868800411641597,3.2001235315509327
35,10,EI,3,16,1.8150854681575987,1.9379048987231196,4.374506391478017,3.160055832293799
35,10,EI,3,17,1.6854303929711434,1.9860047553826075,11.887567984686141,2.8102636781693136
35,10,EI,3,18,1.8725862246454303,0.7499394022462038,0.21873696768443887,2.390113259634232
35,10,EI,4,19,1.623428306259345,1.351120496590474,6.833470549960456,4.270511766813371
35,10,EI,4,20,1.5076649316205768,1.360857759132255,14.50470285368979,4.133747893145051
35,10,EI,4,21,2.2463797123153335,1.518065822419588,0.12078828545715152,2.333534085381978
35,10,EI,5,22,1.5136182462307137,1.225660261978463,6.708757008399936,4.243878538984701
35,10,EI,5,23,1.3879637926126183,1.1692029268905095,14.71024352816339,4.0459661722343245
35,10,EI,5,24,2.6334857303560293,1.323812066093244,11.427471966188417,2.6830051764274767
35,10,EI,6,25,1.6312192915282133,1.4189513380109284,10.77860818051636,4.173829784837942
35,10,EI,6,26,1.7597618992159494,1.3934518882357918,2.9630048104014874,4.356174245408149
35,10,EI,6,27,0.6420265470822077,1.1643962677693387,5.450761744032029,3.507587653040641
35,10,EI,7,28,1.7179388173507704,1.358994984769157,14.373293469985464,4.136982766978746
35,10,EI,7,29,1.7059518829207914,1.3541344623457436,3.313274260664932,4.372101300202975
35,10,EI,7,30,0.9180570086005497,1.2019181340704796,8.847437921536974,3.7634774728520384
35,10,EI,8,31,1.754244885333914,1.3983641329868166,0.4516835607358018,3.0857159161175267
35,10,EI,8,32,1.6503100734405383,1.350896602699895,8.105155070910328,4.239182748945602
35,10,EI,8,33,0.9989999415068027,1.144375455585041,14.811455632291777,3.7356704607517672
35,10,EI,9,34,1.5343022066341176,1.083300494475528,2.697086787503322,4.277808414817485
35,10,EI,9,35,1.48372186602791,1.2670032233017494,10.366113366340345,4.174141910813869
35,10,EI,9,36,2.354827133614461,1.1897370388784876,14.994726297187043,3.3692519326152635
35,10,EI,10,37,1.363876070567303,1.3200695201326216,2.5899013863123392,4.324517606027766
35,10,EI,10,38,1.545690185550309,1.3028391933382544,12.475141271417204,4.164771036860345
35,10,EI,10,39,2.293409336177059,1.2665277673934123,6.934730017772281,3.6498078825266322
35,10,EI,11,40,1.739914853487059,1.2248605906108865,2.627840960573439,4.354462871054902
35,10,EI,11,41,1.6215951448248869,1.3342146976500868,10.2250728077735,4.2023688831173525
35,10,EI,11,42,0.7319305078525291,1.3283762018045433,6.347709917729807,3.6392735887545786
35,10,EI,12,43,1.5308995038377087,1.2380765449517357,2.2794878697276117,4.359286998077288
35,10,EI,12,44,1.5363662249751937,1.3506952242302468,9.798598012327806,4.200822679002963
35,10,EI,12,45,0.5372813222350099,1.2032943458942924,0.36885485584336736,2.0999975259644814
35,10,EI,13,46,1.6520047331183352,1.3486401191259523,2.3014718228386735,4.381203029094763
35,10,EI,13,47,1.6314035545030494,1.3224826252145814,10.092989294193591,4.204485050949918
35,10,EI,13,48,0.7553905942317276,1.3935026441229037,5.884262138424531,3.670217678253488
35,10,EI,14,49,1.5915490570141553,1.3128560412753831,2.72067876456261,4.390877987387019
35,10,EI,14,50,1.6393395491297715,1.3221540523506854,10.40163171314168,4.1992763147649335
35,10,EI,14,51,0.7569438814723235,1.1833202497828772,6.86726243698764,3.616017193316786
35,10,EI,15,52,1.683090161609639,1.2787175468251881,2.461443309190417,4.379951350710638
35,10,EI,15,53,1.6214015693158972,1.3352084650928648,10.043281790493179,4.205255060206839
35,10,EI,15,54,0.7896594876647711,1.4403890797120198,5.723583752002934,3.6953043616070875
35,10,EI,16,55,1.557420696952407,1.2829320106134747,2.3166926127242493,4.3767533496399915
35,10,EI,16,56,1.6055594693834565,1.2960116093824285,9.661886546912589,4.209987469114907
35,10,EI,16,57,2.5158053313183952,1.4082277402739711,2.5698596051680878,3.2331030967759746
35,10,EI,17,58,1.5982691107666342,1.2438845406718206,4.475708140567299,4.331330879564037
35,10,EI,17,59,1.5930857971109336,1.2056034171463348,13.541235609014473,4.1307217094340505
35,10,EI,17,60,1.947890851460575,1.8654340833015852,9.124808060306334,3.2336279137092667
35,10,EI,18,61,1.6262239368809834,1.267043222474249,2.528154941138587,4.383571573716136
35,10,EI,18,62,1.6216818768388737,1.3530157470753483,9.741455517898597,4.208774778713961
35,10,EI,18,63,1.1463853486734825,0.903833176556228,14.889429673690312,3.6456163693092996
35,10,EI,19,64,1.5817136063617911,1.3394422089663074,2.4941195779405465,4.387945181670859
35,10,EI,19,65,1.551928576357089,1.3097277954524706,10.169469225916167,4.198200175701981
35,10,EI,19,66,-1.0916706295135281,1.262879753537828,11.210723053879345,2.6028677884621616
35,10,EI,20,67,1.6222365277428885,1.2675029211735733,2.51386011020472,4.383489088258484
35,10,EI,20,68,1.5490494334857887,1.3122270888817247,9.966011906233648,4.201229010069936
35,10,EI,20,69,0.8414514310655679,1.5302332341820266,14.96506459622245,3.5253074608721944
35,10,EI,21,70,1.5921235179429623,1.2924048237086163,2.3320308466957536,4.382126142284401
35,10,EI,21,71,1.6310484437784476,1.3002183681554547,9.587880726618485,4.211714149803255
35,10,EI,21,72,0.9486050185434687,1.364933078317475,14.951895419358724,3.7410173524010633
35,10,EI,22,73,1.6540386478973441,1.313705805883843,2.5046779734137243,4.388353612156895
35,10,EI,22,74,1.484995217003616,1.3276693945681375,9.775317420614417,4.190931182100753
35,10,EI,22,75,-1.0773690678044343,-1.4670672305783905,9.493384581158551,-0.3616427564920419
35,10,EI,23,76,1.5567570586263626,1.3186711146427266,2.356189025013237,4.38179050474343
35,10,EI,23,77,1.5447451427854881,1.3049617011943724,9.672418251009022,4.2050098679251615
35,10,EI,23,78,1.9209246376924742,0.7383725802819154,14.956969007577811,3.5381068287148647
35,10,EI,24,79,1.5779006286647368,1.289689874189837,2.4516035676083012,4.384582204964581
35,10,EI,24,80,1.6032263033530825,1.343611812842402,9.92822279796073,4.206380224252696
35,10,EI,24,81,0.833914861340139,1.3193905036210767,14.995773120880777,3.618412572743073
35,10,EI,25,82,1.6076036548389698,1.288839124517736,2.58016065810792,4.38840060187837
35,10,EI,25,83,1.5781851993433675,1.341650615748689,10.110832597927446,4.202035666970788
35,10,EI,25,84,0.6898403804316098,1.2745363688182292,6.295297515718937,3.5848456602746195
36,11,EI,0,0,-0.6195331522515011,0.2474725185404023,9.022873865992738,1.2048841752296109
36,11,EI,0,1,-0.9927891757140433,-0.9822587039789042,13.923237133382582,0.3018528190554698
36,11,EI,0,2,-0.8368383069117665,-1.045791177102457,14.224978470923334,0.11586877006362428
36,11,EI,0,3,1.2239789862800827,-0.20852406694573156,7.671338937027137,2.4787718101682117
36,11,EI,0,4,1.3770441135552787,-0.5364191448360474,2.070383124931463,2.4627103696265586
36,11,EI,0,5,1.8449039646614174,0.846262044358693,7.686222319933924,3.8335801296151546
36,11,EI,0,6,1.952144061218612,0.4217634410450921,14.713723675820285,3.0810872558472484
36,11,EI,0,7,-0.3357481430096223,0.4380562700282973,7.254886829153893,1.5721262420198152
36,11,EI,0,8,0.22018813336089438,0.5705835638216521,3.5302831737820406,2.377207065959067
36,11,EI,0,9,1.8978314292801928,1.5356674314484513,1.9322663087465377,4.150840781678124
36,11,EI,1,10,1.8218181238314277,1.3736709649132814,0.023136243305352102,2.892768892061944
36,11,EI,1,11,1.8318675974925607,1.5481860402000889,7.143419851142537,4.087868313918095
36,11,EI,1,12,1.7956998676932208,1.7547543459576533,14.23470373226244,3.6069946054530106
36,11,EI,2,13,2.3141279783187363,1.6155072585627877,0.20996181711586404,2.079041304586143
36,11,EI,2,14,2.526726554561384,1.6025856420837528,7.963465725817296,2.8770840561999598
36,11,EI,2,15,1.6954908769131634,1.618063442475043,14.841346837665748,3.920958035960673
36,11,EI,3,16,1.901905778987762,-0.0012957678387877092,4.303131224028407,2.8197465612088006
36,11,EI,3,17,1.8843187763965843,1.9917517772390507,4.31570003075257,2.8736207136864946
36,11,EI,3,18,1.8864428212487154,-1.485761937185524,4.155609451781396,1.2366252389043109
36,11,EI,4,19,1.8820611676562224,1.583804074278237,2.3033803730851936,4.132458875757642
36,11,EI,4,20,1.8604074515506595,1.5918916389425828,13.588982540744718,3.909800931348662
36,11,EI,4,21,1.840104549363618,0.4582689305052434,7.883108168008467,3.3079087057736505
36,11,EI,5,22,1.8279806147084674,1.5800027162053296,1.162999513791703,3.8715013056753276
36,11,EI,5,23,1.8288627121691872,1.5724965913088749,8.78814111197733,4.023038361816247
36,11,EI,5,24,1.864506330678629,0.6041004726374943,14.926857394566014,3.3939203541486807
36,11,EI,6,25,1.9324922809500187,1.5414799512733688,5.670802193287509,4.07013112710478
36,11,EI,6,26,1.872423744204383,1.5424487137501384,13.527911615346397,3.9664577057086214
36,11,EI,6,27,1.8239181550938781,0.45677346842936606,0.11023613265097842,2.014939349174744
36,11,EI,7,28,1.6983025953239363,1.2212059990996078,3.530559199657819,4.347963200981061
36,11,EI,7,29,1.5776727917160414,1.277025030606005,13.859140113248195,4.149654229706215
36,11,EI,7,30,0.5913663698539127,1.9752217028589154,0.03959957092732085,0.8178320745597081
36,11,EI,8,31,1.9344962019907999,1.245887333830721,3.6570093684801575,4.237700777042431
36,11,EI,8,32,1.7719574401519802,1.2521272904912149,14.245370677389163,4.11384213533478
36,11,EI,8,33,0.8844823864752314,1.8451706530129584,8.797590259578293,2.9749637601859193
36,11,EI,9,34,1.7173902859412369,1.4231899875371723,3.865426752683673,4.332721334168495
36,11,EI,9,35,1.7629802835127122,1.2956772788193534,11.817521793614521,4.1534317586926885
36,11,EI,9,36,0.493661264143318,1.4902806242040896,14.979329619385345,3.1410674562696235
36,11,EI,10,37,1.7304129858457138,1.3255153134130166,3.3287053930279207,4.367852488157656
36,11,EI,10,38,1.675874123154295,1.3137024738402427,12.861996532969536,4.162907408548459
36,11,EI,10,39,2.146083768498741,0.24397689192736882,7.668572333381153,2.7313272508958306
36,11,EI,11,40,1.7641015130925486,1.3061299790904304,3.943154483650137,4.337812291755917
36,11,EI,11,41,1.6511305600443404,1.2977739369491177,12.115552946109716,4.173147164625653
36,11,EI,11,42,-1.0678881324217362,-1.4966369875347467,0.15553142313703688,-1.7227434760556826
36,11,EI,12,43,1.7479781212213465,1.3596687553392353,3.4926214467899155,4.355600683428807
36,11,EI,12,44,1.5707128111362092,1.3251070132856135,11.440304231679942,4.182240950141171
36,11,EI,12,45,1.0948281425846282,0.10398963837131547,2.72468616816924,2.8107480952325306
36,11,EI,13,46,1.744008921519331,1.363612706876725,3.0124414021653054,4.367622362034526
36,11,EI,13,47,1.5941746415015117,1.2701745585490674,10.804406825427593,4.186944406080318
36,11,EI,13,48,0.41093202017373764,1.4476075923476541,14.766731283110113,3.069781081990783
36,11,EI,14,49,1.7385597524046523,1.3364595836707247,3.337223296153913,4.365101494196296
36,11,EI,14,50,1.6837005376169278,1.350671305691658,11.270334152768424,4.180668828364205
36,11,EI,14,51,0.48269415118480685,1.5970252951719353,14.527162917427212,3.0099893112418608
36,11,EI,15,52,1.7040543582616698,1.3885560266924069,3.0813930545351322,4.3705913366343845
36,11,EI,15,53,1.590435181942027,1.3030378332064099,11.024900098164725,4.18867087463343
36,11,EI,15,54,0.45363105485238164,1.1042696350755277,14.960435963240716,3.0658602305152822
36,11,EI,16,55,1.7486011769419028,1.380064814599316,3.3409199977255497,4.355563654936674
36,11,EI,16,56,1.6066587431017925,1.3118376390186643,11.330293631522755,4.185719572914876
36,11,EI,16,57,0.45938845979261167,1.5041466436516862,14.964043075877973,3.086476007534792
36,11,EI,17,58,1.7329169852649802,1.3668005315654908,3.355241122497568,4.362605436654543
36,11,EI,17,59,1.6954499742415639,1.3218568192605864,11.329403836515334,4.179354221433703
36,11,EI,17,60,0.5435940345165247,1.1972929928901426,14.906218080884688,3.236825357804941
36,11,EI,18,61,1.7414593397501252,1.3778693540394467,3.0553146271387215,4.364714998137211
36,11,EI,18,62,1.6094178353023891,1.3692046804813085,11.05296996329027,4.185682604990617
36,11,EI,18,63,2.5923193686291097,0.8553873901129236,14.995457840378009,2.430771269788285
36,11,EI,19,64,1.7260070264848042,1.3603246115463503,3.2090766012057643,4.369192300466379
36,11,EI,19,65,1.602044330433611,1.3080136975990868,11.13318105115483,4.188090947140257
36,11,EI,19,66,1.5839541851441732,0.2574775110969645,6.631646914367459,3.133398885257693
36,11,EI,20,67,1.7426908954586282,1.3925183144112898,3.327586290742133,4.354236578910961
36,11,EI,20,68,1.6293644178850943,1.3106747860892778,11.227725062642191,4.187076006485243
36,11,EI,20,69,0.5182489805262553,1.182236900603534,14.803425967535016,3.198506937209947
36,11,EI,21,70,1.7330394807043619,1.374354112725546,3.291835923749732,4.362686807992372
36,11,EI,21,71,1.6589255612716478,1.3405247328562768,11.23401445031865,4.185118845631948
36,11,EI,21,72,0.5817742469851355,1.2468837649088487,14.953875435877915,3.3036047783513256
36,11,EI,22,73,1.7342493976447342,1.353498570335149,3.2847929388047157,4.3661549532652835
36,11,EI,22,74,1.6499760263923173,1.3574883137316909,11.423316817088484,4.1814522402227094
36,11,EI,22,75,0.5829981700070561,1.1441018565033834,14.994626659437396,3.255035782925114
36,11,EI,23,76,1.7244239030139838,1.3121266082513041,3.5704393913638945,4.362146898365273
36,11,EI,23,77,1.651504217694376,1.3203228365880557,11.799763030780314,4.1786266376737515
36,11,EI,23,78,0.5323043293347314,1.3675056102131902,14.863823593292231,3.2510589842803954
36,11,EI,24,79,1.7638348883310258,1.370305987292881,3.406361145019946,4.350985762650387
36,11,EI,24,80,1.62249583575039,1.320834199536467,11.442013219582089,4.1846319661018265
36,11,EI,24,81,1.5786616392531365,0.3743651344254961,7.0331473977380465,3.272471270398296
36,11,EI,25,82,1.7533671526448287,1.3311751245551426,3.5101585264594495,4.35596198428251
36,11,EI,25,83,1.6133118578430188,1.313187281718987,11.378831422721621,4.185241672643044
36,11,EI,25,84,0.5530451746836242,1.4104372468801736,14.783262438032144,3.2651851773640796
37,12,EI,0,0,-0.16266900004873697,1.8136353000079861,2.84061644771188,2.0496068522249082
37,12,EI,0,1,-0.42998799926753206,-0.27538765791414876,3.458888157601999,0.8816188997973555
37,12,EI,0,2,1.4054557407418962,-1.0972221625679337,13.444744296196502,1.8233127847680466
37,12,EI,0,3,2.1068336377065675,-1.4901053873468297,8.122450959620195,0.8907008857233618
37,12,EI,0,4,-0.7006967889732838,-0.5971576443365341,6.254023713455908,0.5494303199234877
37,12,EI,0,5,0.5951634473656942,0.13851306830365218,13.912822996384023,2.0583407798906546
37,12,EI,0,6,-0.1329724388294239,-0.8423842622541172,10.057986600343447,0.5211647079310249
37,12,EI,0,7,2.4375140944263407,1.72983806405313,13.203869748852181,2.7840997575435598
37,12,EI,0,8,-0.8595027643334516,1.778436437251968,9.738956295448075,1.8437758310573602
37,12,EI,0,9,2.157004194728032,-0.07165536180405496,3.2916296276905648,2.505086172880276
37,12,EI,1,10,1.970519318474579,0.87296014431855,0.942144311407132,3.409027701430626
37,12,EI,1,11,1.9635450945110229,0.8841096125013839,11.167940473068176,3.7311895416048313
37,12,EI,1,12,2.430215263579291,1.9521712161586344,5.926084789885211,2.175937087691435
37,12,EI,2,13,1.9576615078135062,0.9658006749218244,14.994462888818187,3.7855894633838174
37,12,EI,2,14,1.9719349804896509,0.9359347067222097,8.144284551845908,3.836031057338308
37,12,EI,2,15,1.910739347509573,0.8637849822178203,1.4604150893600139,3.804605315669795
37,12,EI,3,16,1.7620633875538707,1.1221906676271822,5.900496975903011,4.197196752314472
37,12,EI,3,17,1.7590519107538207,1.1584263702376236,12.985477727516884,4.08933190016277
37,12,EI,3,18,1.626910638813451,0.12528111109511775,0.06817037544025133,1.6480071988561418
37,12,EI,4,19,1.7895255892944197,0.9891927317582616,7.684220762393206,4.023458265104971
37,12,EI,4,20,1.8095769575572227,1.0335644902554044,0.23584643665129526,2.7562537497998045
37,12,EI,4,21,1.7807752055829793,1.2452613483834205,14.997770052114578,4.101311527848204
37,12,EI,5,22,1.3247711331055663,0.8290366824270117,4.392414985038897,3.8824955261489964
37,12,EI,5,23,-0.3200764281980215,0.8498364456103427,4.721759120373857,2.2118268148853
37,12,EI,5,24,0.8806837307680837,1.180985167500126,13.793656289755177,3.6423803812070803
37,12,EI,6,25,2.013980765437829,0.8342343337246465,4.140048542695937,3.7895778550423938
37,12,EI,6,26,1.5139825017804291,1.2960374298199708,13.661614309082593,4.1447563843179545
37,12,EI,6,27,0.5954905830785726,1.1554170978911849,7.33365553191424,3.391948016512767
37,12,EI,7,28,1.5919166291243942,1.0402876565904084,3.4051528928129517,4.235961669692067
37,12,EI,7,29,1.5987071264972572,1.2763978262766362,14.215923523898239,4.147327311290274
37,12,EI,7,30,2.615074379067996,0.8054134669228916,8.99330260750387,2.3744233258746386
37,12,EI,8,31,1.3947787610075073,1.3009359826530846,6.144500974248465,4.237848046830793
37,12,EI,8,32,1.5325119342172657,1.365568818576416,14.894994147675439,4.134488037965628
37,12,EI,8,33,2.43021940523754,0.7108647410748246,1.8287096971477532,2.889699621780931
37,12,EI,9,34,1.5375934343133144,1.2798395383939027,8.776193894310605,4.216859202944088
37,12,EI,9,35,1.4638380274610139,0.7534398262141955,1.9354347852759322,3.8529871064840218
37,12,EI,9,36,0.7068143192342242,1.4783992328717757,14.91966148101044,3.414445487833796
37,12,EI,10,37,1.5902071307032535,1.2276546898838605,6.933235771472793,4.249707617542951
37,12,EI,10,38,1.5402861252775457,1.313109618331258,14.527897637294965,4.142658281042022
37,12,EI,10,39,2.0343979426683223,0.533833254443119,1.1305358512207813,3.0677992065308572
37,12,EI,11,40,1.6564944243183262,1.0905413512431719,4.291921777236173,4.2490634481751055
37,12,EI,11,41,1.5561786941475333,1.1587677638824316,12.099150260855891,4.11905448504841
37,12,EI,11,42,0.5660668286338875,1.6723384025447388,7.449471433213936,3.09051165771944
37,12,EI,12,43,1.5128719996305122,1.2376278742968756,6.595268004874329,4.25111100601441
37,12,EI,12,44,1.5996558401467307,1.270011060851913,14.311584652151671,4.145091366747959
37,12,EI,12,45,2.0309888246566468,0.4914600097902846,1.4620611639273824,3.1952100814100413
37,12,EI,13,46,1.5480397148399567,1.2270331668622103,6.9722709042985915,4.243965452053829
37,12,EI,13,47,1.5816354212583041,1.2863196857635568,14.690528822577,4.143470842616654
37,12,EI,13,48,1.6661003042348286,0.32985807040858184,2.286010676709423,3.3294516501047307
37,12,EI,14,49,1.5462953406374025,1.2291421916011473,7.093611971809785,4.241413084031944
37,12,EI,14,50,1.6072952313059972,1.2593647477982892,14.71787142050088,4.138878655435653
37,12,EI,14,51,1.7823338589983106,0.41984198670368933,1.873721980591836,3.3816892719150955
37,12,EI,15,52,1.6575051679500685,1.1086029778450817,3.7617279549160827,4.280950734091395
37,12,EI,15,53,1.5470434594712539,1.2686278046804902,13.794551153888921,4.1448334587324505
37,12,EI,15,54,0.6780786785069672,1.3539729010503212,8.272421171687654,3.5254503092437273
37,12,EI,16,55,1.649791492808916,1.0451876494553263,3.7816547866030565,4.228482270771092
37,12,EI,16,56,1.5736118281588363,1.3048564876320587,14.33120084495667,4.148434722485808
37,12,EI,16,57,0.7473008553767793,1.3009808028181427,8.69902303083111,3.600814449003371
37,12,EI,17,58,1.6399808132205536,1.1182639340654283,4.044178936005187,4.279762109123938
37,12,EI,17,59,1.5893495341146404,1.2871986062022582,14.248028996253485,4.14841255960336
37,12,EI,17,60,0.7434310651799625,1.3775620183931543,8.726262059677603,3.5907062518801998
37,12,EI,18,61,1.6735878207262078,1.1083404252476274,3.6032175049741766,4.28406112495856
37,12,EI,18,62,1.5966851576925327,1.2642027387262762,14.180780491507102,4.144895588523314
37,12,EI,18,63,0.7820106557199114,1.3237188103391029,8.311858841367492,3.65080217527161
37,12,EI,19,64,1.6680658371391033,1.1212550584886953,3.753556621661834,4.289362000008511
37,12,EI,19,65,1.6471405906535797,1.3131310818487618,14.492534585646684,4.148643728686966
37,12,EI,19,66,0.831202588801228,1.1697278612802489,9.198453310255019,3.643876074677652
37,12,EI,20,67,1.666403715938777,1.1077036295462426,3.7633063961113122,4.279335926169124
37,12,EI,20,68,1.5375971747689183,1.278714220590523,13.722928714773683,4.146123107435864
37,12,EI,20,69,0.8268781535965171,1.5147201103177452,7.860661354309892,3.62607558181426
37,12,EI,21,70,1.6671474553178256,1.0943834013144755,3.5520292173198578,4.275718984831951
37,12,EI,21,71,1.547952071346196,1.2482000356445546,13.65710700317909,4.140979395658778
37,12,EI,21,72,0.8278307337616737,1.4242573055267211,8.10314176110996,3.6857781268527354
37,12,EI,22,73,1.6408411487906571,1.1657496837105499,3.6948810715703915,4.322331603606005
37,12,EI,22,74,1.6010630527802157,1.3171490863054656,14.156382137253232,4.152720418564506
37,12,EI,22,75,0.822259060391745,1.336630371273857,8.60585637208686,3.6911260532024315
37,12,EI,23,76,1.6761862153497398,1.1638701627412065,3.6951058022150844,4.317965117944757
37,12,EI,23,77,1.5769141325624236,1.3167398605259457,14.187575777734496,4.15085086391869
37,12,EI,23,78,0.8748076295706011,1.4533908463359286,8.351426885006187,3.7177072280690755
37,12,EI,24,79,1.6244598799864112,1.188672443932529,3.3765594354321733,4.3449038144132786
37,12,EI,24,80,1.5586148725588491,1.3130013083212257,14.20103527230546,4.148552016633741
37,12,EI,24,81,0.8654025519938022,1.3542539282190202,8.471960703403868,3.741060834422303
37,12,EI,25,82,1.678549841941491,1.2690352055566212,2.993125435173418,4.379090012111583
37,12,EI,25,83,1.5796556463421134,1.3883280171630128,14.978209235759955,4.134743816791092
37,12,EI,25,84,1.012725669136362,1.274007510311403,8.728864503374135,3.8879918042638915
38,13,EI,0,0,2.131748582680984,1.4935588022622066,12.165539958366347,3.7676746364093363
38,13,EI,0,1,-0.12297494738662706,-1.2298018979855252,14.197040240910503,0.04523611932395344
38,13,EI,0,2,1.1937395494430194,-1.490792362307951,13.656197263809501,0.9357980483608388
38,13,EI,0,3,2.5802105869627447,-0.4979618854184036,12.205103184461654,1.021203158399827
38,13,EI,0,4,-0.7920415137155512,0.03398016556197492,12.265738917397368,0.9485623160742864
38,13,EI,0,5,0.4274364642616839,0.3121239751544198,1.7564812122425197,2.2293173362159475
38,13,EI,0,6,1.941942362437668,0.24253592916379274,3.7249396441051923,3.0808701768556968
38,13,EI,0,7,1.8024761649752454,1.927299012163469,8.075610167910273,3.1052942392047873
38,13,EI,0,8,1.6547303819338683,1.9746624109692692,0.45288231813348423,1.8106312826020137
38,13,EI,0,9,1.1383794868946242,1.885533472270553,1.7609312710759095,3.176776273195227
38,13,EI,1,10,2.364113021220465,1.4935395054602396,12.739142985225408,3.340270907851833
38,13,EI,1,11,1.7750645049690168,1.4935148817552846,2.6916941443627938,4.295739466440893
38,13,EI,1,12,-1.0100023581581914,1.4935378795728846,12.613659537272888,2.430965782546553
38,13,EI,2,13,1.304480481545783,1.4938959622363108,14.35325683821941,3.9839345523866196
38,13,EI,2,14,1.361868962959345,1.4957331803311966,1.278643806781164,4.0222770177023
38,13,EI,2,15,0.1862153842164147,1.5124204670810881,7.363821964180858,2.8609119318541634
38,13,EI,3,16,1.6539645786210135,1.4799992885808377,0.19639805318630257,2.8895586639503
38,13,EI,3,17,1.6119502110556958,1.477443905242335,12.69334616014898,4.114287569678816
38,13,EI,3,18,2.0469245696689295,0.2403452091449063,7.1025886537674845,2.869340086080831
38,13,EI,4,19,1.5466133833267626,1.4752896257894217,10.384634570482497,4.141489597259647
38,13,EI,4,20,1.5806046742255146,1.4754716579457972,1.0195563043022013,3.91178673723514
38,13,EI,4,21,2.237678802874372,0.24490437794867126,5.7040708562319065,2.6374034025494275
38,13,EI,5,22,1.571100010617411,1.4946123402545681,2.3647412497892004,4.315621026539422
38,13,EI,5,23,1.7328570373214083,1.476081208466601,14.193255482120229,4.083973502516793
38,13,EI,5,24,1.2412792028980655,0.24257541894169243,7.036874417816722,2.9648191394447703
38,13,EI,6,25,1.7845948286032716,1.4768494627117543,1.615909485765515,4.206373060775874
38,13,EI,6,26,1.6992115020670027,1.476870503201416,10.211220617814012,4.141087011910288
38,13,EI,6,27,0.1901228430344135,1.474890455716955,5.926693887743807,2.9356532673729876
38,13,EI,7,28,1.866171043876785,1.0835845151395,2.0598007769268745,4.187322699894578
38,13,EI,7,29,1.5464009316809855,1.4120534940592835,11.181029615620433,4.165514802915327
38,13,EI,7,30,0.5035282447956493,1.3791323066826733,2.076212135944045,3.435187992899135
38,13,EI,8,31,1.5077748142559035,1.3422502226757143,4.144311914809417,4.342728005713463
38,13,EI,8,32,1.6196973882846115,1.2194090826753552,11.84404175339603,4.15722471944664
38,13,EI,8,33,0.5064670236672424,1.9657510281149522,0.02395841051629017,0.7562904293412536
38,13,EI,9,34,1.5938089011135803,1.2992839862561247,2.047297011197487,4.364321432510975
38,13,EI,9,35,1.5227567309111558,1.2664320701071734,13.431236231908029,4.143807108034386
38,13,EI,9,36,2.6289100130596985,1.0269142999654646,9.327149713369286,2.574872742891576
38,13,EI,10,37,1.7406441988551165,1.446472821691986,4.022069032271127,4.309267199702293
38,13,EI,10,38,1.5163293257943686,1.2952809426021057,12.22473086244247,4.161521122421736
38,13,EI,10,39,2.598339503003333,1.9054237240420298,10.083317920697839,1.8094991350514096
38,13,EI,11,40,1.4284261395015325,1.3032529287920704,5.839629726505082,4.26121025887482
38,13,EI,11,41,1.6116949123609285,1.2829787758584366,13.722129913425041,4.153912465735498
38,13,EI,11,42,2.536343878827007,1.2617751546816676,1.7988599058904642,3.124173396418172
38,13,EI,12,43,1.806831946331962,1.2708332233558766,4.526971635036679,4.295144948358152
38,13,EI,12,44,1.3696255688581842,1.2871005999578724,11.84897975563882,4.112466853806108
38,13,EI,12,45,0.5167567309988899,1.124382022477116,4.819842427588317,3.347043395324708
38,13,EI,13,46,1.5854089748879283,1.0895130242558944,0.15189104292265734,2.844621123004033
38,13,EI,13,47,1.5724163690620667,1.2092483208318434,7.966848817143572,4.216122133990969
38,13,EI,13,48,1.7503233246097643,1.6542069716222394,14.984170175258917,3.8431297373016857
38,13,EI,14,49,1.5796438630773944,1.3100251163482204,2.353263895627915,4.383795544578931
38,13,EI,14,50,1.5906210603455877,1.2023549391270727,10.07095324863596,4.174664810941962
38,13,EI,14,51,0.6490508258500847,1.1691118092041703,14.967866264867368,3.3521679649503597
38,13,EI,15,52,1.5656970841895381,1.3087330472009695,2.4267203484445834,4.3847137877892415
38,13,EI,15,53,1.5649015829707444,1.31439371985606,10.200332916016437,4.199638606105461
38,13,EI,15,54,2.5540216600260517,-1.4691264512005244,1.130889118780442,-0.17743886789662522
38,13,EI,16,55,1.5832685699334688,1.330845125235471,2.334324169542856,4.3837278405978415
38,13,EI,16,56,1.6226227746633586,1.3378814426958,11.040454859707468,4.189885646879873
38,13,EI,16,57,0.6215377110451357,1.144257498765851,6.662412851814219,3.4342958780637534
38,13,EI,17,58,1.59643793610863,1.342678747106885,2.5296034918379404,4.389298217964457
38,13,EI,17,59,1.6243237070562944,1.3203440547216752,10.264435224209135,4.201867060184344
38,13,EI,17,60,0.6426941934789097,1.0350514769509869,6.542770906331938,3.377055465937512
38,13,EI,18,61,1.6381599369183708,1.3289282492953953,2.3143481475375713,4.3838197665963845
38,13,EI,18,62,1.561989926508248,1.3132256281094379,10.348901092397151,4.196890495764272
38,13,EI,18,63,0.6074011288430667,1.3616700735736003,5.691899138280197,3.5037945058424413
38,13,EI,19,64,1.6585274471776934,1.3208035735625439,2.4580966544235197,4.387191541155507
38,13,EI,19,65,1.5750415769008472,1.29564345978365,10.074256171922531,4.201189904520775
38,13,EI,19,66,0.6284044123168113,1.4014380799361654,6.017501786744441,3.5097213359213626
38,13,EI,20,67,1.6085394135346816,1.3195184541219431,2.2738759433667703,4.382280834759591
38,13,EI,20,68,1.5549067248234412,1.3050817947006763,10.348008253121392,4.195453327268045
38,13,EI,20,69,0.6324495543002782,1.3442079096010255,5.8375578559755406,3.532437530450898
38,13,EI,21,70,1.604036093172446,1.308782809128021,2.314132629225862,4.3835496728091625
38,13,EI,21,71,1.544756272068366,1.303124623170719,10.450115967435682,4.192197021712565
38,13,EI,21,72,2.282370423774914,0.8391990419624422,14.968308067880248,3.189340053741213
38,13,EI,22,73,1.6107617949100321,1.293923285887014,2.5002753322630515,4.387948791642414
38,13,EI,22,74,1.5624489804969603,1.3239995097937323,10.042314888856017,4.20212147606737
38,13,EI,22,75,0.6360552540238675,1.3289413399897736,5.87919251807513,3.536401712541771
38,13,EI,23,76,1.596374244055808,1.2899184916173354,2.521915172645387,4.387336185460275
38,13,EI,23,77,1.5685886965597384,1.3120873534949564,10.163107807380236,4.200535668476092
38,13,EI,23,78,0.6571026695427642,1.3209705739385331,6.2450370395145,3.551517440902293
38,13,EI,24,79,1.614576732058925,1.339451851521599,2.544492002886899,4.390261751878335
38,13,EI,24,80,1.560179378852137,1.33927663533236,10.417185809445877,4.195425911715469
38,13,EI,24,81,0.6702199078988735,1.2156900358335143,5.824858919218112,3.5563209639526443
38,13,EI,25,82,1.6584603562329634,1.3095545422836152,2.422712122127915,4.385820752909346
38,13,EI,25,83,1.5679100295853288,1.3221093959494312,10.538923600210722,4.194906002998704
38,13,EI,25,84,0.732218125016403,1.2930403775921184,6.1313592064924105,3.643740640248244
39,14,EI,0,0,2.0053846626886096,-0.23668666608010192,10.541386844425242,2.3688078663683063
39,14,EI,0,1,2.1142639057207453,0.7446111827585762,8.225899768990896,3.4359509332077574
39,14,EI,0,2,1.748765259999069,1.0071003392401416,7.0080641399088694,4.0724889982510835
39,14,EI,0,3,1.0392790519885517,1.112128260319591,0.9543952231688143,3.505529213419063
39,14,EI,0,4,1.317375771603062,1.0762000001351049,5.981983918073993,4.091506261911437
39,14,EI,0,5,0.7953411158137753,-0.699477802827316,9.753262518526983,1.6922739348051359
39,14,EI,0,6,2.529689295317916,-0.45450420346361553,6.942999008477219,1.2932927319567322
39,14,EI,0,7,2.231961144388981,0.4299030705412634,6.322549636949335,2.8689414023263904
39,14,EI,0,8,1.3974025170573365,-1.3921291900890354,2.307792471870808,1.5388238891684112
39,14,EI,0,9,2.156135487318751,-0.9461605456555318,0.4429731154750614,0.5995696155814277
39,14,EI,1,10,0.7951077803772131,1.2782900946679856,8.568608260142105,3.656362043355066
39,14,EI,1,11,2.1837918637079747,1.2697688109058625,8.62278944397991,3.8066734185104374
39,14,EI,1,12,-1.069513038094236,1.2724935576784526,8.725515172433719,2.61863673892055
39,14,EI,2,13,1.5022290607358921,1.7528466894535892,8.427826928730724,3.7173905559678664
39,14,EI,2,14,1.4451602449273349,1.6804023790117846,13.348768109930042,3.7964786855098422
39,14,EI,2,15,1.591408925469536,1.8221244768705773,3.4757480442622106,3.671686654688007
39,14,EI,3,16,1.301678051000434,0.9768887777195752,14.5937601631102,3.8416871885101087
39,14,EI,3,17,1.5252696602545046,1.0904246733956762,9.243556517193497,4.109167535478299
39,14,EI,3,18,1.6329133251488455,1.2494707647689616,3.865038136350338,4.354297369356065
39,14,EI,4,19,1.9521889554489076,1.2847807803178184,0.10240156181562625,2.8066925979797985
39,14,EI,4,20,1.6741164352899722,1.233652152320324,5.798027015661768,4.281092461999871
39,14,EI,4,21,1.4229440049194837,1.277192030536681,11.484803344665123,4.139353795764718
39,14,EI,5,22,1.6140925862205209,1.2109781580175825,0.35240509490236804,2.973431277702438
39,14,EI,5,23,1.625811659683186,1.241078907525082,6.507602296723493,4.266572287614869
39,14,EI,5,24,1.6297865427809328,1.2292764639042861,13.226779078223382,4.144427395990284
39,14,EI,6,25,1.905855393442247,1.2618713824231174,4.68841172341886,4.228972663960741
39,14,EI,6,26,1.6056757690362358,1.1454946573252291,11.79016330251081,4.118763532655711
39,14,EI,6,27,0.8537221100868575,1.210055057711707,3.5517800388737975,3.8457304094615816
39,14,EI,7,28,1.6021972325239178,1.2077611184627854,4.80125451036696,4.306386200582429
39,14,EI,7,29,2.182598671113352,1.1778685527448598,14.997944083812518,3.6869244225717175
39,14,EI,7,30,1.326409396354086,1.2253202013570101,11.133062030362185,4.082359333325081
39,14,EI,8,31,1.5933341692272007,1.2327660808175556,4.647327046249362,4.321360931250484
39,14,EI,8,32,1.587680195335678,1.2818286456142975,11.31795333078202,4.181545325115312
39,14,EI,8,33,0.6613777146225619,1.0906275561586996,2.4251156028537264,3.5562445470186628
39,14,EI,9,34,1.6426828577935821,1.2388778089723869,4.831111689960701,4.317168079210751
39,14,EI,9,35,1.6075123945305037,1.2310524479631808,11.319062515066799,4.168608180219874
39,14,EI,9,36,2.6067392202242954,1.3401916531581644,3.4420667092416846,2.963735113483657
39,14,EI,10,37,1.6233249498785622,1.2361780419818333,4.616111793037654,4.324291511518159
39,14,EI,10,38,1.5832410600224294,1.2746802405444582,11.331235688047435,4.179687873961594
39,14,EI,10,39,0.6938055468817026,1.3880504616278473,2.7335045881091196,3.691188001592329
39,14,EI,11,40,1.6374330230395442,1.2690559812390463,4.594591548600094,4.334076369128138
39,14,EI,11,41,1.6083035408826691,1.2869117570769104,11.050147164394682,4.187061074882836
39,14,EI,11,42,0.7182982889451062,1.434952552220273,2.8442377771384386,3.701412811335492
39,14,EI,12,43,1.6053097951138366,1.2642697365942341,4.616997872181243,4.33242145547066
39,14,EI,12,44,1.6372851744039782,1.2979839134938933,11.536030295082355,4.181501071243225
39,14,EI,12,45,0.7385465920112297,1.460309812130986,2.3511097532404768,3.7051731957341145
39,14,EI,13,46,1.6272536828686728,1.1975468092168575,4.7585847675434945,4.303301657957553
39,14,EI,13,47,1.6463436371047542,1.2813008341593353,11.442596282731081,4.17986283790072
39,14,EI,13,48,0.7369432819625596,1.3778671599204233,3.054828259236399,3.7424329109391077
39,14,EI,14,49,1.5628356554418965,1.2407687155024343,4.675660301016328,4.320470046228504
39,14,EI,14,50,1.661930782134669,1.3214730796447807,11.012327125356407,4.188479501211862
39,14,EI,14,51,0.7288570790889082,1.3544180339838676,2.066668857446705,3.7166079294904124
39,14,EI,15,52,1.5589825316197552,1.287672025823714,4.644525323658066,4.332462288840742
39,14,EI,15,53,1.6886833862110984,1.2961496307899578,11.116233811390336,4.18179629058122
39,14,EI,15,54,0.7470069254549678,1.316395129513992,1.8282567595214338,3.710176621606097
39,14,EI,16,55,1.546821579419107,1.2799366150834603,4.5582037214164695,4.332434256863393
39,14,EI,16,56,1.6262091646788939,1.2948762143081654,10.916206144872131,4.19013300763959
39,14,EI,16,57,2.203836653065261,1.6966325115066985,14.983894022902701,3.326739977006597
39,14,EI,17,58,1.6027668506045676,1.29631379616184,4.5418968451960335,4.340758303082779
39,14,EI,17,59,1.5839819002128888,1.3027033420256675,11.377067638414648,4.183269613675784
39,14,EI,17,60,0.7625531772564154,1.3736568814702617,2.541619056249377,3.775899400759562
39,14,EI,18,61,1.6325094699939227,1.256154184607463,4.5030235615558425,4.334220794860492
39,14,EI,18,62,1.5912051816186712,1.2797777835801072,11.167992999427092,4.1834880930174805
39,14,EI,18,63,0.795845803437677,1.4298332329811494,2.7911381897836165,3.7961228746466107
39,14,EI,19,64,1.5993683784873132,1.2338805148668754,4.583595873124401,4.324254906973194
39,14,EI,19,65,1.6081721219592486,1.3222760170296812,11.10638201946697,4.189222314498204
39,14,EI,19,66,0.8200488935041281,1.4100307907208238,2.058488548419933,3.8084719442730988
39,14,EI,20,67,1.6109124710651463,1.2734443642905244,4.506611253853564,4.338448327946679
39,14,EI,20,68,1.6072706080834003,1.332014700157882,11.206029030862839,4.187696927716763
39,14,EI,20,69,0.7937427578442409,1.2395383584022683,2.507651267816765,3.802500159966665
39,14,EI,21,70,1.6077347304902632,1.2930539726570909,4.673673195758567,4.335930858490298
39,14,EI,21,71,1.6059511869660192,1.3460488621139879,10.9839314413559,4.18994676162592
39,14,EI,21,72,1.8639667216194433,0.7081781350865519,14.979352471165663,3.5365527728630406
39,14,EI,22,73,1.6108733192340448,1.254175839287043,4.863505685544634,4.321426470175314
39,14,EI,22,74,1.6027760032026608,1.3161206617226178,11.434683613324982,4.18437008757006
39,14,EI,22,75,0.8380476670415993,1.3681000605324174,2.3680813720075427,3.8602858368483144
39,14,EI,23,76,1.5307828496705258,1.2841013178894802,4.416171935388328,4.335361886927517
39,14,EI,23,77,1.6288031112871515,1.312664663422865,10.975951610506176,4.19076991806585
39,14,EI,23,78,0.9580774013517046,1.2223921013061672,14.977502074074927,3.733277951906129
39,14,EI,24,79,1.5918385375253314,1.238006839487372,4.546301329116007,4.326610764203363
39,14,EI,24,80,1.5531136336264266,1.2923705433565669,11.02113905215094,4.18375063060879
39,14,EI,24,81,0.8464974806852483,1.391977793979323,2.1652601125780677,3.8535256799370066
39,14,EI,25,82,1.5762418343889908,1.2704222096428084,4.3555797548506305,4.341187630696468
39,14,EI,25,83,1.6383251332491415,1.3181381791890119,11.002746062390193,4.190266938991779
39,14,EI,25,84,0.7904704343970912,1.386559028460459,2.3913931287834735,3.801960716790421
40,15,EI,0,0,1.4887819660857744,1.3553598896762011,5.166756960135058,4.301455439918212
40,15,EI,0,1,-0.9324397374449049,0.5005903996180585,2.194535155427239,1.8133822729887699
40,15,EI,0,2,1.5860486353836358,-0.2912522357345608,6.855688124457461,2.5874471903925
40,15,EI,0,3,2.547079885177085,1.2351310972021072,12.657006888914376,2.9208699326498766
40,15,EI,0,4,0.9744624532877526,1.7956747690506258,0.27586896480727185,1.9588298183015238
40,15,EI,0,5,2.2228802563178856,-0.1358453082753024,3.4768701781293267,2.3365926980307057
40,15,EI,0,6,0.8970312272458099,1.806415975284648,4.965643663750206,3.2156144361433094
40,15,EI,0,7,2.295517353728442,0.13566064376779963,14.509349184066178,2.2454316961533296
40,15,EI,0,8,1.755916236962754,1.2417384668235592,5.423550716478223,4.277022494795997
40,15,EI,0,9,1.0965637194278455,-0.6300779417761381,12.002279611544562,2.0173338358465847
40,15,EI,1,10,-0.22756943325541734,1.3212277652281745,5.4557085482960375,2.5992583968248724
40,15,EI,1,11,1.5347754947542276,1.3213420251790668,5.458587178108894,4.304385714362173
40,15,EI,1,12,2.629734399206359,1.267026947255875,10.255679649108892,2.70572423834268
40,15,EI,2,13,1.5597256684701817,1.2716071419254997,5.028529134476735,4.316504278479314
40,15,EI,2,14,2.53336778286896,1.4395417081376771,14.874057080025128,2.923774192573558
40,15,EI,2,15,0.4144452366208946,1.246202306628446,9.409076999390026,3.1653644166465478
40,15,EI,3,16,1.587912150314497,1.308956883571239,5.194703280894692,4.31900175558355
40,15,EI,3,17,0.5904260835784676,1.088313610800034,10.059338410655645,3.283886061060684
40,15,EI,3,18,2.6347293476225166,1.0186350243999227,0.580032911507135,1.6683285166421382
40,15,EI,4,19,1.5932854506512628,1.432304304506343,6.882197521517306,4.243741647422919
40,15,EI,4,20,1.5068920134109356,1.971673482958951,12.656016761384649,2.8610118028471314
40,15,EI,4,21,1.5056931372611446,0.47497086173881553,3.8993826861420695,3.4940618806435344
40,15,EI,5,22,1.6783047485825349,1.2849583566307832,6.615033403303819,4.2704422060433656
40,15,EI,5,23,1.6798482269253108,1.3099159884779938,13.3504341611101,4.156711151169231
40,15,EI,5,24,1.6652367394506458,1.3184471126476733,0.003023957397482741,2.9446765359570213
40,15,EI,6,25,1.484670646283487,1.1185208345040083,14.961211370938553,4.046906779697655
40,15,EI,6,26,1.563991800805204,1.2945020282545903,5.530157913646785,4.3045696962066815
40,15,EI,6,27,1.3152527812999928,0.37615861600470435,2.7799403935095848,3.3082207649000788
40,15,EI,7,28,1.5988457589810436,1.2664379396968597,5.2545343825512605,4.311173847181209
40,15,EI,7,29,1.5798558213437226,1.1365042910073209,12.654336434188018,4.100749185102684
40,15,EI,7,30,1.3708421248939806,0.3469765621236074,3.263875445753684,3.2921080480121696
40,15,EI,8,31,1.562429780685057,1.2886215826866336,5.643070638312422,4.300030972661833
40,15,EI,8,32,1.6397919958204445,1.2280888701086252,13.869525897622054,4.136785861939984
40,15,EI,8,33,1.3199430245363915,0.4209260757009281,3.05785578715318,3.3674448000788297
40,15,EI,9,34,1.620222508420318,1.3132401350968816,5.643920091909338,4.305836106973506
40,15,EI,9,35,1.5945056416931793,1.2491317864933018,13.463901465945682,4.148069087643933
40,15,EI,9,36,1.2252042137595578,0.5452710856066316,2.573311509089324,3.4783768106325077
40,15,EI,10,37,1.5630864091164827,1.2825619273190165,5.841561816965484,4.293032194527337
40,15,EI,10,38,1.5558179020355896,1.2595454785513347,13.53248143898023,4.1466286143374145
40,15,EI,10,39,1.2774213685272802,0.5005723660580554,2.6877815706528523,3.453285518284684
40,15,EI,11,40,1.6158284447246989,1.2848718703641775,5.3027939274421625,4.313683273983406
40,15,EI,11,41,1.591354625919069,1.2680753886544487,13.11965043660442,4.156667169029177
40,15,EI,11,42,0.7330913304708198,1.1992669059425376,9.014289588882047,3.547977852234829
40,15,EI,12,43,1.5782335304453796,1.2956016775658954,5.6209245291308685,4.303312948356834
40,15,EI,12,44,1.5806225631932533,1.2678010786566571,13.492220312653036,4.151786101732258
40,15,EI,12,45,0.7269543098187867,1.3034763649522216,9.47472776562579,3.562296186283679
40,15,EI,13,46,1.5698748917745942,1.274508413780954,5.740642418716783,4.295360423427857
40,15,EI,13,47,1.5465906973878023,1.2439122491859762,13.631391881528174,4.139705675811539
40,15,EI,13,48,1.252799327586216,0.5488476628365686,3.150223805785488,3.4983421578660465
40,15,EI,14,49,1.567851417807526,1.289024039774044,5.767830023672673,4.296860827962025
40,15,EI,14,50,1.5520760039166897,1.238153764502242,13.409959545114654,4.140980247998368
40,15,EI,14,51,1.2303626301307409,0.6527047267229165,2.15047814783391,3.61445061304292
40,15,EI,15,52,1.5694835432950005,1.2690300080404993,5.521091936414161,4.300996368209215
40,15,EI,15,53,1.5461828510146836,1.2821427004074994,12.878270200660886,4.157370893463742
40,15,EI,15,54,0.7465688317852206,1.3993393735072308,8.870352232117792,3.5853609644663935
40,15,EI,16,55,1.5455010414878947,1.278634171649482,5.584827131601892,4.297814622773997
40,15,EI,16,56,1.5092321633077193,1.281025347088815,12.708264505218601,4.151979719305422
40,15,EI,16,57,1.3307250931178078,0.6435740667858365,1.8982434265076766,3.640064378993939
40,15,EI,17,58,1.6131403307064192,1.305567022731866,5.68535896828477,4.304033025778386
40,15,EI,17,59,1.5346238678015243,1.2781755820552765,12.473089496275215,4.159456050079093
40,15,EI,17,60,1.413199030006083,0.6970848351833228,1.7475870638135753,3.7283468846768746
40,15,EI,18,61,1.5627192284873535,1.2856620597437436,5.46868245267922,4.305106939237327
40,15,EI,18,62,1.552969200196217,1.2936176477188703,12.58004783790448,4.163589242544848
40,15,EI,18,63,1.3975871830316517,0.649740295209527,1.9758563610145006,3.6920449435513056
40,15,EI,19,64,1.5733234916515606,1.2612237351514644,5.3321908012273225,4.305569229882822
40,15,EI,19,65,1.5426049428312005,1.2630851194565063,12.521986980488633,4.156931781683773
40,15,EI,19,66,1.577695337654906,0.596383262649061,2.1329265103092845,3.6822101971656567
40,15,EI,20,67,1.561964440049266,1.2488363265713787,5.135429285434143,4.307328019860419
40,15,EI,20,68,1.5410300138896638,1.289696559500289,12.33577931938794,4.164151214668875
40,15,EI,20,69,0.7907952387798594,1.4244779436749817,7.738554203609447,3.651000553436475
40,15,EI,21,70,1.5721118351612273,1.2659816745551686,5.340355636971833,4.306354748950579
40,15,EI,21,71,1.55815218820053,1.275180712264563,12.967146885145178,4.156760974336811
40,15,EI,21,72,0.8592624891774958,1.3506847204625925,8.948445734699073,3.725245986356554
40,15,EI,22,73,1.5331265223210364,1.3077001215907798,5.311784043900074,4.308231362707459
40,15,EI,22,74,1.545502582038894,1.2911309306847336,12.802647997312487,4.159541526368918
40,15,EI,22,75,1.653472170336467,0.6818806675812832,2.1456640814521397,3.8012600094195594
40,15,EI,23,76,1.6239208305971937,1.236511037992948,5.136021734074452,4.306736675890161
40,15,EI,23,77,1.5401987394809056,1.2624173233474147,12.197987591197577,4.1603040896784265
40,15,EI,23,78,1.420093237985145,-1.4893689809275772,6.9538889969258335,1.1850731729974306
40,15,EI,24,79,1.58892969070132,1.2588090046734606,5.188227000387925,4.3109180820997315
40,15,EI,24,80,1.5521293299222116,1.2939637346364496,11.951723629741608,4.171236699391859
40,15,EI,24,81,0.8491161478787925,1.359265803773832,8.066663213400567,3.730591471356191
40,15,EI,25,82,1.5906526551143072,1.2725768525872843,5.159212079748092,4.3152610407831755
40,15,EI,25,83,1.5669854061613293,1.2638468677678376,11.961252429724842,4.167379650846969
40,15,EI,25,84,0.8797935643059691,1.3187411536423541,8.537187858044277,3.7575470300588294
41,16,EI,0,0,1.0185682268921874,0.007604509215649591,1.4120133080974064,2.4694768852675693
41,16,EI,0,1,0.20077327997931493,0.6752816343323778,0.3258033927374751,1.1015257022382525
41,16,EI,0,2,2.1685011963824743,1.4891733603442976,0.6655189326084838,3.031516033515698
41,16,EI,0,3,1.898647138229884,-0.8532169347960299,10.434663099564013,2.0499116670766213
41,16,EI,0,4,-0.5207640475670036,0.9206691459414329,14.37954883213524,2.0304612191520075
41,16,EI,0,5,2.5808888992215544,0.8215334344762009,2.454658846671232,2.667783569512534
41,16,EI,0,6,0.37578108886917816,-0.5270167557428449,14.3350897595026,1.2253878377562897
41,16,EI,0,7,0.01865250229852089,0.4637694815421538,6.111072062696367,1.9233094297057094
41,16,EI,0,8,-0.5815751426575689,-0.1534047084706731,11.541456392376888,0.7473892424215305
41,16,EI,0,9,0.4456207988443526,0.8776010554036517,8.728226293567289,2.9115581251711253
41,16,EI,1,10,-1.0808815236711455,1.4891575030725663,5.5863034428883065,2.6533668338488208
41,16,EI,1,11,1.0190968720134097,1.4892310551385592,9.303968067067316,3.824951211899431
41,16,EI,1,12,2.5723860542236228,1.4892672716949993,5.308895465029312,2.9449422153512583
41,16,EI,2,13,1.1981607830509127,1.6220204687296884,8.985025157727607,3.826421347674355
41,16,EI,2,14,1.870586277737393,1.898894849353495,2.3227624994070277,3.327076804805011
41,16,EI,2,15,1.6389068424672582,0.7129938025311167,4.400316475519082,3.817452078814367
41,16,EI,3,16,1.1496367266182657,1.6257071503758698,7.065556704166038,3.8237050875214553
41,16,EI,3,17,1.1442798927361464,-1.2392119148177063,7.067107120530427,1.5573634012075879
41,16,EI,3,18,1.1405235292993914,0.05207619076448777,7.16658374249873,2.6660990361706274
41,16,EI,4,19,1.5064256021190476,1.1754721852211278,6.227552829352383,4.231977747960372
41,16,EI,4,20,0.855557360549984,1.84772129151823,11.20666957696607,2.8942246407835457
41,16,EI,4,21,1.7553726477901126,0.32610279019997024,1.2307869148720525,3.053307849388352
41,16,EI,5,22,1.203699572540192,1.0411692357455493,8.963503832298512,3.9134143308519977
41,16,EI,5,23,1.200527418969343,1.0403847360162874,1.1509523852961592,3.76301241080156
41,16,EI,5,24,1.7840377256410047,0.9592356807210547,14.965719558378286,3.8885068518144617
41,16,EI,6,25,1.4611988307411146,1.2486207341289703,6.562126150707743,4.241314137158273
41,16,EI,6,26,1.814207844292255,1.2537797926647438,13.213230083332483,4.1072170433763695
41,16,EI,6,27,1.3746734402689347,1.6569684106690623,0.11650193002757109,2.5988549533500787
41,16,EI,7,28,1.412749781775461,1.205274182900569,6.1891607518276235,4.217314150898882
41,16,EI,7,29,1.8171370212265772,1.3015003921978585,12.889776761170092,4.118566404882314
41,16,EI,7,30,1.7231737904146707,0.6115966771969625,0.22178297302764763,2.267049427316067
41,16,EI,8,31,1.8372421869501694,0.576519412413997,8.158920871355479,3.466286462675499
41,16,EI,8,32,1.1915630746398986,1.2570201568361439,3.3890410005179366,4.193967167457884
41,16,EI,8,33,2.0159205374469664,1.2724472198127517,14.264390792699167,3.9484603326098426
41,16,EI,9,34,1.2638434673915504,1.1203394739627837,2.3870672457104414,4.183425421618538
41,16,EI,9,35,2.0361752476537567,1.0151366514644096,12.464840212813286,3.784423803638946
41,16,EI,9,36,1.1375400565373095,1.6425529328488246,8.969960659537888,3.742735600245727
41,16,EI,10,37,1.3474090643800616,1.1444518149312728,4.3929037435809155,4.210820790091656
41,16,EI,10,38,1.601000172225794,1.2919591199896945,11.649655641267637,4.179336965300715
41,16,EI,10,39,2.3121339013590743,0.09754941728209077,3.5525631772155752,2.396002251882789
41,16,EI,11,40,1.4290297986073548,1.1994476235350215,4.251974839159321,4.284192025553212
41,16,EI,11,41,1.668784997629459,1.2981040660249148,11.167075813601283,4.184077825925647
41,16,EI,11,42,2.340587394596137,1.9963236029712337,3.993682825831608,2.2383138432340592
41,16,EI,12,43,1.4747817464993234,1.2081522679679617,3.6564521149060116,4.323979026652278
41,16,EI,12,44,1.6591782763475664,1.360399783433782,10.429148956184909,4.194683010247099
41,16,EI,12,45,0.7630560507180197,1.0094987756685194,14.875052546383191,3.3644969229044914
41,16,EI,13,46,1.4563792486682643,1.195488941119153,3.0500899353447646,4.328062896998297
41,16,EI,13,47,1.5745637857010468,1.3948185519786023,10.041691540096819,4.192503774371925
41,16,EI,13,48,2.356209433778467,1.0434290985406207,14.893232972242966,3.262026712258879
41,16,EI,14,49,1.4987966510192865,1.2050870508038596,3.337985822738989,4.338571615143591
41,16,EI,14,50,1.650353629898334,1.3583952049542098,10.31184824624415,4.19755582584786
41,16,EI,14,51,0.7411247593300856,1.996079491611697,4.84618416889752,2.2845239497450756
41,16,EI,15,52,1.5335785398314794,1.1997990187952303,3.665215760381161,4.334059390311369
41,16,EI,15,53,1.7037570479944333,1.2978644578957015,10.852087036860146,4.183068938202792
41,16,EI,15,54,0.9988569357386639,0.5427857856111071,8.160523225689735,3.1272878304871736
41,16,EI,16,55,1.5261677712214485,1.193267493979027,2.937556054737346,4.3473483477344175
41,16,EI,16,56,1.646539562941399,1.3179369639310297,9.914934794902118,4.206600862817178
41,16,EI,16,57,0.9130673201386337,0.9988659632950543,14.986505022366083,3.5230218692882884
41,16,EI,17,58,1.6632919983411028,0.8474788143948699,7.685839242109668,3.8942136783770103
41,16,EI,17,59,1.5877594175495964,1.1861755702039263,1.1335096337282833,4.025674876918539
41,16,EI,17,60,1.6005418518788952,1.2888455390813105,14.145132654420054,4.150250649151828
41,16,EI,18,61,1.523962515156832,1.2276279762070734,3.60297901723766,4.346010881945913
41,16,EI,18,62,1.5664226528032992,1.290535205398725,10.969356466429975,4.185931281937218
41,16,EI,18,63,2.427647677727437,1.588426811694716,14.79385032780408,3.0635152491415174
41,16,EI,19,64,1.5291904869049313,1.2697878306424726,4.136177733538576,4.3420095524406666
41,16,EI,19,65,1.590854045519702,1.2545096814275478,11.55275136996381,4.172314831403202
41,16,EI,19,66,1.4754509245801364,0.3145869779178101,5.061764579553256,3.2325444763880724
41,16,EI,20,67,1.542611961208343,1.229274178568311,3.9264340443739494,4.339488949591584
41,16,EI,20,68,1.5914665984815946,1.2776270828565885,11.021162777148115,4.185183506081292
41,16,EI,20,69,0.6374947462074103,1.379163454604051,7.812645594654389,3.481052570472145
41,16,EI,21,70,1.5095960949286455,1.2392874807824437,3.7290780400194112,4.343068216110172
41,16,EI,21,71,1.6152387855448818,1.28215015508218,10.711638382021883,4.191311190173993
41,16,EI,21,72,0.6447267545067199,1.3329611145123352,7.807851882959301,3.4964476715651407
41,16,EI,22,73,1.5190436716737064,1.2366395037867872,3.6634698283658245,4.346357026171248
41,16,EI,22,74,1.6721496047072257,1.316507174341179,10.415319015318781,4.196118585216923
41,16,EI,22,75,0.8983341751673299,1.10336131934432,14.895191408402713,3.6005463347435356
41,16,EI,23,76,1.5552205488063837,1.2435834484124726,4.176497718085737,4.337752407099974
41,16,EI,23,77,1.6409537745342266,1.2899228904579596,11.175984565725923,4.185243848391922
41,16,EI,23,78,0.6847130589222441,1.2768028073800428,8.110291886837526,3.534077826180866
41,16,EI,24,79,1.548927746333523,1.2238127157561034,3.8016539735769577,4.342562828321
41,16,EI,24,80,1.5995120898629511,1.2955637344148272,10.757429888764296,4.192240295452839
41,16,EI,24,81,0.7266826861994509,1.4607825475745249,7.409331970520951,3.5625194904528144
41,16,EI,25,82,1.5923582433604921,1.2524089842407848,4.511674001886387,4.332371482751145
41,16,EI,25,83,1.652569268743044,1.262997792912525,11.509542957259823,4.174610662028116
41,16,EI,25,84,0.7797630595977507,1.4536063298464672,8.309348448563416,3.6098966776817605
42,17,EI,0,0,2.058044500685758,-0.9365941809081256,8.366610465938017,1.8688440135969002
42,17,EI,0,1,0.27551474199938175,-0.7477031275338105,5.787974739800388,1.114575970190988
42,17,EI,0,2,0.5000507331128146,0.6397008797464321,11.046051671828785,2.628757115164677
42,17,EI,0,3,-1.042862553298089,-0.6108568017257625,9.062583672604388,0.6952271643656339
42,17,EI,0,4,-0.787075971954146,1.9921728832304177,12.485359521386057,0.9480905769916965
42,17,EI,0,5,-0.9625630143972073,0.4863893460195561,9.140492715539507,1.6625597537865675
42,17,EI,0,6,-1.0741153723551797,-0.8732064413036791,2.4746682806824087,0.7206901736129379
42,17,EI,0,7,0.6263367079280504,0.484512656795524,6.779186448333439,2.654888455699917
42,17,EI,0,8,2.337201716564578,1.3522347240420514,6.018089651444624,3.590879773810102
42,17,EI,0,9,-0.34078526350213856,-0.2458606151962397,12.930663508524269,0.7328232341664278
42,17,EI,1,10,1.857192229856539,1.0633315892358333,5.797857343782422,4.109670217306533
42,17,EI,1,11,1.8552825112629776,1.0624138945315647,14.528210644405071,3.958173761157207
42,17,EI,1,12,1.8951015458014622,1.1041574740966298,0.725415184142163,3.406675449276357
42,17,EI,2,13,1.969416454942556,0.9448222996740623,9.577811869418417,3.820520208533029
42,17,EI,2,14,1.951844757930457,0.8864132525267423,3.3740906691222508,3.936929466268536
42,17,EI,2,15,2.597067437561307,0.4309928932965621,14.994737434997223,1.8437342167120927
42,17,EI,3,16,1.3814271916218779,1.0617713942314815,6.952657571101635,4.086249776210518
42,17,EI,3,17,1.681061728889654,1.1832950930773545,14.923473636458755,4.102319771726412
42,17,EI,3,18,2.6072481723080196,0.8823261523537758,1.8420430684198144,2.6116153624313583
42,17,EI,4,19,1.6247922605362053,1.0360451287418266,6.527683651661527,4.132632226853189
42,17,EI,4,20,1.7134530687197485,1.370719797357233,13.84878505575515,4.141156137095139
42,17,EI,4,21,1.597429496606829,0.4630867189283403,0.4704148951936637,2.274634694966549
42,17,EI,5,22,1.2902998453665528,1.0227478661518714,3.9229924249189136,4.095722421198602
42,17,EI,5,23,2.019591864126932,1.3596807982061967,14.320753702963154,3.9470157877992325
42,17,EI,5,24,2.601181917864795,1.6745346363036027,7.705466024171302,2.5318942567078517
42,17,EI,6,25,1.6412028102661158,1.176468316942084,4.279544116381906,4.3085676030936195
42,17,EI,6,26,1.59571687357899,1.2779003009540775,13.72751159935207,4.1524283811757945
42,17,EI,6,27,0.6652105202348602,1.9197914569067676,0.15404140753099638,1.1550293352108283
42,17,EI,7,28,1.6211954663608399,1.1598436507227436,4.294512243377011,4.299096712319377
42,17,EI,7,29,1.586742552367474,1.264371577321839,13.976319418781033,4.146405717740795
42,17,EI,7,30,2.3598548661771828,0.4430826747487333,9.376403484693048,2.5649143794445726
42,17,EI,8,31,1.6535513654160567,1.1412442357684864,4.4750371904030635,4.279725841203261
42,17,EI,8,32,1.5511264590691631,1.2247804037253074,13.726740908397446,4.132624188896264
42,17,EI,8,33,0.3880023649197728,0.8238751578086525,9.045817247473465,2.7675389837561175
42,17,EI,9,34,1.6798722167342022,1.1614404719611726,4.608480593593961,4.284786818232453
42,17,EI,9,35,1.5977033293457135,1.2669943876573306,14.173815858935816,4.145677224379241
42,17,EI,9,36,0.4934197268297027,0.9164622054837861,9.338110942329296,3.0054532845721598
42,17,EI,10,37,1.6926712418765937,1.1734592784332634,4.5022158145647095,4.293387745399331
42,17,EI,10,38,1.5692783078343635,1.2693021401252564,14.409174055317957,4.141741545728973
42,17,EI,10,39,0.5290311759266986,0.9600931458671198,9.251367369394721,3.1000375015553168
42,17,EI,11,40,1.6146747810622508,1.1702313310045214,4.4401958343520445,4.30008390746611
42,17,EI,11,41,1.581442240834284,1.258719123349401,13.993238567272073,4.144403911167299
42,17,EI,11,42,0.4780919075330954,1.0559649670054814,9.203801108329905,3.1313353844727705
42,17,EI,12,43,1.6457806494917167,1.1946322346282652,4.454283033873258,4.3116473712986805
42,17,EI,12,44,1.6040139472168664,1.2781422765403359,13.839685178707558,4.151649272184892
42,17,EI,12,45,0.48790996922977126,1.2182195725326697,9.114951888742347,3.2522296714514742
42,17,EI,13,46,1.6571604356129632,1.1662930254838142,4.512716248996247,4.293582156901307
42,17,EI,13,47,1.584299352377243,1.2608782687157203,13.301065353079046,4.152452246821306
42,17,EI,13,48,0.5835816799765321,1.5646662058502483,8.448435208730626,3.2653294173181395
42,17,EI,14,49,1.6430153828626377,1.190451820470757,4.644509053956223,4.303134543849431
42,17,EI,14,50,1.6431807692979108,1.2959238818828247,13.515783102519828,4.157299631504488
42,17,EI,14,51,0.5784394378196798,1.5072735256544365,8.916771263817092,3.3121775571053744
42,17,EI,15,52,1.6239744292236815,1.2189380245159636,4.145873823724364,4.334119573910812
42,17,EI,15,53,1.5872974135373514,1.2566742228268777,12.973057555927044,4.155197516391679
42,17,EI,15,54,0.5655883117141154,1.487876378308084,8.454647426094484,3.322014917850939
42,17,EI,16,55,1.6841346724472221,1.24188662344215,4.3993066655269555,4.328798797554786
42,17,EI,16,56,1.616999831997647,1.2674065252085636,13.024118896830101,4.15837024087846
42,17,EI,16,57,0.574849783602591,1.311316195150376,8.43556171827085,3.3962513965979237
42,17,EI,17,58,1.6318659438947258,1.2073112510553705,4.577161269406534,4.313973177473998
42,17,EI,17,59,1.5784467908759106,1.2338922937719268,13.171965909519313,4.14513329615727
42,17,EI,17,60,0.7362748471694998,1.6432290005626635,8.741558774114287,3.3263244271069974
42,17,EI,18,61,1.656626733337998,1.2544272582569218,4.347762802238409,4.337698922264831
42,17,EI,18,62,1.605413290107947,1.275310381828271,13.366021082768228,4.156131591699543
42,17,EI,18,63,0.6229129605251422,1.3511110843180187,8.554240599071246,3.4523104287493576
42,17,EI,19,64,1.6677562437243991,1.2255636370319234,4.191493081657735,4.332398972186922
42,17,EI,19,65,1.5617143726655827,1.267453616207919,13.600564056090178,4.148617109318325
42,17,EI,19,66,0.7007414748246279,1.168951060931088,8.651001166440505,3.5002163729568174
42,17,EI,20,67,1.6306191720026675,1.2377607017533774,4.221153502568982,4.338426406216923
42,17,EI,20,68,1.590599154401037,1.2606134215837215,12.727684349341432,4.159267931269985
42,17,EI,20,69,0.5988872599985944,1.3524598827099226,8.366060648974186,3.4262575770298582
42,17,EI,21,70,1.6571474517075173,1.2508411216231976,4.4305736149769315,4.3337384271169945
42,17,EI,21,71,1.6206728803728536,1.2479755077240466,13.428765151756426,4.148703373336431
42,17,EI,21,72,0.7094279085730715,1.2391330289423923,8.820729225219672,3.539457216508394
42,17,EI,22,73,1.6591955623139278,1.2623423498064668,4.383817880426128,4.338312457260479
42,17,EI,22,74,1.6262917492379683,1.259521526123066,13.24066577158803,4.153944901327838
42,17,EI,22,75,0.7194986991377856,1.419702069565453,8.782680203754852,3.546729678058048
42,17,EI,23,76,1.5960676153785247,1.2811598288887525,4.30333141574295,4.346539220551419
42,17,EI,23,77,1.5854258867064224,1.2769352517639962,13.347418121332147,4.155655006651764
42,17,EI,23,78,1.4951663885264779,0.67249624657806,8.846915499723186,3.625695883375178
42,17,EI,24,79,1.6830880069849385,1.293425674658545,4.369213617068382,4.341846354315297
42,17,EI,24,80,1.5756615364238304,1.2758801336912873,12.653645703597572,4.162470759119241
42,17,EI,24,81,1.5226668268773977,0.6436094333675944,8.3235523557403,3.6029097687342606
42,17,EI,25,82,1.6585604621516579,1.2827321830362317,4.019844654266794,4.3553013591069965
42,17,EI,25,83,1.6017074789254453,1.2735652193216858,12.88038146327308,4.161058390265724
42,17,EI,25,84,1.713707830560288,0.6715096149744415,8.441333628989534,3.6381406257698847
43,18,EI,0,0,0.39220565956606945,1.0109513775087562,4.213069097212015,3.116703714237297
43,18,EI,0,1,-0.7908569814410393,1.8941996175250093,8.459337253773914,1.4436570631010381
43,18,EI,0,2,1.3078274355592079,0.5190501222591317,7.130939184979311,3.370167964312029
43,18,EI,0,3,-0.6425837639385585,-0.4024135757187366,11.043392531692195,0.5672695443017026
43,18,EI,0,4,2.2909128165016153,1.610106808117357,14.224864907167259,3.3386044772508843
43,18,EI,0,5,-1.0050655458341675,1.0831350481969237,10.089328548450752,2.4215439136389563
43,18,EI,0,6,1.2363262125074743,0.7316846576957299,1.894937102086478,3.699557492002483
43,18,EI,0,7,1.239982756868447,1.2548213374013382,0.1120081888290711,2.795533331423009
43,18,EI,0,8,2.3419407823001186,-1.0427908790542846,5.636215384770097,1.3670536179385886
43,18,EI,0,9,0.9579604697088961,0.6288940533763743,8.241879704037993,3.2029537233856082
43,18,EI,1,10,2.631577100706929,0.46343304981094,0.10347797600383293,0.5787318490119253
43,18,EI,1,11,2.6141437179507747,0.840614246612557,6.325378842366125,2.4839026586964175
43,18,EI,1,12,0.8236270702508803,0.5389668187437855,0.023442125642318103,1.639682883913994
43,18,EI,2,13,0.4861765316313209,0.7852331742309149,2.259416712514298,2.9989563147535776
43,18,EI,2,14,2.4057046843202685,0.7932345818481643,2.2027343941513258,3.0985339011865483
43,18,EI,2,15,2.4629296453472005,1.610031290565244,14.514421733474062,2.944521830130234
43,18,EI,3,16,0.29952435019235457,0.7392448562810432,1.6995691318684925,2.6394924101470103
43,18,EI,3,17,2.484594767534956,0.7434938145807779,1.6651059410015432,2.760331799601235
43,18,EI,3,18,1.3094974974779259,1.6132106430966604,13.94592118774806,3.8476276438833095
43,18,EI,4,19,1.5612168696218207,0.8345103383371439,2.4839561159485,4.015324395495502
43,18,EI,4,20,1.685344208959918,1.6179947600203417,12.739444216992727,3.94454754579271
43,18,EI,4,21,1.414316426531728,0.4997929562219823,9.654437327511252,3.3452660525333027
43,18,EI,5,22,1.4951932130780268,0.8197620368836587,2.8725251569214607,3.9855306801749135
43,18,EI,5,23,1.6164010973060017,1.590704656830253,14.614145352151638,3.9716830289843976
43,18,EI,5,24,1.4353079159459248,0.5619537250791038,10.20741500699081,3.430222257579964
43,18,EI,6,25,1.6114412620837193,0.8436150147560486,1.155860464949318,3.721317527222838
43,18,EI,6,26,1.5369831358118535,1.6530686660317566,14.988970713175647,3.858383354497003
43,18,EI,6,27,1.5476289419364595,0.6297732648899044,8.686398167168619,3.5809289290876873
43,18,EI,7,28,1.5327145286084094,0.7685429396838717,3.939484573923669,3.9000210240341597
43,18,EI,7,29,1.5874619611649115,1.5135843974769325,14.020750637066469,4.068179958534622
43,18,EI,7,30,1.6501372176142022,0.5239370294049204,14.965817592695526,3.3543895617036297
43,18,EI,8,31,1.6874486086101412,1.3168187252673462,13.476819336437645,4.154533039246345
43,18,EI,8,32,1.537733459196962,0.7721114357651233,2.809583478451293,3.9337147779316144
43,18,EI,8,33,2.06374016020035,0.48244357403583904,10.13469946933947,3.1054253909966745
43,18,EI,9,34,1.5913802531007164,1.3215451081211893,13.472442654262881,4.15940146719509
43,18,EI,9,35,1.516164399062054,0.8699156483087434,2.5628413119327225,4.052611642026841
43,18,EI,9,36,1.77612113611313,0.4916656079173314,9.985635537092072,3.342855359656938
43,18,EI,10,37,1.608587103861733,1.3103470606747796,13.474653994151087,4.1596512570918325
43,18,EI,10,38,1.4857873747240449,0.8888759191577211,2.3714585649532554,4.063360061812965
43,18,EI,10,39,1.5309670632279118,0.5210118356248681,9.836898818489344,3.406719758847643
43,18,EI,11,40,1.6177046526722645,1.2828050869833882,13.719316559705716,4.153956681122712
43,18,EI,11,41,1.4770554844448855,0.9423219193674326,2.5625642827803268,4.126631966970562
43,18,EI,11,42,1.6572846707919449,0.5381754341245215,9.524929374974803,3.4422817878485317
43,18,EI,12,43,1.6528255090457464,1.259067354052346,13.423854689843415,4.150544514417055
43,18,EI,12,44,1.7316072179622957,1.0834208467895543,2.3156803070144525,4.263072189462067
43,18,EI,12,45,2.629272520172622,1.6869542613190172,1.5437810172200932,2.4370450703821094
43,18,EI,13,46,1.768481151200914,1.0802523421951915,2.498524169069442,4.254543206861616
43,18,EI,13,47,1.5867681134723974,1.2452659665036991,13.404494341836415,4.14705160109509
43,18,EI,13,48,-1.0848544386503507,0.6010940571237611,3.4738518035296937,2.109440917097344
43,18,EI,14,49,1.7789757215333823,1.1213675889784658,2.423666363673391,4.280370996848192
43,18,EI,14,50,1.5976331057516653,1.286051677691829,13.131517000620402,4.160353343982041
43,18,EI,14,51,1.5525061967268736,0.605124415925093,8.653455004657687,3.548236101517225
43,18,EI,15,52,1.8379419990831942,1.1668419495776017,2.6064177700107063,4.28576890286851
43,18,EI,15,53,1.611388739159365,1.284685134877578,13.289473541669928,4.158805788621105
43,18,EI,15,54,1.1792434710502269,1.7029434385521283,7.007460279176749,3.69863352581046
43,18,EI,16,55,1.7100771550400942,1.138294658568856,2.9460442342047073,4.314767235497371
43,18,EI,16,56,1.6176103089905283,1.3106040585934426,13.37453755607341,4.160842552310808
43,18,EI,16,57,1.601624674727915,1.8190791471088232,7.168267581202253,3.5671162311216777
43,18,EI,17,58,1.6889523230286376,1.17057428845163,3.013400491166549,4.337624487806223
43,18,EI,17,59,1.6429760985049473,1.2845408852858684,11.981284263445952,4.173541951168997
43,18,EI,17,60,0.8266807307907393,1.6118673886574437,6.642181294216763,3.5332822746049013
43,18,EI,18,61,1.6995383741966852,1.143859256240225,2.9204329966221447,4.320865040704666
43,18,EI,18,62,1.6781756190699908,1.2655981287227553,10.540674681060555,4.186362206695753
43,18,EI,18,63,1.1509445780532408,1.7968447875342166,5.727072775867417,3.4664532409276125
43,18,EI,19,64,1.7021870129302963,1.1500258973491961,2.918975846887535,4.3243092195568815
43,18,EI,19,65,1.664971793934125,1.2817175337877895,10.466573238650676,4.192460557682636
43,18,EI,19,66,1.0328498053054478,0.7848884738990245,14.906530206353102,3.3957132377607264
43,18,EI,20,67,1.6378556556942798,1.2179271701412322,3.467846972938374,4.355416944407226
43,18,EI,20,68,1.619662721692397,1.2768249180338156,11.394633104790437,4.180582151930683
43,18,EI,20,69,0.8157505344729901,1.6463194119315516,6.917633468158641,3.455090500893045
43,18,EI,21,70,1.6706370799464478,1.2366947490132847,3.7060174670356836,4.352508222195731
43,18,EI,21,71,1.5608913563936375,1.2593695290002866,11.250524033044115,4.174989903265224
43,18,EI,21,72,0.717271573753147,1.5395838223969402,6.932280421257158,3.493849121131329
43,18,EI,22,73,1.6790176542150683,1.2314143358741263,3.8841448913025083,4.343683677613871
43,18,EI,22,74,1.5908471694444115,1.2726833333014036,11.316108288382948,4.180001955504603
43,18,EI,22,75,0.6655283903105236,1.3635745051127959,7.083226807209607,3.5360534494740703
43,18,EI,23,76,1.649963070053924,1.2283616446981545,3.824251019856208,4.347636254512919
43,18,EI,23,77,1.653712605333479,1.2925615243096762,11.217835688386794,4.184175512821618
43,18,EI,23,78,0.6827875516621933,1.311782422487307,7.567223555650317,3.548309511040583
43,18,EI,24,79,1.6999723925681853,1.2378416268510475,3.6380285105018024,4.350515022439577
43,18,EI,24,80,1.640802330122333,1.3011212256567717,11.085297804221897,4.187889169385204
43,18,EI,24,81,0.700853554684479,1.318747770578109,6.761521655909884,3.590542620916241
43,18,EI,25,82,1.6917414875391525,1.2118887136514496,3.4722970465802767,4.34697576809067
43,18,EI,25,83,1.5519942021151398,1.317796155411819,10.59710751521154,4.191921507727797
43,18,EI,25,84,1.6644917067008551,0.7263972296991574,14.979601802821588,3.631246857428524
44,19,EI,0,0,0.4709555596402477,1.740542706858463,4.1087759484863335,2.9183501304897512
44,19,EI,0,1,-0.8755983663941179,-0.4130978959041083,10.773060682823283,0.6433341030043127
44,19,EI,0,2,1.8184683790677,0.38544942627857526,4.675669601939484,3.3124351758533965
44,19,EI,0,3,2.324398938727252,1.7482642903188008,6.548378114616708,3.1131334899239222
44,19,EI,0,4,0.43102125522660506,0.6463582903976759,10.70448236804343,2.5567351984568867
44,19,EI,0,5,1.2173803926185838,0.015367244006476932,6.629029413590811,2.7026816076983304
44,19,EI,0,6,1.314083738928573,1.7125232610356371,0.720304373641153,3.083900351733059
44,19,EI,0,7,-0.7650015731908965,1.1654008789700456,6.896000604545869,2.3833184033353136
44,19,EI,0,8,1.8042216507412285,0.38787561311675467,6.928468359018892,3.253862744946325
44,19,EI,0,9,2.4657511200247955,-0.21067853588243723,9.70557126016936,1.5833925335732877
44,19,EI,1,10,2.496631051465663,0.28480436121066854,0.10810170973950947,0.7496248617502371
44,19,EI,1,11,2.4542445902568146,0.27688249916951957,4.743293483727261,2.240545581485054
44,19,EI,1,12,0.735786632987703,0.28114779491371844,0.2892532389218203,1.2065308864419695
44,19,EI,2,13,2.0729569855653263,0.3851215001556021,4.530981563644429,3.1018447686438124
44,19,EI,2,14,-0.21746586816807434,0.3848575121275446,4.290005070308631,1.667228589132255
44,19,EI,2,15,0.9449756254053829,0.3841873787253516,9.46762655436125,2.8307084098357347
44,19,EI,3,16,1.6987695247703853,1.5264030879398471,4.68187615720916,4.232381598899002
44,19,EI,3,17,1.7459847982194279,0.5052353777228946,5.5801450026037145,3.4734335437232984
44,19,EI,3,18,1.0434303467376354,1.971183140940075,8.92103346527773,2.626707775781177
44,19,EI,4,19,1.6448649310196064,1.9589222643035287,3.8445136242429414,3.129924586603746
44,19,EI,4,20,1.8044954468002419,0.89073520858437,4.837311298987259,3.989303240174657
44,19,EI,4,21,1.0098189363532324,-0.5170954937582295,14.367824453444443,1.9789614900199075
44,19,EI,5,22,1.6751716249536495,1.3414088539073195,4.926368001240833,4.325188569559915
44,19,EI,5,23,1.425373218647648,0.9808394616798783,10.029558743275775,3.9648336851091694
44,19,EI,5,24,1.7191362822372427,0.16530322650262663,5.801439603176749,3.036012258551595
44,19,EI,6,25,1.6948560901121232,1.1432736581594418,13.417904075114041,4.091488697312957
44,19,EI,6,26,1.6946242793074329,1.1350641255178617,3.4070645563883146,4.305633082946994
44,19,EI,6,27,1.7019155921074036,1.5364189517376277,8.40001332758937,4.118935164640587
44,19,EI,7,28,1.7441348109384576,1.2660028838178468,3.8777365741380945,4.340105451280376
44,19,EI,7,29,1.584273995280808,1.3003939574856518,11.191142752939516,4.185644538720991
44,19,EI,7,30,1.6503179177639233,0.44268316274100683,7.704408138869859,3.348370324805005
44,19,EI,8,31,1.7152295626927452,1.2926236030177929,4.302594367643165,4.3380169440869185
44,19,EI,8,32,1.5775590977936016,1.284303492948026,9.88860193172403,4.202846878595862
44,19,EI,8,33,1.7200170467738385,0.9122165270123821,14.97697488331221,3.856288479642493
44,19,EI,9,34,1.7486618056112238,1.278536375395769,3.9843699398638313,4.337793875440516
44,19,EI,9,35,1.5851859926831375,1.3440030258208866,10.186924985826185,4.2011877746323325
44,19,EI,9,36,1.249771855632991,0.7840826429229084,14.916745556036377,3.5756568983582855
44,19,EI,10,37,1.7368487183339232,1.3119227418289552,4.28410778263826,4.334992892020565
44,19,EI,10,38,1.5556885518867154,1.3150639483981825,10.228551041551222,4.198058699238513
44,19,EI,10,39,2.043199146032024,1.7979741399100626,14.97196623989284,3.28714793839973
44,19,EI,11,40,1.71388490029454,1.2842308383538246,4.5982924851543,4.326778299891287
44,19,EI,11,41,1.5577830724908202,1.308310200097306,10.873283438929471,4.188142908485272
44,19,EI,11,42,-0.3357181407307105,1.9792222034431406,1.8695788307204064,1.2322751992177687
44,19,EI,12,43,1.7255841997865966,1.3068194453152513,2.9947015009572033,4.375596343452828
44,19,EI,12,44,1.6443519743164576,1.316156668886884,9.172519765631895,4.2196532791600765
44,19,EI,12,45,2.034175424054681,1.0709053178565031,14.836528507503452,3.8122666671299523
44,19,EI,13,46,1.6177951586162962,1.3007091167758347,4.068678209636151,4.357934783962446
44,19,EI,13,47,1.6526780849858298,1.287134132039144,10.946146018606761,4.187339929563201
44,19,EI,13,48,0.629015852348872,1.3082103274280041,7.487246728798524,3.484073482864406
44,19,EI,14,49,1.628072195037169,1.3095771007080512,3.9883562039636478,4.361299811260583
44,19,EI,14,50,1.5905815502053526,1.2836528816887807,10.507690319532166,4.193824448493487
44,19,EI,14,51,1.8162068917534344,0.6280929254350949,14.973337595241553,3.453064506921148
44,19,EI,15,52,1.6110811971683474,1.2666433636425212,4.140220827874214,4.349688486508181
44,19,EI,15,53,1.619276681799621,1.332965247301757,10.773010002177116,4.194023246564687
44,19,EI,15,54,0.6378446823746122,1.3025796638685723,7.525363965322136,3.493597820559831
44,19,EI,16,55,1.6427789537100992,1.2970247033293325,4.0254512651227445,4.3583324874580835
44,19,EI,16,56,1.6471397018426233,1.3040202622287258,10.503151547769427,4.19637735091019
44,19,EI,16,57,0.6807427806331408,1.324551194542353,7.406843590450147,3.5499681567098516
44,19,EI,17,58,1.669404876456721,1.3013623564612016,4.008398108215589,4.357070893038968
44,19,EI,17,59,1.571500538300561,1.3203930263370962,10.278740091404948,4.19929879241869
44,19,EI,17,60,1.3879953044455426,0.7388328645026601,14.90993314148607,3.5958802454950356
44,19,EI,18,61,1.6097261147833724,1.2739422016713067,4.06410392693176,4.353900318147739
44,19,EI,18,62,1.6268965680776901,1.3203210287066733,10.677051071628528,4.195470173131492
44,19,EI,18,63,0.7029064242851526,1.40161644576949,7.257422629737869,3.5672550435777235
44,19,EI,19,64,1.6633089210803478,1.330502126483264,3.847004713406338,4.364270527340647
44,19,EI,19,65,1.6254456832074906,1.311584812423578,10.141591087531799,4.203485580597241
44,19,EI,19,66,1.5523286271563812,0.7208530860136646,14.84380118461121,3.622751985986025
44,19,EI,20,67,1.6396176015433848,1.2824261477662349,3.720329782745752,4.366583753556021
44,19,EI,20,68,1.6300820042590694,1.327223359962797,10.627957429382867,4.19616089315588
44,19,EI,20,69,0.7741209041290706,1.3447910063989341,7.1148351269854535,3.668074154474959
44,19,EI,21,70,1.647245833392303,1.3132207539845582,4.032268267417875,4.359153686488107
44,19,EI,21,71,1.6331683785677567,1.3323922930795669,10.592643703209161,4.196487427697779
44,19,EI,21,72,0.7269678143671632,1.2968274704071567,6.714108604423958,3.621692959708092
44,19,EI,22,73,1.635455763150893,1.3038346708443376,4.029627044315398,4.359227391560889
44,19,EI,22,74,1.6059737723777117,1.3171563872985068,10.506033314840158,4.197906934422238
44,19,EI,22,75,0.7445487017965227,1.3494343297076155,7.339800582758968,3.627109590265581
44,19,EI,23,76,1.6508228693082065,1.2966511128335747,3.5444960226547364,4.373462119980909
44,19,EI,23,77,1.5644130165477805,1.3473963639116424,9.548032701115538,4.209582956920656
44,19,EI,23,78,1.983993215853551,1.174566442013902,14.88989544651206,3.9363652868148975
44,19,EI,24,79,1.6591989253590933,1.2854605693494507,3.6566098663293816,4.367734059905304
44,19,EI,24,80,1.575659731624476,1.3453063909848622,9.781686784260607,4.206948043201476
44,19,EI,24,81,1.9949481337976738,1.0454835707020598,14.836651785008906,3.8310245205718676
44,19,EI,25,82,1.6111645772933625,1.3020133599319816,3.8322772454735112,4.366018202372066
44,19,EI,25,83,1.616767953761212,1.3069093646043268,10.096844276007548,4.2039633342694955
44,19,EI,25,84,1.7847224640429662,0.8259467430053227,14.904332797854636,3.731849765478679
45,20,EI,0,0,-0.053356127651094765,0.11401348431029756,1.8266736689540517,1.4593241122245413
45,20,EI,0,1,0.8529874103736508,-0.06791056929028283,1.075521568522769,2.014334072408719
45,20,EI,0,2,-0.7301615324661468,1.9520092738836143,10.411324167481443,1.1460354407984763
45,20,EI,0,3,0.5767487760032746,0.7406188300641672,4.058062357961005,3.0310025347639242
45,20,EI,0,4,0.028103014611592814,-1.2433027635692682,0.7897309812662753,-0.2976651595251619
45,20,EI,0,5,1.9175345546606501,1.3465686752638901,0.0755692152788092,2.837010815270677
45,20,EI,0,6,0.13341682089234808,-1.1881960018616313,7.019735669933866,0.48089935426228547
45,20,EI,0,7,1.2083055115717456,0.42866822033464436,2.011794025301106,3.2778425131229856
45,20,EI,0,8,1.525028880318502,0.6453929209448686,7.011912939326778,3.636075606287758
45,20,EI,0,9,0.010364123465252506,1.7143785940613525,1.2525120304366892,2.231704383695839
45,20,EI,1,10,1.5250252108453703,0.3296538956736801,4.635585112290422,3.2788368821850034
45,20,EI,1,11,1.5250297585000263,1.8760159721999092,2.8741495904805947,3.488624389010451
45,20,EI,1,12,1.5251329822976216,0.40087530227438894,10.266843797648557,3.235043633086039
45,20,EI,2,13,1.524688570942105,1.1569501398413866,10.655578058094557,4.132491748986012
45,20,EI,2,14,1.52427905995346,0.5993428703588668,3.796347225775422,3.673222769447378
45,20,EI,2,15,0.5766840980130556,0.6420191120854861,14.518183694962763,2.6870283685197793
45,20,EI,3,16,1.256628945203103,1.6044118936381762,12.472398750550242,3.843917088186418
45,20,EI,3,17,1.1643380305088455,1.412670706292082,5.9151212522938685,4.081406495610685
45,20,EI,3,18,1.3492588056476977,0.7615605537432293,0.10515806016769917,2.408188747404406
45,20,EI,4,19,1.5539155281164931,1.1562768202114255,0.9952100668056346,3.883595424031364
45,20,EI,4,20,1.558326661562612,1.2441441952784271,9.459338169039109,4.198340454336108
45,20,EI,4,21,1.1109246271628987,1.9260247995647788,14.934332609302455,2.8100237407270257
45,20,EI,5,22,1.5644698762161293,1.4040222072725101,14.360414833085866,4.133920627997344
45,20,EI,5,23,1.1904344785953302,1.3791263042672584,2.3434176164089195,4.200615199742098
45,20,EI,5,24,1.1748354544205246,0.6769549763991063,8.619797747057032,3.4619167488551508
45,20,EI,6,25,1.1846028072891626,1.6006521280145987,0.43343614610914727,2.7180791591499607
45,20,EI,6,26,1.5388982460175824,1.3950912164533347,11.887265958847518,4.160937133975777
45,20,EI,6,27,1.5848936298663596,0.68882829794468,5.192114988540414,3.756929876267158
45,20,EI,7,28,1.1969117024953255,1.254835152027327,14.789174958857402,3.963734839340867
45,20,EI,7,29,1.1858161427077936,1.2320833089416685,6.894532242750501,4.071254758500526
45,20,EI,7,30,1.6068954395108657,1.338988971895687,0.10564342354896761,2.9467098260832385
45,20,EI,8,31,2.238075152900657,1.2172451051593596,14.854920301963759,3.6141694816272905
45,20,EI,8,32,2.341042661681101,1.205735478743537,6.830119311345909,3.5337123406893705
45,20,EI,8,33,0.33459885045276105,1.3823772293681404,5.57077610163467,3.1641272431304523
45,20,EI,9,34,1.6069057323268647,1.2292832736704553,3.044461281283242,4.37036415054553
45,20,EI,9,35,1.533908898705537,1.246924541680162,13.31118836659479,4.141947467985371
45,20,EI,9,36,0.9116517182344217,1.7640859285212551,7.845673411117317,3.273851200304324
45,20,EI,10,37,1.510906528486101,1.2268732645387512,2.7302115576616193,4.3603319831953185
45,20,EI,10,38,1.6569579228484828,1.2972029799959661,10.682332425039231,4.192219811135492
45,20,EI,10,39,0.5454775472622513,1.4344188427525526,4.652733259289026,3.436542819429892
45,20,EI,11,40,1.2744697380450107,1.220536433234337,3.211567325992846,4.245225704576995
45,20,EI,11,41,1.456286848909433,1.3006939396535229,11.082665564281351,4.160628063109324
45,20,EI,11,42,2.267688574365482,1.0909005981744055,2.279843785029439,3.7190799533357617
45,20,EI,12,43,1.5489584902033031,1.203705310743664,2.5274760783862233,4.356320535730811
45,20,EI,12,44,1.6834880239841805,1.2998597271733008,9.97405388819224,4.2004570912704935
45,20,EI,12,45,0.903503171931169,1.3773933042446664,14.836906678654262,3.6913149060936377
45,20,EI,13,46,1.5917285761679336,1.2771079016017777,2.574182388109135,4.385677450549165
45,20,EI,13,47,1.704722665336246,1.2944280255012415,10.1125472901076,4.193841203427062
45,20,EI,13,48,0.957868479508774,1.3704962383289705,14.942901274797485,3.749714442697588
45,20,EI,14,49,1.5475554755252428,1.273260745191474,2.6021681021510603,4.380528630205267
45,20,EI,14,50,1.6739074383907546,1.3126826456291698,11.00277148872413,4.18696659812799
45,20,EI,14,51,0.8387772273769636,1.2892208677250112,14.777178418623059,3.6233838318956
45,20,EI,15,52,1.548288481028048,1.2276996321338203,2.8861019363149243,4.366829450655197
45,20,EI,15,53,1.6652836894401815,1.31656740217309,10.995933575011563,4.188247725061024
45,20,EI,15,54,0.7503878543582023,1.3309102630703693,7.0383604110550255,3.6427556420130456
45,20,EI,16,55,1.5344503869140822,1.2303700772082231,2.6036856659044543,4.365942479614995
45,20,EI,16,56,1.671978036383868,1.296023969573577,10.16912392634756,4.198439571153141
45,20,EI,16,57,0.9284940233946553,1.3103015453112752,14.947069218142563,3.72288736570426
45,20,EI,17,58,1.5425344716315164,1.243252321126684,2.8400531770202817,4.3717827336587956
45,20,EI,17,59,1.7137683585908903,1.3030602235692195,10.367670223209402,4.188803729774802
45,20,EI,17,60,0.9413942199480925,1.35162854612173,14.417329293501778,3.7404190985160164
45,20,EI,18,61,1.570734561318322,1.224298784553329,2.4874554566979974,4.367082883022007
45,20,EI,18,62,1.6272955901003723,1.2826356601915054,10.23834397724148,4.198591224528239
45,20,EI,18,63,0.8095280333737584,1.2078857112453827,6.739555164253293,3.6928195397586117
45,20,EI,19,64,1.5368588220116655,1.2791224309958849,2.7293605834384875,4.3804523092715275
45,20,EI,19,65,1.6483411953980411,1.2940614304396814,10.260930810326188,4.199005241824564
45,20,EI,19,66,0.952671195672024,1.3778716117099798,14.989563899372113,3.7422406928559537
45,20,EI,20,67,1.523579857909696,1.2706327478013724,2.654579753647149,4.376078495661055
45,20,EI,20,68,1.604942599368993,1.312802573403561,10.352174361671493,4.200080542438004
45,20,EI,20,69,0.8012075721859604,1.2453130896933677,6.95833085110123,3.6917351558677196
45,20,EI,21,70,1.5685152998323328,1.2227156991603647,2.6014964076192917,4.367918657282694
45,20,EI,21,71,1.6274723668371696,1.317338196088362,10.233925924513567,4.202220310157276
45,20,EI,21,72,0.8391255790859362,1.3425346070979893,6.502333850599515,3.7594657923665045
45,20,EI,22,73,1.5909318627875422,1.2726205233926393,2.517601224949478,4.383893215015876
45,20,EI,22,74,1.6507776392603861,1.3039138857579124,10.073879216859387,4.202884771204403
45,20,EI,22,75,0.985043154331211,1.2411829422120295,14.869061181014796,3.7687962061988713
45,20,EI,23,76,1.5593110721369579,1.229266236191136,2.7265833804582473,4.369867400610405
45,20,EI,23,77,1.661399710116803,1.2902144642075521,10.238010336869836,4.197756723682126
45,20,EI,23,78,0.9907066174557646,1.2802417652678635,14.770132726786619,3.7854609178820287
45,20,EI,24,79,1.5842900682986145,1.250657517015065,2.7466462244396475,4.379500344254856
45,20,EI,24,80,1.645797670605801,1.31553808628701,10.640499255166791,4.195100618260661
45,20,EI,24,81,2.4235715996155633,-1.498191146623179,14.34921901148498,0.18385793730030708
45,20,EI,25,82,1.5968011590004578,1.2536468035482229,2.5287661710679443,4.379696004886949
45,20,EI,25,83,1.644876056480241,1.306425014135674,10.523576852028121,4.196404383294752
45,20,EI,25,84,0.894299346324549,1.2954422695910806,6.676991585754349,3.815147648066193
46,21,EI,0,0,1.8190364294108887,0.6204646034983883,10.64730805493597,3.4918112135270585
46,21,EI,0,1,-0.7670412488897053,0.707500455558665,14.712179722664567,1.7732209172743365
46,21,EI,0,2,0.48226512910840835,-1.106589208284302,14.37403841404227,0.8957126457382201
46,21,EI,0,3,1.4261454250524181,-0.8098254241926905,10.081216788645278,2.144376169462815
46,21,EI,0,4,2.609875462851648,-0.7668008409772669,12.808043117889488,0.7509847376840884
46,21,EI,0,5,1.5118296043946073,-0.724137403481252,2.772391212096663,2.4166906926035203
46,21,EI,0,6,2.4656848292585782,-0.30846865338598195,6.621476090792783,1.5759404259358352
46,21,EI,0,7,1.3517984334688369,0.041056662955405,0.004967295202797416,1.483969699895683
46,21,EI,0,8,-0.12742381239624112,0.15282423149320268,11.41926539222722,1.283459334888959
46,21,EI,0,9,1.1660657550654583,0.005682602461915431,2.8662359230463337,2.767063141356775
46,21,EI,1,10,1.8687413389158052,0.5246377619300602,10.645369670653691,3.3316115077674002
46,21,EI,1,11,1.8749810575943022,1.7781749291560178,10.643240674907723,3.5440952227823246
46,21,EI,1,12,1.8146538283102225,-0.7728989776714478,10.669914702326423,2.154266058004434
46,21,EI,2,13,1.6406096729102733,1.254393577131398,10.759439258647738,4.183707248119097
46,21,EI,2,14,1.6331734077700548,0.02631920999712878,10.335637504690304,2.794980944016216
46,21,EI,2,15,1.0268411055586744,0.16268885611599204,3.6928690190990605,2.793307468878166
46,21,EI,3,16,1.4106176208127659,1.362532309651641,11.083938954263868,4.141415668988552
46,21,EI,3,17,1.590824488660517,0.1636476743744153,10.729510561253617,2.938595873225923
46,21,EI,3,18,0.24758231145467358,1.9590836315892002,10.447345091390993,1.7204892598911155
46,21,EI,4,19,1.5050526079795223,1.341853728933145,10.672288888149856,4.181247144068609
46,21,EI,4,20,1.1627481519686973,-0.13980079798393685,3.7941672643755613,2.605738789755013
46,21,EI,4,21,1.6715786334083997,0.004862594781858132,9.618089655970307,2.7820014165148432
46,21,EI,5,22,1.556435858081501,1.2913460555183307,10.749942295380453,4.188022457234961
46,21,EI,5,23,0.7775713518839775,0.74268317434408,3.192101805274573,3.304094447896965
46,21,EI,5,24,1.1984765806392184,1.9868758434452323,3.273301933856409,2.8440965912851883
46,21,EI,6,25,1.493110086095217,1.253763531940975,10.905268480886406,4.165164257318619
46,21,EI,6,26,0.3536485105924929,1.1076720500573574,2.431566405705605,3.187350572100253
46,21,EI,6,27,0.002087473750794988,-0.2056113264156254,1.878776444824335,1.216025875003421
46,21,EI,7,28,1.567982892267004,1.3341091944362433,11.13269366402245,4.1860229799415904
46,21,EI,7,29,0.7177030252395395,1.3097466478482627,2.8820205407276624,3.727600849128865
46,21,EI,7,30,1.214326820121944,0.06702902629742757,2.9102294382932703,2.867500213379256
46,21,EI,8,31,1.507414552779041,1.2940300593322487,10.776493532663427,4.178919391014755
46,21,EI,8,32,0.7187387943064736,1.4322394699178567,2.8409856006620315,3.7033594809127752
46,21,EI,8,33,1.4331391077218982,0.3747370326534325,3.5383874026058275,3.3481593897785045
46,21,EI,9,34,1.5507535213935726,1.3149833281021808,10.860594182239728,4.187722044932612
46,21,EI,9,35,1.0113978441910207,1.1944878633414628,3.3952656911790817,4.010312973263441
46,21,EI,9,36,0.15641527402087751,1.9574766383156974,1.6361720270985751,1.7213003252411612
46,21,EI,10,37,1.5373915285885755,1.2550800960799249,10.940839516077506,4.174719590283086
46,21,EI,10,38,1.3678877058645602,1.238734294553526,3.552414378172951,4.296409375114113
46,21,EI,10,39,2.45659943729317,1.079077354569205,2.757262707161427,3.2992126066250265
46,21,EI,11,40,1.5200796887424128,1.2320107620857623,3.1845318665630904,4.358266195388354
46,21,EI,11,41,1.5751154379273018,1.2214108628313847,10.630015499900287,4.172948300380814
46,21,EI,11,42,2.4477695123739847,1.4121061221029185,6.776469823562118,3.2962336746785694
46,21,EI,12,43,1.5520689393877873,1.2597477187850057,2.901448600768583,4.377461168746068
46,21,EI,12,44,1.5885746572077597,1.2776008257611058,11.091632410040786,4.1839944391860096
46,21,EI,12,45,0.4450400190216841,1.250304225929011,2.070723975376547,3.356901665874885
46,21,EI,13,46,1.5263890728432852,1.260852759721776,3.054236978656074,4.371128090191924
46,21,EI,13,47,1.599674085769787,1.2779806571378791,10.960031387937082,4.186538595515031
46,21,EI,13,48,0.44614227589301336,1.2607619179270406,2.2932390069572017,3.376023184266315
46,21,EI,14,49,1.550186186577661,1.3046373573339887,2.890236793935607,4.3851028626712205
46,21,EI,14,50,1.6143852232641338,1.2798515585267123,10.925186984519208,4.187752868855139
46,21,EI,14,51,0.4958061822627038,1.2417621645691441,1.932049314926943,3.402592547880601
46,21,EI,15,52,1.6201564158434847,1.2822849925305255,2.9217612592657356,4.386890843021609
46,21,EI,15,53,1.5806350788652779,1.2780617780203398,10.949823791060625,4.185530035413976
46,21,EI,15,54,0.5581883276419441,1.331083645565339,2.3801810236065695,3.527726534286628
46,21,EI,16,55,1.5359488210962278,1.3232441583452066,2.8781511905111103,4.383765271685611
46,21,EI,16,56,1.5835565648522452,1.2887820906815417,10.99781924820038,4.186884848020062
46,21,EI,16,57,0.5111600797903526,1.151575689463292,2.3551588649617643,3.4109341244271407
46,21,EI,17,58,1.5692974068180825,1.2934771191819312,2.748934314283393,4.3872629119625435
46,21,EI,17,59,1.5852613840118317,1.2606241237665414,10.82806195613977,4.18375509040453
46,21,EI,17,60,0.5529573527485376,1.1491153577139763,2.2367961729540484,3.4561211859752836
46,21,EI,18,61,1.5731712668792874,1.3418743155775577,2.8681091259690494,4.388361662518836
46,21,EI,18,62,1.5303011583735935,1.305880847019317,11.024700114529551,4.18137886582779
46,21,EI,18,63,0.5576912288301601,1.2872666900181793,2.6101705331002436,3.5289377830552793
46,21,EI,19,64,1.5883578737749056,1.3437360212288412,2.8239588018881454,4.389820979155686
46,21,EI,19,65,1.5432834197253675,1.268584257496268,11.080484598377739,4.177116032355297
46,21,EI,19,66,0.5981710425199867,1.136277491255675,2.5366158812259174,3.5141575266530256
46,21,EI,20,67,1.5713988648897312,1.349205624834386,2.7378931907335287,4.388244494738681
46,21,EI,20,68,1.5614578190944912,1.2770349664070944,10.909578181482491,4.183943931959467
46,21,EI,20,69,0.5692487527973922,1.3588451906512273,2.716536002248314,3.544172785055259
46,21,EI,21,70,1.612437820222687,1.3473579358245775,2.8506792888426404,4.3902285488017885
46,21,EI,21,71,1.604771011805611,1.2682403218494254,10.972880089092016,4.184490453360269
46,21,EI,21,72,0.6306959098453282,1.2745115710981012,2.4245047035829685,3.6139280104677667
46,21,EI,22,73,1.5576573690751365,1.3333171432182969,2.975551259289178,4.385748406372589
46,21,EI,22,74,1.6084702808328992,1.2278006768544634,10.748442452880678,4.175587955684046
46,21,EI,22,75,2.4172386567571,1.7402651752318041,1.0463733285798744,2.6365626692732285
46,21,EI,23,76,1.5051781228213117,1.3150552517924354,2.9965946602027502,4.375630794485715
46,21,EI,23,77,1.6523338412383586,1.31154343065662,10.900831255568548,4.190599425303665
46,21,EI,23,78,0.6993427734195499,1.2700064389191268,12.481367715503596,3.480103431874409
46,21,EI,24,79,1.606051117230776,1.302960507071445,3.1687811112650737,4.385164074113234
46,21,EI,24,80,1.6024323134749512,1.2919794326711735,10.646431012853002,4.193548848572609
46,21,EI,24,81,0.6393673868415837,1.3311287684225097,2.817811492539389,3.6331425381950764
46,21,EI,25,82,1.574324029050738,1.2443233559621873,3.017295170431938,4.374044030041584
46,21,EI,25,83,1.571251750902083,1.278107407051897,10.93635695482063,4.184867175004241
46,21,EI,25,84,0.6242847809605934,1.3832673679360439,2.3078599320450452,3.599472580974325
47,22,EI,0,0,0.2690384229696683,-0.8024661721872098,1.3292870405459223,0.9533654052127152
47,22,EI,0,1,1.340977336564638,0.10767965660381362,14.815146607584143,2.7492970729066544
47,22,EI,0,2,2.0823098770336754,1.4293646313296557,0.7725300733614147,3.3640329894722885
47,22,EI,0,3,0.9753248455860772,0.6261258422343352,0.7530692848011713,2.611609783012282
47,22,EI,0,4,0.683774559266914,-0.34652666743225957,3.2480687411214846,1.958089969218917
47,22,EI,0,5,1.878451530236839,-0.026853885911402697,1.5486434448581023,2.7331713807501767
47,22,EI,0,6,0.2792169015221977,1.7019554934412886,5.844567723952071,2.716240753309485
47,22,EI,0,7,-0.3999258952415624,-1.2664234573360598,7.683061204361468,-0.10226850269598842
47,22,EI,0,8,1.3946567156105685,-0.05516645505752571,12.724942737956042,2.630575578487563
47,22,EI,0,9,0.8600156289795298,1.291020078086563,8.477720900186016,3.734442057073772
47,22,EI,1,10,-1.0947107116747312,1.2118022793798766,12.718182799308739,2.57006464861757
47,22,EI,1,11,-1.084707750557718,1.2177907309212448,1.2776675227620986,2.549880633564279
47,22,EI,1,12,-0.2754517603787331,1.2235125687091122,7.182166204996031,2.4971063682655794
47,22,EI,2,13,1.2715781500358418,1.3679579295624107,8.569636873977979,4.107751050935564
47,22,EI,2,14,1.2876659767699636,1.3684614065055287,0.5796093584528936,3.2233328920715283
47,22,EI,2,15,2.1362114280962423,1.3827772764145014,14.917803758505306,3.791867803738722
47,22,EI,3,16,1.3785310106491226,1.630464352093664,14.186427964602869,3.8539338606619173
47,22,EI,3,17,1.678761802306136,1.6939147026053174,6.298415421560033,3.9204804763578758
47,22,EI,3,18,0.8173198032632636,0.6395025824517133,9.193052071742263,3.0444297723294476
47,22,EI,4,19,1.6413273752828355,1.364154220466494,9.948370014897089,4.203052357568281
47,22,EI,4,20,1.8508361717436204,1.5625143640396026,2.2605317911654548,4.17777437650275
47,22,EI,4,21,0.4998603449785506,1.3222565058190665,14.957618478154497,3.2136500321510857
47,22,EI,5,22,2.585576105707112,1.9188071862947185,8.757133916008819,1.8184249805869601
47,22,EI,5,23,1.130442738625494,1.983899624216444,8.875818991647742,2.6458285570115496
47,22,EI,5,24,2.6361910141704246,1.0021034171057144,3.0255908897881385,2.6981337564560786
47,22,EI,6,25,1.675190938989334,1.7244414241502968,2.666438843897462,3.956451867245
47,22,EI,6,26,1.6360754537986493,1.2638823524102372,10.19658676733906,4.195067831242238
47,22,EI,6,27,0.4923019509603501,1.6273300011983438,14.962827984996231,2.9700964163848185
47,22,EI,7,28,1.5027163270820036,1.1328769104531475,14.095874747293372,4.069947209355018
47,22,EI,7,29,1.5817857713594479,1.5613565456674863,6.077664099775188,4.153806466395972
47,22,EI,7,30,2.5886335576423316,1.6432779577632157,0.05766103357625327,1.3274503144797887
47,22,EI,8,31,1.1675644559896123,1.26686711436375,14.943223965256502,3.942377054364908
47,22,EI,8,32,1.7351316549859699,1.4003027113962756,3.2268301723910566,4.356365989554057
47,22,EI,8,33,2.5389964112784913,0.7731180800863999,14.398489156470694,2.492527241646716
47,22,EI,9,34,1.7159511879199751,1.3660423515713478,3.516596934637408,4.362394974525863
47,22,EI,9,35,1.4351206295966588,1.272695160072061,11.6590743601171,4.140824463543416
47,22,EI,9,36,2.629217623057229,0.21083141320232412,0.4658611947265457,0.45380737893369005
47,22,EI,10,37,1.6997173313568785,1.4274751158630568,4.179613262453444,4.323691152718675
47,22,EI,10,38,1.4330794937666238,1.3313163074921555,12.119463156498767,4.139627136771399
47,22,EI,10,39,0.4001796187223252,1.030543675280112,6.778861214156884,3.0646746820708226
47,22,EI,11,40,1.7205564758355205,1.3949305662475457,2.8784719206551865,4.368028401754343
47,22,EI,11,41,1.548486071537159,1.3390588398831458,10.752132895860363,4.1887418873161755
47,22,EI,11,42,1.6577867874811179,0.3387040418061451,14.390797162057776,3.109591935187737
47,22,EI,12,43,1.717481247700845,1.4069648098170386,2.069152184166365,4.341811005644912
47,22,EI,12,44,1.553004814137768,1.2926730168363165,9.929079362179595,4.200597691476647
47,22,EI,12,45,0.5486823747329255,0.9905304652840643,14.989536108877907,3.0825447443513845
47,22,EI,13,46,1.7031533946136173,1.4089035206479008,2.7639762352390473,4.367659850885223
47,22,EI,13,47,1.5534317128065664,1.3087930534845023,10.674346507912903,4.1905282380230355
47,22,EI,13,48,1.7872455144739434,-1.1506092426816084,0.2100290897206271,0.555157083229084
47,22,EI,14,49,1.7103344905754212,1.3906837400083134,2.9108457087177313,4.371314289106054
47,22,EI,14,50,1.5554220135158046,1.2913338282563185,11.009788213255048,4.184092244873238
47,22,EI,14,51,1.6528992151637163,0.2823637676716837,0.23490091799893556,1.8363922571193176
47,22,EI,15,52,1.7392496027085627,1.4303342192268254,2.639055073430907,4.349318403420309
47,22,EI,15,53,1.5876062934790496,1.2737872809054638,10.597522216503517,4.190413481618449
47,22,EI,15,54,0.6289001043489422,1.004654251375694,5.507701537481173,3.361495217485581
47,22,EI,16,55,1.7206011745298246,1.4101737310465765,2.5955150204796924,4.362835741978404
47,22,EI,16,56,1.653853030784262,1.2745060548885458,10.427080665811479,4.192746632398986
47,22,EI,16,57,0.6239543476708456,1.0705504027382569,5.7494153799357495,3.4084269720706306
47,22,EI,17,58,1.7265264102860365,1.4070946480157738,2.6388879359307884,4.362908562138227
47,22,EI,17,59,1.5925930486971027,1.3429800309298234,10.67414474581582,4.194205500927983
47,22,EI,17,60,0.6352517855924997,1.0925857202714218,5.751720410125821,3.4402739725206555
47,22,EI,18,61,1.7517839698142916,1.4235424570448414,2.7725614366989717,4.348926227880824
47,22,EI,18,62,1.6061818267890455,1.2801931762685284,10.5491258331137,4.193264164513728
47,22,EI,18,63,0.6413082937189625,1.1695103533861966,5.547462961938479,3.5065874041801828
47,22,EI,19,64,1.7279388410148457,1.40203886038835,3.058605342312988,4.361222189614668
47,22,EI,19,65,1.545737109455767,1.3131841595298939,10.831009572620486,4.187316452556757
47,22,EI,19,66,0.6016092499370433,1.2955342600646826,6.1081843740402775,3.4852936894189437
47,22,EI,20,67,1.719114448775629,1.400797154057701,2.3469554497752108,4.360940295716251
47,22,EI,20,68,1.636455925213725,1.3174826252729273,9.983450805600663,4.205990675391784
47,22,EI,20,69,0.6507536619093093,1.2644476051499423,5.78804983099831,3.549818500642229
47,22,EI,21,70,1.7230014076776152,1.4651192311259709,2.65817556278984,4.333318183734165
47,22,EI,21,71,1.597697478084358,1.3717365937713026,10.090407474218397,4.199425613556448
47,22,EI,21,72,0.6632572754259669,1.189004534010964,5.659027550229593,3.5405293571481553
47,22,EI,22,73,1.7364359072224778,1.4065972976565506,2.6546802053260117,4.3605417670927356
47,22,EI,22,74,1.630660004801832,1.3162342339894608,10.050090337416142,4.205061437510026
47,22,EI,22,75,0.6526463799024655,1.2556981216496705,5.926201219163959,3.5456914467413387
47,22,EI,23,76,1.7229115418148147,1.4171635176031732,3.1873093446336127,4.353937264987287
47,22,EI,23,77,1.6400633875455122,1.2728427950764343,10.358950458343735,4.194364838940838
47,22,EI,23,78,0.6845058634046028,1.1780725759279318,5.838975047034722,3.5551723980051015
47,22,EI,24,79,1.7479889180561972,1.434388978806977,2.707637817547439,4.344906194045337
47,22,EI,24,80,1.6287573358946577,1.285072037062601,9.837609789270573,4.205505749389348
47,22,EI,24,81,0.7155740644588995,1.1823777849040678,5.178068312496216,3.616029012484909
47,22,EI,25,82,1.742631129573756,1.4147893616221885,2.8472303044277956,4.355115430423412
47,22,EI,25,83,1.6417429856553243,1.3270140530226575,9.947308185069025,4.20643463786584
47,22,EI,25,84,0.7003260639146298,1.2833759211701676,5.408429470482533,3.626055724994491
48,23,EI,0,0,1.4932279224165703,0.745103773073807,1.9305347205402257,3.849876599270708
48,23,EI,0,1,-0.6750730166592223,0.7867093246710555,12.802003132371444,1.876112787488419
48,23,EI,0,2,-0.34595137459620173,-0.736934770199924,10.749052954217818,0.43580038357201434
48,23,EI,0,3,0.6590046692910809,-0.04672324275750994,5.237867922959576,2.106942472237986
48,23,EI,0,4,-0.861378524502023,0.09133158069045355,4.522497740715563,1.2142282461661507
48,23,EI,0,5,0.3539798270469787,0.39104236766678735,10.254161791391196,2.1183281898132993
48,23,EI,0,6,1.2346996335150426,1.0994655886100015,0.27424211932542214,2.7170158871121486
48,23,EI,0,7,1.344958968548947,0.39721892064412834,12.770263855279737,3.1290705902492393
48,23,EI,0,8,2.409152291913421,-1.4551190853520575,12.425096141549593,0.35781079039723074
48,23,EI,0,9,-0.1533286205186738,0.686477963837774,11.466510984413667,1.9632799754903718
48,23,EI,1,10,2.193071733939645,0.7352017202285173,9.228370912728922,3.2866482227739775
48,23,EI,1,11,2.2135811553946017,0.7263333930681646,0.9998243814287029,2.9684370775825863
48,23,EI,1,12,1.2223938591665884,0.7230406706047905,14.984228364487791,3.4747759431772005
48,23,EI,2,13,1.4775422382646206,0.7495740135845401,3.938201334668283,3.8617825739673624
48,23,EI,2,14,1.5800319957578397,0.7521404763280661,11.62683878914009,3.7033396805127947
48,23,EI,2,15,-0.015073886709883189,0.7419510967344807,0.16481575045787802,0.9264952255244984
48,23,EI,3,16,1.4981175958304078,0.575699776155234,2.115084493004668,3.6384734899468114
48,23,EI,3,17,1.439030153930016,0.71582923104681,10.105963251351078,3.644709579965429
48,23,EI,3,18,2.629187635682709,1.1319622310009017,14.843088339341584,2.5887758942916967
48,23,EI,4,19,1.5795545962862274,0.7713766500239103,2.5873444697819212,3.937765386302777
48,23,EI,4,20,1.6374673064020127,0.8119458097129773,10.656845756949673,3.796139057645142
48,23,EI,4,21,1.497475895996069,-0.005718299484996026,14.958770915637638,2.691896416180543
48,23,EI,5,22,1.7068807266675363,0.8459138583565733,3.5561847422953536,4.010344295952791
48,23,EI,5,23,1.6815478235149532,0.8907588148373295,11.478275091626402,3.8774346189965367
48,23,EI,5,24,1.111804280958979,0.12139403889085809,14.860575472271567,2.5995999610382414
48,23,EI,6,25,1.7463318659968365,0.941747639256783,3.625894472653669,4.111008278855722
48,23,EI,6,26,1.8127035438172951,0.9972936087655015,11.53633675341403,3.9536125485042737
48,23,EI,6,27,0.6550426479398805,0.6184024167806963,14.99778116651866,2.7468261949069914
48,23,EI,7,28,1.8138356484545017,1.0694696777366133,1.55588847620091,4.11254699771006
48,23,EI,7,29,1.821467386523262,1.064968992960925,9.59913149834946,4.042104686268149
48,23,EI,7,30,1.1103466348037747,0.6020249000928963,14.897951209360178,3.219672404619457
48,23,EI,8,31,1.8241188747334278,1.05920231971847,4.3620070981304675,4.171795782909733
48,23,EI,8,32,1.836056848570418,1.0912025266578649,12.401192641967812,4.015645048612689
48,23,EI,8,33,2.069911478105136,1.7977704970743584,8.27395778281735,3.349283927831563
48,23,EI,9,34,1.8447487004245215,1.0983994199002889,4.747618346072392,4.179731346614801
48,23,EI,9,35,1.7438679085088027,1.255029399738071,14.834001069284263,4.1183881853886986
48,23,EI,9,36,1.4921397556086715,0.5345070346205776,10.43652171711713,3.4068974910534857
48,23,EI,10,37,1.8541871789755553,1.1198933334343257,4.972596951264089,4.182683901479346
48,23,EI,10,38,1.6176731458142526,1.2800515874424527,14.804216543304124,4.14280729303007
48,23,EI,10,39,1.4201765476219377,0.4953336889977782,0.20657280677488943,2.077286915670973
48,23,EI,11,40,1.7461073514633827,1.9848560692304553,2.3239811125895438,3.0078902176344204
48,23,EI,11,41,1.5854560593151956,1.1204923668237239,2.7535002803029975,4.312649361056079
48,23,EI,11,42,1.5239409997534126,1.9969926988739783,14.100152527335041,2.7268305039073963
48,23,EI,12,43,2.0803178510626004,1.3321030556182736,2.8463782229809746,4.119428910366615
48,23,EI,12,44,1.5831131170980832,1.2172632597783366,13.832962834648605,4.132070412629285
48,23,EI,12,45,1.1204712751260355,0.7224571939264437,2.921996805011583,3.6379671211393267
48,23,EI,13,46,1.6425126717143916,1.2989872137472016,6.7336790768651165,4.272621044985509
48,23,EI,13,47,1.6446962367784987,1.252943246721296,14.758097805213993,4.136070648418045
48,23,EI,13,48,2.3506811613377763,1.5157001522326126,0.5936729372092974,2.544219855273406
48,23,EI,14,49,1.7205127978218395,1.2379319728065306,3.2342645245723913,4.357508261533183
48,23,EI,14,50,1.6160936577841922,1.2320343061413679,14.670432146189778,4.130909241868828
48,23,EI,14,51,0.8331486012564655,1.1224535554258463,8.498835722895315,3.6293372058565176
48,23,EI,15,52,1.7219768030802358,1.2123618201565747,2.927371007008523,4.353032847739413
48,23,EI,15,53,1.615158370786201,1.1937927100983123,14.407909138717818,4.117037281205289
48,23,EI,15,54,0.8247951264733624,1.216072360363761,7.978674149755384,3.683965266145403
48,23,EI,16,55,1.754789455084103,1.2576793270137863,3.0056403495390733,4.35849495381322
48,23,EI,16,56,1.589912472901919,1.2663912691569426,14.91223676533032,4.1380769844687375
48,23,EI,16,57,0.9179291293057337,1.1724315863935004,8.27150938892963,3.7597839240959545
48,23,EI,17,58,1.7100705907490377,1.171878752800572,2.924552486578983,4.335652815517855
48,23,EI,17,59,1.6440532273327202,1.2287729389425266,14.599948027894824,4.129616917758787
48,23,EI,17,60,0.9095037765730543,1.2407639129354062,8.545787067839537,3.7757000228585564
48,23,EI,18,61,1.6935891056774857,1.2511226258162553,3.1459889294016,4.369257934912829
48,23,EI,18,62,1.5930088512089342,1.2326071766605633,14.994818889960928,4.127424298931028
48,23,EI,18,63,0.9152388363746304,1.3158703922769726,8.638669707381137,3.794125500725089
48,23,EI,19,64,1.7472933237505877,1.2290079483289853,3.1968267888543687,4.347899128724178
48,23,EI,19,65,1.6485528083111323,1.2402194777442719,14.020654004621665,4.1390308652062435
48,23,EI,19,66,0.9029493634263401,1.3783587288391295,8.360716590814368,3.7802870860820956
48,23,EI,20,67,1.6794918679446313,1.2317940776184502,2.9863707725770974,4.368078949139138
48,23,EI,20,68,1.6276889123843912,1.2804350657689167,14.473882695999395,4.145890406950122
48,23,EI,20,69,0.9674137584201437,1.4445126151455532,8.552020201664035,3.8181412233396976
48,23,EI,21,70,1.7302486280824727,1.2047390399257818,2.885802863864565,4.348033146474033
48,23,EI,21,71,1.6147575158185412,1.2859049883724682,14.26216531089715,4.148970580811246
48,23,EI,21,72,0.9655126656832218,1.290400199936065,8.149893517310636,3.854995875631993
48,23,EI,22,73,1.7307264303981764,1.2726685736625023,3.176886181722612,4.365873327677977
48,23,EI,22,74,1.6361717469731238,1.2507785280689192,14.368379370140769,4.139581662765222
48,23,EI,22,75,1.0324594127346076,1.5316325468106835,8.321414412214985,3.817336452454712
48,23,EI,23,76,1.6809254455768894,1.2496279439429534,3.2065307895799804,4.369493397462623
48,23,EI,23,77,1.6123448221497374,1.265442986652193,14.112778370538475,4.146341088832135
48,23,EI,23,78,0.9091519767298979,1.3352279462772012,8.280599475087707,3.794792552888474
48,23,EI,24,79,1.6703646376943402,1.2001505707028675,3.197057793576963,4.351989899315301
48,23,EI,24,80,1.6429670188318348,1.2607839612169283,14.501192433500142,4.140726285615587
48,23,EI,24,81,0.9842069818166337,1.3401001370974317,8.614851438661178,3.8664906167670794
48,23,EI,25,82,1.7089315474839943,1.2270831685515775,3.1290409217443584,4.358563929355551
48,23,EI,25,83,1.6359545418876684,1.2813216773856686,14.197159344068352,4.148489110897707
48,23,EI,25,84,0.9665008520612637,1.3132330520612596,8.091222481431968,3.859455509488499
49,24,EI,0,0,0.13421464263323157,-0.08187939526299659,8.621492552088553,1.3477363977329846
49,24,EI,0,1,0.7924159302885432,0.4747437760058777,8.54573997031552,2.8006321777167464
49,24,EI,0,2,2.16657347724665,-1.1974933865315942,11.137386585027752,1.370637511109022
49,24,EI,0,3,1.9657124671926556,0.9925602450950795,6.14947418219028,3.9519987751424406
49,24,EI,0,4,2.423818255886791,-1.3916780229355776,12.044296591935739,0.4831601931399827
49,24,EI,0,5,1.1498557126040572,-1.3560581894107295,4.986658780157507,1.4023570305247772
49,24,EI,0,6,0.31360487338931065,-0.8838413526689186,9.639370104349135,0.9716736892937028
49,24,EI,0,7,0.5414432158864451,1.005316921036683,5.572184810976208,3.2514827221488787
49,24,EI,0,8,-0.89752685164652,1.0049496647938359,10.995946436722052,2.244811146843368
49,24,EI,0,9,-0.7930248735339938,0.12911848465686582,6.828635425442691,1.1499411055045028
49,24,EI,1,10,1.3640465003881594,1.6180246559517015,6.819640340581638,3.9870376369810905
49,24,EI,1,11,1.3698875538331228,1.6164256019076282,12.629480022480315,3.8897795117726
49,24,EI,1,12,1.3722125948274257,1.6112504990731678,1.9836569023104584,4.089166452902255
49,24,EI,2,13,0.9353095509339737,1.9103276431374456,0.15394330301689466,1.5055408229560974
49,24,EI,2,14,0.8966618520747673,1.9816536028069067,4.899411344599507,2.5313788114337066
49,24,EI,2,15,2.083200966365709,0.7349405313790482,0.45151654360499466,2.3434932435126825
49,24,EI,3,16,1.21658174587819,1.5942435033562754,0.34434629478190537,2.65173775671965
49,24,EI,3,17,1.462768790027467,1.590952858415521,6.687518383876041,4.072814696411478
49,24,EI,3,18,2.543506111689856,0.9940250241958597,2.1785613225180667,2.9668397580876356
49,24,EI,4,19,1.442943851228283,1.61311183073745,0.790079220552249,3.4460830446897206
49,24,EI,4,20,1.4327881840142531,1.6283118116099153,6.992893996240032,3.995963163529308
49,24,EI,4,21,1.424280163500907,1.6160825611435907,13.952601214349258,3.900073039893943
49,24,EI,5,22,1.6041303643951141,1.393211361853539,3.7245737467119215,4.360035494031746
49,24,EI,5,23,1.4352900527534107,1.6542906378911573,13.195753177988143,3.8459342379664685
49,24,EI,5,24,1.9224946798594207,0.45589763880552403,9.00141743010426,3.2274938259117985
49,24,EI,6,25,1.4370576289445802,1.6076211922809835,4.094651953719383,4.121354796639484
49,24,EI,6,26,1.249959894531902,1.4857627331939374,13.796300206787388,3.960956568347117
49,24,EI,6,27,2.291489911538589,0.5943918078844179,6.932118037504372,2.9681840474190944
49,24,EI,7,28,1.9189824797017976,1.6222558640692983,2.486952406526558,4.0537540680849125
49,24,EI,7,29,1.5292577906259242,1.2113758738939833,8.537876513106786,4.19873961962125
49,24,EI,7,30,1.194855231523356,1.303505904638874,14.844372229413294,3.9706690814296772
49,24,EI,8,31,1.3601380704410757,1.099513688356922,3.4752082542754383,4.216081313649187
49,24,EI,8,32,1.3886948901938996,1.4727980750690874,10.004680289927975,4.100172626101204
49,24,EI,8,33,0.5834589706573481,1.8901732180582225,14.76193769897654,2.372921109382413
49,24,EI,9,34,1.5851511339547617,1.4567695151521898,3.0815955640201227,4.346605198046851
49,24,EI,9,35,1.3825193647670524,0.8812207172400095,14.269874423062527,3.7808628910186997
49,24,EI,9,36,1.2051818824469982,1.9269529869419717,9.317545468893774,2.9552406276576138
49,24,EI,10,37,1.4359448508088386,1.3310858538454173,3.575796579415717,4.340230305838361
49,24,EI,10,38,1.5801014642213436,1.2773878657741937,12.055968858049155,4.170426176394023
49,24,EI,10,39,2.398087524164833,1.5444040921241018,7.359027687075507,3.302792689367535
49,24,EI,11,40,1.542039804212938,1.2722459179266155,6.2331887802108525,4.276503662419353
49,24,EI,11,41,1.3924296552792197,1.2161129821840162,13.036615636344116,4.08842214126138
49,24,EI,11,42,2.4019303442849096,1.729488216101588,14.939385809351704,2.8541893124130273
49,24,EI,12,43,1.558418135466475,1.3699018578432876,3.562587658633928,4.3673985303995675
49,24,EI,12,44,1.4747743912342508,1.1623244564992792,10.761131899128392,4.121647561015979
49,24,EI,12,45,0.6473889796195769,0.6891160416381359,14.893747818848082,2.835512324796734
49,24,EI,13,46,1.546037391123538,1.3613180860908458,3.2402650083976545,4.376080425114791
49,24,EI,13,47,1.505589295450584,1.3141724261725871,10.396707587809596,4.185979682662088
49,24,EI,13,48,2.230901378395667,0.8270903745142943,14.996379937469985,3.268387005297905
49,24,EI,14,49,1.484954282089869,1.3772669616353048,3.2332454829856996,4.359743985238925
49,24,EI,14,50,1.5490237650498768,1.3296535571157824,10.729151992537634,4.189554378050847
49,24,EI,14,51,0.5777632395346222,1.2380952763518809,7.06904963290528,3.4162041094192563
49,24,EI,15,52,1.5170888862798795,1.409014279896477,3.0060957445072094,4.36243077210776
49,24,EI,15,53,1.5557574174646813,1.2989719781502753,10.247459345467563,4.196574405438148
49,24,EI,15,54,0.6351509607558508,1.1067458925400357,6.593734378016677,3.4267069727649933
49,24,EI,16,55,1.5450522890272556,1.3691750852770026,3.210820300027416,4.375212089590267
49,24,EI,16,56,1.4963926155559486,1.287735483407951,10.050545866307898,4.186592578898559
49,24,EI,16,57,0.6013454600008128,1.2368200209203244,6.330973821634974,3.4647647829222152
49,24,EI,17,58,1.4973765001494304,1.3486772095997317,3.4563294377898806,4.361994783130073
49,24,EI,17,59,1.5610275418263777,1.2742369613141564,10.270317848187378,4.193022394543084
49,24,EI,17,60,0.7882176138660806,1.2117795604250303,14.853836682565992,3.541751457539113
49,24,EI,18,61,1.5560330438261478,1.3739761279405864,3.3904337159217866,4.371233470436236
49,24,EI,18,62,1.596875494769907,1.357610582124479,10.211295770457667,4.199944063204052
49,24,EI,18,63,0.8412858443950448,1.3009776296460518,14.899574259985508,3.6265418107553566
49,24,EI,19,64,1.5579781759269382,1.3412499101606352,3.5201960039158515,4.372506711080719
49,24,EI,19,65,1.5297126252483966,1.3046033473143774,10.423827121192181,4.190112992844626
49,24,EI,19,66,0.6455483543118166,1.28570958114905,6.972367659892079,3.514507402275214
49,24,EI,20,67,1.520187257201155,1.356013098722603,3.6404252276595215,4.36084776490531
49,24,EI,20,68,1.5745115071193632,1.2899602429390273,10.532085250310008,4.193180746252655
49,24,EI,20,69,0.6749243467945969,1.2871253676303525,7.234237083081293,3.544123789767167
49,24,EI,21,70,1.526184057073849,1.3574189414628437,3.399177929241671,4.369043046132204
49,24,EI,21,71,1.5710905710102283,1.305165523996279,10.21958179807686,4.199429272921493
49,24,EI,21,72,0.877535505748458,1.2730113299140768,14.988038465864205,3.662022833706623
49,24,EI,22,73,1.5704303874921388,1.3137078685769232,3.598742141307662,4.371914179996776
49,24,EI,22,74,1.5768833709627326,1.2953010489080135,10.564398344514906,4.193617804542288
49,24,EI,22,75,0.7269030778913221,1.2609176162115752,7.170266412280998,3.603171805924787
49,24,EI,23,76,1.5395144971444168,1.3410199785524464,3.2701427779123406,4.3766387439460654
49,24,EI,23,77,1.5320372546213137,1.3117973018519944,9.97974116632528,4.198134812967935
49,24,EI,23,78,0.9113371904708005,1.4396097932120453,14.986258181168576,3.674349153481334
49,24,EI,24,79,1.5238894415054802,1.360591595415717,3.3833511785691983,4.368543213061344
49,24,EI,24,80,1.559163337123358,1.3598309043188128,10.156580699892896,4.1971775116164665
49,24,EI,24,81,0.8568432586259904,1.2172356984112813,14.761800489997558,3.6235295977801405
49,24,EI,25,82,1.4970976627447792,1.3542448874799722,3.418549215554492,4.36234733836143
49,24,EI,25,83,1.6313830532087503,1.3511089974878634,10.116517754386841,4.202606322904797
49,24,EI,25,84,0.9629780961327703,1.2618799518344854,14.80777436820152,3.7527646746999888
50,0,PI,0,0,1.2803258255202747,-0.5557465018264539,0.6155618855189842,1.4298285623381422
50,0,PI,0,1,-1.038236226029887,1.3464458372009536,13.691420903588549,2.5156292474185618
50,0,PI,0,2,1.166997894041951,1.0532379634439946,8.154831246989877,3.911910942489584
50,0,PI,0,3,2.39436564769489,1.3554874394253624,0.04207476405205128,2.1154370892183443
50,0,PI,0,4,2.104119781607747,-1.3824504864308746,10.94510204100273,1.1169347515592012
50,0,PI,0,5,-0.4435749458082371,1.521126228224603,8.122376842516127,2.317676406183738
50,0,PI,0,6,0.02002333493820685,-0.020594725808195324,0.425766747510799,0.13443507222537385
50,0,PI,0,7,-0.6355533957211297,0.847185451427706,9.708195484102177,1.9930562497833715
50,0,PI,0,8,1.1996941616054455,-0.15712856008340803,14.958151826902377,2.397072649740676
50,0,PI,0,9,2.565381661006772,0.8993969456824313,9.757238684740976,2.6314662209934747
50,0,PI,1,10,1.094164177255882,0.8898850449615172,11.094900520021277,3.6273973069892658
50,0,PI,1,11,-1.0364366709475368,1.3904573638454334,12.208825951996374,2.5218989596834707
50,0,PI,1,12,1.1170653122024103,0.9209321714342531,2.381891445190546,3.881119917843744
50,0,PI,2,13,1.1039959872401455,0.37142210932196096,5.682881410684336,3.058144729145098
50,0,PI,2,14,1.2839356049494568,0.9830497478396323,13.92715889577675,3.8436100211565294
50,0,PI,2,15,-0.9341939091030483,1.335487165228955,14.940512480193304,2.404339488405394
50,0,PI,3,16,1.8445412808395565,0.9617115267773766,11.655629569289738,3.8986308347657896
50,0,PI,3,17,0.8362067406162736,1.0755157113065144,2.681654566742308,3.7549168864636027
50,0,PI,3,18,-0.9849833693203262,1.3790470361718534,6.629881504704165,2.5745806633161106
50,0,PI,4,19,1.2546805662047933,0.7798424449544434,9.321068243254336,3.6454639445875
50,0,PI,4,20,2.1247491041292297,1.4436421941838167,1.033570261097023,3.616878469701943
50,0,PI,4,21,0.15839048238182496,1.184175630918546,0.2538987177615064,1.5678503994450117
50,0,PI,5,22,2.5167962951583824,0.8492480191769758,13.510240585023512,2.6622509888580197
50,0,PI,5,23,1.0140501070859558,1.5567641490026127,5.646175466607317,3.839546721867372
50,0,PI,5,24,1.0964840581266069,0.2072242451834334,9.373431395151195,2.7560882860127442
50,0,PI,6,25,1.3199874780303582,1.3474770785303591,11.267994187641435,4.095464586810971
50,0,PI,6,26,2.1729028082831743,1.5378755976637675,1.7797042648485097,3.8184017504628365
50,0,PI,6,27,1.0188179721512416,0.23174869373637175,6.617683348896848,2.7736935030066086
50,0,PI,7,28,2.1618084414274867,1.8166449332705974,9.88770100133503,3.135537215393816
50,0,PI,7,29,2.5635087784509905,0.7873743541255629,13.294074905166749,2.449983449827804
50,0,PI,7,30,0.4892040387435128,1.2571168970711932,0.7776381777913186,2.716435207784218
50,0,PI,8,31,0.8816129672575934,0.8464050522156863,12.325538503398283,3.3441489280649397
50,0,PI,8,32,0.961480617007775,0.3644243399416276,0.9421794525157641,2.492584028695648
50,0,PI,8,33,2.442829916043857,0.9965099288697283,7.787688494977378,3.1154665169755997
50,0,PI,9,34,1.842753613412146,1.7005798557724239,6.2970818167464335,3.8498642887290533
50,0,PI,9,35,1.2472674427065158,0.6492579257427571,6.043074556317513,3.540659941399669
50,0,PI,9,36,1.245034265672579,0.39551695435647005,13.921066171632432,3.0526342951430525
50,0,PI,10,37,1.3693793903727598,1.8587595375634187,7.1509321118297295,3.369711452503776
50,0,PI,10,38,1.1027654593961551,0.6625929977572889,9.663694970915657,3.362280521741642
50,0,PI,10,39,-0.9457047736107382,1.2187332000841367,11.48541654364584,2.430070416993318
50,0,PI,11,40,1.01792708012099,1.560415771712182,0.24360625311670192,2.483150728532991
50,0,PI,11,41,0.9323434800412889,0.13529656059622397,4.641913198831046,2.633145960281775
50,0,PI,11,42,1.060428465217444,0.11888117416037569,12.367156232871674,2.5766128436524984
50,0,PI,12,43,1.298908477339146,1.7376424967775015,10.248429465162516,3.635066204755237
50,0,PI,12,44,2.4523934239775493,1.0821894821376157,8.10998005932091,3.162409530651982
50,0,PI,12,45,0.910804317043588,0.43428892645660166,2.043667895021521,3.012123131396703
50,0,PI,13,46,2.2663056099469894,1.3063405232212864,8.686797853382137,3.668463913760535
50,0,PI,13,47,1.8636531942546997,1.3965014751383062,0.8393702907283173,3.675122596803491
50,0,PI,13,48,1.3292085823250335,1.5429721467777142,14.8994137007755,3.9449180193348448
50,0,PI,14,49,0.724291660254303,1.2471431326202427,2.9927336562784355,3.722335331498397
50,0,PI,14,50,0.7980705958660244,0.872090776848677,10.699766619406795,3.3028232226718357
50,0,PI,14,51,2.2932638730630286,0.9005776024163445,5.802604173623906,3.3982497244360066
50,0,PI,15,52,0.8673625261729894,1.8414087315679284,3.600147649448692,3.1157936633378487
50,0,PI,15,53,-1.089769420312643,1.2517980797675352,11.33386956996671,2.595737211996985
50,0,PI,15,54,0.6961645079068026,0.7308733876222471,2.3973654295992928,3.19276085381569
50,0,PI,16,55,0.9907374165858438,0.3901964522453816,8.665811832055946,2.900867938417754
50,0,PI,16,56,1.3114606588986564,1.8893498302378093,4.706307966570367,3.2978697956582996
50,0,PI,16,57,1.640817967980297,1.26116770303542,13.10177704951026,4.155398792660343
50,0,PI,17,58,0.9481811583369679,1.4743603077477783,0.6397816991365683,2.991028825093969
50,0,PI,17,59,1.7478917338446873,0.49977208679618546,11.840657974436462,3.3366228791150383
50,0,PI,17,60,1.6831711223371948,1.890389059261886,11.032806169839814,3.2378698520023645
50,0,PI,18,61,-1.073499906798853,1.295918344915712,12.196888763440848,2.5731971882031512
50,0,PI,18,62,0.8532023729419738,1.9257279858110112,2.368065100067688,2.7911142703893566
50,0,PI,18,63,1.5548354283579604,1.6900516775894552,12.45164384449145,3.813758639609231
50,0,PI,19,64,1.3151194293379005,1.6393563587032758,12.645646712421133,3.8213502872670215
50,0,PI,19,65,2.5712928063591742,1.2197375083121105,8.344694980058796,2.910077665012988
50,0,PI,19,66,1.2635733283982233,0.2463572026434544,11.639438912795143,2.8999340951599915
50,0,PI,20,67,2.0389590667780535,1.595579050362495,6.534897100433297,3.8729853138026646
50,0,PI,20,68,0.8263305653106245,1.304716654666585,10.519940151789108,3.6617693466471524
50,0,PI,20,69,-1.0636749790177649,1.3388494362094039,10.136065540104106,2.5917190715741607
50,0,PI,21,70,2.1735393119304374,1.743459556126275,13.45626165841625,3.279391242045704
50,0,PI,21,71,1.10439101828237,0.24289846634191314,9.082628169966268,2.811726047136154
50,0,PI,21,72,1.0940288037122423,1.1397081233175559,3.5485375034807722,4.052283440799064
50,0,PI,22,73,1.5929466032549175,1.0424594879223252,11.940744448039286,4.035739068389586
50,0,PI,22,74,1.3939579130284216,1.9494421194385572,3.92822099908872,3.118282312644266
50,0,PI,22,75,1.2109676882338167,-0.012886198819852535,10.11192654977109,2.5965514918492656
50,0,PI,23,76,0.6964001804777649,0.32484411476822683,11.905680315879247,2.4324092082429387
50,0,PI,23,77,1.062935257442128,1.464528683011305,6.560320062505325,3.9464642626217943
50,0,PI,23,78,0.9890416954135315,0.15189471653755282,4.928722023401375,2.701081497328569
50,0,PI,24,79,-0.004598549445257838,0.6101443314957198,9.334703130328968,2.0273991022385083
50,0,PI,24,80,-1.044595278799849,1.53772845388047,7.725343338766872,2.506104312813062
50,0,PI,24,81,0.59746290055399,1.5970432167206758,2.139941517172715,3.3777610013380053
50,0,PI,25,82,1.1510239499206887,1.0407452355911628,4.893324463020373,3.977490480489905
50,0,PI,25,83,2.3715369940080935,1.3161176759501236,14.175620277306573,3.3754274611556605
50,0,PI,25,84,0.8145580095212439,1.7391397393050165,10.089069601824955,3.1880109545102244
51,1,PI,0,0,0.8126774115048594,1.8266229371407734,2.163250031181786,3.104339427457295
51,1,PI,0,1,2.4451029839518803,-0.408589917963301,6.3504734081396625,1.567455147783362
51,1,PI,0,2,1.993124593106991,-0.06780302270793559,8.244355721408219,2.56622020147804
51,1,PI,0,3,-0.9970115938106536,1.137295880361823,8.072611554975953,2.4913871583888287
51,1,PI,0,4,0.13220742455710743,1.2595004619994152,4.5486192445453835,2.95891619975078
51,1,PI,0,5,0.5947216129891946,-1.0308540596349234,6.047291683720492,1.2662253247393567
51,1,PI,0,6,-0.339687765593229,-0.5819033084535268,11.255719724778158,0.5297700606735617
51,1,PI,0,7,-0.052112471406168925,0.19816841051072265,14.711077259818778,1.3672373770746002
51,1,PI,0,8,2.493712932721571,1.036764792707368,8.118861606355965,3.0135030029043834
51,1,PI,0,9,-0.0652575704824494,-0.937717969287056,14.548911272828773,0.44766364750641396
51,1,PI,1,10,2.1813710416508734,0.9763081051000193,8.79206323938506,3.606891279802186
51,1,PI,1,11,2.2759777648478297,-0.041299913494041496,14.28926126499902,2.1002217207160756
51,1,PI,1,12,0.10433675469280179,1.560848020620849,11.534451908640788,2.640699802271188
51,1,PI,2,13,2.148401022695159,1.2330275497050298,7.955343174709757,3.863962954768703
51,1,PI,2,14,1.9185446847828755,0.7358151522672238,1.1681665215521,3.480576257957683
51,1,PI,2,15,1.5067313482622824,1.2281781116674142,14.177942044414618,4.1208547758553165
51,1,PI,3,16,1.8472416175706239,1.666497634708386,12.81995211456692,3.7993181505599116
51,1,PI,3,17,2.1266193904869617,0.04967521772284855,2.363649787762004,2.6718719159835893
51,1,PI,3,18,1.022046686674082,1.6915657940363382,0.028668357260803665,2.2638348637461867
51,1,PI,4,19,2.1669543199985233,0.6196423968352409,8.654572623037524,3.1809837103946883
51,1,PI,4,20,2.0974637444797843,1.9351749076478253,5.820419464806158,2.8762648493295733
51,1,PI,4,21,0.247850575783519,1.6563583005500648,6.899132769692996,2.742941221604341
51,1,PI,5,22,2.0483216295395947,0.7209934501427577,7.352907933054956,3.5065380977029186
51,1,PI,5,23,0.9853280871367156,1.7449478299789454,1.3575319122144613,3.354019357077176
51,1,PI,5,24,1.6072141368114763,1.3012193457341037,14.469238322609089,4.14881609055627
51,1,PI,6,25,1.4104348820442376,1.3943531418637511,14.445046788767417,4.094344622691286
51,1,PI,6,26,2.569367932800118,1.2921547494296157,7.834944419099356,2.9467073509954202
51,1,PI,6,27,1.1121683470817159,1.8733949305676085,1.5123373547611587,3.135520128055178
51,1,PI,7,28,1.6682319936042345,1.8351416124044753,14.503079047408953,3.398252882394357
51,1,PI,7,29,1.8923938254860828,0.3301651153033498,1.6531351449745422,3.1610529166161525
51,1,PI,7,30,2.050307249153513,1.0853362892141307,8.661399911092168,3.889672803769236
51,1,PI,8,31,2.3145185337317224,0.7547003468598259,8.335508085547051,3.108127548665098
51,1,PI,8,32,1.8160869255974097,1.048597975171643,0.7072928577284981,3.377558239131987
51,1,PI,8,33,0.6269402943210443,1.8298085550001986,2.6358324177924755,2.8870359275194426
51,1,PI,9,34,1.0384498571910168,1.5590267940471385,13.97673532426212,3.7094336769789384
51,1,PI,9,35,0.25623645200857625,1.7398015457478957,6.834041038930615,2.57092234711352
51,1,PI,9,36,2.500687685259923,1.1055154692644593,7.56752389796565,3.0645672904509484
51,1,PI,10,37,2.17485531612471,0.5497736207299293,7.274524875506115,3.102511916728302
51,1,PI,10,38,1.6228507516258612,1.4138716614130824,13.762647033233158,4.139226900472019
51,1,PI,10,39,0.9994542583130697,1.6839484334071568,0.17010628476872808,2.257666845439834
51,1,PI,11,40,1.9683454967721068,1.0234161621922628,14.313640841560506,3.8406779962458484
51,1,PI,11,41,2.6225908579408133,1.365962674187677,7.508317244158824,2.7854134140911393
51,1,PI,11,42,1.6172149664274293,0.981559956251921,0.4674050976083044,2.9427337853738793
51,1,PI,12,43,1.0456096169878233,1.176279993696277,13.56889256562773,3.812589121117006
51,1,PI,12,44,1.9160465772554809,1.099876751874648,0.3317973693069818,2.7817639545904562
51,1,PI,12,45,1.8136957741485187,0.21980049674330493,8.635090351044477,2.9966908171903
51,1,PI,13,46,1.406891125491342,1.6776284129097965,12.453901539527633,3.797377277748072
51,1,PI,13,47,2.4159096174256462,1.078294077538191,8.110932093958013,3.250079164441358
51,1,PI,13,48,1.8550206001576024,1.1648331840259596,0.2217512148854859,2.8319225007510074
51,1,PI,14,49,1.8446598239838483,1.9094252356616832,14.075802873080386,3.0696291455367595
51,1,PI,14,50,2.044022355751918,0.9061245278199905,1.810519459538638,3.82250296988789
51,1,PI,14,51,0.8777068272360184,1.7576144987993318,1.3272747171773391,3.191696191418621
51,1,PI,15,52,1.5983080525963786,0.2305205498360512,8.83942919773622,3.0505633409638033
51,1,PI,15,53,1.6745719757171305,1.7974934269308651,14.492736829994866,3.517162014707438
51,1,PI,15,54,1.001581425770258,1.6270709155402008,2.136870387736348,3.7935527387208268
51,1,PI,16,55,1.9779890102677835,0.6826494263350416,8.979514357368457,3.492889406766788
51,1,PI,16,56,0.7216442826269756,1.7220461829685858,0.8896829781901544,2.7399447663140206
51,1,PI,16,57,1.2988159195078643,1.8236193338182058,14.686947542402109,3.3342262221054977
51,1,PI,17,58,0.6642049721801311,1.4291418979990973,1.7243697047269295,3.5661809517408605
51,1,PI,17,59,0.5046966354288973,1.4032573123371135,13.92297662062637,3.2158806322050433
51,1,PI,17,60,2.382206729017545,0.5543425816962002,8.922987171463854,2.6757543917882916
51,1,PI,18,61,1.0314369578530105,1.7209782738863248,14.591774392676468,3.408096800213425
51,1,PI,18,62,1.3510577627460147,1.1334847410513502,0.7525620658677611,3.490300341013776
51,1,PI,18,63,2.1972330278400642,-0.004671847047871491,2.2321198471351855,2.503467419128131
51,1,PI,19,64,1.3275145686952432,1.2334359678134779,14.688751983812034,4.045054721139814
51,1,PI,19,65,2.4481075947119684,1.1738620326286302,8.327651417396565,3.232028435497388
51,1,PI,19,66,1.1623537836855515,1.5024857747527136,1.9800208844040128,4.083586806192592
51,1,PI,20,67,2.042213219255513,-0.3149672512817854,8.160434382844398,2.3139691576158485
51,1,PI,20,68,0.9337903155937872,1.4096391952715495,14.965735554783928,3.712590201783895
51,1,PI,20,69,1.475977238781757,1.3423424506941042,0.05636663832705828,2.9250100998194246
51,1,PI,21,70,1.5564196860213135,1.2450965884196936,0.2650883137961187,2.936941412112973
51,1,PI,21,71,2.4923168956875275,0.6880428211843359,8.55261991757327,2.5916334579652442
51,1,PI,21,72,0.6795121375489264,1.622507902991594,13.814711122144661,3.2213448635777926
51,1,PI,22,73,1.4926040244734313,1.1641674492369143,7.459998047216919,4.189856049851301
51,1,PI,22,74,0.7320335369497761,1.6951271683961329,1.2112185985967807,3.108291000538766
51,1,PI,22,75,2.4504367085597694,0.42535683333567254,8.588235432415281,2.3402545835817774
51,1,PI,23,76,1.3527765025004541,1.7340736713451212,1.826612075594092,3.8103581146646732
51,1,PI,23,77,0.8102884556513648,1.3368396342774602,14.285793306194025,3.5977780289635937
51,1,PI,23,78,2.282977760326551,0.9770665495537179,13.783908934507654,3.3588899091507605
51,1,PI,24,79,2.1233094877292795,1.6970078676746412,14.594808933050874,3.4517756170130722
51,1,PI,24,80,1.4765487129762667,1.624600305148876,1.5241730480885094,4.014866917037631
51,1,PI,24,81,2.101787814802515,0.2751452194404149,9.16398062515563,2.8006779708154914
51,1,PI,25,82,2.5174418370994798,0.7530832559411635,9.270821113697325,2.5958377751002137
51,1,PI,25,83,1.448903850728299,1.5975410400891716,1.8190845010737877,4.119384800504122
51,1,PI,25,84,2.169965459294527,1.7193112414281306,13.14802044667934,3.347653965539425
52,2,PI,0,0,-0.1223554543103047,-0.45528099805056854,12.21357188317361,0.7507596298390671
52,2,PI,0,1,-0.756510124241143,0.6003518408797888,10.928679341650108,1.6666540168363224
52,2,PI,0,2,-0.39781368882900303,-1.3069868043342614,4.125265549222666,-0.07017086983794907
52,2,PI,0,3,1.3568271765900897,0.46792981973149805,2.2517838873167366,3.444127279905535
52,2,PI,0,4,0.5167412652374896,0.842540545010821,6.342347314378648,3.013863270461253
52,2,PI,0,5,1.2662101000873731,1.8860258337278681,10.24628926982207,3.1474517080865465
52,2,PI,0,6,0.3635020012200576,-0.8446160059796568,5.190064022910425,1.1718025759627784
52,2,PI,0,7,0.8098535432295095,1.619232933252027,11.633683573147868,3.407141790005367
52,2,PI,0,8,0.08891384649965395,1.7347591377738847,7.064177371350947,2.386821585242486
52,2,PI,0,9,1.4925767933097336,-1.1247744204124417,1.5690488329356895,1.9382967795716612
52,2,PI,1,10,1.324596644135247,-0.18635665510216848,1.2668696413206322,2.4631767962220383
52,2,PI,1,11,0.702390044901473,0.4667165663504622,6.635317789616572,2.72735515391121
52,2,PI,1,12,1.4156695357880937,1.746820993148305,9.469223513070258,3.6847383342018176
52,2,PI,2,13,1.81271789898083,1.725471662506373,1.8522479177454458,3.863130136705607
52,2,PI,2,14,2.099065795341601,1.778783966397508,13.686736298967286,3.2878634360407837
52,2,PI,2,15,1.6263358368549303,1.1437917473672896,7.723924110271494,4.18799307172902
52,2,PI,3,16,1.6889698707778922,1.0410724696955533,1.8933611414298068,4.199553344587496
52,2,PI,3,17,0.7481730739139363,0.8962992910982837,11.28712942872824,3.2646111561575344
52,2,PI,3,18,0.3729957180130774,1.4181497685848377,5.43065225391347,3.2033803049476486
52,2,PI,4,19,0.05270259437746483,-0.5971587976613503,2.0732909231234835,1.0248475542745212
52,2,PI,4,20,-0.6121511468546872,1.8598817436926138,7.679729295722116,1.5537092896414029
52,2,PI,4,21,1.6602163838363024,0.19435952570174497,11.668625376250597,2.9602691733263744
52,2,PI,5,22,1.872677246141603,0.9499278270929228,2.4453488388270315,4.07604980313665
52,2,PI,5,23,0.19632394127804065,1.0434223263519238,14.653033453386618,2.705599185243818
52,2,PI,5,24,0.9124666326747568,0.6769737923381358,7.126861496977386,3.246404975323922
52,2,PI,6,25,1.5841475624979964,0.8570755644366974,9.551835805683973,3.869726656232729
52,2,PI,6,26,0.07202689640114635,1.3937752659473803,5.927442330325227,2.846311961835373
52,2,PI,6,27,2.3470260606624613,1.8830798260929296,0.7285661981924091,1.951786591985223
52,2,PI,7,28,0.19299281407678337,1.3661774560688622,6.138159400514142,2.981668454048331
52,2,PI,7,29,1.2017912654802596,0.1570811706745101,0.11370031712789186,1.5146253288645266
52,2,PI,7,30,1.7505122024755626,1.2721571549658073,11.033876479890473,4.1642783766330425
52,2,PI,8,31,1.8572991235274752,1.019373934900079,9.213616621587414,3.9879975854378493
52,2,PI,8,32,1.5627808388470048,0.6567348414572178,2.167741169349183,3.7664568075649276
52,2,PI,8,33,0.308037333007819,1.2091362804944765,8.046439560559952,3.0473381059134326
52,2,PI,9,34,0.6514149915444714,0.5055653185453108,7.445315854080545,2.697974278902461
52,2,PI,9,35,1.9933230222414537,1.1849469025698474,11.09439904440515,3.976293585176102
52,2,PI,9,36,2.1339144089259747,0.9208549160442794,0.8932317763189308,3.2180533920159884
52,2,PI,10,37,0.15875306825833446,1.3567838101567475,4.392110278654979,3.000675524408566
52,2,PI,10,38,1.3311050214579563,-0.24913946452442848,10.03011965428252,2.470221770159556
52,2,PI,10,39,1.5005817350363668,1.735728830329545,0.23404837285551025,2.4750983605529098
52,2,PI,11,40,1.6589977210018163,0.8741706787256343,3.0795637697873692,4.064260121644544
52,2,PI,11,41,0.3285636564652281,1.139076227074327,11.497829356419055,2.97431241292316
52,2,PI,11,42,1.709643974823385,0.9943358692515591,14.187841616724251,3.9552573586454343
52,2,PI,12,43,1.4112798362091494,1.4427558175334143,9.062238468456936,4.145851706346454
52,2,PI,12,44,2.0354111511670445,1.2060009793932944,1.3023233460832067,3.925262740490835
52,2,PI,12,45,0.3677918309656003,1.578904371970585,4.02109608363639,3.104023404757987
52,2,PI,13,46,1.5663106639321782,1.6528351421749115,7.281729865486043,3.9785216044238245
52,2,PI,13,47,0.8395950017881872,1.3002930576858533,14.237154515730968,3.630855110411129
52,2,PI,13,48,0.33869992664755255,0.729342932811357,3.9998585185864712,2.7218986736147066
52,2,PI,14,49,0.480449602303725,1.0623907116061528,10.497190893533405,3.1181889539544576
52,2,PI,14,50,1.6777831564081036,1.8959900584380827,3.2611725276924934,3.4106156748516128
52,2,PI,14,51,0.22407940017861883,1.7643289209140103,2.867704353473274,2.5876566878940777
52,2,PI,15,52,0.5150978221859681,1.1372942087512046,5.146616840488622,3.3428066215614676
52,2,PI,15,53,1.840436954578342,1.966165457907235,7.671858888273052,2.923212105014067
52,2,PI,15,54,1.7020830948190437,0.14733842001844444,12.635017182081269,2.8873256629947406
52,2,PI,16,55,1.5300864240454901,0.03244881481671036,2.7744980237248464,2.984140363183304
52,2,PI,16,56,0.23804719705084065,1.6353117107368726,6.283720468062051,2.786189332975156
52,2,PI,16,57,0.9567133422829195,0.5710059726411432,13.089115230565959,3.0470371843617525
52,2,PI,17,58,1.969129487776879,0.6990499021664505,7.859728054142708,3.5464101714578455
52,2,PI,17,59,1.3669161919673805,-0.19856101785844915,12.475410073583523,2.4947807059301352
52,2,PI,17,60,0.8975654860399822,0.7274021499158265,0.798925643225572,2.736351184288671
52,2,PI,18,61,0.12254839532532591,1.0599453353739205,4.822479404519184,2.821325852879265
52,2,PI,18,62,1.8897142410140573,1.0755249790782728,11.229166088958943,3.98553439136239
52,2,PI,18,63,0.6069731506251719,0.9280539868162716,11.367479360896073,3.128302588319894
52,2,PI,19,64,0.3700610889617335,1.2418773460040957,13.594533101519856,3.051634545363844
52,2,PI,19,65,0.8773416540624477,0.05551968942286556,8.921996999001497,2.3721575111875097
52,2,PI,19,66,1.6078446769510784,0.9272298019113743,0.1501584011898936,2.687228526155727
52,2,PI,20,67,0.8616921018927894,0.7929633113342685,1.5972614548378155,3.368879051886028
52,2,PI,20,68,-0.1401459049250502,0.9507225892780151,9.150975141883222,2.3427047352813535
52,2,PI,20,69,1.4011059674098765,1.3715608353824922,12.606516414383362,4.115914791106038
52,2,PI,21,70,1.537817407256163,0.6886522505388761,1.9497985540066238,3.7859596354861216
52,2,PI,21,71,0.8364436049182253,-0.050641119475173246,8.457964960336236,2.228992046448735
52,2,PI,21,72,-0.3816762628347209,1.0201819159033088,5.596963103855486,2.3397644761752363
52,2,PI,22,73,2.09378884228608,0.3315260437895322,9.455001212351869,2.8777423259686046
52,2,PI,22,74,1.5185297505114024,0.12160729570067819,2.876653242266218,3.077081227682659
52,2,PI,22,75,2.0454291013068646,1.3568457544825732,14.424114556629831,3.918045159187195
52,2,PI,23,76,-0.35925157533311136,1.542684181887755,7.449282714055802,2.3468091153789468
52,2,PI,23,77,1.3433135990639027,1.332873227884754,0.4886153702938662,3.1005840471806905
52,2,PI,23,78,1.0591447490438664,-0.10262797633044607,1.3656268829343916,2.3829198313020443
52,2,PI,24,79,1.0885811340616525,0.9088148446330417,7.425733920187027,3.712298857706141
52,2,PI,24,80,0.8798412909628359,0.42583912489097875,13.557379185889815,2.760175230676858
52,2,PI,24,81,0.6737730679210934,0.7042363996521352,0.9100302876532387,2.5911076297412214
52,2,PI,25,82,0.5651984962395797,1.5949545107086247,4.718536781891547,3.303115181770062
52,2,PI,25,83,0.6920359669266125,1.85722307707143,11.59085773274944,2.663897363376247
52,2,PI,25,84,1.9282332304846657,0.7406548223019636,2.868716336671702,3.7811292657015816
53,3,PI,0,0,-0.7799290623842758,-0.671163226913651,12.019315703630747,0.4155254796193949
53,3,PI,0,1,1.0755395287725422,-1.1705497521586028,6.497470976606871,1.618186424861741
53,3,PI,0,2,0.6902147011522968,-0.940913798770225,11.01892269398681,1.3679095707167146
53,3,PI,0,3,-0.6752076615537155,-0.13070133326518274,7.751585999137834,0.8354990575388201
53,3,PI,0,4,0.5092569122877824,0.5537950000334924,11.06782897159511,2.521134102916817
53,3,PI,0,5,2.4735707313225004,-0.5052959268792299,9.728559558990296,1.357485212962346
53,3,PI,0,6,1.501759179556371,-0.4754773784562951,0.023349762549033728,1.1252207897384325
53,3,PI,0,7,2.5378210468020845,-0.45559571944093524,4.710476044513018,1.3367871894460186
53,3,PI,0,8,2.232324270253552,0.5480702896181784,7.0701736680622895,3.0102610659693836
53,3,PI,0,9,1.789736185057627,-1.3937889731813509,10.604769469738697,1.3638454560205804
53,3,PI,1,10,1.3850597990282818,0.536301659554125,5.976673601333635,3.466688905997259
53,3,PI,1,11,0.43010643765760803,0.5429010782375676,13.99204587628125,2.372156288567033
53,3,PI,1,12,2.2951248417966874,0.6042067835189093,13.498550866887014,2.865059378317642
53,3,PI,2,13,1.879376761915085,0.5260490131111566,3.956414519760636,3.4936824418805505
53,3,PI,2,14,0.45287136399655736,0.5909195171460047,11.621599139163084,2.4944747754601106
53,3,PI,2,15,2.17944379703321,0.5867395643856619,14.617671677122457,3.03431109787633
53,3,PI,3,16,1.1438960538614715,0.5603136990060609,5.546809404194189,3.3537449209573813
53,3,PI,3,17,1.421575668648892,0.38303170770640693,11.969234963695037,3.1558779431666415
53,3,PI,3,18,2.1904626545160233,0.4038367678025738,0.5241438582597364,1.8564561849019163
53,3,PI,4,19,2.204581430792797,0.5504513403357008,0.7630318733239196,2.443675611413743
53,3,PI,4,20,1.6603473612639799,0.5786209723410787,13.016658944925018,3.4489265849888073
53,3,PI,4,21,0.9506478735956492,0.48460494294508494,7.182343192961172,3.0202608767364696
53,3,PI,5,22,1.874399165279022,0.7081165661159292,9.382386574826771,3.6014018765874605
53,3,PI,5,23,1.9633281740873048,0.339128008245106,1.7858362571485629,3.1449650370346998
53,3,PI,5,24,0.3761537609993679,0.5661218819090976,10.747345858223524,2.37711335831007
53,3,PI,6,25,0.5029142631758576,0.5846232063901877,12.78512181100441,2.533855252752538
53,3,PI,6,26,-0.9376817593111507,0.5482645308567133,13.334977653697635,1.6671384237166864
53,3,PI,6,27,-0.556133328528302,0.45468722144737517,6.314028438997073,1.5421226973327025
53,3,PI,7,28,0.4569684633618212,0.5845508332653373,5.613639737787102,2.6155612684598397
53,3,PI,7,29,1.8496407161395103,0.7132202640833079,10.331256648232948,3.607399321600804
53,3,PI,7,30,1.628234863893403,0.5099350863164807,0.2382688041035296,2.1403891169706495
53,3,PI,8,31,2.2259879035019643,0.7228526555932615,14.364042027664434,3.1465842385262235
53,3,PI,8,32,0.5192535074413629,0.571756058821431,12.891016911426657,2.5352407071987084
53,3,PI,8,33,1.384996024771704,0.7604726718785098,6.29841040848914,3.763898966842935
53,3,PI,9,34,1.6422064640559255,0.6936726543325911,5.936370094708598,3.740651189155165
53,3,PI,9,35,2.4822905151395696,0.5986984592362021,14.64865857066133,2.411654130968615
53,3,PI,9,36,0.5576601394481231,0.7289940530079089,12.225942864657663,2.8066979153604086
53,3,PI,10,37,1.5577964669394557,0.47668985614288273,11.605146931378131,3.32364843259755
53,3,PI,10,38,1.532254130554516,0.6423796743771084,3.354368451103866,3.7476268614105077
53,3,PI,10,39,0.3159390699425013,0.5866080349048519,7.4200985732365465,2.3944951564350703
53,3,PI,11,40,0.8733036499116957,0.7083956392700292,5.821620167832306,3.282336002187737
53,3,PI,11,41,1.1215766885406437,0.6183913414885147,14.347727544791095,3.2572856433060338
53,3,PI,11,42,2.2719310154796615,0.7661064526106602,10.229063045597242,3.172454177077649
53,3,PI,12,43,2.280133184810813,0.6001407133095342,13.415325434018623,2.8894927474398022
53,3,PI,12,44,2.085005565381939,0.7763549212763907,2.924254860588808,3.667500595930984
53,3,PI,12,45,0.9407995567980048,0.4265315571676167,8.707590889440889,2.8971582798364244
53,3,PI,13,46,1.7631904255320712,0.5989470953577563,9.333903810207692,3.506960560100209
53,3,PI,13,47,0.28093525958797017,0.47394241745657295,8.639656219791366,2.1701438333747047
53,3,PI,13,48,2.3564920246301684,0.6557205613385775,0.0953748067233484,1.5955965368179463
53,3,PI,14,49,0.9530071626452203,-0.21999475241028632,6.26046877099671,2.262652221508457
53,3,PI,14,50,1.8833859601342557,1.1999668458396675,4.499933795123667,4.228541924321133
53,3,PI,14,51,1.7522473157837704,1.8153835306784578,12.732089963384261,3.4631846884439907
53,3,PI,15,52,1.6892355324991235,0.25236600489618954,3.9015569723014982,3.20998812370393
53,3,PI,15,53,0.8860108694379198,0.5729415949606325,12.213443392148909,2.9842107067214947
53,3,PI,15,54,1.7838343274956938,1.13411174008507,4.647522714306504,4.238169383909055
53,3,PI,16,55,1.4076629754719607,1.7175897648387304,11.652892399204296,3.7200777300209276
53,3,PI,16,56,0.7780079370941471,-0.11103106853204237,6.284662425936062,2.1585162891517826
53,3,PI,16,57,1.7091945538191569,0.48853860783410674,8.329557788567044,3.3889243529313156
53,3,PI,17,58,1.3487591039520574,0.7422251145863599,4.531293631869402,3.7780610297602895
53,3,PI,17,59,0.5064021027633285,1.1045504387808958,11.186689568140068,3.17470767533729
53,3,PI,17,60,1.7416217329146209,0.28141544408891805,9.909973407293398,3.077177976473915
53,3,PI,18,61,1.2838926668489297,1.5136452985486377,5.197268853796955,4.122692099540199
53,3,PI,18,62,2.027594347976743,1.2687703841190503,14.379065319310488,3.9340938075398038
53,3,PI,18,63,2.179671778572345,0.047484909139725806,2.597584487981644,2.5960192313055432
53,3,PI,19,64,2.1435442161708735,1.4657784059322099,14.794124323402196,3.7436595098571015
53,3,PI,19,65,2.320235892390166,0.21608553291558485,9.631011364943477,2.352343151104251
53,3,PI,19,66,1.3130669091434766,1.7086859337217999,5.050927691203356,3.835983717980519
53,3,PI,20,67,2.5833511212806695,0.8700674885525537,6.346879718486444,2.6166504645932562
53,3,PI,20,68,0.242822969045418,0.7231724393907735,9.638837198860948,2.4488141619236883
53,3,PI,20,69,1.5762902545346726,0.46421617466240983,10.353693283352,3.3267211050324184
53,3,PI,21,70,0.5678115701390904,1.3730729896736933,7.880436333884004,3.394593340246778
53,3,PI,21,71,1.6904264959731599,-0.17118619805753577,5.603935648127749,2.712377727352721
53,3,PI,21,72,2.505104043297508,0.8720177992750546,2.8937793574345063,2.9539164274928282
53,3,PI,22,73,1.7256767440947587,0.8573065276129026,2.209737693926213,4.023028216261818
53,3,PI,22,74,0.06030866438543825,1.1458599919198682,11.076225339270685,2.675908061907178
53,3,PI,22,75,2.0551696824997383,0.4560803917515508,14.090618539725002,3.029341688107395
53,3,PI,23,76,0.734353602070603,0.6831111023495993,13.408836980521746,2.9475854684709697
53,3,PI,23,77,1.2794315107762042,0.24729084035561377,6.306172174696992,3.0158465426808148
53,3,PI,23,78,0.17975560018126546,1.397081747364092,9.880924167706452,2.875452730135513
53,3,PI,24,79,1.708149123169223,0.8042834991004293,4.492613070331145,3.9259482047946794
53,3,PI,24,80,-0.07936335593204369,1.2902128087032891,9.938136552966917,2.6136699216356827
53,3,PI,24,81,0.8271537978005215,0.6463563865171551,12.878876424617784,3.0117040130531754
53,3,PI,25,82,1.0741051219283264,1.9075931135845323,11.261991355062126,2.8943934991890234
53,3,PI,25,83,1.0748705762630553,0.7877197113159387,4.300136814610168,3.6441469180695463
53,3,PI,25,84,2.070244081163638,1.412055222691012,1.771191086294243,4.051588649228892
54,4,PI,0,0,2.4242006665239377,0.28964643485026564,14.643679341909854,2.144763429957022
54,4,PI,0,1,-0.7979157787021347,0.6257454119826038,5.647922279074711,1.831659516477525
54,4,PI,0,2,1.8967048105059616,-0.8891526434959004,13.074657477540658,1.9881510235312032
54,4,PI,0,3,0.9327090146531924,1.6577527790059592,7.157825704064256,3.557458546444625
54,4,PI,0,4,0.5087645898748168,1.2613135114051532,14.762310845966889,3.2183561270813117
54,4,PI,0,5,0.28166528714212635,1.8912650426068223,13.935466790093527,2.003163141883807
54,4,PI,0,6,-0.4359628070074767,0.6309806589559166,10.573266318725572,1.7269885026245202
54,4,PI,0,7,2.4232573489056977,0.8298009593801368,2.001802936019945,3.08604319725342
54,4,PI,0,8,0.7605312166609444,0.22766941884640213,7.50389261404184,2.4641273578241396
54,4,PI,0,9,2.482222003190257,-0.2752191006221083,3.3573434305264613,1.6605450926386305
54,4,PI,1,10,0.13348444267996618,1.6558992671352852,13.804395124908519,2.49829499084595
54,4,PI,1,11,2.0964155818681287,0.8259502125189022,14.896991831456225,3.4721767465049487
54,4,PI,1,12,0.8262917510305148,1.6416722914799946,5.299914014568326,3.522758444581456
54,4,PI,2,13,1.22972642238113,1.745766853565307,3.543840884614238,3.7425208815140882
54,4,PI,2,14,1.2998028580724803,1.770899837400325,12.155630797196553,3.5208499388185643
54,4,PI,2,15,1.8930437614531277,0.7165943125145375,7.275017585814962,3.6445687633533237
54,4,PI,3,16,1.1404145389412133,1.8923820280378627,1.2872507279036944,2.989873522965838
54,4,PI,3,17,1.98420200904751,1.2169541315284316,6.706134227523448,4.086009572830463
54,4,PI,3,18,0.7125970638678454,1.7640173718046048,12.732167514967685,2.9661963331937486
54,4,PI,4,19,1.8373874458452026,1.2689052309510402,11.556277817209097,4.1194172997861624
54,4,PI,4,20,2.506618546540104,0.7867612493110219,2.796186771508613,2.8433073334731467
54,4,PI,4,21,0.681892104667106,1.871167854427473,7.09193073645802,2.683915919438829
54,4,PI,5,22,1.5496062096200758,1.2174970585562983,3.4168703267466936,4.352007977875059
54,4,PI,5,23,0.8040608177253339,1.4529242604899313,12.453176997451493,3.5728695660391874
54,4,PI,5,24,1.917820085433409,0.5294566847554849,10.640384010381105,3.3044051285107496
54,4,PI,6,25,0.6090695515595179,1.3782706205372262,3.158118173154002,3.584441111275092
54,4,PI,6,26,2.400804249397941,1.3278540999821136,5.099155146957147,3.4787485892127026
54,4,PI,6,27,2.0861623019020303,0.7213772940715764,12.378048221615787,3.375078919632763
54,4,PI,7,28,1.440659575378898,1.2714960095886445,7.623503848177179,4.21344325556935
54,4,PI,7,29,0.35621375121264864,1.5406806566542168,13.312240119783201,2.938164889400774
54,4,PI,7,30,2.136254266240303,1.40538468345604,14.179983222788977,3.7917068547859585
54,4,PI,8,31,0.030215917968322126,1.3130535880516603,8.502583893641205,2.7488840088101325
54,4,PI,8,32,1.1536858764771605,0.8391424519985944,3.661968047406872,3.799997771229753
54,4,PI,8,33,2.32678620520893,0.3952820918780189,9.745608019458809,2.5652041723384023
54,4,PI,9,34,1.5684866983770531,0.48655612500782786,5.074640987931728,3.4804659972907857
54,4,PI,9,35,1.8916701930056647,1.7040880676674903,7.808899857852227,3.773428300995299
54,4,PI,9,36,0.028800715822877798,1.3275528123058202,0.36216695538456883,1.5219931428876352
54,4,PI,10,37,0.9041575051371815,1.9457127416757363,2.0479242118923437,2.741174189572514
54,4,PI,10,38,0.7038407959958464,1.6524135623260863,8.616958783102387,3.273042313209819
54,4,PI,10,39,1.0238112559495378,0.7791777184952497,2.5978051523273558,3.6248836501931265
54,4,PI,11,40,0.9285403384647011,1.4572313254735292,0.06111503993166723,2.4844306655970017
54,4,PI,11,41,2.2302801909208503,1.1478656282880086,11.252134524085054,3.6320986313283994
54,4,PI,11,42,1.3371249681019122,1.9963878950477647,9.216745660428586,2.7246736211350875
54,4,PI,12,43,1.5364640830803866,0.5182202076160727,6.3394738393867645,3.480425030032178
54,4,PI,12,44,1.2216130016017699,1.5686467622692213,5.594294203380181,4.0057516792527545
54,4,PI,12,45,1.529620387136788,1.878669027928717,12.70679077525328,3.257202980615831
54,4,PI,13,46,1.8137233611493713,1.6370843712688785,8.155186404014954,3.944646986958838
54,4,PI,13,47,2.2642659974941655,0.3605180192026902,4.87452990287777,2.763416406357814
54,4,PI,13,48,0.94718605867281,0.3526723215245946,4.694718844790251,2.9136340796717035
54,4,PI,14,49,1.0287160919022136,0.5191136448352021,10.110968071925273,3.0877803135846564
54,4,PI,14,50,1.137586519219345,0.7864397992266969,0.9719625545247473,3.265137403461791
54,4,PI,14,51,0.9666187413616436,1.9158941729981822,7.599902974566382,2.8214032995843796
54,4,PI,15,52,0.5551926514573458,1.9066088916340451,12.592842321722806,2.2956790662928777
54,4,PI,15,53,2.110200169739057,1.144230590695786,2.2561834724171828,4.009040539078084
54,4,PI,15,54,2.1781653791092777,0.9789668531438034,10.248799028957094,3.589115668111644
54,4,PI,16,55,0.36433949284472855,0.9688272914454936,6.639524006514467,2.9623929713489283
54,4,PI,16,56,1.7546249034483936,1.6912633518168958,7.934494308353775,3.8676166963684313
54,4,PI,16,57,0.8840800245041822,1.0216622439471146,14.451353665138326,3.518722596669013
54,4,PI,17,58,2.5620361456418106,0.91465065532805,3.439166173065104,2.8283987967042865
54,4,PI,17,59,1.6633969278299272,1.8136518199001324,10.360057002189842,3.519249530916027
54,4,PI,17,60,1.4280674646272367,0.8749324930812401,8.54763512511948,3.8734922721647296
54,4,PI,18,61,0.9108053369345686,0.7673525976935687,13.747747897071914,3.258842251026103
54,4,PI,18,62,1.9670152060340196,1.830311195454236,2.6484064006674597,3.508822879034115
54,4,PI,18,63,1.945601077798528,0.4959142047034557,7.046096139957384,3.306404588420543
54,4,PI,19,64,1.0975227908705585,1.5978200686836654,11.086793046297965,3.7463054550806056
54,4,PI,19,65,1.1690941179426746,1.8702045255643402,1.9627472654075184,3.290449849415222
54,4,PI,19,66,2.3357807910832906,0.43583320525067926,6.442324760537587,2.672908925492689
54,4,PI,20,67,0.03590677293649436,1.2711424460344785,9.209360287628398,2.7355017498338032
54,4,PI,20,68,0.981825305697829,0.2994303581188136,12.983403777590306,2.708880201013563
54,4,PI,20,69,0.6512129455128035,1.7286928653842817,4.187134765998593,3.169242956462556
54,4,PI,21,70,0.6152040086274859,1.0462770221554587,3.4118414145818408,3.453768743656968
54,4,PI,21,71,1.327227356633062,0.02317276196957785,8.912977060586345,2.730287026525093
54,4,PI,21,72,2.170085151014495,1.694609744365132,9.230106079733202,3.4592544887831256
54,4,PI,22,73,-0.045621682274444186,0.7099301857158054,4.917695663888952,2.236385648302503
54,4,PI,22,74,1.1280473121183419,0.3714529047360471,13.581035131952763,2.933268251799294
54,4,PI,22,75,0.8774048974155086,1.9070328890984674,11.315615345418465,2.6951898711780578
54,4,PI,23,76,0.9033961666942925,0.8875916373989221,2.133124670583252,3.6184340171621043
54,4,PI,23,77,1.3742969955513447,1.0237616257643176,11.01528391226227,3.9699744681075084
54,4,PI,23,78,2.5498032684819063,0.715796357314721,1.2502627196965643,2.3766517451043425
54,4,PI,24,79,0.47320099318230735,0.978158124016717,10.305606861082872,3.031548605838795
54,4,PI,24,80,-0.3317677693178702,1.6933745546377938,7.899245969724667,2.105969171724305
54,4,PI,24,81,2.574487856895684,1.6540686652097274,8.774882440037814,2.6321198395167755
54,4,PI,25,82,0.4092940966008478,1.3805825756063284,3.7085628473232384,3.3194848583485985
54,4,PI,25,83,2.330179056728187,1.367729750926563,11.150540035447616,3.4972683935267734
54,4,PI,25,84,1.4288163965802991,-0.1849208852613522,7.785724302086779,2.6107451251330294
55,5,PI,0,0,1.9082959260364856,1.3277927640777283,7.730368090071089,4.147777031524758
55,5,PI,0,1,-0.03196024261061492,-1.3112425416642024,5.751149842901988,0.13346677509308824
55,5,PI,0,2,0.42646436865453485,-1.341536821341442,0.7323169031967938,-0.10638336565326356
55,5,PI,0,3,2.633921141998172,0.7832918905579569,3.5184185148456892,2.4374909028247727
55,5,PI,0,4,0.5253990026653557,1.9096516764073939,13.465266444020124,2.23638250759352
55,5,PI,0,5,2.054891387543865,-0.12658367482827648,7.395852257957408,2.465911149921589
55,5,PI,0,6,1.4287881077926938,-1.2871905046468037,8.334386157693931,1.6218961567787782
55,5,PI,0,7,-0.08558535387101074,1.5787791066722274,0.9641523452455529,2.1529882250208736
55,5,PI,0,8,1.438101388900841,1.5453097581462618,3.4105505588884606,4.227399987146568
55,5,PI,0,9,2.2462900706905886,1.5526841380851724,0.27873974783549105,2.306374101545779
55,5,PI,1,10,1.7283653403429655,1.4740015298915807,6.578761873779721,4.212739517942941
55,5,PI,1,11,2.2631809331569603,1.5454978227469605,0.14636245627959166,2.273652401697344
55,5,PI,1,12,0.5633521713034466,1.9163357213979597,13.144550917713667,2.25991763123508
55,5,PI,2,13,2.0475604563242125,1.6145438804931294,4.9845553862508325,3.8817244663747266
55,5,PI,2,14,1.3948754252274536,1.6135774605253745,12.452879249863289,3.9082073744119876
55,5,PI,2,15,-0.0746806488296834,1.6004122573437525,2.7726250505060315,2.6137945908047993
55,5,PI,3,16,1.9591157206394274,1.9028484293023493,2.477654594746484,3.2496321627805016
55,5,PI,3,17,1.809285470438248,0.9148479469601734,9.103499127170442,3.9045830937624793
55,5,PI,3,18,0.8636682522022532,1.8234582276242217,12.783074459092935,2.9645300111662705
55,5,PI,4,19,1.9331985186244536,-0.39423565738124733,7.353410775397822,2.382678080643925
55,5,PI,4,20,2.5673104684767227,0.9069756136752285,2.768381240339508,2.8160884780303443
55,5,PI,4,21,1.5406753541694123,1.8975435893721588,12.094938790620699,3.194040360495165
55,5,PI,5,22,2.2007074972668783,1.2282692570055609,9.369264827797604,3.7528266599922784
55,5,PI,5,23,1.4985946419113398,1.737605181717056,3.3108148305699685,3.9035134270658665
55,5,PI,5,24,0.8068736221804325,1.6896603555778484,11.839422707705296,3.268873251287723
55,5,PI,6,25,1.9250374983602532,1.7153308529933375,7.05757986597128,3.7411554918479526
55,5,PI,6,26,0.7870664983997038,1.2304872078031996,3.7669689244942903,3.77071470106954
55,5,PI,6,27,1.8736326381985684,-0.3811719325156582,7.413556425304007,2.4328729579658193
55,5,PI,7,28,1.3534377592744566,1.2895304155311766,13.63422971639358,4.0838129164171395
55,5,PI,7,29,1.8455243369221717,0.8964991448381632,7.083849852754937,3.9084560084578577
55,5,PI,7,30,1.231428226532226,1.4250328178786527,1.6176010708382649,4.122866600341871
55,5,PI,8,31,1.9580560956180904,1.0063148709383616,9.553227916474492,3.8954191205915962
55,5,PI,8,32,0.8729195042335034,1.5743191313814897,2.6291841505286584,3.7544044719202763
55,5,PI,8,33,1.272193063031224,1.999775835561663,12.778092073352965,2.616862743833644
55,5,PI,9,34,1.3244109159655117,1.0550310814914163,10.69791670822522,3.9769104387854517
55,5,PI,9,35,1.4315780156495936,1.3633866758149504,0.04444936586951515,2.907312051693269
55,5,PI,9,36,2.244924515150509,1.7809473228555133,4.477762997755262,3.2429777177652275
55,5,PI,10,37,1.8941515459330733,0.7245061926397525,4.92896626523546,3.7229764604561035
55,5,PI,10,38,1.8248189300247328,1.5899153629690255,10.59740034281093,3.970134993269655
55,5,PI,10,39,0.08379517611184473,1.5264449290669644,1.9609287778245628,2.831065012716416
55,5,PI,11,40,1.6901200885509797,1.5911590801156255,3.3078324443512477,4.199362859182042
55,5,PI,11,41,2.3094215818160877,0.5643330195955949,8.142949358022502,2.8623834635261893
55,5,PI,11,42,-0.21612706559432682,1.65589587718534,2.8262990644961397,2.4021308612524184
55,5,PI,12,43,0.9846531519573776,1.675559102308768,9.9651742184157,3.5194976950066224
55,5,PI,12,44,1.3795761644021178,1.1815541447670332,2.3864078405143814,4.288070403017784
55,5,PI,12,45,1.8073420920301912,0.5873277024357648,8.266908706209403,3.493872838409915
55,5,PI,13,46,1.515671752431667,0.7945505301847087,7.913715378650939,3.812977815071565
55,5,PI,13,47,2.3109625429125673,1.010969535442662,2.283536737211742,3.5637726660631444
55,5,PI,13,48,1.1783874250421733,1.4195009022803555,0.7918892892121039,3.4839931344164072
55,5,PI,14,49,2.4930749878663723,0.9084377559792167,2.100488681556873,3.0102226883189003
55,5,PI,14,50,0.9626747856992122,1.4665219928844642,13.891786073824177,3.7227052857389737
55,5,PI,14,51,1.2359892722282058,1.5866691622240552,7.289502528269836,3.944634531412481
55,5,PI,15,52,2.4071793675443867,1.4079494235391303,7.508975389031936,3.3796595135279253
55,5,PI,15,53,1.452546614166399,1.24093804541159,13.03714024574979,4.121674133418832
55,5,PI,15,54,1.3302714150723913,1.2843201254800647,4.842647908383362,4.244314765377501
55,5,PI,16,55,1.3507934276771354,1.3671753795199133,13.910911011702984,4.078200817067981
55,5,PI,16,56,1.5389316826335757,1.097541693177286,7.654685195602383,4.149868080351256
55,5,PI,16,57,1.2363501664515861,0.7243446006018455,1.7235243415081078,3.6599677395248147
55,5,PI,17,58,1.4850058652434472,1.6566749466271968,13.23114540800093,3.857360609431159
55,5,PI,17,59,2.4406289151605267,1.1260886958000316,9.3770809412438,3.2006716906475132
55,5,PI,17,60,0.4846509846138709,1.378322664782448,0.7078001115371042,2.6037635350318395
55,5,PI,18,61,1.4961887014585793,0.9404916242061216,12.219617953072381,3.913516924934818
55,5,PI,18,62,0.4673387734475474,1.1044260398024877,6.25167292595344,3.2255517632765005
55,5,PI,18,63,1.424561299160629,1.5840675806978428,3.7817364769838377,4.161723065497641
55,5,PI,19,64,0.367360539406385,1.48125689075261,13.210182138966804,3.0088582104302772
55,5,PI,19,65,1.9042298524413552,1.207902949499613,14.659401121802329,4.021876274450411
55,5,PI,19,66,1.7814635075003733,0.6887669823521927,4.477347794435155,3.75108007968334
55,5,PI,20,67,0.355605908844121,1.745244099970117,9.003710679860006,2.629133213046054
55,5,PI,20,68,1.318692880575429,1.476577445487929,3.7344995986617615,4.225177166636929
55,5,PI,20,69,1.8915975729099404,1.5029701702085685,14.38589294225097,3.9849092607647636
55,5,PI,21,70,0.7409356280469015,1.314385140825296,6.133946375751274,3.6559459808807087
55,5,PI,21,71,1.468802733737892,0.5082286294362222,8.368291125706868,3.400938018071198
55,5,PI,21,72,1.5469590465544591,1.1704851839385122,0.2619747659153352,2.901771006308391
55,5,PI,22,73,-0.08439687068074608,1.7058960789346584,2.0106259601400356,2.3785090693545508
55,5,PI,22,74,1.0027734327552933,1.4278327421223382,13.334968520020691,3.791947690240189
55,5,PI,22,75,1.5969687965989925,1.0635655092951515,0.5467931047597305,3.1553263147889234
55,5,PI,23,76,1.650379573623884,1.3644749793819502,1.4146375551969048,4.220531624560845
55,5,PI,23,77,1.2488329739962962,1.4142039365197947,10.157449016905595,4.0499934178834245
55,5,PI,23,78,2.5586595887411105,0.607320521552293,4.605959008461323,2.3993328076548366
55,5,PI,24,79,0.9019294533936066,1.3933797960272978,4.015074720675236,3.899570814060107
55,5,PI,24,80,1.8180836327743877,0.7389461579472543,3.2680312278837707,3.841751672976674
55,5,PI,24,81,0.3675414064348723,1.5353108430730162,13.754828231992784,2.95331234145736
55,5,PI,25,82,1.1169026227487948,0.9376460862301825,1.3233399395462602,3.695984685487383
55,5,PI,25,83,2.145349785666384,1.4081058373533666,11.955206326022532,3.802565879688466
55,5,PI,25,84,2.5746624551305946,1.3137300552776434,1.4057252690222175,2.9061869829386273
56,6,PI,0,0,0.9111201814506518,-0.2985519556533154,5.536639529690879,2.180301218433196
56,6,PI,0,1,0.29949441300191637,1.9560574656526333,9.491711332834583,1.8122086039966219
56,6,PI,0,2,1.4199485282952926,-0.34512790615089584,10.19908499979917,2.4403360411409847
56,6,PI,0,3,-0.6404522350465709,-1.3189476880567867,12.753020010784997,-0.3325645427926973
56,6,PI,0,4,-1.0667563747140807,1.9256864676485383,12.405218384259985,1.473939001710935
56,6,PI,0,5,1.83433335500265,-1.3317077954910872,3.112381553838414,1.668307042049719
56,6,PI,0,6,2.075947863402807,0.013731840792607697,9.412391537612404,2.53137578285416
56,6,PI,0,7,-0.6430306756434283,-0.8478228846275967,7.459521423209364,0.3439118912295931
56,6,PI,0,8,1.7381265975850662,0.38950021520552625,1.6040942984570679,3.300511306741468
56,6,PI,0,9,2.1369373754100915,-1.0111938164904783,6.595426704926833,1.7372012220477613
56,6,PI,1,10,1.0930564822619617,-0.38297674161256956,6.2713944340924686,2.280223508364408
56,6,PI,1,11,1.5655279972753853,-0.10419867202783362,12.147857266864548,2.6414114699723754
56,6,PI,1,12,1.567164331692609,0.15127214435001002,0.023337844820613386,1.6747619059044563
56,6,PI,2,13,1.6221912475409939,0.37574327606408264,2.326192202839297,3.393888253624352
56,6,PI,2,14,1.5111260290843895,-0.15731533812640408,14.407753955788708,2.560976071684757
56,6,PI,2,15,2.267876520767875,-0.006497611367654921,8.6588983913993,2.22805182393533
56,6,PI,3,16,1.5944208438806093,0.48962267492705003,0.619725800519555,2.5715803218530717
56,6,PI,3,17,2.278410285706848,0.04694868464348523,11.630244517388059,2.214383562758117
56,6,PI,3,18,0.9213822227473907,-0.36687243568509964,8.102056834642838,2.0756411398417334
56,6,PI,4,19,2.279926747668386,0.047737766203236554,11.32522354953004,2.216430778370543
56,6,PI,4,20,1.8471194930822734,0.4041795223898659,1.556607553451267,3.260336466347126
56,6,PI,4,21,1.0755275974105878,-0.3308077854695233,6.289556022760622,2.2997149567543786
56,6,PI,5,22,1.229641504220822,-0.28201361652569745,8.310448565162604,2.412280037717289
56,6,PI,5,23,1.811432597595215,0.3829461430868841,0.7758064537033327,2.6426246667161992
56,6,PI,5,24,1.8632969626088802,-0.023928422771409386,14.796389699344989,2.6189450965919336
56,6,PI,6,25,1.6051634653468771,-0.17188467068048374,13.218058856369558,2.5731976786320105
56,6,PI,6,26,1.9749300430182384,0.22428403987307566,0.5686554114612559,1.9768590507575536
56,6,PI,6,27,0.928887969250344,-0.38865070384359335,6.899143051724563,2.0973762746280715
56,6,PI,7,28,0.927379072966366,-0.3604795081145431,8.346469705644896,2.0812635949743497
56,6,PI,7,29,1.5764517579252475,0.32521936488116987,1.5632648869381591,3.2192479546134125
56,6,PI,7,30,1.6843589253839775,0.032426801192392496,14.853482400127332,2.742167531187761
56,6,PI,8,31,1.6403078937572562,-0.17848756153383571,11.949384394099066,2.582377068680685
56,6,PI,8,32,1.8581942517332268,0.5281556625502413,1.7089840971463826,3.462414718813681
56,6,PI,8,33,0.9426380994087831,-0.3463726506843967,5.741910566380076,2.1735389133943435
56,6,PI,9,34,1.9120266742083758,-0.07887632561634961,9.570469358213229,2.600330507005406
56,6,PI,9,35,1.79729810315026,0.8753277538823521,1.454450016482819,3.8826282874040956
56,6,PI,9,36,0.9412903220942481,-0.26846804138668356,5.120641573303185,2.248268097951841
56,6,PI,10,37,1.6589394004392273,1.569500942708384,2.0130902123837204,4.212909855281799
56,6,PI,10,38,1.6264975268249335,0.2916054481792343,2.6885953692664453,3.291898250815609
56,6,PI,10,39,1.6824598187745852,-0.22818516351634321,12.047860243245026,2.5369400464754857
56,6,PI,11,40,1.4129372665100037,0.5826018171951737,2.5515624275104494,3.637944040338837
56,6,PI,11,41,1.6538690289374869,1.9435092977199115,2.12548525114374,3.2046507555212855
56,6,PI,11,42,1.7168864321277768,-0.17981833118193258,12.559431941283485,2.5630802644440656
56,6,PI,12,43,2.1904675143259293,0.8130778272761914,1.6379477460448089,3.472066883452856
56,6,PI,12,44,1.8143980818854097,-0.18846595490392914,11.5876547601136,2.53381217588508
56,6,PI,12,45,1.6119099144185216,1.7991247111226603,2.003106402314202,3.7277862450853245
56,6,PI,13,46,2.217918185247449,1.2321353302322375,2.075209085051352,3.8773731294490066
56,6,PI,13,47,1.2390137952232174,0.46177868694474955,2.9130200766650005,3.3730493417924343
56,6,PI,13,48,1.7812426289980192,-0.22276565413689142,10.359171924282702,2.5384053432482956
56,6,PI,14,49,1.71171410297731,-0.19533289420395517,9.809771087070166,2.5904089080975026
56,6,PI,14,50,2.122081307717471,0.7148701052363133,2.0312373083218924,3.5108592625055732
56,6,PI,14,51,1.1462902680334999,0.04994502539174994,3.8279493566015232,2.7724157129026814
56,6,PI,15,52,1.9358077528607347,0.6666429164003169,0.8522424604531935,3.0598491976415936
56,6,PI,15,53,2.151241593615931,-0.025879050844165086,9.462293547709761,2.3891609303764216
56,6,PI,15,54,0.9824178849922127,0.224486015146399,3.526033998058159,2.8275750114153
56,6,PI,16,55,1.324778665786793,0.750144793770203,2.8330225099572908,3.8238521605779128
56,6,PI,16,56,1.5489382927978994,0.01423413774441551,13.398731858641963,2.7378523012569165
56,6,PI,16,57,1.8977507693496678,1.7121464131306143,2.4306911808721363,3.890873658141744
56,6,PI,17,58,1.5214544569090593,0.035608267396273874,11.791122325003707,2.7739007206974913
56,6,PI,17,59,1.179826011236139,0.10755596105007159,2.523506490067274,2.8848170932585173
56,6,PI,17,60,1.4699816569467439,1.6275372338814011,1.358129339381772,3.942252106142285
56,6,PI,18,61,1.7505922992236576,0.06481608364261326,1.845343793119207,2.9552798711614017
56,6,PI,18,62,1.8197348269635114,-0.25440631631912236,11.630574022425549,2.478583949134171
56,6,PI,18,63,1.22668615633838,1.5859042742892724,1.5788929279826442,3.961254885276513
56,6,PI,19,64,1.6882658742031915,0.07073138478386376,14.876037871853162,2.7816191751379895
56,6,PI,19,65,1.7636503702833841,0.7486377694035449,0.6967833230817021,3.036044916336177
56,6,PI,19,66,0.930191396679457,1.5532357403437689,2.498388691465223,3.841621006023275
56,6,PI,20,67,0.9394126635363094,-0.035777678988812456,4.003468448803618,2.4832750960217282
56,6,PI,20,68,1.8253802598751276,0.19084711337315707,14.3613288555637,2.8765797712427723
56,6,PI,20,69,0.915396379977667,1.2457733141781064,2.727191139179418,3.9429618362558485
56,6,PI,21,70,1.2370848968670258,0.6573883380935532,1.2578554668135995,3.398053114745529
56,6,PI,21,71,2.4120628966845596,1.0646657631448253,1.1002441119202109,3.0441729637680717
56,6,PI,21,72,1.4601586620399343,-0.029256398409847284,14.169803848342305,2.665387796578147
56,6,PI,22,73,1.9537851664763344,0.6585497082837466,3.447210458819794,3.6366534352062745
56,6,PI,22,74,1.2426518902586783,1.9081600516767354,2.372945331731542,3.2287617797636123
56,6,PI,22,75,1.9510790445867174,0.007962226737073141,14.036154012636686,2.5937750292414927
56,6,PI,23,76,0.9130714894488685,1.1215617514330982,1.3820475183723395,3.69490956844807
56,6,PI,23,77,2.3202759377705156,1.5748899813189832,2.6242516729327297,3.5696560773475214
56,6,PI,23,78,1.6339082536634306,0.30416721041076733,2.459168273290838,3.3048504120445132
56,6,PI,24,79,2.0824741692760487,0.4053863948139298,4.075051610049072,3.1329131010914013
56,6,PI,24,80,0.9484132619729428,1.6007739183994056,1.6764782190858798,3.7152122886287664
56,6,PI,24,81,1.4867624768369563,-0.03566156983598967,14.08184103837234,2.6681093393788045
56,6,PI,25,82,2.0946560697877508,0.36159576365160717,4.004581479263672,3.0617095195210493
56,6,PI,25,83,1.1445922253350354,0.587085187466232,2.7392103740510914,3.4741705998140207
56,6,PI,25,84,1.8215235154464713,1.9600668066422924,3.2574646393843603,3.0939155311912288
57,7,PI,0,0,1.2359817587016404,1.640248303393514,11.635509667987657,3.781100281171634
57,7,PI,0,1,-0.25840073100515826,-0.44941800281071087,13.103428127498532,0.6390618236963885
57,7,PI,0,2,-1.0803235568384473,1.374299464339682,11.956244361851942,2.5809924140624476
57,7,PI,0,3,0.6486729187769844,-0.4393865061324027,4.1771057558994995,1.824018416704799
57,7,PI,0,4,-0.1475523509365364,0.057767070589263,7.568719336110342,1.2304256950767942
57,7,PI,0,5,0.9684196047023783,1.9842509920203746,11.890136126287082,2.4434651457882284
57,7,PI,0,6,1.2250837804216248,1.961360516886597,3.230415164835749,2.9853411481940664
57,7,PI,0,7,-0.501287629473235,0.6438886149556078,0.6600861774127892,1.0075302428531248
57,7,PI,0,8,-0.9666627982230713,0.30211087094979594,6.993624173854012,1.4679464493264407
57,7,PI,0,9,2.3274559684216887,0.7022918907185365,7.712250581346109,3.0246887496850787
57,7,PI,1,10,1.3703852955633753,1.5426280240944426,12.450578707924995,3.9927680622941537
57,7,PI,1,11,1.3248718889704234,1.5378058874235574,5.33098023810232,4.118231503522674
57,7,PI,1,12,-1.0638178373219276,1.3696236615428248,8.917568170103161,2.6092665237185213
57,7,PI,2,13,1.4290443629271619,1.7439334659369559,4.551603669316355,3.824633145868396
57,7,PI,2,14,1.087286355638406,1.8435109564994194,13.538931938075219,3.117409199218354
57,7,PI,2,15,-1.0079375340608425,1.4071574382521579,12.793083171602843,2.478853740346788
57,7,PI,3,16,1.1267896959555803,1.6863870310466726,4.952577956013144,3.752461507079352
57,7,PI,3,17,1.6389101528357428,1.6002202097547333,14.988068145916662,3.953777065220075
57,7,PI,3,18,2.305914999917444,0.613837064168532,11.688291995144978,2.87834589450148
57,7,PI,4,19,0.7939389939646546,1.5836069911006874,7.93192933378041,3.505861173142077
57,7,PI,4,20,2.2006775943481904,1.006746333008238,12.02083608685829,3.55606668932475
57,7,PI,4,21,2.30934282465808,0.7609476949208047,5.307274562204806,3.2067889005253076
57,7,PI,5,22,2.0815024498760883,1.5284837351357066,7.1936355475665135,3.88937701093563
57,7,PI,5,23,1.0976645175606605,1.9118281291872394,13.85606776108863,2.8676148403246993
57,7,PI,5,24,0.3039106748034359,1.6436073907799638,8.115195844005635,2.804955015756595
57,7,PI,6,25,0.72696420788342,1.605569523310455,13.771893408006061,3.3060794365303225
57,7,PI,6,26,2.467487926911785,0.7254924563372107,0.8257101520834351,2.2163733894622437
57,7,PI,6,27,-0.7487211046714375,1.4878660804987662,2.6349543091509804,2.485453843094318
57,7,PI,7,28,1.496027159108444,1.0907603557726495,13.122258410635506,4.0474938758469206
57,7,PI,7,29,-0.25657944527857257,1.6025000080242875,8.010980222536324,2.3164061992467495
57,7,PI,7,30,1.4341507139295655,1.9356374545198114,6.926643449818586,3.101204216297479
57,7,PI,8,31,1.8618067994541234,1.2507216636476128,14.529433491441738,4.0671161608491575
57,7,PI,8,32,1.4529027930083398,1.6340236039758782,6.974021967599158,3.993946080090236
57,7,PI,8,33,0.3453813075386689,1.5424261640072108,0.21657857683595874,1.7091097087214495
57,7,PI,9,34,1.6104532509670904,0.8216957658643813,7.865961284890062,3.8600849113126294
57,7,PI,9,35,-1.067847545815293,1.4490465150470042,10.282894111895663,2.55925586619321
57,7,PI,9,36,0.7105125787009352,1.4440197538897426,14.45724716319147,3.4459090911553054
57,7,PI,10,37,2.1461028345638984,1.7336533112681174,9.8735093664789,3.393281366644155
57,7,PI,10,38,1.6269939836917433,0.8944174563637217,2.235178646957175,4.0824634207403
57,7,PI,10,39,0.9387498723892356,0.7992352456213694,8.989621116922944,3.396946051216621
57,7,PI,11,40,1.5454484610771213,0.6193290373916898,7.398821122168057,3.5942062274808846
57,7,PI,11,41,1.9735877835334472,1.1523087974277408,0.4958770335255647,2.9771909002146177
57,7,PI,11,42,-0.41814715338295305,1.542108469823305,10.029539183290924,2.2694085277808
57,7,PI,12,43,0.591307486702616,1.297037812803655,1.0280199770473333,3.1551119664791614
57,7,PI,12,44,2.2189061441121365,1.8006577168455133,8.16653628271064,3.1258968762075936
57,7,PI,12,45,0.18233005658360213,1.4347151513196508,14.99662897338095,2.7994809312132833
57,7,PI,13,46,0.6394091299811782,1.3312950778070967,9.371805632682543,3.4585433189530446
57,7,PI,13,47,2.3866236958932445,0.806572058693964,12.315727752663134,2.955419317842699
57,7,PI,13,48,0.7740174091972083,1.4783717372585774,0.5973890682846302,2.7181157093384933
57,7,PI,14,49,2.0680250176486847,1.5231172838778462,14.013557358312866,3.8031598683019014
57,7,PI,14,50,0.6864361377782564,1.3592982427039213,10.484130404294932,3.4951115450019667
57,7,PI,14,51,1.8898009146388128,1.2112520741742738,5.07074883574055,4.20982015966944
57,7,PI,15,52,2.1475359634875146,1.5320221344002585,4.51046664312419,3.876948310238973
57,7,PI,15,53,0.12418963213435119,1.413336618070832,7.748793296913259,2.848277655921282
57,7,PI,15,54,1.707917739271894,1.8823960652071063,11.546301460276004,3.25690231473332
57,7,PI,16,55,2.321831360801648,0.3613493831605876,11.198848418957017,2.5081556881442455
57,7,PI,16,56,2.261385669143368,0.39486648276053415,2.833289632815633,2.8744836917634533
57,7,PI,16,57,0.38074140772668597,1.48094936902304,3.672566945031023,3.2349031232281558
57,7,PI,17,58,-0.7574457638609404,1.2021099260089687,9.93360118092857,2.3368789265402157
57,7,PI,17,59,2.4954065159602115,1.2138480328969785,7.694687866275296,3.140745893373965
57,7,PI,17,60,0.8789008404101601,1.2256786836724127,9.309220214616621,3.722243505751176
57,7,PI,18,61,0.8732456775884907,0.5679196344096544,3.49353116604924,3.166296341080301
57,7,PI,18,62,1.544466888540998,1.6845745473909552,13.171682688790435,3.815511599354335
57,7,PI,18,63,1.7947679170583757,0.38966626967610374,11.367817054976152,3.1765016742829486
57,7,PI,19,64,1.8922451881917097,1.794916169277362,13.535553426784896,3.4472422157972162
57,7,PI,19,65,1.5674573920469004,0.3543557009152907,11.198513563799057,3.1661684773134406
57,7,PI,19,66,2.2512984389196347,1.959657736574988,4.553879029692997,2.5699150262735957
57,7,PI,20,67,0.20694339354818325,1.2392867574761914,7.341144188442573,2.95490760792077
57,7,PI,20,68,1.2656224163080054,0.9689450136118256,12.842611935730734,3.8286801621107265
57,7,PI,20,69,2.383625607959544,1.306097797035604,4.8706172628685485,3.525770099650961
57,7,PI,21,70,1.0225511913411789,0.7711532784836788,13.764398147810256,3.3788929516110895
57,7,PI,21,71,1.7582817195158622,0.45072961973910086,3.192801164513043,3.472604668912343
57,7,PI,21,72,-0.8495728283649784,1.5080737651478429,7.964576757344893,2.3654527197147397
57,7,PI,22,73,1.5245935113294697,0.5230443985138025,1.8613546790400617,3.542911943302351
57,7,PI,22,74,0.547446519486146,1.9031110634902837,14.097465389516923,2.2836795780597567
57,7,PI,22,75,0.8349135573984665,0.3108169228588762,10.438566735153326,2.5981828930055064
57,7,PI,23,76,0.8697282481479214,1.2524732375357357,11.679209040720668,3.684492829830547
57,7,PI,23,77,2.544157888599641,1.1738017327554862,11.414149882765736,2.9171997770806546
57,7,PI,23,78,0.8122944138537438,1.721590209496079,0.5774276052468902,2.357268637944814
57,7,PI,24,79,1.6229754768312206,1.0304086524592977,3.795542351118092,4.215539856880528
57,7,PI,24,80,1.3285900388756788,1.4533501954686376,14.348588965335455,4.027520005984985
57,7,PI,24,81,1.434929223936332,1.9421698278124255,1.6494184787797428,3.1051782918305246
57,7,PI,25,82,-0.20819448400753815,1.3149689030316614,4.057314365289047,2.660792683179433
57,7,PI,25,83,1.3542418870719724,0.8328347992076979,10.842544085758787,3.748574405983037
57,7,PI,25,84,1.3926736019034642,1.7131767080607876,14.120775327062224,3.6954371350127486
58,8,PI,0,0,0.12189539767498037,1.9554689516827395,4.781343866444266,1.7278012224560158
58,8,PI,0,1,1.8468073731594483,1.5446377909367563,5.866881013281371,4.1189671343701795
58,8,PI,0,2,0.5363645598598992,-0.1953788391872644,1.6051969934951427,1.7950028669198042
58,8,PI,0,3,0.6898939022060733,-0.655267492203612,3.857921583018395,1.750762224058123
58,8,PI,0,4,-0.4096581721097916,-0.8214740788349125,12.20760122465516,0.3267331933197166
58,8,PI,0,5,0.48069191109497367,-0.6042782319462088,8.863951873629407,1.3832747704742694
58,8,PI,0,6,1.1581655703704494,0.7640030947106577,13.670434350347412,3.4925118270783564
58,8,PI,0,7,-0.5386797595981241,-0.20014505045161335,4.270024942024678,0.8828804169691364
58,8,PI,0,8,-1.0372854704635277,-0.8645612192304467,5.920634050897744,0.5925894771816106
58,8,PI,0,9,0.3698021235925937,0.6585478054245035,6.784545665878369,2.5757447559792164
58,8,PI,1,10,0.4016565933198204,0.6499411657952061,8.089769063951287,2.5721529211908143
58,8,PI,1,11,1.4413180827852639,1.3014206892108287,5.018067532223655,4.2921930335844305
58,8,PI,1,12,1.6159364759345776,1.284225329351698,11.519256770931737,4.18022815479231
58,8,PI,2,13,0.8239334321200462,0.9982207898267283,5.343030123002504,3.593535627955897
58,8,PI,2,14,0.6072339347423139,0.521068087354144,10.88705783274808,2.6005687921975067
58,8,PI,2,15,0.664860847454974,-0.07861698446631027,1.2410355606244736,1.9024408770414754
58,8,PI,3,16,1.8223953255130345,1.5687503787247805,10.570847719903856,4.000541955067733
58,8,PI,3,17,0.436878301785264,0.6261384496257278,12.228106364706548,2.5154739635343475
58,8,PI,3,18,1.1866825728679165,0.4274460633003532,1.7807482305966507,3.226913371868252
58,8,PI,4,19,1.4510091625452297,0.8091165630702846,8.109884794011425,3.809150549171896
58,8,PI,4,20,2.2294367302119866,1.0627830909491895,1.4689366598334772,3.6287400130433953
58,8,PI,4,21,1.0242332591341117,1.5552491978263197,1.8661876270292186,3.8895878146890297
58,8,PI,5,22,1.1142493777539597,0.25944623819573653,2.629183909654362,3.0102282796128463
58,8,PI,5,23,1.019738293189329,0.9052060368455774,8.369735476271735,3.6222324018562047
58,8,PI,5,24,2.5745667538294192,1.116012682177998,2.8285298881392156,2.995555400367035
58,8,PI,6,25,2.1197138178823303,0.7030532826289821,4.450256903831491,3.479274924802844
58,8,PI,6,26,0.5067745751019292,1.4337269751536836,12.499578810092254,3.220894197423561
58,8,PI,6,27,0.663590694301015,-0.2918497240437843,0.5729101449074137,0.9135085121077771
58,8,PI,7,28,2.431152078098496,0.7140156501519193,5.6369544754175855,2.859624655183231
58,8,PI,7,29,1.2935653920557426,0.7551058531879766,12.217564713396388,3.594980758860401
58,8,PI,7,30,1.2789015298203537,0.9087281092309949,0.3011411189173298,2.5691686473451734
58,8,PI,8,31,1.5401206285115059,1.1585958296272896,0.9845436886341007,3.8719978457011677
58,8,PI,8,32,0.38501882746501015,0.6811180280644775,12.406205800197819,2.5244331392998065
58,8,PI,8,33,1.5709524869591767,1.042167494601482,8.451205018095406,4.090195772527031
58,8,PI,9,34,1.9415942723905233,0.816358053010831,4.529965417803257,3.821067253196544
58,8,PI,9,35,0.8118627035129133,0.8183479904025437,10.342698546713383,3.2575576584543438
58,8,PI,9,36,0.31088500136841346,0.6663705020250923,4.232674741222173,2.5944788947034985
58,8,PI,10,37,1.2893317696975304,1.372453304829798,4.4908904643099925,4.230516407283962
58,8,PI,10,38,1.7445104828499507,1.262847063481777,14.535259686256182,4.12306361384276
58,8,PI,10,39,0.7517932032334487,0.710523801384952,12.278547732079039,3.018583374461218
58,8,PI,11,40,1.4357470297955008,0.8446379763263638,6.053242976781939,3.900435467403663
58,8,PI,11,41,1.941009716066207,1.3953541841886015,12.759209341813717,4.029185798373431
58,8,PI,11,42,0.7970338467759068,0.709680002913486,13.069089069294858,3.0613158596697625
58,8,PI,12,43,2.507767059622087,0.9433740789206233,5.217242219115342,2.9580365067911547
58,8,PI,12,44,0.5527946818312626,0.8256857986758912,10.154765078413904,2.9560577647020017
58,8,PI,12,45,1.067297316651394,0.4265427553348331,0.6681405097872615,2.2877009508123813
58,8,PI,13,46,2.2821197757069207,0.7052265956355108,1.6593514009766626,3.1732928230015407
58,8,PI,13,47,1.1113317173597164,1.449985274383605,11.33056800059045,3.9063979805294333
58,8,PI,13,48,0.5572137738029941,0.7730694429743292,3.4920115063311727,3.067987450451552
58,8,PI,14,49,1.9327693140019604,0.35533732416681363,2.7465774795396816,3.253008868710506
58,8,PI,14,50,0.8689169271646848,0.7963901057483036,11.528078044847442,3.2769247166475517
58,8,PI,14,51,1.0676464465916862,1.0659847558406614,2.762082665775644,3.9878613218889702
58,8,PI,15,52,1.8004389635161284,1.1929186776797511,9.4566940654078,4.142158051476109
58,8,PI,15,53,2.069974112620169,0.5689222162615439,3.0872449319382333,3.4011847873103465
58,8,PI,15,54,0.3075693384862146,1.034782404750104,13.280350742145785,2.843701812447777
58,8,PI,16,55,0.7702747297164838,0.39566776913236357,4.848086928873305,2.767287509790688
58,8,PI,16,56,2.326456510170027,0.795384664974029,8.98821278175761,3.1238051224505203
58,8,PI,16,57,0.40113263794935006,1.222462299069902,9.95343469104569,3.131113692091943
58,8,PI,17,58,1.0453907011299624,1.598698320929219,12.397239249197714,3.679692602085737
58,8,PI,17,59,2.359812776776219,0.4008042651524786,5.673508011292569,2.596383516671541
58,8,PI,17,60,1.5997538548180188,1.4737174371627901,0.7268916734047742,3.5398641198162104
58,8,PI,18,61,-0.8208732462849491,0.8276945868971453,8.92153689484074,2.031327837467787
58,8,PI,18,62,1.2253363796365573,0.8104924530939952,3.882503961965114,3.812055625144393
58,8,PI,18,63,0.7350361981763898,1.2567670427754027,14.815934664281231,3.495172885352001
58,8,PI,19,64,1.7257528736884717,1.6403403884475738,5.326401999729881,4.0462859546038015
58,8,PI,19,65,0.8687551703075418,0.5981117813560339,8.748708137133256,3.053896003341224
58,8,PI,19,66,1.9709082537366043,0.5695187337767087,1.2115193808050921,3.238163643858189
58,8,PI,20,67,1.1702695717438605,1.3264864037150268,2.3533125868036264,4.191642307660671
58,8,PI,20,68,0.9924098979949485,1.2089087739444038,13.343778283617295,3.779031026757561
58,8,PI,20,69,1.8623815615541304,0.6713890277569945,5.349933711921241,3.657560828625592
58,8,PI,21,70,1.2999973361115993,1.326137450524556,1.8561331180918939,4.240368888854802
58,8,PI,21,71,1.3128501884504513,0.9815130940745966,12.851889447894532,3.8713490102750097
58,8,PI,21,72,0.03622295700475697,0.5365225328579957,3.4146686159148296,2.129424271555288
58,8,PI,22,73,1.718556136181677,1.041708230052008,3.9557626811118807,4.209007348638194
58,8,PI,22,74,1.407499947202659,1.490097320420035,12.802644119764574,4.056707410097138
58,8,PI,22,75,0.2206603566720653,0.7386571293986806,11.761204652004482,2.411613829159367
58,8,PI,23,76,1.6554551388317331,1.3527519415736982,0.8396695681070034,3.7561125751111843
58,8,PI,23,77,1.2851625588321576,1.1709475860218759,11.28697476633021,4.029483076187983
58,8,PI,23,78,-0.04926612190081059,1.1527978936478238,13.659207100450914,2.5386817521792304
58,8,PI,24,79,1.020518561929753,0.2757987186734754,4.387953909436797,2.900134752047556
58,8,PI,24,80,1.786271599836958,1.8001475268420384,14.87231481573945,3.475977701133367
58,8,PI,24,81,1.4147149209441299,1.2408791008951892,5.7687030096824605,4.24462832909883
58,8,PI,25,82,0.6441469468155216,1.552047264701951,5.94220998346839,3.418077452926638
58,8,PI,25,83,0.4317537560659268,-0.12303880033436454,1.6938417463802482,1.7475666335779603
58,8,PI,25,84,1.300206093851192,1.8330371916188963,13.43502102763145,3.316725387389228
59,9,PI,0,0,2.1521212752362064,-0.4961397681935562,9.047619102623376,2.032739485903135
59,9,PI,0,1,1.805644867872708,1.0062612036124783,13.730786427237122,3.939896854241996
59,9,PI,0,2,2.11529106699644,1.7138317016706681,0.3997894292794906,2.3241584758900062
59,9,PI,0,3,0.533995776483974,0.19730514442050828,0.9782478063542428,1.8199754323235795
59,9,PI,0,4,-1.0789754486111087,1.4071750293993994,14.749550362048346,2.5390012433629208
59,9,PI,0,5,1.8320870194378034,-0.3953877850760441,10.580300235137218,2.3869721008720877
59,9,PI,0,6,0.018039670541847963,1.0926196900651206,4.196928549004557,2.758854834968738
59,9,PI,0,7,1.8245422505812274,1.9570926141310183,14.793592000654296,2.8687387446482995
59,9,PI,0,8,2.199257412866577,1.6948351812437128,10.623395504633484,3.3893060146398497
59,9,PI,0,9,0.9721548303337322,1.731333728245772,1.346871967034834,3.36969697541259
59,9,PI,1,10,1.65008022088493,1.1633145162562735,13.051519547362734,4.113512967105611
59,9,PI,1,11,0.013462121549232986,1.0800715206930196,3.871523463422889,2.7552482805617373
59,9,PI,1,12,1.7854371955005872,-0.405264239345986,10.585746502747,2.401933824954484
59,9,PI,2,13,1.6332632440949282,1.4201644140395264,11.312293606917612,4.165604381445204
59,9,PI,2,14,1.105854909107205,1.7007992383212356,2.419459895701372,3.7625042798549
59,9,PI,2,15,1.7289709195614256,-0.3487675909839332,11.040909839316113,2.4521554219042176
59,9,PI,3,16,1.6969959550988687,1.5246594828402191,14.06746910858652,4.050683627734663
59,9,PI,3,17,0.8754810660106735,1.6226000042547613,2.2671669171134434,3.6759211811446892
59,9,PI,3,18,1.7950534053851,-0.2833642883684999,10.599469137682656,2.4827975697221687
59,9,PI,4,19,1.6625495286056902,0.8368626809631281,14.188976588619287,3.782749997753677
59,9,PI,4,20,1.452047434415738,1.6476177365266533,3.6956193465349196,4.072696464556145
59,9,PI,4,21,1.9162492671524625,-0.42703314473912446,10.655577233142056,2.3112258389126588
59,9,PI,5,22,1.9652269747142133,0.7197269287333006,13.437587333466467,3.4912524027511713
59,9,PI,5,23,1.4416374752252858,1.5869227712880827,5.5494855163737995,4.1044612658823985
59,9,PI,5,24,0.20819984147443438,1.2437218725480172,3.0288926659051185,3.0876028746446735
59,9,PI,6,25,0.5624172743276772,1.776077339827082,1.08550692367712,2.6054506870765755
59,9,PI,6,26,1.4381670408613636,1.6690405862090314,8.837488173362035,3.882280390295252
59,9,PI,6,27,2.002247921146357,0.4397402315791481,11.800804315331519,3.0907886216821163
59,9,PI,7,28,1.967891454793588,-0.09546767236034359,10.446948916488358,2.5247880030038776
59,9,PI,7,29,1.6644696659341998,1.697642944743703,8.016262332252339,3.871238329402675
59,9,PI,7,30,0.3014849341203416,1.2084261581147309,0.9503015676025142,2.691027296396464
59,9,PI,8,31,1.6779048425901122,0.49798956480902423,12.107612013178025,3.3462796703045044
59,9,PI,8,32,1.9632626662858867,1.8919672580182345,8.787539089157217,3.1271121299927627
59,9,PI,8,33,1.4772646696703444,1.7881224663962798,0.9141451296725399,3.2312744747096858
59,9,PI,9,34,1.3177470915736156,1.3899775619515786,10.49745321233125,4.097078233935351
59,9,PI,9,35,1.4659993712022463,-0.29982569971511563,10.431694631041681,2.4855073548802538
59,9,PI,9,36,1.226818956473207,1.47155784242225,1.2569026080043504,3.9453561789489235
59,9,PI,10,37,2.0285639649233946,1.0123555607553034,12.597665203886063,3.788497545806443
59,9,PI,10,38,0.44651096584103755,1.5117782321078712,5.480561133524439,3.2291716803806803
59,9,PI,10,39,1.4136841551150656,1.1611722388210843,1.7778024720723598,4.234182793375681
59,9,PI,11,40,1.8825679855628659,1.7108019497979088,6.221454909575883,3.804786234727501
59,9,PI,11,41,-0.05077296026523026,1.2034841043224351,5.85663093639507,2.7060846499015634
59,9,PI,11,42,1.8075336635461747,1.0069868469798013,13.403437730703084,3.9432145354957733
59,9,PI,12,43,1.3370220701043602,1.6733619546319232,12.984017539626999,3.7656669364415993
59,9,PI,12,44,0.17536363260830856,1.1677993727784517,4.091430159281766,2.9847381784644034
59,9,PI,12,45,1.529908172006469,-0.20018221217082788,11.963878769798127,2.556561096213395
59,9,PI,13,46,2.18053968623899,1.8526593332702492,10.705112518587951,2.9734155822077266
59,9,PI,13,47,1.3770000247003775,0.7411631130280125,13.609603325810488,3.6065955177970954
59,9,PI,13,48,0.48162680110985523,1.8273321174816615,3.4995081119514118,2.700187178316993
59,9,PI,14,49,0.23827381632287103,1.2879174465372882,3.619672350360427,3.118319739881314
59,9,PI,14,50,-1.0952469768962971,1.447769750626458,14.953506884125785,2.5382054939749965
59,9,PI,14,51,2.365957612599921,1.4958927902621442,12.701335809407029,3.3346129602669476
59,9,PI,15,52,2.0112145437819984,1.0530311301166515,13.880012011469198,3.830658838136004
59,9,PI,15,53,1.4887780744365906,1.2677516021364097,7.238536530500279,4.237148605062098
59,9,PI,15,54,0.6177670535107473,0.8216439285034629,1.0921286235602419,2.859290989232177
59,9,PI,16,55,1.2464075759748265,1.642283344195398,11.695497760811978,3.7839900333880574
59,9,PI,16,56,0.6421098109628951,0.33829115653353936,1.022892173095627,2.174625542371765
59,9,PI,16,57,2.074952338502543,0.9551303585921769,4.02209293217932,3.8664784789633915
59,9,PI,17,58,2.451002174018877,1.0665702655024418,4.044865522922366,3.2711647417658423
59,9,PI,17,59,1.3494328773805244,1.696038160666543,13.378771050770109,3.720439854792959
59,9,PI,17,60,1.3977537465671372,-0.21368736659024123,12.775981249601092,2.4936365649071814
59,9,PI,18,61,2.4037777532607856,1.645877884798713,7.203953983892141,3.1441896023184865
59,9,PI,18,62,1.6564572794333379,1.0662212070849457,11.88976602179039,4.056382690329468
59,9,PI,18,63,0.8242045361807024,0.658427582039915,2.302360824005846,3.2419334024532276
59,9,PI,19,64,1.9938561959866332,1.5848104735265571,8.410257460384027,3.8911161447909004
59,9,PI,19,65,1.4210809678318799,-0.06663798423273648,11.908508290156567,2.6410257370296777
59,9,PI,19,66,0.6158672624635042,1.1165717760396832,10.550946073622226,3.32921944094143
59,9,PI,20,67,2.2602885923297125,1.3824166018573534,4.626838344283668,3.782920448321875
59,9,PI,20,68,2.065900164191404,1.8196200503751245,11.874486109199877,3.226923268736929
59,9,PI,20,69,1.1542783286340383,1.0548617287936324,14.661842912123893,3.8104935542651064
59,9,PI,21,70,0.9656505668207358,0.0941319402819003,4.6387876771462295,2.622347494336035
59,9,PI,21,71,2.401778335676937,1.221421395976193,14.010224950739765,3.286073273276566
59,9,PI,21,72,0.8037170981441639,1.6360516971646044,13.890396361606477,3.3454464845153336
59,9,PI,22,73,-0.07023457000484923,0.9643989609375265,5.112673288274114,2.5214847419626807
59,9,PI,22,74,1.7017037307717593,0.7984989770432289,12.376119005972694,3.7480824986894397
59,9,PI,22,75,0.9150973051355802,1.8377154565959763,7.947306610834154,3.0513082115189487
59,9,PI,23,76,1.636453757127958,0.35877549861312175,6.490240520418754,3.2676256293859307
59,9,PI,23,77,-0.21513775655225242,0.9486554425839175,4.105826455210377,2.418055914079184
59,9,PI,23,78,0.2478843578065435,0.7816601315487106,10.669024576002093,2.515792330213976
59,9,PI,24,79,0.7357772836267658,0.538696152342907,14.233738532091206,2.741536983734756
59,9,PI,24,80,-0.11809543038584658,0.9793822845103644,7.181653188414078,2.434295710110656
59,9,PI,24,81,2.430197527150513,0.6409648046156189,5.505345448161175,2.7663712199690824
59,9,PI,25,82,1.4324350944729338,1.7440338494491394,7.097164573226235,3.748603478052051
59,9,PI,25,83,0.9254237139584776,0.7483935998887596,8.022966212951692,3.335799966096768
59,9,PI,25,84,0.524193766137887,1.336797224246221,0.5924241577186368,2.4587612766686737
60,10,PI,0,0,2.472578388883481,-0.7731136647229859,12.426844834232687,1.1518024544923837
60,10,PI,0,1,-0.5421327060424903,0.29481615752797685,2.0396581407035788,1.4126231454877674
60,10,PI,0,2,1.474929324942087,1.4461170350929762,6.383209452077245,4.228476437661166
60,10,PI,0,3,2.4760324749052294,1.3886651723467942,5.0738914717611685,3.2818741747031615
60,10,PI,0,4,1.0516171676686472,1.1365565264796693,12.406731951434907,3.8072214151740154
60,10,PI,0,5,2.3882595655723597,-0.9925185677232045,11.183957585448018,1.1978351301816406
60,10,PI,0,6,-0.579243841115948,1.672850646395244,3.392490390684237,2.201007377732238
60,10,PI,0,7,2.0885569453972503,-0.4278874706375666,14.54748569272662,2.090129566645263
60,10,PI,0,8,0.8351464562862418,-0.3713390443187854,4.2372203239530295,2.0885983346899577
60,10,PI,0,9,1.1641174893781292,-0.33182440148231596,10.180052953848636,2.2920504057764193
60,10,PI,1,10,0.7315614112413249,1.5498100623617979,10.079694825590066,3.434743147858362
60,10,PI,1,11,1.785678276394715,-0.36622978456142086,4.859384875992829,2.5628606881883274
60,10,PI,1,12,2.5203359326519865,1.293817596510345,14.038914592759562,2.9972236026473595
60,10,PI,2,13,2.387019874729629,1.0247510339396957,4.290731641336319,3.3806016126195932
60,10,PI,2,14,1.231345002383438,1.6882870335676126,12.97585132619832,3.667883375389541
60,10,PI,2,15,1.2057213893378345,0.08536913663232903,12.082799189010224,2.6663555625542266
60,10,PI,3,16,1.2169194736351838,1.7092968887655409,8.358659119852504,3.68192738336848
60,10,PI,3,17,2.3170688891342848,0.685303115372554,3.5143903285790565,3.149765346476998
60,10,PI,3,18,2.0926907690919108,0.029685773198738108,9.9132757611801,2.517971960400925
60,10,PI,4,19,1.1320220861120474,0.21150303378045998,5.070867525089785,2.8999306847920643
60,10,PI,4,20,1.5125404811845313,1.5599818184840495,11.276850343419234,4.038864650696732
60,10,PI,4,21,1.2842053951756713,-0.2528628522914904,12.595867989366708,2.403698609572444
60,10,PI,5,22,1.2850102291183938,0.48329097690041745,2.0177001926859637,3.4058725272619577
60,10,PI,5,23,2.0041428879490866,-0.5672846813014834,4.833746089754501,2.282259154905448
60,10,PI,5,24,1.8129862886267456,0.26641773048230855,11.528931558820528,3.0069392654891858
60,10,PI,6,25,1.5670620489201696,0.430575175062589,4.826666774467089,3.4124531157132365
60,10,PI,6,26,2.214575794165713,1.7334431021012744,1.7008552674269943,3.3915401955621305
60,10,PI,6,27,0.7019724634746376,1.2988819552582487,13.979745533472624,3.471556631808423
60,10,PI,7,28,2.1278093326044467,1.754663674986193,2.6754974702236725,3.549190445085868
60,10,PI,7,29,0.6967540443636204,0.4702029351330035,2.9945409403477243,2.837600213421073
60,10,PI,7,30,0.6777509218949656,1.8454437435960314,11.614201137118837,2.6873764531625657
60,10,PI,8,31,2.227695396570206,0.67251276104371,6.077337864991393,3.2171729814646364
60,10,PI,8,32,0.3677292784831552,0.2691151665038012,1.4596521288249802,2.0185470876667626
60,10,PI,8,33,2.007560901335091,0.2517055536250492,12.531388046878925,2.831611363912492
60,10,PI,9,34,2.419340910208568,1.614916380167243,12.577853250520118,3.067172077527296
60,10,PI,9,35,1.7918391779588232,-0.30789413314783887,0.8560790922102017,2.0507673823622765
60,10,PI,9,36,0.9080055893318328,0.07684260816235589,6.946255205045484,2.472331495736837
60,10,PI,10,37,0.8110609867571681,1.61363728205191,7.829240269474935,3.483323573618862
60,10,PI,10,38,1.978510245665562,0.16658126870854728,12.079125222267427,2.763473732753358
60,10,PI,10,39,2.0286952379752643,1.7688562389007716,4.025493793974747,3.602589985070239
60,10,PI,11,40,0.9611709907748867,1.3008804465007304,3.162453132469218,3.9973395291071467
60,10,PI,11,41,0.9254862275374318,1.4790026960037448,13.90263130508416,3.674438945762037
60,10,PI,11,42,1.30951374246973,0.4092937590340555,7.961538663486709,3.2021192134306395
60,10,PI,12,43,1.5407414181559345,1.676729442235763,1.8127962042435568,4.003318639746968
60,10,PI,12,44,1.3187694781938846,0.06558705770983209,12.499872394564642,2.715486147526036
60,10,PI,12,45,0.5526182282105754,0.6068309340704654,3.6064797629200456,2.8332521629406893
60,10,PI,13,46,1.900069546978386,-0.221536001176601,1.0344927334708574,2.254341917571857
60,10,PI,13,47,1.2025868431402706,1.934015664973665,2.998590928510401,3.094777995719898
60,10,PI,13,48,0.8869054978184103,0.11346968494340026,6.143164778269107,2.5113307944270495
60,10,PI,14,49,1.4647614591184634,0.7020332726001701,6.662077571571908,3.70700722963942
60,10,PI,14,50,0.6934428784781237,1.723955942715563,8.133032974817006,3.1184189714001143
60,10,PI,14,51,2.319895264454657,0.32432170659424275,14.139706919327656,2.429216590464475
60,10,PI,15,52,1.3426202766663748,0.7199852066866441,12.669424660725497,3.571095931596198
60,10,PI,15,53,2.420520744361305,1.7947488813068793,13.187742308572462,2.6501882583436576
60,10,PI,15,54,2.48856425787295,0.4882241644892571,7.717867287178507,2.344199724883082
60,10,PI,16,55,2.4406362484844135,0.23568805420764583,3.6212769705867505,2.2623119193843255
60,10,PI,16,56,0.7497579597651445,1.568696544942184,4.617320060286697,3.5683501029430635
60,10,PI,16,57,0.9098038011588141,0.12649943630137495,8.534448391440414,2.492689785309391
60,10,PI,17,58,2.4926293572900837,1.4140953613565381,11.654496765581316,3.0856413335951087
60,10,PI,17,59,0.7633707780204149,0.3401883649963384,7.982706778991861,2.5983797861728144
60,10,PI,17,60,1.8238904330903267,1.835659575546897,6.500979842660638,3.480285377345977
60,10,PI,18,61,1.083104883795082,0.6247056404336413,2.8137592990547047,3.4722444799518994
60,10,PI,18,62,1.2537405123349896,-0.5156919535328034,9.196623490065265,2.2552258887804837
60,10,PI,18,63,2.1961108304577035,1.2136925629654214,7.7578137102831555,3.7870030269216706
60,10,PI,19,64,1.219785632747798,1.3386313752875236,7.965361053015848,4.088201189448604
60,10,PI,19,65,2.0902950919935437,1.9270722679226808,11.845021282641028,2.798778748902376
60,10,PI,19,66,1.3083859067132528,0.33519219312575266,1.2076603749819346,2.975045675983344
60,10,PI,20,67,0.603276945240343,0.488357550451461,12.901449481668601,2.52467863752128
60,10,PI,20,68,1.9302088728326678,1.7182914087362988,11.023096084088149,3.654378055597185
60,10,PI,20,69,1.3370537639304163,0.6931952866548432,6.699651260057087,3.6381894099568393
60,10,PI,21,70,0.6917004795237316,1.0730529119495444,8.450778132174758,3.425235930877069
60,10,PI,21,71,2.004643682483791,1.193313764331442,10.541176839965264,3.97739441096303
60,10,PI,21,72,2.174494659678604,-0.37102716957778026,3.9227742455367287,2.2212974542814905
60,10,PI,22,73,1.17984392781058,1.2534096242806174,12.82899139818786,3.970350880648084
60,10,PI,22,74,1.3404183223656436,-0.7170348483961839,8.238927586008534,2.2016492722272276
60,10,PI,22,75,-0.1933500602807502,1.1368670592017036,2.8891167565848375,2.6369545316736263
60,10,PI,23,76,1.8176580054768356,-0.5317252916656092,4.2992985609882135,2.4613460505335296
60,10,PI,23,77,0.3524416520280784,1.143235807187856,13.455577627371616,2.982736942345337
60,10,PI,23,78,-0.20702715927446735,1.7406977316994556,3.578627689455607,2.2058061360203567
60,10,PI,24,79,2.5082580818560856,0.7824070712167317,13.200543632802647,2.6045001309929203
60,10,PI,24,80,1.5796538066607324,-0.2006880818247243,9.451413002255013,2.6007145472474473
60,10,PI,24,81,1.388436735714068,1.9236745305176002,13.76473235599445,3.020441203146226
60,10,PI,25,82,0.5427542993373025,1.5554392247785227,9.870158409793014,3.1995951735442603
60,10,PI,25,83,1.6462539528435962,-0.6069469203256619,6.777044839335732,2.3837001802600835
60,10,PI,25,84,2.3891347475004094,0.9588450786289977,0.46337448173316975,2.094770015224272
61,11,PI,0,0,-0.6195331522515011,0.2474725185404023,9.022873865992738,1.2048841752296109
61,11,PI,0,1,-0.9927891757140433,-0.9822587039789042,13.923237133382582,0.3018528190554698
61,11,PI,0,2,-0.8368383069117665,-1.045791177102457,14.224978470923334,0.11586877006362428
61,11,PI,0,3,1.2239789862800827,-0.20852406694573156,7.671338937027137,2.4787718101682117
61,11,PI,0,4,1.3770441135552787,-0.5364191448360474,2.070383124931463,2.4627103696265586
61,11,PI,0,5,1.8449039646614174,0.846262044358693,7.686222319933924,3.8335801296151546
61,11,PI,0,6,1.952144061218612,0.4217634410450921,14.713723675820285,3.0810872558472484
61,11,PI,0,7,-0.3357481430096223,0.4380562700282973,7.254886829153893,1.5721262420198152
61,11,PI,0,8,0.22018813336089438,0.5705835638216521,3.5302831737820406,2.377207065959067
61,11,PI,0,9,1.8978314292801928,1.5356674314484513,1.9322663087465377,4.150840781678124
61,11,PI,1,10,1.2586991204640272,0.9774196248957034,7.575534934134725,3.9194826710850603
61,11,PI,1,11,1.2788627474704564,0.2107930375656073,1.5635374984005455,2.9628394223287824
61,11,PI,1,12,1.7294382843454041,0.8860474741414621,14.590446722706718,3.8268551227646554
61,11,PI,2,13,1.9377316986275113,0.23541993940461636,6.257303678275928,2.9927491816332146
61,11,PI,2,14,0.9879288085960964,1.4840822278491435,10.925226803560951,3.771758496000914
61,11,PI,2,15,1.5433746931912928,0.2302873546494204,13.64654970809431,2.9761156278030825
61,11,PI,3,16,0.9657823097619662,0.8036373725419561,4.201311483599979,3.5614296371795096
61,11,PI,3,17,1.9061981416921063,0.2827870839400344,9.30517850735716,3.006268925455312
61,11,PI,3,18,2.308088245337828,1.3289620821799013,7.003157661281144,3.6257279441014614
61,11,PI,4,19,1.895252877101246,1.2311362632003453,14.137359371956427,4.042721402523156
61,11,PI,4,20,1.5437354315745777,-0.1321971954415222,2.259163529437048,2.819863376873537
61,11,PI,4,21,2.0974597417285343,0.13810956498419502,10.861707618738405,2.6144529918892756
61,11,PI,5,22,0.5477998807711304,0.7176045314955393,12.399418798330371,2.7769630017156617
61,11,PI,5,23,1.2789133224708173,1.7165195051873372,10.068373909254138,3.6766236812393664
61,11,PI,5,24,2.512123222612951,1.5197538460121969,5.3779068074664576,3.0912611135465804
61,11,PI,6,25,0.284231395885028,1.2902109466922633,7.272639369942449,3.0604073324733103
61,11,PI,6,26,1.916953520604309,0.23743902164087638,6.486135408792884,3.0051573923916868
61,11,PI,6,27,1.266809742401057,0.9134292265924895,1.8145814833897747,3.9368242700851317
61,11,PI,7,28,1.40663669966009,1.5121252418437319,9.600826501181857,4.082207818948072
61,11,PI,7,29,2.3137880244288347,1.441803834256194,1.0877402742274613,3.3427905666862974
61,11,PI,7,30,2.220244942561289,0.2545007175993561,3.09955379658602,2.7630799608473353
61,11,PI,8,31,1.1565656971696403,0.7175981042721125,6.883189318816527,3.541949445746493
61,11,PI,8,32,0.9628741561373739,0.031136212409969666,12.909853632940852,2.3796255518138896
61,11,PI,8,33,2.4459982048575455,1.4545989273479223,1.8422208751973728,3.34597042691355
61,11,PI,9,34,1.617711732238218,1.3145186628585184,4.301210306200666,4.350865581636551
61,11,PI,9,35,0.8049754400632361,1.5489769564114164,13.151158068941363,3.480967060816223
61,11,PI,9,36,2.3654121814825464,1.6728581146302335,12.207511808257065,3.093092665773785
61,11,PI,10,37,2.449653031082684,0.6004325855804113,9.174553884660668,2.5715579903195476
61,11,PI,10,38,0.9228165882154968,1.5295032762707188,2.3853569521435984,3.857401506115793
61,11,PI,10,39,1.3333241262045594,-0.2924111544230019,9.646536217769086,2.4454714587163826
61,11,PI,11,40,1.4420009863020269,0.4090154168468749,10.345395540865832,3.221258587108685
61,11,PI,11,41,1.3290457156234847,1.034869042177966,0.8040211308745435,3.475700777343101
61,11,PI,11,42,1.0436810296462093,-0.12048693381707176,2.5612599648209327,2.5397740785483074
61,11,PI,12,43,1.6247236089523964,0.47113869167114886,9.69895051032868,3.3487503246099903
61,11,PI,12,44,0.8496131982192952,0.06374960102858407,2.729120418928713,2.51654663731393
61,11,PI,12,45,2.385215076593751,1.6602873192610135,10.511831938342493,3.0962103094171476
61,11,PI,13,46,1.937761739839539,1.0040429008017462,5.3147524110689695,4.013183901533415
61,11,PI,13,47,0.9118437960088439,1.4631616873614197,0.5022146908756041,2.716390906668602
61,11,PI,13,48,1.514421372378787,-0.042954842987332764,1.3217459144369308,2.696336446972462
61,11,PI,14,49,2.5300667907676497,0.9956263180159772,6.793785904541343,2.903583266969146
61,11,PI,14,50,1.967507741440106,0.9790005647934117,0.30662057180237257,2.6139873925272137
61,11,PI,14,51,0.6080659283364447,1.040070629231253,3.3347755777484407,3.4413957766861945
61,11,PI,15,52,2.055416340329626,1.3987776317262872,9.740754806021306,3.9565236941110515
61,11,PI,15,53,1.56278834925059,1.1603808835263711,0.8831418952686185,3.760779079689041
61,11,PI,15,54,1.229835903813676,-0.05606825214351785,12.126561644595316,2.540026746191003
61,11,PI,16,55,0.7623855621406941,0.3549617543765795,4.668251560427703,2.7103317591555554
61,11,PI,16,56,2.1259767472708977,0.07896212067621389,9.45370076751544,2.5331844387246907
61,11,PI,16,57,0.9144562737555328,0.10619692577012341,12.15616666030509,2.417589911490772
61,11,PI,17,58,0.8982792040056029,0.6678688772432966,5.565640930568983,3.262563141518836
61,11,PI,17,59,1.4331644346908607,0.19752066497764842,13.118386201512005,2.9123585914135353
61,11,PI,17,60,1.3162406953371542,1.4297789058944002,10.546267741962417,4.079805474799393
61,11,PI,18,61,0.3458209263178038,0.8201160939649652,2.7854324044568095,2.8796601719548915
61,11,PI,18,62,1.5301857097310565,1.7586498004690974,9.458741388842338,3.688411977138247
61,11,PI,18,63,2.1292812364359364,0.15698436183138398,10.11865421088393,2.604411220479517
61,11,PI,19,64,1.2856599288893,0.9762457722462519,13.204987604650977,3.845279044448204
61,11,PI,19,65,1.189656476336637,-0.27246181733264296,1.3464650941291179,2.346586272091265
61,11,PI,19,66,0.5173736808091958,1.286120514375154,6.160498468748787,3.377508652533692
61,11,PI,20,67,0.9334351715366891,1.3010306863531493,9.502247428804631,3.796437565535136
61,11,PI,20,68,1.7303727807513885,-0.11603637487538765,2.373370941358753,2.8304160356513166
61,11,PI,20,69,1.337537600527447,1.3415558742326423,0.745893201864456,3.5410621355186684
61,11,PI,21,70,1.580703055637958,-0.4828961683298003,2.197779373025733,2.564475355765465
61,11,PI,21,71,2.1792978275968897,0.8525770849167453,6.077594404087249,3.533540729587494
61,11,PI,21,72,0.4997706145518013,0.7081570513541413,10.498088402272733,2.730100602656837
61,11,PI,22,73,0.8861869989234108,1.681430054020368,1.1653785364363858,3.283967958911166
61,11,PI,22,74,0.25856974452572623,0.8151385689176887,3.279543613218719,2.75964873079019
61,11,PI,22,75,1.3838227230140805,0.039462552203557655,1.5599344569281657,2.828037095918389
61,11,PI,23,76,1.5052527904912063,0.8516430215082806,2.765759352298896,4.0286520905477285
61,11,PI,23,77,2.0284786724444968,0.2336368686600585,12.240516452343382,2.7908838758445507
61,11,PI,23,78,1.3322538510037352,-0.3169646470307659,0.8953874011501983,2.0461454770618714
61,11,PI,24,79,0.8532214719884781,0.8167158528616447,4.456641982195002,3.4475539947107254
61,11,PI,24,80,1.682761810657785,-0.016764486512462096,12.557640112595847,2.7168625337955588
61,11,PI,24,81,2.1869949358880363,1.179145084683888,8.56991254048579,3.767645150584622
61,11,PI,25,82,1.9688343055797048,0.7827757680771805,14.068198211374217,3.565090881769449
61,11,PI,25,83,0.48674929652681165,1.3510127757245667,10.632638834930855,3.246510487668945
61,11,PI,25,84,1.477726174838487,1.2041192246957233,5.047458235440919,4.27559225240665
62,12,PI,0,0,-0.16266900004873697,1.8136353000079861,2.84061644771188,2.0496068522249082
62,12,PI,0,1,-0.42998799926753206,-0.27538765791414876,3.458888157601999,0.8816188997973555
62,12,PI,0,2,1.4054557407418962,-1.0972221625679337,13.444744296196502,1.8233127847680466
62,12,PI,0,3,2.1068336377065675,-1.4901053873468297,8.122450959620195,0.8907008857233618
62,12,PI,0,4,-0.7006967889732838,-0.5971576443365341,6.254023713455908,0.5494303199234877
62,12,PI,0,5,0.5951634473656942,0.13851306830365218,13.912822996384023,2.0583407798906546
62,12,PI,0,6,-0.1329724388294239,-0.8423842622541172,10.057986600343447,0.5211647079310249
62,12,PI,0,7,2.4375140944263407,1.72983806405313,13.203869748852181,2.7840997575435598
62,12,PI,0,8,-0.8595027643334516,1.778436437251968,9.738956295448075,1.8437758310573602
62,12,PI,0,9,2.157004194728032,-0.07165536180405496,3.2916296276905648,2.505086172880276
62,12,PI,1,10,0.09665738401908874,-0.06749174511819467,14.512743833251909,1.2382120273867134
62,12,PI,1,11,0.9793563517300257,1.812429843938927,8.87122367815757,3.1820189598246102
62,12,PI,1,12,1.4144788230559948,-0.0701373443098885,6.1787332798580366,2.7466063245027765
62,12,PI,2,13,1.0372122768915446,1.9296573231136733,1.2947564635564808,2.7491681157793044
62,12,PI,2,14,2.462566848840569,1.6560037610631437,13.286144047178984,2.8788202271491117
62,12,PI,2,15,1.005826335552634,0.9166719492147717,7.058849185437219,3.651746805868957
62,12,PI,3,16,1.5900199109596684,1.1026482166504805,2.080184480906334,4.2772273415226945
62,12,PI,3,17,1.007322755883461,1.4354658302617165,10.755759519699762,3.8253703359252587
62,12,PI,3,18,2.426816752452099,1.7590304794717015,14.935132217483599,2.718415949586863
62,12,PI,4,19,2.4883794718531096,1.5370572050213624,5.4519349020255605,3.1361727243862143
62,12,PI,4,20,0.9679333920170676,0.2308353080652088,6.805685888273306,2.7163621303415426
62,12,PI,4,21,1.634799661824367,0.4009211240902977,0.47220184306369106,2.1936643133562286
62,12,PI,5,22,1.3631794971503557,1.2919370910632706,9.500397929220235,4.14534803033215
62,12,PI,5,23,2.5638905327331414,1.4184587397269315,4.1443570447042655,3.054374812970989
62,12,PI,5,24,1.0270403847008942,0.7855752345647962,1.5807903877324188,3.528263706643508
62,12,PI,6,25,1.0337106231415718,1.4983003574221243,13.445344075781465,3.7738651452907224
62,12,PI,6,26,0.9546890207538117,1.9355185279317269,5.355568879351009,2.788423608036565
62,12,PI,6,27,2.4207683457593294,1.59937359659558,9.27758760511092,3.1360835048669453
62,12,PI,7,28,1.3626893656128454,1.114537636639846,2.697380981903108,4.2422061756537355
62,12,PI,7,29,1.0916788538739257,1.7785738329322927,13.354191420272537,3.326664214330224
62,12,PI,7,30,1.5366338306071934,-0.12129136119685091,10.698896910337568,2.641796681859584
62,12,PI,8,31,1.1761573205918396,0.6993231099270547,9.591286241973673,3.4753619393954143
62,12,PI,8,32,2.3332356311818327,1.153979842753424,4.053858086102398,3.6100415090173748
62,12,PI,8,33,0.8370181429820183,1.9958018056703208,2.491703565391139,2.4552764260814666
62,12,PI,9,34,1.7048711895809108,-0.1453937527454383,14.100855970426869,2.577872649678627
62,12,PI,9,35,2.107525861404593,1.6778355248098151,0.569897581958104,2.6850273584288376
62,12,PI,9,36,1.5925893239891575,-0.22774740009570982,3.366328001911354,2.7459819816666484
62,12,PI,10,37,1.4242413574311699,0.3048225924456949,0.9940981385835,2.8186517224956176
62,12,PI,10,38,1.4295811162359682,0.860221063911708,11.612864754621665,3.8059750391041423
62,12,PI,10,39,2.454006010411232,1.7140205908649588,1.4527518798588412,2.857276789732396
62,12,PI,11,40,1.3614311108321688,-0.12270072797674558,12.707410212568224,2.5532840386021256
62,12,PI,11,41,2.3799790044631033,1.486425560308811,13.255797023574582,3.30448739068573
62,12,PI,11,42,0.9946526367832713,0.6277090506847975,5.222805681276695,3.319531401906779
62,12,PI,12,43,0.8391837465195315,0.18609357767881862,11.078212842430625,2.439872148047221
62,12,PI,12,44,2.4004500303881495,1.1282204149100856,0.980463352245956,3.0106198764961922
62,12,PI,12,45,1.07193209854998,0.9859385624809391,4.538867322710018,3.8671580580109324
62,12,PI,13,46,0.9612349544458159,0.8879858085942591,2.6186133316741618,3.698262151564588
62,12,PI,13,47,0.8935398863019812,1.1351613404817398,12.858672518220631,3.639003114194865
62,12,PI,13,48,2.1545337971911325,1.5765029745116297,6.786141166144152,3.7426879065833063
62,12,PI,14,49,2.2947440460347295,1.0596179449331755,8.379679191898678,3.494359019410406
62,12,PI,14,50,0.8786739373765671,0.46973679442131044,8.206960400689995,2.8988497182815873
62,12,PI,14,51,1.3686340000915895,0.7895842970404634,1.285898509917546,3.6707725355944145
62,12,PI,15,52,1.2308199971461962,0.03088226821040685,8.688779485521316,2.6806319260515856
62,12,PI,15,53,1.786984756365272,1.4238471770319814,4.601812044083234,4.284840726551042
62,12,PI,15,54,1.6888032862734352,1.429260461167439,14.952486361217968,4.115013981539415
62,12,PI,16,55,1.8211355338823534,1.0836147559122749,12.727904592313346,4.013374576952664
62,12,PI,16,56,1.6113015625600133,0.34852461621844677,1.8360092782279505,3.312813574656297
62,12,PI,16,57,1.0368961482001215,1.9558395329272096,5.814598690763613,2.766689722846519
62,12,PI,17,58,0.7257973871233183,0.3635640282681327,6.154376375529998,2.630508779413512
62,12,PI,17,59,1.7201045717358348,1.6160617534008432,5.481600207115444,4.08367683258167
62,12,PI,17,60,1.3300766002602562,-0.09032963568810515,12.489330597481686,2.568061025713218
62,12,PI,18,61,0.8217096139234101,0.89810925981006,8.509577491983448,3.3992391743452837
62,12,PI,18,62,1.7555337429896314,0.039234438065442134,9.84291259054898,2.794556828010235
62,12,PI,18,63,1.9133823273749457,1.7227891069301564,12.41908693875305,3.638335498126512
62,12,PI,19,64,2.5539370184294983,1.152449206926851,5.336931514199374,3.0065954559687507
62,12,PI,19,65,1.8241577130373372,1.4318687852725516,11.725851434333224,4.104332165658248
62,12,PI,19,66,0.8840147633291584,1.6342989696735661,2.007035213751787,3.64573981968201
62,12,PI,20,67,1.7474816694697908,0.6115611493028767,11.789348333909164,3.4919470109175954
62,12,PI,20,68,0.6958945534726566,1.1606823021841133,3.529477966558806,3.6357359334931436
62,12,PI,20,69,1.7477336404767065,-0.12582128567092066,4.373732196381756,2.7787987092162556
62,12,PI,21,70,0.5502028490981474,1.622342833001329,8.754888589548429,3.1337603386601955
62,12,PI,21,71,2.1216462121299196,0.7245586708877747,5.839722100866611,3.4598523555335188
62,12,PI,21,72,1.1701842997435188,0.31985069052881454,13.557104947276045,2.901136289413966
62,12,PI,22,73,0.5929546506313685,0.244469855643475,5.926226447108219,2.322923562357782
62,12,PI,22,74,2.530948749914162,1.5184268828200609,12.734301901655025,2.8930550675691404
62,12,PI,22,75,0.6477518525088446,1.8084689855265217,2.1332866569565465,2.96296889844108
62,12,PI,23,76,1.2275173360418608,0.9766492103853777,0.5335036372409072,2.898489390092402
62,12,PI,23,77,0.8116897263222287,0.4790975865256786,10.054351096455825,2.8015826222349
62,12,PI,23,78,2.3459034246702912,1.7242502577296492,2.4942474458224093,3.237776999868416
62,12,PI,24,79,0.24338029588886267,1.670409688038379,4.814034065256529,2.7733733763393764
62,12,PI,24,80,1.130973680002977,1.4016858503247254,14.619692768948184,3.9087141897272146
62,12,PI,24,81,1.9802554548814135,0.6232113967163366,4.042466532294747,3.54495111089857
62,12,PI,25,82,2.0369637539468632,1.8968412207132364,12.60420058044364,2.9764164903078916
62,12,PI,25,83,1.303773799827907,0.9835334154365776,2.4077741691979178,4.088657330403364
62,12,PI,25,84,0.8609024508403449,1.7996804986062744,8.6594188415832,3.0984657820859125
63,13,PI,0,0,2.131748582680984,1.4935588022622066,12.165539958366347,3.7676746364093363
63,13,PI,0,1,-0.12297494738662706,-1.2298018979855252,14.197040240910503,0.04523611932395344
63,13,PI,0,2,1.1937395494430194,-1.490792362307951,13.656197263809501,0.9357980483608388
63,13,PI,0,3,2.5802105869627447,-0.4979618854184036,12.205103184461654,1.021203158399827
63,13,PI,0,4,-0.7920415137155512,0.03398016556197492,12.265738917397368,0.9485623160742864
63,13,PI,0,5,0.4274364642616839,0.3121239751544198,1.7564812122425197,2.2293173362159475
63,13,PI,0,6,1.941942362437668,0.24253592916379274,3.7249396441051923,3.0808701768556968
63,13,PI,0,7,1.8024761649752454,1.927299012163469,8.075610167910273,3.1052942392047873
63,13,PI,0,8,1.6547303819338683,1.9746624109692692,0.45288231813348423,1.8106312826020137
63,13,PI,0,9,1.1383794868946242,1.885533472270553,1.7609312710759095,3.176776273195227
63,13,PI,1,10,1.9454413199733418,1.9184637741420474,12.679443066108066,2.9774676629207124
63,13,PI,1,11,1.2919419718825988,0.3122369170853645,3.6295156002693654,3.1927309471969734
63,13,PI,1,12,-0.6907771733594221,1.903821639568224,5.011140369210557,1.468811210483791
63,13,PI,2,13,2.49381444301187,1.838708815531028,12.661285096557688,2.32720738405531
63,13,PI,2,14,0.16369863004924712,0.4795277530074282,3.4737731524372917,2.18805455682091
63,13,PI,2,15,-0.20012749200903523,1.9927203373529547,7.985278209536974,1.155839324597897
63,13,PI,3,16,1.7217270042424975,1.8984054976387252,5.875781219178483,3.307632451955852
63,13,PI,3,17,0.5599075929371509,0.3145079205758108,1.9617241373071677,2.4295186826797375
63,13,PI,3,18,2.287978298108551,1.496401064705339,12.795689776997481,3.495929628805662
63,13,PI,4,19,1.7861536171745587,1.9647701871295418,6.978632711706293,2.9722687277108912
63,13,PI,4,20,1.7568310443516153,0.25115849184254113,2.5682895818948976,3.2180814623290006
63,13,PI,4,21,2.038490186374713,1.9220933259364217,14.693798369364496,2.8503783820244695
63,13,PI,5,22,1.531271042618541,1.5450237132608633,4.564089946900486,4.215494323527198
63,13,PI,5,23,2.395875563948843,1.7581805014226117,11.476508003785602,2.8335364347542207
63,13,PI,5,24,0.09043527123117023,0.5247704008637282,3.2897875610735867,2.1739452733344833
63,13,PI,6,25,0.7997599173253656,0.39563401581800695,2.613539005034522,2.861073557593095
63,13,PI,6,26,1.6034745668739916,1.283583014685441,8.136840651167894,4.237410802981141
63,13,PI,6,27,1.2136368939070081,1.9270923927806733,0.7071880231953912,2.302985062469457
63,13,PI,7,28,2.196910815402218,1.5807144491886334,14.44668121118352,3.5479746998640653
63,13,PI,7,29,1.7439486081766393,1.3582831659440258,6.733026754322155,4.253858451296045
63,13,PI,7,30,1.0075980217487275,0.35960026340299667,1.9687557942608034,3.004997644062901
63,13,PI,8,31,1.2764454261730473,0.5406250209265964,1.17686220474669,3.2116748559015926
63,13,PI,8,32,1.1369105423777741,1.5396980343230444,7.3494375707709105,3.925160731504521
63,13,PI,8,33,2.0597185870279278,1.8319788398321109,14.095123321157812,3.168803016075331
63,13,PI,9,34,1.8800871876136447,1.93397027328994,14.701881020996012,2.9396051123429254
63,13,PI,9,35,0.6984984254233846,1.2549065351285482,4.26624306087972,3.6561769054231728
63,13,PI,9,36,1.9356356904294945,0.538505566111847,5.714537939944416,3.4106926173340253
63,13,PI,10,37,1.5659477561058268,1.1101649811293899,11.346642195609821,4.09740054968071
63,13,PI,10,38,1.1268411970297052,0.3458227549737247,2.569751124417763,3.130624076023369
63,13,PI,10,39,1.4965323617102992,1.9388916177941362,3.1378194289638968,3.2242765204011548
63,13,PI,11,40,1.8000689746939744,1.54813186298398,11.206846401177069,4.027042655514852
63,13,PI,11,41,1.1465499097098881,1.3122515546354663,3.134422908460486,4.173128064341282
63,13,PI,11,42,1.844036285447448,0.13261395157421885,1.2569366896114504,2.7949376311673992
63,13,PI,12,43,2.3775985494735603,1.5149643183249157,8.05073267669255,3.365284209383309
63,13,PI,12,44,1.1949874673208796,1.2256987313621286,12.85633822404199,3.97253384416074
63,13,PI,12,45,1.0725698129470245,1.302986552685403,3.3465653755336824,4.1024285298451355
63,13,PI,13,46,2.154731662254067,0.8106188685294562,9.280371008350645,3.4440113085619166
63,13,PI,13,47,1.4585749838667068,1.945910269177685,2.0653474188542176,3.1633590637524795
63,13,PI,13,48,1.283295283301848,1.7328312788192504,12.067735770608538,3.61160013845781
63,13,PI,14,49,0.8976828292746304,0.3634193377293542,2.1746697848025467,2.9139448566182087
63,13,PI,14,50,2.2670274278453144,1.9571828309223145,8.120659497276666,2.4513868111682884
63,13,PI,14,51,1.2179036213073808,1.7500152961323225,14.080984071721442,3.500491841761861
63,13,PI,15,52,1.0625436003390218,0.6609807322665846,4.154419466863103,3.4677816798678176
63,13,PI,15,53,1.8041600352552853,1.7441733772371486,8.795277672094155,3.7061741310449654
63,13,PI,15,54,1.8187233935958966,1.6523655756237536,0.7831736087476041,3.3531085848728135
63,13,PI,16,55,0.01844485727825007,0.5796358368794361,4.132325732166095,2.1476815261655475
63,13,PI,16,56,1.31216607195219,0.6626029177424697,3.844191594647762,3.673375875160354
63,13,PI,16,57,2.477565174245703,1.6075629784832612,11.863418567022174,2.939275976679731
63,13,PI,17,58,0.6661689407944602,1.6298876850778563,13.465340697123551,3.1963772979774454
63,13,PI,17,59,2.032214398193616,0.5307993060087988,6.362881213795448,3.288908659572749
63,13,PI,17,60,1.8142298072131893,1.7603678026312775,3.4765030505727417,3.8095604195602255
63,13,PI,18,61,1.5311086741883035,1.5925621111391468,2.5077689188034893,4.2021891403861025
63,13,PI,18,62,1.0325867328077898,0.8985657888094822,13.093322266301351,3.555071942045867
63,13,PI,18,63,0.24088876527363667,0.5528459384211795,4.504932162819725,2.3442606488933384
63,13,PI,19,64,1.6898057637744786,1.1477288631271159,8.009289242982264,4.178344368012805
63,13,PI,19,65,0.6804539289624527,0.8605091846608812,2.8735079175265716,3.3444912995933054
63,13,PI,19,66,2.06806763571909,1.8724846465570697,14.343271299856537,3.0144761506897018
63,13,PI,20,67,1.4931827592612401,0.697204808332772,1.8305714942568587,3.7708076440612612
63,13,PI,20,68,1.8068538598532484,1.8345795695067926,8.374984744987938,3.447254092094215
63,13,PI,20,69,0.2725942042250957,1.1169612838434717,5.025520689620111,3.033502947247537
63,13,PI,21,70,1.6533931511709077,1.6607004800481748,2.957576238641044,4.0946207013865035
63,13,PI,21,71,2.307056568888652,1.679871481967155,9.262053337418866,3.2468459716764606
63,13,PI,21,72,0.5666443467897779,1.5105117127754362,11.612273907295945,3.2515094693514865
63,13,PI,22,73,0.8746782947907696,1.2960630758479597,10.958562822828208,3.7088584490665397
63,13,PI,22,74,1.875766311561911,0.4777611720950554,9.720787033345706,3.277511829719784
63,13,PI,22,75,1.1755518088368855,0.4665920548409397,0.9069281120019242,2.7864839148520515
63,13,PI,23,76,0.5206275612725098,1.6363259833452477,14.131967318596343,2.9980055827007037
63,13,PI,23,77,0.3534664381360366,0.8352006561000711,7.087655501486818,2.7817982236409877
63,13,PI,23,78,1.791752926258051,0.645100129421099,2.7299530034988653,3.734084621228582
63,13,PI,24,79,0.7040006239579606,0.6714781316901934,6.477733271131025,3.0159304674303344
63,13,PI,24,80,0.9827506403039714,0.8438749227843898,14.612519252180645,3.423881692669177
63,13,PI,24,81,1.5506158768873068,0.7775861796413648,1.2198419569614294,3.675485352311627
63,13,PI,25,82,0.6931566240888392,1.6988149867033582,4.62221349291101,3.2746062396838878
63,13,PI,25,83,1.6292393187853165,-0.02879688659874291,1.6301172196453284,2.8360465408279327
63,13,PI,25,84,2.6306243847496273,0.7295741394358459,5.471399091259867,2.3117372717888234
64,14,PI,0,0,2.0053846626886096,-0.23668666608010192,10.541386844425242,2.3688078663683063
64,14,PI,0,1,2.1142639057207453,0.7446111827585762,8.225899768990896,3.4359509332077574
64,14,PI,0,2,1.748765259999069,1.0071003392401416,7.0080641399088694,4.0724889982510835
64,14,PI,0,3,1.0392790519885517,1.112128260319591,0.9543952231688143,3.505529213419063
64,14,PI,0,4,1.317375771603062,1.0762000001351049,5.981983918073993,4.091506261911437
64,14,PI,0,5,0.7953411158137753,-0.699477802827316,9.753262518526983,1.6922739348051359
64,14,PI,0,6,2.529689295317916,-0.45450420346361553,6.942999008477219,1.2932927319567322
64,14,PI,0,7,2.231961144388981,0.4299030705412634,6.322549636949335,2.8689414023263904
64,14,PI,0,8,1.3974025170573365,-1.3921291900890354,2.307792471870808,1.5388238891684112
64,14,PI,0,9,2.156135487318751,-0.9461605456555318,0.4429731154750614,0.5995696155814277
64,14,PI,1,10,-0.4152518296856378,0.9448320239541403,2.3158624743379503,2.3238793963182616
64,14,PI,1,11,1.848245379567464,0.5852488957522626,9.839003768755568,3.440481165176095
64,14,PI,1,12,0.5748857377928163,-0.1417966459595359,10.281046826912835,1.7993592548784958
64,14,PI,2,13,1.2931026500134517,0.7448164397774639,13.209313485624062,3.569457075239514
64,14,PI,2,14,2.4591876565284223,1.1280520700174739,0.8009842527169824,2.6430951438642944
64,14,PI,2,15,-0.6638612660986669,0.9684830543203771,0.37166455967927275,0.9412740302909546
64,14,PI,3,16,2.085606902293576,-0.2645730352448701,8.321221893323141,2.29570651898796
64,14,PI,3,17,1.7991293090397948,1.5564862477415247,0.7544316482160507,3.46519702880524
64,14,PI,3,18,1.6886719175576532,1.7876128859119822,8.246093816794227,3.633379607444085
64,14,PI,4,19,1.7894092205537349,1.6519126508544835,5.484084975467159,3.9990951926582823
64,14,PI,4,20,1.8471782405719703,0.622220796018889,11.704650540913615,3.4645301306915184
64,14,PI,4,21,2.3305703143400236,-0.15251321652186034,7.083440539967982,2.004144265897077
64,14,PI,5,22,2.0867689143979966,1.58613430378817,0.8210962060610271,3.2833367291798217
64,14,PI,5,23,1.5233250314318032,1.1283432154431319,9.473657240685688,4.132849408288666
64,14,PI,5,24,1.844969399160103,0.2527131493442427,5.1203924053676175,3.112884245564531
64,14,PI,6,25,1.9398815110797174,-0.1770726653409498,4.468507180542214,2.624434892350194
64,14,PI,6,26,2.5404717735368667,0.9323581775612624,1.7049238162403737,2.847582979656454
64,14,PI,6,27,1.2001054487587104,1.5393268237954594,8.028597950509813,3.9607212425686082
64,14,PI,7,28,1.477946164300576,1.4543188079591958,5.8187978322148055,4.24094092728038
64,14,PI,7,29,2.524873888445323,0.5986647656570403,4.983982574793931,2.4730416995091176
64,14,PI,7,30,1.9926397447586797,0.06966689049274288,10.905367241309378,2.657643307946392
64,14,PI,8,31,1.849354265868346,0.7017731390927309,6.722995441491586,3.666140752929926
64,14,PI,8,32,1.845832502177931,1.3654944796535613,0.996703764913051,3.8783856067670146
64,14,PI,8,33,0.7561557648333428,1.4734153186136516,7.4127429327064,3.588833682692455
64,14,PI,9,34,1.4432373027953833,0.8628678996777186,12.204575260531135,3.8067136501000203
64,14,PI,9,35,1.4571898006486959,0.20196906867998843,4.349342708341191,3.1115631083361963
64,14,PI,9,36,1.4109739770352046,1.674018261579139,3.8861148351253036,4.000037423308154
64,14,PI,10,37,2.048139288283179,1.5916698471142054,3.582610962734403,3.963391316600014
64,14,PI,10,38,1.4307150833465005,0.9703162904791474,9.399732295733084,3.9666381166824287
64,14,PI,10,39,2.058797895691839,-0.2074243620279066,8.267768723628135,2.3740063439669745
64,14,PI,11,40,0.8113439039259442,1.8123797772669619,6.511323530868982,3.05325140801496
64,14,PI,11,41,2.0455923562588985,-0.09197338238056885,4.202729334543545,2.6040543726881245
64,14,PI,11,42,1.732960460890368,1.370006999583134,3.615798748581361,4.354368439866303
64,14,PI,12,43,2.2730542879518514,1.9961081763536193,2.8337776437563162,2.4052512205862366
64,14,PI,12,44,0.9773070567279283,1.7595525524541786,9.477715863461919,3.3227478308203304
64,14,PI,12,45,1.609460530555788,0.3810691504981796,5.645995823909323,3.322120087190304
64,14,PI,13,46,2.1145292469044983,0.8249829261968733,2.3886353141229284,3.6879391256586334
64,14,PI,13,47,1.2503438736224708,0.7075826186246115,8.454724148683058,3.5629208679404636
64,14,PI,13,48,0.9594876797120078,0.7734380140630832,2.877951124508488,3.552268972502682
64,14,PI,14,49,0.9045974366411222,0.5457683955766219,10.316713582070628,2.9933636267855643
64,14,PI,14,50,0.8518787936709675,1.6479644220878296,2.974113551360721,3.613286260293898
64,14,PI,14,51,2.179210999548789,1.6678204665055345,3.4573114195699737,3.6599160951379086
64,14,PI,15,52,1.83616548008006,0.7515903873476435,2.10413660019422,3.8367367758292685
64,14,PI,15,53,1.8834470582571416,0.5513440990568261,9.62251364477495,3.375549255307352
64,14,PI,15,54,0.63609146547343,0.12731353119087307,10.923435012970256,2.132640360536622
64,14,PI,16,55,1.5673937539918703,-0.014634088412193158,6.611228321493199,2.8283588858477335
64,14,PI,16,56,0.03934887593834513,1.5988567635057458,3.1164782345708124,2.723547863295729
64,14,PI,16,57,0.8417392206377525,0.383957159186624,10.601983666333437,2.6988825096077056
64,14,PI,17,58,1.8084389123523388,1.4311213002660503,9.459893193627634,4.146802810607536
64,14,PI,17,59,2.01465037251333,0.07657280617360307,4.141202807970893,2.8072130641751336
64,14,PI,17,60,1.3928088860029275,0.8343578948003598,0.9124722101426253,3.427889975069527
64,14,PI,18,61,0.318324333994741,0.9721482729302711,4.28009687416162,2.9841665010956007
64,14,PI,18,62,2.571868512177276,0.7875270736308866,8.274486102741134,2.5009973144902897
64,14,PI,18,63,2.1036465680308716,0.7571944500238166,1.1062516248455714,3.270461671233466
64,14,PI,19,64,1.203517037759688,1.3700649726880414,3.3661766457018953,4.20857444875179
64,14,PI,19,65,-0.24626971523524654,1.1816922959552936,1.693130490044949,2.5462448277602956
64,14,PI,19,66,1.8703554249477885,-0.28181430154022724,4.021060304737061,2.6083047429077824
64,14,PI,20,67,2.25510802422389,1.4050323924503725,11.890334223347317,3.624353711279092
64,14,PI,20,68,-0.34220817279320115,1.55970739354977,2.6387234387514,2.4706912881774334
64,14,PI,20,69,2.5618796167801907,1.346828265529759,0.6281257243064435,2.146922236513754
64,14,PI,21,70,1.7889551542559659,0.8342157107904482,12.87312719623344,3.7613560792364717
64,14,PI,21,71,0.8358036691225221,0.7985784048270865,0.35558388758069176,2.0608253011744244
64,14,PI,21,72,1.4683924427251194,1.5453486148483977,4.163461622996581,4.213337750563331
64,14,PI,22,73,2.175960874009815,1.1536432121862834,12.667696675327308,3.7073184974181466
64,14,PI,22,74,0.9496642194396467,0.9627517805072618,4.703325679798209,3.716358703123337
64,14,PI,22,75,2.2340916817803675,0.7124957082128995,3.9980476122693167,3.32894111538907
64,14,PI,23,76,0.9581709901691542,1.3385075860429425,5.75999252059339,3.9110813156094117
64,14,PI,23,77,2.542047383245532,1.2342558693790848,12.853631740587604,2.9330267891888293
64,14,PI,23,78,2.211790841563618,1.083924525874055,6.153515741747271,3.720875913809122
64,14,PI,24,79,0.8653235169709648,1.8107122949159877,11.146065099799332,3.027849554145493
64,14,PI,24,80,1.4199956356485877,-0.567465952737211,8.106264803247754,2.3359216936396807
64,14,PI,24,81,-0.12573955281886484,1.2146867899045786,5.237165058552266,2.6628478868611114
64,14,PI,25,82,1.948117656587827,0.34297435064345283,9.187755488070305,3.0525781996529027
64,14,PI,25,83,0.8799883887101463,1.7875771515208951,2.712848842486683,3.3172932802368185
64,14,PI,25,84,2.137297012947267,1.8947415008415405,2.8808296485845895,3.0783614184114905
65,15,PI,0,0,1.4887819660857744,1.3553598896762011,5.166756960135058,4.301455439918212
65,15,PI,0,1,-0.9324397374449049,0.5005903996180585,2.194535155427239,1.8133822729887699
65,15,PI,0,2,1.5860486353836358,-0.2912522357345608,6.855688124457461,2.5874471903925
65,15,PI,0,3,2.547079885177085,1.2351310972021072,12.657006888914376,2.9208699326498766
65,15,PI,0,4,0.9744624532877526,1.7956747690506258,0.27586896480727185,1.9588298183015238
65,15,PI,0,5,2.2228802563178856,-0.1358453082753024,3.4768701781293267,2.3365926980307057
65,15,PI,0,6,0.8970312272458099,1.806415975284648,4.965643663750206,3.2156144361433094
65,15,PI,0,7,2.295517353728442,0.13566064376779963,14.509349184066178,2.2454316961533296
65,15,PI,0,8,1.755916236962754,1.2417384668235592,5.423550716478223,4.277022494795997
65,15,PI,0,9,1.0965637194278455,-0.6300779417761381,12.002279611544562,2.0173338358465847
65,15,PI,1,10,-0.33423015032199355,1.1607921658943878,5.1888018457563945,2.4881240776416016
65,15,PI,1,11,2.232474476084655,1.8600420873566441,5.1861955107695055,2.9865717095670075
65,15,PI,1,12,2.328309897096705,1.206011947025388,12.904766858239487,3.455117959687419
65,15,PI,2,13,1.666425689359908,1.2782030821726904,5.613146313884772,4.299944101948464
65,15,PI,2,14,2.4063057908069285,1.1879341439408733,12.900913921351608,3.2719461090436672
65,15,PI,2,15,-0.29468318526869874,1.1535070832563306,5.138967012828682,2.5085403500671943
65,15,PI,3,16,2.1011005473367965,1.6954868110928842,5.0555008692008565,3.6613090577953713
65,15,PI,3,17,1.9847702507377534,1.2808715013643828,13.040024339237451,3.9941491708635075
65,15,PI,3,18,2.2218232728288725,-0.16099723039360825,3.2750826361123124,2.3223919174804015
65,15,PI,4,19,1.6328117895076426,1.5116161514585853,5.414524665348586,4.229696135940252
65,15,PI,4,20,2.206344210055273,1.065408422510869,13.943671353073743,3.5790519273874315
65,15,PI,4,21,-0.3662504327871562,1.1594927355580054,5.432572601692932,2.462544943763209
65,15,PI,5,22,1.625826167850211,1.326238747214271,14.12308916114805,4.15342057011639
65,15,PI,5,23,1.3842884851275974,1.4323288378044179,6.431940734694276,4.199679951942328
65,15,PI,5,24,-0.16195370138200227,1.1017894953805736,4.753953587497929,2.5810191485106175
65,15,PI,6,25,1.8896711689173071,1.4446228819448663,14.1810832025288,4.030748181951492
65,15,PI,6,26,2.182112639064663,1.5993628234531467,6.353159685626946,3.679814856778713
65,15,PI,6,27,0.4985477299582688,1.1377782963610086,4.822357308295964,3.333360722741827
65,15,PI,7,28,1.82785835750669,1.5283290371352933,4.463414983078359,4.193122034264102
65,15,PI,7,29,1.5142471002964286,-0.33315890806998727,7.815862961277549,2.523540211612879
65,15,PI,7,30,1.7711032562613975,1.1739829427342783,13.990656041786034,4.0833908397858405
65,15,PI,8,31,1.3317608618836059,0.9580842103178715,6.817635096410414,3.96280696906869
65,15,PI,8,32,1.2236195687386746,1.6145327447832,0.3540008252972393,2.6339159274353334
65,15,PI,8,33,1.8975805116854807,1.0168497007758779,13.106603421321292,3.9038561341359053
65,15,PI,9,34,2.3136637628283125,1.115529476296493,3.6590115600697186,3.6378977952845872
65,15,PI,9,35,2.359667381396009,1.5550750806638711,13.047477135692136,3.2839068200009933
65,15,PI,9,36,0.8295288763661681,0.8401217180867477,8.674963750191196,3.3345981412333
65,15,PI,10,37,2.1838094414724174,1.0556344945128884,3.1052914847286597,3.839503478019723
65,15,PI,10,38,1.789290805152882,1.633139382312153,10.300355615950489,3.9229591201843936
65,15,PI,10,39,1.3889901170252004,1.8781411349698698,3.9181248860059097,3.4085595174733387
65,15,PI,11,40,2.0076413816212546,1.5225374989867198,14.881411898684636,3.862726322650859
65,15,PI,11,41,1.370447788664777,-0.31677042630806174,8.451234141347502,2.469733830412724
65,15,PI,11,42,0.8940958777132451,0.7235320334321371,5.638876641168917,3.3313106747443286
65,15,PI,12,43,0.8327747961225818,0.6388082804985156,10.607057936048385,3.0375993936768806
65,15,PI,12,44,1.661499026135254,-0.497948597570012,7.216660084669313,2.4385839678989147
65,15,PI,12,45,0.5896672675691572,1.7125892494931043,2.290300833468826,3.159625432853198
65,15,PI,13,46,1.01464381679321,1.6882968031670167,3.504211823309253,3.6937981512896996
65,15,PI,13,47,1.2903802473078825,0.4718432368499452,6.190158990519958,3.3199404985227106
65,15,PI,13,48,2.021374304791132,0.9978856307276072,12.278346330175518,3.7857549208001604
65,15,PI,14,49,2.017610238231669,0.8266189691445618,10.882417023673327,3.6120775345238343
65,15,PI,14,50,1.8917192734195578,1.8815227714755807,6.691627474299741,3.271429730237658
65,15,PI,14,51,0.8272056462679442,0.6263521034590545,7.382156915067643,3.075704453624843
65,15,PI,15,52,1.8045545933135854,0.46114596871216684,10.291381998199636,3.284377395686483
65,15,PI,15,53,0.16880817461929354,1.3282349411715582,4.600812424366044,3.0070624828876795
65,15,PI,15,54,2.3106416090805353,1.4947167579816356,14.931089896347835,3.4303589897596223
65,15,PI,16,55,2.2978429818009483,0.597719102618739,2.846934628258984,3.082177407979454
65,15,PI,16,56,1.0350974707240201,1.2523269362416958,1.6583804964079167,3.97936707689035
65,15,PI,16,57,0.6679783449103984,0.6035086632105395,8.250540535925872,2.8356434047048755
65,15,PI,17,58,1.0570557121138644,0.6948127262238408,0.8147408347173821,2.8776169934572247
65,15,PI,17,59,2.2045350827289796,0.8931471313260864,8.401392779851541,3.48443062970542
65,15,PI,17,60,1.267529352124145,1.118993369721509,12.772030305197095,3.9658457959513953
65,15,PI,18,61,1.9765095416733525,1.38524749848394,12.429844437577367,4.004909976564252
65,15,PI,18,62,2.1304996647219316,0.2664708629790893,11.59816284122942,2.7125607320040093
65,15,PI,18,63,1.968367925297343,0.4498849700684784,4.683130931388836,3.2948498803302453
65,15,PI,19,64,1.1139546780916811,1.4761899794888684,0.21653901888870952,2.653088256680595
65,15,PI,19,65,0.8682744559624147,1.5664942961461326,12.388607858698306,3.5403213791039323
65,15,PI,19,66,0.4923542341332783,0.41677996526925765,8.419642963308968,2.3578097258227353
65,15,PI,20,67,0.017289488551395893,1.0524276453086356,3.3985631612342995,2.750244812482415
65,15,PI,20,68,2.126091449449768,1.7306458203610084,9.209280814478486,3.44085814559055
65,15,PI,20,69,1.7426399711785967,1.9368550276481038,2.9794914708395845,3.23388301727728
65,15,PI,21,70,1.7570539373962974,0.6925828465229622,13.007848233323514,3.5854478325718064
65,15,PI,21,71,1.7364714958921335,1.1729138629699163,1.404973744107118,4.160220319825836
65,15,PI,21,72,0.7331346308623028,1.7213108904799324,8.585005847332228,3.1631724398749466
65,15,PI,22,73,1.4166877454855764,1.482425860514058,5.729787443251219,4.202469930457298
65,15,PI,22,74,2.2576492915514375,1.475675422173992,13.293191398128178,3.5642487610293907
65,15,PI,22,75,0.6332592357492952,1.2571301623996618,0.623940602376847,2.641579667316476
65,15,PI,23,76,-0.15348916913882893,1.4407173977203822,2.621513717872703,2.705258568936376
65,15,PI,23,77,1.5989433805243527,1.28964299865594,6.436579010945024,4.2797850609672
65,15,PI,23,78,1.208882775640403,0.16473621066046285,11.105639777247783,2.7708842836821717
65,15,PI,24,79,0.024166324061218658,1.4569454051642947,1.2019195693387403,2.5816412762937855
65,15,PI,24,80,1.2657181338159011,1.4543947581631258,0.7570674696021386,3.476658811528573
65,15,PI,24,81,1.7929436552185707,0.41607279282774123,9.26049527413698,3.2458727410835375
65,15,PI,25,82,1.143574945297583,1.704589217530064,14.607441369699433,3.5471889279976128
65,15,PI,25,83,1.1280581172441262,0.6132602548919239,8.467237035712945,3.3387390595376996
65,15,PI,25,84,1.4865588053213217,0.33036367604696815,0.9483093806173676,2.8239855992862526
66,16,PI,0,0,1.0185682268921874,0.007604509215649591,1.4120133080974064,2.4694768852675693
66,16,PI,0,1,0.20077327997931493,0.6752816343323778,0.3258033927374751,1.1015257022382525
66,16,PI,0,2,2.1685011963824743,1.4891733603442976,0.6655189326084838,3.031516033515698
66,16,PI,0,3,1.898647138229884,-0.8532169347960299,10.434663099564013,2.0499116670766213
66,16,PI,0,4,-0.5207640475670036,0.9206691459414329,14.37954883213524,2.0304612191520075
66,16,PI,0,5,2.5808888992215544,0.8215334344762009,2.454658846671232,2.667783569512534
66,16,PI,0,6,0.37578108886917816,-0.5270167557428449,14.3350897595026,1.2253878377562897
66,16,PI,0,7,0.01865250229852089,0.4637694815421538,6.111072062696367,1.9233094297057094
66,16,PI,0,8,-0.5815751426575689,-0.1534047084706731,11.541456392376888,0.7473892424215305
66,16,PI,0,9,0.4456207988443526,0.8776010554036517,8.728226293567289,2.9115581251711253
66,16,PI,1,10,2.51235340835499,0.8240113536432645,2.5207843548757807,2.873717792296325
66,16,PI,1,11,0.38176273690099616,0.8800446094341585,9.039134312906324,2.8291990793229833
66,16,PI,1,12,0.8826025598741956,0.011290727888651375,1.242346694690065,2.2451264434985134
66,16,PI,2,13,1.1596083650869464,-0.1505336020775232,1.6494264238777467,2.527299756443128
66,16,PI,2,14,2.028211567922032,1.6479471749774302,0.5159064554311253,2.743181792534123
66,16,PI,2,15,2.1122970313110163,0.6543706477836264,3.397260783420792,3.4575911004234343
66,16,PI,3,16,2.264679035097362,1.2615255908424756,0.4596123796212846,2.565732396656325
66,16,PI,3,17,0.26089202242962606,0.75071632587085,8.583920944665408,2.526715313561299
66,16,PI,3,18,0.9424830540175009,0.19272580175248888,1.2912778508190053,2.537435530728578
66,16,PI,4,19,2.508175915616702,0.7793854136629967,2.625958000524815,2.8292521299601923
66,16,PI,4,20,0.4750072969100767,0.9573524885661078,8.904653704515557,3.0360374882110044
66,16,PI,4,21,1.1617855886736224,-0.07229100118790965,1.7204216503344065,2.6150350010310426
66,16,PI,5,22,1.243337583479165,-0.0496347139870803,1.9465339316324415,2.7351934132948186
66,16,PI,5,23,0.4856514881391145,1.2356162615845543,8.915621751524599,3.2597689598338544
66,16,PI,5,24,2.0321741123395984,1.482873631772835,0.9413409497608869,3.6109218586911993
66,16,PI,6,25,1.8102068748112368,0.6190061363242716,3.2312476855955468,3.6828617611730925
66,16,PI,6,26,0.1778120257031428,0.727146314191538,8.521897156108029,2.3992314736739706
66,16,PI,6,27,2.4428008805508323,1.614169856995939,1.1714785155656622,2.931860995455289
66,16,PI,7,28,1.4501770894575592,-0.001907729447137907,2.6538083479967876,2.9277095465138165
66,16,PI,7,29,1.7207134895228609,1.2895214048781831,1.3693779156546673,4.190602039911143
66,16,PI,7,30,0.6639325762545856,1.206602987800654,8.403799580921346,3.4796943707317203
66,16,PI,8,31,1.6121439113173817,1.533063999636663,1.376543769823109,4.1035552348895745
66,16,PI,8,32,1.7206402406984158,0.47335243014153283,3.0857768758829467,3.51647527414276
66,16,PI,8,33,0.8274405526355695,1.5127756381936015,8.076432968923521,3.6238328783452487
66,16,PI,9,34,1.4024885111054268,0.922073915166548,2.016442159927788,4.048848440418341
66,16,PI,9,35,0.6189236162746126,1.385824958414759,9.06210185047708,3.430768649696919
66,16,PI,9,36,1.7298818613806262,1.9945483428025321,1.20446044018609,2.694689144962708
66,16,PI,10,37,1.4172111097502693,0.5926424506892296,1.9154112253480478,3.6140420339686843
66,16,PI,10,38,2.3363100604379485,1.4972995259018305,1.581026438344908,3.5124738282593984
66,16,PI,10,39,1.0640139718272024,1.157322282213073,8.180048925349107,3.9000236953966705
66,16,PI,11,40,2.2107967481967745,1.2920231583630235,1.5049822209217638,3.79487237570729
66,16,PI,11,41,1.129913909801596,0.167982431545735,1.311508712788391,2.699000671019238
66,16,PI,11,42,1.100284090079851,1.0680865010046547,7.976466023590671,3.872071074588732
66,16,PI,12,43,2.003525079530237,0.3974730598980163,2.267580875975308,3.234852686670624
66,16,PI,12,44,1.6709669560405778,1.5364300835105436,0.8776568691237181,3.6972919083052838
66,16,PI,12,45,0.9409008853120935,1.76498760072006,8.506378532193924,3.288553647348584
66,16,PI,13,46,1.75207189833141,1.2062294084517244,2.8332341397355916,4.342838857234562
66,16,PI,13,47,0.18903838359228464,0.8421517528403917,8.522564479837042,2.5615139080601725
66,16,PI,13,48,1.3583052299940213,0.21064716810687178,1.4054109912622614,2.95178214271549
66,16,PI,14,49,0.7178109209591612,0.7663081274311474,8.734128447889317,3.107497764967576
66,16,PI,14,50,2.3177771641524316,1.7408221110654352,2.1668287538336517,3.2423571009498207
66,16,PI,14,51,1.9071938947927767,0.04504403275014557,1.8569924004558833,2.855126817421632
66,16,PI,15,52,2.568601994578401,0.6537082737366928,2.938123942071874,2.4833553011201603
66,16,PI,15,53,0.9409683180840589,1.620700392970016,7.518289413286119,3.6229189373894686
66,16,PI,15,54,1.033358467605619,0.7671265260008493,1.9828094709073796,3.586553554838125
66,16,PI,16,55,1.7479072442732853,-0.03298146855405171,1.884753002506085,2.86272728826596
66,16,PI,16,56,1.994864335161168,1.684554627109343,2.6975207599781963,3.8733286257714497
66,16,PI,16,57,1.1712676364301844,1.1244425969957232,8.418113337573496,3.9665385384226206
66,16,PI,17,58,1.4213068384391128,1.4052473044291771,7.582670571064306,4.198287146843606
66,16,PI,17,59,1.3262491502496414,1.0051382680809833,1.1165493015686367,3.7870073445930066
66,16,PI,17,60,1.4761635767068606,-0.020786975226904314,1.11943128496961,2.5789439848934688
66,16,PI,18,61,1.6442664631601622,0.07336035029864663,2.153420474951025,3.01819606767892
66,16,PI,18,62,1.0272789660497224,1.248493398075309,8.823240485398529,3.893909821330737
66,16,PI,18,63,1.0095877777544775,1.591698451772563,2.450884551631887,3.8716151761650917
66,16,PI,19,64,2.47720650425454,1.732649211662777,2.9312820900320387,2.902118687259806
66,16,PI,19,65,1.2456284463093716,0.3163186297531033,3.584911054801176,3.1688418756006005
66,16,PI,19,66,0.7431131007853045,0.9750886838350517,9.293644362966212,3.3780112236874222
66,16,PI,20,67,1.1353475017203216,0.4875213433481991,5.535639100726718,3.2464987737269713
66,16,PI,20,68,1.4288321527782126,1.7670344946568353,2.4134838572180444,3.8087441582745516
66,16,PI,20,69,0.9741244616271416,1.2041068943537536,9.791907702600327,3.8063593728048124
66,16,PI,21,70,0.7207280355349615,0.7112007160792939,10.121885060220315,3.012745729557335
66,16,PI,21,71,1.6802404861942692,1.8731043508689775,5.363388325399831,3.428297651154423
66,16,PI,21,72,1.2723960166709913,-0.16994393490520876,1.8937980409069606,2.6405297004615687
66,16,PI,22,73,2.0646847542209197,1.3152095026030186,4.448904399496527,4.09300381051584
66,16,PI,22,74,0.8912953617896104,1.3000800468211469,5.340473533009815,3.8519462120885173
66,16,PI,22,75,0.31170159098450423,0.8945835064234116,10.236569330767628,2.7399048142535882
66,16,PI,23,76,0.5117696809352661,0.6578459033115518,4.726296112706571,2.8144967600927124
66,16,PI,23,77,2.083336278814577,0.31442742753131214,2.5038950726382034,3.043577264026797
66,16,PI,23,78,2.3056461657178406,1.2964188489972166,3.801646138925258,3.729502218994152
66,16,PI,24,79,1.2615231184154223,1.8396905766051437,7.863817560782052,3.356156049239509
66,16,PI,24,80,1.8829977023848334,1.5605369567937468,2.5215888359256255,4.168960509493131
66,16,PI,24,81,0.8564603622233533,0.5570001951572467,2.3083551235795685,3.13863782280922
66,16,PI,25,82,1.6887282631991636,0.6932559868755725,5.983733591045068,3.733624853364464
66,16,PI,25,83,0.8421826764904283,1.2317708852527671,10.109982092773544,3.669723218851688
66,16,PI,25,84,1.5057472945584904,1.770734487998154,1.4403644354841527,3.670363560760534
67,17,PI,0,0,2.058044500685758,-0.9365941809081256,8.366610465938017,1.8688440135969002
67,17,PI,0,1,0.27551474199938175,-0.7477031275338105,5.787974739800388,1.114575970190988
67,17,PI,0,2,0.5000507331128146,0.6397008797464321,11.046051671828785,2.628757115164677
67,17,PI,0,3,-1.042862553298089,-0.6108568017257625,9.062583672604388,0.6952271643656339
67,17,PI,0,4,-0.787075971954146,1.9921728832304177,12.485359521386057,0.9480905769916965
67,17,PI,0,5,-0.9625630143972073,0.4863893460195561,9.140492715539507,1.6625597537865675
67,17,PI,0,6,-1.0741153723551797,-0.8732064413036791,2.4746682806824087,0.7206901736129379
67,17,PI,0,7,0.6263367079280504,0.484512656795524,6.779186448333439,2.654888455699917
67,17,PI,0,8,2.337201716564578,1.3522347240420514,6.018089651444624,3.590879773810102
67,17,PI,0,9,-0.34078526350213856,-0.2458606151962397,12.930663508524269,0.7328232341664278
67,17,PI,1,10,0.6820319529980512,0.6730057162192606,1.9032376346216784,3.059382478452952
67,17,PI,1,11,2.2390175386559923,1.389355795022472,13.334390442905665,3.6414696148913723
67,17,PI,1,12,0.5804059379595397,0.41446754509501593,12.836150556179671,2.3966289668948138
67,17,PI,2,13,1.9177195868548158,1.3495797364668527,12.587731468800941,4.059439983881652
67,17,PI,2,14,0.7855335503151162,0.5009925721701878,5.0622013330955875,2.92087431240087
67,17,PI,2,15,0.5007768491910336,0.4700293088406542,11.078276510603354,2.395051496039941
67,17,PI,3,16,0.2789207651544954,0.8638887818897008,14.242791226989436,2.613406571985245
67,17,PI,3,17,1.3827893607040194,0.838747414441058,0.2696094556448277,2.532001436330002
67,17,PI,3,18,1.2626235600408138,1.4984018832276562,5.802646101250685,4.103473520370377
67,17,PI,4,19,1.419373005867976,1.7203478181409073,12.607664833251226,3.7065010512143886
67,17,PI,4,20,1.3258372730879224,1.7818430251103425,3.4943320794227932,3.7076486849405645
67,17,PI,4,21,0.8908819164910733,0.4895931802436977,2.608144284922588,3.091308615288317
67,17,PI,5,22,0.9203245155146611,0.5324041051186761,6.625831036565433,3.0683170348518205
67,17,PI,5,23,2.0141444593562436,1.5066537338274504,9.108294431809759,3.946803677170279
67,17,PI,5,24,0.9397905609234054,0.4093090106129478,14.329097829286953,2.794953294677839
67,17,PI,6,25,2.081592020947448,1.4984930143331243,6.222849213533048,3.9437672786815083
67,17,PI,6,26,2.0024030104483126,1.30044137435649,12.934019609539208,3.9808028194489604
67,17,PI,6,27,0.7420565825051662,0.47574741011094046,5.118179344766893,2.8330629315697626
67,17,PI,7,28,0.9863974412245726,0.5059845451830114,9.129054835972886,3.044686063008842
67,17,PI,7,29,1.4670209768653626,1.761863086971955,11.799495614873189,3.628318693277879
67,17,PI,7,30,2.303015185799502,1.2628880165733607,3.453995139491514,3.7394415246608323
67,17,PI,8,31,1.9529672849179036,1.672374108731769,0.6678734833952474,3.038709828379849
67,17,PI,8,32,0.43585912420588135,0.6988686442476455,1.753849424028021,2.7642688701199027
67,17,PI,8,33,1.1793356762845342,1.8195430997516655,6.439878602450141,3.3980446135919458
67,17,PI,9,34,2.238618006716918,1.1937391360547194,11.41671480347461,3.6411030854272495
67,17,PI,9,35,0.8946834737578835,0.5545852183030564,8.342602664479587,3.0304479508320323
67,17,PI,9,36,2.1340483599698348,1.3898287018238573,2.4293506210583784,4.035430896723349
67,17,PI,10,37,0.4629670005688922,0.847581026433164,4.812442592965494,3.0009061188428223
67,17,PI,10,38,1.490493153274845,1.866536530271373,9.698847688184287,3.335524340982002
67,17,PI,10,39,2.2961990053620376,1.1952210605521039,0.7164545612200004,2.924059596920355
67,17,PI,11,40,1.5227750074228745,1.6910867098584648,5.305007639891402,3.951200527445221
67,17,PI,11,41,1.4627467978387139,0.6316515582629267,10.349319213762172,3.5339928988394247
67,17,PI,11,42,0.9096945647111165,1.6514162777442163,13.998980651277131,3.435613782353073
67,17,PI,12,43,1.5871295293527599,0.9719154048506446,2.9540212311487384,4.178048691326923
67,17,PI,12,44,1.212830341073162,0.7367748068568778,9.950338045110009,3.5479030154174778
67,17,PI,12,45,2.0068984981944573,1.837562169036799,7.59147011652711,3.30788547909129
67,17,PI,13,46,0.522997664941028,0.776205108547432,13.40806560107534,2.8123945012819584
67,17,PI,13,47,1.1011942725682347,1.0833996877771375,1.5484817687717738,3.914542549831391
67,17,PI,13,48,2.37170077249959,1.7256719209896807,3.7174307111269864,3.1585085581333097
67,17,PI,14,49,1.7599718095672765,0.9289684042500248,2.645569502602752,4.110294745600661
67,17,PI,14,50,0.5174348679251026,1.56947270121531,13.585344943809346,3.101051206322033
67,17,PI,14,51,0.15021088902969426,0.6649105123050663,2.5277255075454073,2.440656880211402
67,17,PI,15,52,1.0879458187503146,0.8015391106528611,10.93072142805255,3.514674782115336
67,17,PI,15,53,2.3177151886175738,1.7011204660020067,9.907163159956854,3.1684614471850083
67,17,PI,15,54,0.8811846322483501,1.2295343033186268,3.4847794326183785,3.8862290765857326
67,17,PI,16,55,1.632673320249732,1.4554223633529815,11.502092137398835,4.14417391906569
67,17,PI,16,56,2.2756086969826317,1.106697211852501,4.396012072038028,3.6813692885117697
67,17,PI,16,57,0.9110055575483509,0.583060360011153,4.587116045570489,3.1919469323423666
67,17,PI,17,58,0.4020332900878336,1.4719785141368091,3.5639151409030205,3.271308913797661
67,17,PI,17,59,1.8222425835989409,0.5067181398445575,9.33775671403252,3.354481499815784
67,17,PI,17,60,2.5184794907172674,1.519461928172833,2.4457097718258836,3.1478956977299246
67,17,PI,18,61,1.7779354175498496,1.0510176400188107,6.406054347594636,4.1196800875524975
67,17,PI,18,62,1.5176642268588223,1.3850802199072616,14.908494539491612,4.126992140188358
67,17,PI,18,63,0.8897522911852158,0.26369852748639744,2.1587725342212933,2.7763265883281445
67,17,PI,19,64,2.2571866602950315,1.7392630746069342,2.562548555692253,3.3790350449451543
67,17,PI,19,65,1.2642644880765506,1.0298710162397424,10.525291015896409,3.919422901676085
67,17,PI,19,66,2.3573712131190794,1.5589817400951902,14.086580250355125,3.27320239830918
67,17,PI,20,67,2.3148982459567886,0.45054387728312406,8.401069341188276,2.6893489076131436
67,17,PI,20,68,2.4796497614532984,1.170576337021335,0.2066366320288286,1.8585949257810388
67,17,PI,20,69,1.1008096579890876,1.6596557493503687,0.8219468813835253,3.189944652324135
67,17,PI,21,70,1.2504729124035476,0.6911009987254086,1.917259216585273,3.6576501256750356
67,17,PI,21,71,1.4815998583924737,0.5513564444098211,10.366610106822623,3.4283739804209676
67,17,PI,21,72,0.973274010700397,1.4993916257611875,12.382600558757014,3.724828305151915
67,17,PI,22,73,1.0000293968852718,0.44743130514192164,13.499614582333402,2.9168397102245445
67,17,PI,22,74,1.1508296838366587,1.606164600279465,10.166975269828637,3.7934463058337275
67,17,PI,22,75,1.102814939508586,0.7108942713287227,6.322300706425806,3.5022370045957185
67,17,PI,23,76,0.2306087320713488,1.3033052953716324,7.035655392932136,3.0039669948680436
67,17,PI,23,77,0.9595313002659003,0.17653465250393996,4.9577374439318636,2.6984292798877445
67,17,PI,23,78,2.351729697048883,1.457832368953894,8.849568981381415,3.452187029489612
67,17,PI,24,79,2.5169181990018465,1.6632734511858027,5.2855459650856496,2.8729961814322813
67,17,PI,24,80,1.155997546292724,0.6139395211347427,9.615925885336303,3.3415067619986867
67,17,PI,24,81,2.555627162158047,1.3781148533500795,12.383993435051282,2.908735540963404
67,17,PI,25,82,0.00812186866405451,1.7240346741831494,5.4159504664697975,2.375748601319576
67,17,PI,25,83,-1.047226297404917,0.5843949943006819,9.035947709595275,1.8857769344505306
67,17,PI,25,84,1.319491741422015,0.5937660110503842,3.6422457477876975,3.58924626279824
68,18,PI,0,0,0.39220565956606945,1.0109513775087562,4.213069097212015,3.116703714237297
68,18,PI,0,1,-0.7908569814410393,1.8941996175250093,8.459337253773914,1.4436570631010381
68,18,PI,0,2,1.3078274355592079,0.5190501222591317,7.130939184979311,3.370167964312029
68,18,PI,0,3,-0.6425837639385585,-0.4024135757187366,11.043392531692195,0.5672695443017026
68,18,PI,0,4,2.2909128165016153,1.610106808117357,14.224864907167259,3.3386044772508843
68,18,PI,0,5,-1.0050655458341675,1.0831350481969237,10.089328548450752,2.4215439136389563
68,18,PI,0,6,1.2363262125074743,0.7316846576957299,1.894937102086478,3.699557492002483
68,18,PI,0,7,1.239982756868447,1.2548213374013382,0.1120081888290711,2.795533331423009
68,18,PI,0,8,2.3419407823001186,-1.0427908790542846,5.636215384770097,1.3670536179385886
68,18,PI,0,9,0.9579604697088961,0.6288940533763743,8.241879704037993,3.2029537233856082
68,18,PI,1,10,-0.1501266418448045,0.6639538164147178,11.438176716176192,1.9355098250802265
68,18,PI,1,11,1.5251342012503022,0.8976329751724297,4.08570946469662,4.055118962404217
68,18,PI,1,12,2.2223537541144576,1.1119530290387214,13.115542524659537,3.597949698188078
68,18,PI,2,13,0.39201030593324404,-1.161241890570654,13.050716170028196,0.7247076793777449
68,18,PI,2,14,2.2903892186258887,-0.27457612917792984,12.10997213726562,1.8986815180943122
68,18,PI,2,15,1.5257347160604637,-0.9417373192541102,2.4595881002747384,2.2526577559946155
68,18,PI,3,16,0.8521073614317345,0.7165404014207941,6.030305062242407,3.2633786732769403
68,18,PI,3,17,2.2756878469164104,1.2726245788829744,13.007623888579745,3.5813402521832205
68,18,PI,3,18,2.4761010939509545,0.9115094861167834,3.4133820503941643,3.0684691430342586
68,18,PI,4,19,1.1248741154921165,0.7437310422939336,9.748926902050833,3.4900183312654365
68,18,PI,4,20,0.7992317894148866,0.600280213570489,2.8525351280122027,3.1404997562419847
68,18,PI,4,21,2.3825064752040643,1.7448721115244834,14.685505214517102,2.863268122451643
68,18,PI,5,22,0.9422330509936168,0.8928022350943188,7.68700812525436,3.543655799196669
68,18,PI,5,23,2.354794689322163,1.7922913662274724,8.507119180039712,2.8797058881183997
68,18,PI,5,24,2.243446594706484,1.3453545002264367,1.3493065918183729,3.676128895612071
68,18,PI,6,25,0.29626305150760124,1.139936437936195,4.650679842676111,3.090652135173203
68,18,PI,6,26,2.083626008247933,1.2825921384882113,14.683772089144265,3.86837730375742
68,18,PI,6,27,1.767703235817259,0.5022029202926266,4.492559337846818,3.4984067172534687
68,18,PI,7,28,2.497481520096681,1.0191477879756943,9.741363345643997,2.9555965953446264
68,18,PI,7,29,0.2615609482649608,0.8962906247824716,0.9000689239135473,2.3160337611275157
68,18,PI,7,30,1.026443352434033,0.6475469925101653,12.34370000176889,3.2318076705165346
68,18,PI,8,31,2.1947441111026205,0.772328353959078,9.273486887971867,3.3323207969511968
68,18,PI,8,32,0.6428695395219659,0.44736276007406706,5.988314900702314,2.646717196055047
68,18,PI,8,33,2.2864275252963466,1.911102202839582,7.026613586577496,2.6382170038497677
68,18,PI,9,34,1.797704633978622,0.966172028471473,10.174896072934066,3.948160349448527
68,18,PI,9,35,2.3269714502967087,1.9048282567469799,5.138049054361095,2.637207756898664
68,18,PI,9,36,0.5341220538380274,1.0289751776930847,1.3410246905798615,3.148682640037591
68,18,PI,10,37,1.0659748591477327,0.9672162739205286,8.939427105609214,3.724211795305914
68,18,PI,10,38,2.0385366643253993,0.9452862065513568,14.812962496185614,3.684581361354133
68,18,PI,10,39,1.568412051211856,-0.9804595378096672,2.0626324828391476,2.2019688189979743
68,18,PI,11,40,2.0916448064174986,1.1132524543139692,10.76258143391214,3.8248053574965786
68,18,PI,11,41,0.7588021134089695,0.8959595155748556,14.307247743197783,3.2416800091664992
68,18,PI,11,42,0.8001518837592925,0.6289574465017487,0.48858750505784326,1.9680007584096915
68,18,PI,12,43,1.9273602139232668,0.5418173771129764,8.690922070768638,3.3477234358374295
68,18,PI,12,44,1.3956278341262105,1.0338884437177276,2.761565689490098,4.190695410990484
68,18,PI,12,45,2.400298018558673,1.819443769691281,8.911378851227488,2.6844822128866745
68,18,PI,13,46,1.7305239318466468,1.6168684365755839,9.317535701022473,3.9864741893155626
68,18,PI,13,47,1.0728551830431354,0.24721514581298876,6.950699311274747,2.835308787612877
68,18,PI,13,48,2.269014466657694,0.532917717522817,10.534688640139994,2.854496343917001
68,18,PI,14,49,1.6536199794993496,0.7099505126827914,12.323652189039347,3.6381002944197434
68,18,PI,14,50,1.919442631529018,0.7681996300171496,1.1449388479129348,3.506020447368048
68,18,PI,14,51,0.35635826944485904,0.7619236435081485,5.6328904505590165,2.7318816338541145
68,18,PI,15,52,0.5753200178391416,0.901628776382263,7.910751362593918,3.119026229605653
68,18,PI,15,53,2.320033218075414,1.8613748281101725,9.906587667431884,2.7018774836566473
68,18,PI,15,54,1.5219845177469167,0.2616284337564341,4.81673678188244,3.1856359316321465
68,18,PI,16,55,0.20381347254767856,1.2291872630224727,4.501077574651644,3.032533604310438
68,18,PI,16,56,1.0680152902457296,0.3099145289239176,10.090731134241258,2.8453425083362998
68,18,PI,16,57,2.0743613827548626,1.7352648842410052,10.062555441731492,3.4825340275624708
68,18,PI,17,58,1.5108778819567434,0.8331066241777956,14.856443918157291,3.761483617099813
68,18,PI,17,59,1.9607700351673243,1.1680763613163037,0.19256457658749457,2.7553466704479517
68,18,PI,17,60,1.376515788342862,0.4418648283487725,6.591481459368992,3.3156817652457176
68,18,PI,18,61,2.1163699587325824,1.2236779628806538,5.749925800023443,3.9635086179949974
68,18,PI,18,62,1.2006735127902939,0.41549391716157924,6.6145119753904025,3.16946493102916
68,18,PI,18,63,1.9176288924373055,1.309232082938284,14.231537269472497,4.04259757294934
68,18,PI,19,64,1.8444906429887147,0.23007021631341118,12.792873318585304,2.9301357255657225
68,18,PI,19,65,1.6619338897666647,0.20686003734166558,3.580455400341729,3.1685889075516407
68,18,PI,19,66,2.035470480024118,1.3166309030622787,8.571713496422511,4.012935332516575
68,18,PI,20,67,0.7630654028721817,1.743882617077154,8.05074637421229,3.1541637600116608
68,18,PI,20,68,2.2840165499218554,1.7537681759900732,1.7995224640865701,3.2334052690855826
68,18,PI,20,69,0.5140021152384231,0.34313403272165965,7.553567895843046,2.3063167083823126
68,18,PI,21,70,2.2396379529094146,1.1485363826613693,1.6633330020491328,3.7338977060492953
68,18,PI,21,71,2.6256552232739168,1.7326413248913255,10.806678416763189,2.2658568435536335
68,18,PI,21,72,1.1714046307730168,0.16801719167205453,5.404010920359789,2.8700660623678784
68,18,PI,22,73,0.3049354317745039,1.007174273234381,0.9493645743632431,2.5458362166487905
68,18,PI,22,74,2.299747405145967,1.7194576660943746,5.285518546978527,3.272554281777315
68,18,PI,22,75,2.3235878375717633,0.6987831209124504,2.4443997880149,3.16616450713279
68,18,PI,23,76,1.139056565859891,0.9898327389837318,11.564840450934478,3.7706332506745515
68,18,PI,23,77,2.381542085788551,0.4555827606574496,9.807239036716751,2.5256346580075633
68,18,PI,23,78,0.6869875623302513,1.1347308699119334,4.772034856506367,3.566413985929203
68,18,PI,24,79,0.6711106513473415,1.3176351289239419,5.628877779123195,3.587006500774511
68,18,PI,24,80,2.063791903676075,1.4251660118235252,11.17264704055425,3.9138479637635832
68,18,PI,24,81,0.7139782706934854,0.7805632428306506,14.794605184154985,3.039685439889641
68,18,PI,25,82,2.258050305910593,1.5502511331412618,1.2869159809405037,3.4941629760530386
68,18,PI,25,83,-0.13371947924841288,0.8233738371881247,9.2925020930606,2.1945752343020346
68,18,PI,25,84,1.4283046962371202,0.03882036474058714,4.03801817221289,2.929544681747849
69,19,PI,0,0,0.4709555596402477,1.740542706858463,4.1087759484863335,2.9183501304897512
69,19,PI,0,1,-0.8755983663941179,-0.4130978959041083,10.773060682823283,0.6433341030043127
69,19,PI,0,2,1.8184683790677,0.38544942627857526,4.675669601939484,3.3124351758533965
69,19,PI,0,3,2.324398938727252,1.7482642903188008,6.548378114616708,3.1131334899239222
69,19,PI,0,4,0.43102125522660506,0.6463582903976759,10.70448236804343,2.5567351984568867
69,19,PI,0,5,1.2173803926185838,0.015367244006476932,6.629029413590811,2.7026816076983304
69,19,PI,0,6,1.314083738928573,1.7125232610356371,0.720304373641153,3.083900351733059
69,19,PI,0,7,-0.7650015731908965,1.1654008789700456,6.896000604545869,2.3833184033353136
69,19,PI,0,8,1.8042216507412285,0.38787561311675467,6.928468359018892,3.253862744946325
69,19,PI,0,9,2.4657511200247955,-0.21067853588243723,9.70557126016936,1.5833925335732877
69,19,PI,1,10,2.0939955633964327,0.3460645101762536,3.2329784925418714,3.065728824402972
69,19,PI,1,11,0.5263239409507849,0.9536560675055807,14.848693087712045,3.017085505000451
69,19,PI,1,12,2.1075535960111837,0.3220740784545013,11.054104028401007,2.8220638354650784
69,19,PI,2,13,-0.43774646847177034,0.02316051703419686,4.466443688044817,1.1074986637651327
69,19,PI,2,14,0.3835359970716299,0.49156908863735427,9.926965456180238,2.2962006390907894
69,19,PI,2,15,0.15864104602716922,1.7860307891408755,0.3858104847974059,1.0917064039396176
69,19,PI,3,16,1.7267621225941618,0.9283875115188911,2.7522883794507997,4.119629655024777
69,19,PI,3,17,2.396833116405976,1.9639745527964063,2.7995012404624706,2.2969790614968915
69,19,PI,3,18,2.1547852261944755,0.33454064532645345,14.857609312275796,2.727906587797583
69,19,PI,4,19,1.9505465205540977,1.168601640312374,2.7734578294901797,4.2089010001288765
69,19,PI,4,20,1.9727442961586616,0.6248044353211126,14.333508060183238,3.3455108218244516
69,19,PI,4,21,0.43076892891741836,1.7461565652260669,7.202872860507605,2.7587749601745566
69,19,PI,5,22,1.749271268239173,0.6291609485329475,9.463769090716534,3.5509800353087426
69,19,PI,5,23,0.5952824850710063,1.5433029600284316,8.785843795169784,3.2987411821454895
69,19,PI,5,24,1.9098682922765473,0.9561687169274671,0.8116012442072206,3.3890657093002257
69,19,PI,6,25,1.9543854679427906,0.7115396893390185,11.591441289114922,3.5118494320431646
69,19,PI,6,26,2.395610573536478,1.9185139507252056,6.418140845407134,2.390287501197834
69,19,PI,6,27,0.45117411042602673,0.6300624753015498,7.98303060555616,2.6087047811963764
69,19,PI,7,28,2.043848999776317,0.2455140997424219,9.547613495952028,2.82789592545447
69,19,PI,7,29,2.1215379697288914,1.4660348205992864,4.509825613215527,3.971411930942537
69,19,PI,7,30,0.5151297207459427,1.7878007973819887,1.4229747963831165,2.715513246656732
69,19,PI,8,31,2.3381860866978688,1.7511239430839418,1.1804965207917744,2.8952077739243736
69,19,PI,8,32,1.989855273125165,0.5944521335146273,8.496045150348236,3.3696283114932175
69,19,PI,8,33,1.8600701397234398,0.46999972658367817,1.0697160755267432,3.0780843462135237
69,19,PI,9,34,1.6700922788807389,0.8398178451196578,1.2622186373292412,3.782665324311184
69,19,PI,9,35,1.9620130188433937,0.3119691952224233,10.225886999907946,2.982714991062731
69,19,PI,9,36,2.3826806112029972,1.9315233583346552,3.719941656452566,2.4530843889296374
69,19,PI,10,37,1.9720049178622894,0.6372738101432036,1.3988659451132202,3.430449178982803
69,19,PI,10,38,1.8889567459142218,0.4590313401230093,7.910829850384079,3.278426835215297
69,19,PI,10,39,0.4600346477769064,0.8419111726864452,11.474640041216135,2.8410696401083477
69,19,PI,11,40,1.8434365183913055,0.29945000430135926,8.591901473881284,3.081133446148659
69,19,PI,11,41,2.030571928073147,1.2652481575794954,1.2965248982710544,3.9481052184153604
69,19,PI,11,42,2.092052349759589,1.4819722447626127,10.465109872281207,3.854067021714055
69,19,PI,12,43,1.9861245344192469,0.7111218547311888,1.9947349219929031,3.660596726481119
69,19,PI,12,44,1.850287700921477,1.2451196691063555,8.27270123710643,4.160944906070751
69,19,PI,12,45,0.4708562973612975,0.7747244122515142,12.37149632682407,2.7571427255198673
69,19,PI,13,46,0.45232593340730154,1.7803573710734968,4.529428995641529,2.7731193884512377
69,19,PI,13,47,2.1787195690897105,1.5145829368537198,8.883914292382636,3.7295255354068173
69,19,PI,13,48,0.4644734271865767,0.8537537975176175,11.440088827699704,2.8617457311822854
69,19,PI,14,49,0.5196261060855625,1.7476361856112086,3.198109986345825,2.988908117598212
69,19,PI,14,50,1.6277566191374513,1.1888762149746266,1.3814570847058132,4.174600903352759
69,19,PI,14,51,2.2470248441706584,1.5221187048329479,6.918271295678303,3.6509160068897257
69,19,PI,15,52,1.8802931248437909,0.6696120075947545,5.855157169205199,3.6280036541671175
69,19,PI,15,53,1.8886143594605724,1.3399774595322986,0.2588287488544484,2.8637229662915566
69,19,PI,15,54,2.1159954385394277,1.296002164859841,11.946441325334595,3.8579230948119547
69,19,PI,16,55,2.117088579872572,0.5541877926905516,2.468537855274205,3.321351309105448
69,19,PI,16,56,2.0457753782080763,1.5916310264893334,10.033817145483132,3.796642026871157
69,19,PI,16,57,2.4225564155728994,1.9530985503847074,4.025636115769473,2.2537470138198374
69,19,PI,17,58,0.5510704808554954,1.3236410528036266,10.284251869954838,3.333735158222083
69,19,PI,17,59,2.0993189055697963,0.25589897429205855,1.6438760592152477,2.8595207635817688
69,19,PI,17,60,2.0837396691596664,1.4453329029248927,8.17970017951302,3.9307008018483005
69,19,PI,18,61,1.6532080530413,0.8714566596917699,9.628892025588069,3.885788263440631
69,19,PI,18,62,2.0780058878693124,1.437355930594209,3.4417319192868088,4.0813733399639585
69,19,PI,18,63,2.0924902212191356,0.5658260729541222,0.6810904456952639,2.497019204723702
69,19,PI,19,64,1.4671063376000015,0.8108716453416314,6.897307954746538,3.8453614775010267
69,19,PI,19,65,2.287374446878623,1.9760395550797463,3.017550383133973,2.4728097366656554
69,19,PI,19,66,0.21847439535822,1.6322998840206715,5.03274218525363,2.807234691031714
69,19,PI,20,67,1.1324438756964055,1.524382148286299,7.8407414298991265,3.9262403864128794
69,19,PI,20,68,0.34347236456376873,0.3528860196097656,10.298105528158516,2.0543598900000815
69,19,PI,20,69,2.1738033072830816,0.8303874891107244,11.195956305855631,3.4095551666179595
69,19,PI,21,70,0.8129680958848347,1.2055124851422532,3.230512285117482,3.8060965748303492
69,19,PI,21,71,1.240516985219211,0.03367105670956949,8.08252052266315,2.7029049923288184
69,19,PI,21,72,0.40374489052718876,1.0035611877467514,10.258183693507803,2.971624981127789
69,19,PI,22,73,0.7389873437187322,1.7191268534992403,8.913388599144112,3.1689123799572743
69,19,PI,22,74,2.023275662143817,1.924294054718314,5.098347438668906,3.03354537616174
69,19,PI,22,75,1.28436622280611,0.446867162446525,10.027739397148823,3.1981504304296893
69,19,PI,23,76,1.9799120702994464,0.43894957737682483,9.706024382474462,3.1426701603517007
69,19,PI,23,77,0.5208917293490289,0.7354467973081031,10.765700150064063,2.7891871584502685
69,19,PI,23,78,1.6087624841324732,0.9990624109558537,2.1507375698413154,4.191699981067756
69,19,PI,24,79,2.4056346347463013,0.436336398164509,11.274150587182191,2.420815630560943
69,19,PI,24,80,0.7216224093089632,1.7208543887190952,10.95454544161646,3.1101039924361396
69,19,PI,24,81,0.2648229001877882,0.9897172208370102,3.670038466119226,2.958457037236663
69,19,PI,25,82,2.421667308071614,0.12356503428156285,10.061119910609587,2.0090379669922145
69,19,PI,25,83,0.2798816468773768,0.6980781716440463,4.520759234925839,2.5902626004307887
69,19,PI,25,84,1.593298891804808,1.0235972798808777,13.387144610017032,4.0012179200933495
70,20,PI,0,0,-0.053356127651094765,0.11401348431029756,1.8266736689540517,1.4593241122245413
70,20,PI,0,1,0.8529874103736508,-0.06791056929028283,1.075521568522769,2.014334072408719
70,20,PI,0,2,-0.7301615324661468,1.9520092738836143,10.411324167481443,1.1460354407984763
70,20,PI,0,3,0.5767487760032746,0.7406188300641672,4.058062357961005,3.0310025347639242
70,20,PI,0,4,0.028103014611592814,-1.2433027635692682,0.7897309812662753,-0.2976651595251619
70,20,PI,0,5,1.9175345546606501,1.3465686752638901,0.0755692152788092,2.837010815270677
70,20,PI,0,6,0.13341682089234808,-1.1881960018616313,7.019735669933866,0.48089935426228547
70,20,PI,0,7,1.2083055115717456,0.42866822033464436,2.011794025301106,3.2778425131229856
70,20,PI,0,8,1.525028880318502,0.6453929209448686,7.011912939326778,3.636075606287758
70,20,PI,0,9,0.010364123465252506,1.7143785940613525,1.2525120304366892,2.231704383695839
70,20,PI,1,10,1.2027753907651149,0.9309403596944139,10.558710685191675,3.772698499236612
70,20,PI,1,11,1.5884288439759686,1.2407192878272566,2.02192743287428,4.348569277463659
70,20,PI,1,12,0.6059815130769612,0.675962780128379,5.657737563628185,2.926047723398346
70,20,PI,2,13,1.446930676210053,1.235404968463509,8.615233706560485,4.1841270206335235
70,20,PI,2,14,0.6667100430975941,0.7167443857047253,2.010404211659285,3.1131318244970982
70,20,PI,2,15,1.3081206844895075,1.3365383307554817,14.16313002364798,4.055334303341615
70,20,PI,3,16,1.0435407393866454,1.49392502268027,13.220942532606763,3.7894696671243295
70,20,PI,3,17,1.6358001572096281,1.3255044860564378,4.95402793848951,4.328209403765905
70,20,PI,3,18,0.37897835430807225,1.1711825350917788,0.6993607475280993,2.4190060609637087
70,20,PI,4,19,0.8277176535465365,0.634246616001696,11.010817647832209,3.0195941131791684
70,20,PI,4,20,1.0742250249540413,1.9102583721149244,4.53964062699308,3.039343534779216
70,20,PI,4,21,1.902681561528233,1.5234724130165915,10.361553710098043,4.007124975098174
70,20,PI,5,22,1.5641713195991116,0.5916870186313967,0.8909560633514605,3.126383571911093
70,20,PI,5,23,1.1070830219003738,1.4288605319947592,13.104946696331211,3.892150103606994
70,20,PI,5,24,1.567709950769261,0.7096719089231671,7.720556115460165,3.713399612893205
70,20,PI,6,25,1.366697653823795,1.5380638384143905,2.9849614090337164,4.213997247644136
70,20,PI,6,26,1.4957684386496282,0.8341037486476663,12.249390783900536,3.7868418889911184
70,20,PI,6,27,0.8520990230321253,0.2724954828450086,3.756840773967048,2.7395023245778614
70,20,PI,7,28,0.9894389061768623,0.3883376802594092,4.760131750138427,3.0019887484563412
70,20,PI,7,29,1.0741836744936042,1.4687876072361177,13.196896626928561,3.8378107292200427
70,20,PI,7,30,2.0211009900340877,1.3057360802397975,4.868285779304191,4.127246680815997
70,20,PI,8,31,0.7231664223311032,-0.05159547796018016,2.4019288643162526,2.2485753444027523
70,20,PI,8,32,0.932389175744758,1.0794736341968547,5.15233388148661,3.794163962466794
70,20,PI,8,33,1.9032049511168858,1.308410224384351,9.744097885922637,4.11126953726563
70,20,PI,9,34,1.0208124602847715,0.08808067118559748,1.2721766788936897,2.487518696296121
70,20,PI,9,35,1.2332602956612946,1.2309575444913348,5.778812258726778,4.137745053030864
70,20,PI,9,36,1.522230075743137,0.7973424941925962,12.119894666604663,3.747799237947405
70,20,PI,10,37,0.6911660783156912,1.4170866152348807,6.108318518170337,3.577785083251186
70,20,PI,10,38,1.0950676065427327,-0.0023427919179122014,0.8074735131102373,2.0219235597125844
70,20,PI,10,39,2.46600132205441,0.9693120344700294,4.65833768845215,3.1176516593360244
70,20,PI,11,40,1.3010403588419233,1.564861438966545,9.519430451962958,3.9704851508125047
70,20,PI,11,41,0.6994648722734313,1.4129997224470334,3.9155898065971866,3.6618108940666914
70,20,PI,11,42,2.216041228909442,1.5453626547260466,3.0279657398784137,3.799336964655799
70,20,PI,12,43,1.5710945596720882,0.9519138133138529,0.07514021361252186,2.712310806621196
70,20,PI,12,44,2.0279594025395937,1.4305163503312985,9.535335719848627,3.9777781265984062
70,20,PI,12,45,0.4291768990347442,0.7983795765255435,5.724847246165345,2.8667604108300946
70,20,PI,13,46,0.08598856967919599,0.94882545608057,5.14233044870399,2.6607890620768866
70,20,PI,13,47,0.9526341996090673,1.388810080025754,1.7067456914117392,3.909183971024704
70,20,PI,13,48,1.040175636527041,1.3075975242630293,11.622632794850817,3.8726270081403174
70,20,PI,14,49,2.107335431913399,1.1003498562756935,0.4723258764845426,2.7518679956540772
70,20,PI,14,50,1.601676406860817,1.6619449612728046,10.864324447673605,3.8960023749271926
70,20,PI,14,51,0.5543667887705179,0.5989145637038606,9.567249991028003,2.6635731144241155
70,20,PI,15,52,0.1708182410021022,1.087580432426388,3.561840386805255,2.941484408080708
70,20,PI,15,53,1.8352710630696643,1.995738245783763,3.489834256946878,2.910725826349741
70,20,PI,15,54,2.452196428228252,1.1043212261386128,3.9953112336760577,3.300239527234541
70,20,PI,16,55,1.8249830420216986,1.3765812568196507,3.0302017857835883,4.332279818736045
70,20,PI,16,56,1.2898734414453483,0.22981564385136144,3.8137411740703064,3.0824163377836094
70,20,PI,16,57,1.2463716299801217,1.8978471125812293,10.477937276353371,3.0845148769857094
70,20,PI,17,58,1.0277630670411644,1.280865671848821,8.73439722535743,3.903932350952773
70,20,PI,17,59,0.5226616129572685,0.2576766513746638,2.3104030482312643,2.3382851798252156
70,20,PI,17,60,1.4971317202242154,0.673255440075704,3.859541433820925,3.766763029570221
70,20,PI,18,61,-0.209127173805699,1.194014088387187,6.335566943771991,2.552802769789118
70,20,PI,18,62,1.7365492170569712,0.36670281677647054,2.2156638383932092,3.36016738312483
70,20,PI,18,63,2.417480408510924,1.364613117114665,8.63597943334683,3.342514035402977
70,20,PI,19,64,0.9697025009756768,1.316252809663558,2.6050562381230025,4.012198427120219
70,20,PI,19,65,0.9038163536438613,0.6463223247688812,12.99858859397227,3.09584742455281
70,20,PI,19,66,2.244260955328017,1.1385283904224504,3.255209293149335,3.7983318571933307
70,20,PI,20,67,0.8664335099717149,1.0007287360323587,6.531408078107797,3.6085570621963523
70,20,PI,20,68,1.8966660080883817,0.7314479860431318,3.906513936636118,3.765798785354143
70,20,PI,20,69,2.0414189491809895,1.732468566605673,4.253764311299138,3.675789293364865
70,20,PI,21,70,0.527731119815178,0.665817977301415,4.413215275455443,2.856231362880266
70,20,PI,21,71,2.6255911428673953,0.9456652229737079,6.515657997965155,2.5652419285904573
70,20,PI,21,72,1.6649236204803075,1.1415893946137796,9.749179059013724,4.144248613517041
70,20,PI,22,73,0.5760451454812925,0.17817706056093474,1.2070868565608208,2.0407753920475917
70,20,PI,22,74,2.47412983528751,0.7417099122389033,5.305708466172249,2.797201801123187
70,20,PI,22,75,1.0092580774800353,1.8305346338231843,7.116138430187008,3.192319161043934
70,20,PI,23,76,0.8494843065443822,0.3975111805566385,9.80434417221476,2.738413889762586
70,20,PI,23,77,1.724459006732297,1.1583114372669279,5.57408113173452,4.242108499030908
70,20,PI,23,78,-0.06869011114533508,1.164935957964703,3.461051911848024,2.7483431295559573
70,20,PI,24,79,2.169734732722346,0.3892426487366305,4.283910296249045,2.9824147356869695
70,20,PI,24,80,0.1463192611640154,0.6300655756794629,7.565639195694684,2.2517983437995412
70,20,PI,24,81,0.7344776385262248,1.1903911617912435,11.806707804353739,3.5016018972846803
70,20,PI,25,82,1.203908614546267,0.48765470745024375,0.21217630401940887,1.9400509772162406
70,20,PI,25,83,0.7590924866536148,1.6216267479134499,10.035149804661879,3.367419765205285
70,20,PI,25,84,2.211188394861201,0.01130915582368508,2.730173014014827,2.5081403388919874
71,21,PI,0,0,1.8190364294108887,0.6204646034983883,10.64730805493597,3.4918112135270585
71,21,PI,0,1,-0.7670412488897053,0.707500455558665,14.712179722664567,1.7732209172743365
71,21,PI,0,2,0.48226512910840835,-1.106589208284302,14.37403841404227,0.8957126457382201
71,21,PI,0,3,1.4261454250524181,-0.8098254241926905,10.081216788645278,2.144376169462815
71,21,PI,0,4,2.609875462851648,-0.7668008409772669,12.808043117889488,0.7509847376840884
71,21,PI,0,5,1.5118296043946073,-0.724137403481252,2.772391212096663,2.4166906926035203
71,21,PI,0,6,2.4656848292585782,-0.30846865338598195,6.621476090792783,1.5759404259358352
71,21,PI,0,7,1.3517984334688369,0.041056662955405,0.004967295202797416,1.483969699895683
71,21,PI,0,8,-0.12742381239624112,0.15282423149320268,11.41926539222722,1.283459334888959
71,21,PI,0,9,1.1660657550654583,0.005682602461915431,2.8662359230463337,2.767063141356775
71,21,PI,1,10,1.9698234679826112,0.2145862494701798,10.643289437693575,2.848052905385541
71,21,PI,1,11,1.3045566426383286,-1.1588385905608516,2.8490930704017288,1.9212937310918128
71,21,PI,1,12,0.9779223370904027,1.594898009787562,2.914413564223864,3.8369316951706836
71,21,PI,2,13,1.8466761536601242,0.7208142653387641,4.522078890812404,3.7618181925939096
71,21,PI,2,14,1.9437052377953776,0.22712974873512737,13.22732678828741,2.8527749216182565
71,21,PI,2,15,0.9656251034769863,1.8882676028937992,11.147477181929586,2.8659408843451764
71,21,PI,3,16,1.088583494448935,1.4495784456734198,5.388394111822702,4.014403132380266
71,21,PI,3,17,1.7191489236520625,-1.3276612381001804,10.558961322894245,1.530265569097616
71,21,PI,3,18,1.7507967531227293,-0.7039222251438002,1.8998451602314015,2.3788548056670624
71,21,PI,4,19,1.8597077241567685,0.6905871802332033,7.385097036321869,3.628142941888453
71,21,PI,4,20,1.0712738369844863,1.4004276623798133,13.343662790264343,3.869044303163212
71,21,PI,4,21,0.9646378167091338,1.547105433431879,3.9279509929423453,3.8589760323419493
71,21,PI,5,22,0.9666974937389292,1.8829501758943108,5.523583739691732,3.008492541706538
71,21,PI,5,23,1.6858478408485764,-0.6539613375824223,3.3442225410209425,2.4586803451458095
71,21,PI,5,24,1.7890924876847625,0.6755302894616055,7.787761081984742,3.633841371963456
71,21,PI,6,25,1.7014679829049553,-0.7447224112635826,3.0652869423558595,2.403867131045252
71,21,PI,6,26,0.9160956876143156,1.4459982944969871,10.835579051319066,3.7238784570967822
71,21,PI,6,27,1.7733260713470558,0.7049629014220309,0.6051581785405826,2.81458242273759
71,21,PI,7,28,1.3238491347357826,-0.5329349765550171,3.5928141102106017,2.443228572925678
71,21,PI,7,29,1.3450298321302143,0.7669937999241965,11.899650274117244,3.6444537782072666
71,21,PI,7,30,1.702003090236404,1.0741610687144254,5.078692444758379,4.2022868205992765
71,21,PI,8,31,1.8200634737015835,0.25846485142238684,13.259488824688962,2.972626969184388
71,21,PI,8,32,1.6455148005729368,1.3617897410829576,5.540939573721756,4.305502265421884
71,21,PI,8,33,1.8033194118108988,-0.38231082742211386,4.68658473494376,2.5503678478550427
71,21,PI,9,34,1.4640483735511363,1.3293883158859505,4.805749188579245,4.308266803978176
71,21,PI,9,35,1.2440519462375006,0.7289227397969902,14.288195168124517,3.504678523298967
71,21,PI,9,36,2.0013789366255677,0.2974417619350067,8.131488256198756,2.965664160590415
71,21,PI,10,37,1.3310484293411444,1.6718859037039668,9.38859696945114,3.816409310605091
71,21,PI,10,38,1.8844121365820783,0.21716646079814073,11.368071151845262,2.9079954623455126
71,21,PI,10,39,1.56767135260881,0.26845040383427143,3.067905830970156,3.2565020390160644
71,21,PI,11,40,1.8868622315752979,-0.3908707009560626,5.883734780842611,2.4589195171308385
71,21,PI,11,41,0.6781597273297277,1.291289670110296,6.640778482977897,3.5639559550348983
71,21,PI,11,42,1.434312835879218,1.6526881218928486,13.976599713659725,3.840307138488857
71,21,PI,12,43,1.30656528251212,-0.5985740056016153,9.181871587255339,2.238246226426872
71,21,PI,12,44,1.9364057396058438,0.6042602078190082,3.9880412720746303,3.559063909409309
71,21,PI,12,45,1.845282416449586,0.44328812376128757,12.200318094301439,3.2128309438833735
71,21,PI,13,46,1.4477783953978265,0.46783605856075594,7.989685194983865,3.346625583672142
71,21,PI,13,47,0.6922174106188128,1.5823543454632891,7.504057512017295,3.396310807500339
71,21,PI,13,48,1.9073964338337275,1.1975805565368018,3.1224963321488355,4.253803400034427
71,21,PI,14,49,1.7280910186720475,-0.016171490062353744,12.412379708018815,2.709972900743349
71,21,PI,14,50,2.3366983811655535,1.076036090714386,9.549330793226027,3.400219010199983
71,21,PI,14,51,1.2025789003834269,0.7723547339118317,7.805826471104424,3.6287631328781167
71,21,PI,15,52,1.0951006391701261,1.1748063182314326,12.983220892999071,3.86393606165624
71,21,PI,15,53,1.742193253024729,1.3032418113676294,5.782455514871778,4.28299992372482
71,21,PI,15,54,1.3035077374392445,0.16047322973889622,7.788702108028089,2.8895157864625873
71,21,PI,16,55,2.34765242176314,1.395344632335961,8.06110675361142,3.507039417102683
71,21,PI,16,56,0.9352202286320321,0.26508983815743203,9.369394680383355,2.6686004754387733
71,21,PI,16,57,2.02825108492458,-0.3866672234143753,2.875007359651207,2.4302413313020406
71,21,PI,17,58,1.2196562118683123,1.3247398675205608,14.6032689984585,3.992465740996343
71,21,PI,17,59,1.8273680072338951,0.7692351786465101,9.980201113859733,3.69979065999551
71,21,PI,17,60,1.5066154544502144,0.4671620121570734,3.943405418589457,3.482123702814577
71,21,PI,18,61,0.6125584021655752,0.4940896829105874,4.269459027572936,2.7297139310292566
71,21,PI,18,62,1.6594252264893807,-0.5774289027519962,5.738544693298869,2.430483525070901
71,21,PI,18,63,2.3985988621066743,0.7284304551854706,6.66153910163756,2.9279772043559413
71,21,PI,19,64,0.47868207997899126,0.8545792837361343,5.394281511316259,3.009827989154401
71,21,PI,19,65,0.4143641301941079,0.9346810949747106,12.182042926985417,2.8849780393683764
71,21,PI,19,66,1.742408381567015,-0.37096778922477136,5.160449143910753,2.5645747689127463
71,21,PI,20,67,1.6049906502585896,0.8320499204244305,3.5530172459140754,4.0020025494537
71,21,PI,20,68,0.9180933349793237,-0.30433710441242323,9.817522100623572,2.0833730157101833
71,21,PI,20,69,1.8037813859163907,-0.8977304059722317,2.578135358988366,2.2610670960310904
71,21,PI,21,70,1.2229618077922542,1.5677376297567247,4.616029906148065,4.040370633666749
71,21,PI,21,71,2.020793000586873,0.8118769318270327,10.804452819503632,3.5911403817526315
71,21,PI,21,72,1.8861811849916843,0.3082330722064699,0.8062083479069725,2.5472172912135576
71,21,PI,22,73,2.1156717680451242,1.601812247264267,1.5426804175961055,3.7604314799272833
71,21,PI,22,74,1.552967251555641,0.5588067330202899,6.317468345371165,3.5397586783800357
71,21,PI,22,75,0.5908639969956515,1.432097848022901,5.0840022716890045,3.4795771545105554
71,21,PI,23,76,2.159633035640614,1.8750735524413567,3.4995429565587943,3.1071368229130565
71,21,PI,23,77,1.1881518320056341,1.976272419989971,8.84998424300109,2.729845098067871
71,21,PI,23,78,1.4273049417320438,-0.29627587397354205,12.827382798623637,2.4424377080156505
71,21,PI,24,79,0.7607375420263698,-0.05447514216098681,10.704060862821994,2.098262229253661
71,21,PI,24,80,0.8839829608307381,1.4311138561982357,8.013792288947169,3.7474707055032983
71,21,PI,24,81,2.291412478667704,0.20354485867450256,5.768729459931849,2.485098285565953
71,21,PI,25,82,1.099918470848324,0.041768306231023455,13.116555995632561,2.5207085973335195
71,21,PI,25,83,2.214656555801729,1.4206566860952048,3.9603917806463724,3.8732667382191774
71,21,PI,25,84,1.069728015981696,0.8191062483912268,1.857030753509252,3.6714748123905663
72,22,PI,0,0,0.2690384229696683,-0.8024661721872098,1.3292870405459223,0.9533654052127152
72,22,PI,0,1,1.340977336564638,0.10767965660381362,14.815146607584143,2.7492970729066544
72,22,PI,0,2,2.0823098770336754,1.4293646313296557,0.7725300733614147,3.3640329894722885
72,22,PI,0,3,0.9753248455860772,0.6261258422343352,0.7530692848011713,2.611609783012282
72,22,PI,0,4,0.683774559266914,-0.34652666743225957,3.2480687411214846,1.958089969218917
72,22,PI,0,5,1.878451530236839,-0.026853885911402697,1.5486434448581023,2.7331713807501767
72,22,PI,0,6,0.2792169015221977,1.7019554934412886,5.844567723952071,2.716240753309485
72,22,PI,0,7,-0.3999258952415624,-1.2664234573360598,7.683061204361468,-0.10226850269598842
72,22,PI,0,8,1.3946567156105685,-0.05516645505752571,12.724942737956042,2.630575578487563
72,22,PI,0,9,0.8600156289795298,1.291020078086563,8.477720900186016,3.734442057073772
72,22,PI,1,10,1.1078154978830028,-0.056261982084508055,1.6466926648743208,2.5673377962588777
72,22,PI,1,11,-0.22290318095650186,1.265689245359538,0.6052506306301775,1.666955045236225
72,22,PI,1,12,0.31725003697753906,1.4131846688367466,13.34532159310123,2.9858614789232023
72,22,PI,2,13,0.7679701552384093,0.7785596752479056,14.91787670818275,3.100273103120328
72,22,PI,2,14,1.678123270548352,-0.10251539155774636,11.32926058834909,2.6525735003136592
72,22,PI,2,15,1.352292596142184,1.089613850040402,3.034569936614878,4.214855598077193
72,22,PI,3,16,1.2774177281527033,0.9955651485396917,5.986189773740993,3.992448917673107
72,22,PI,3,17,0.022261482961993817,1.3640824914360286,6.374055608130695,2.78859393364164
72,22,PI,3,18,0.9334382849356082,1.1459338378307486,14.301240216128225,3.673852717330515
72,22,PI,4,19,0.9272771733636995,1.4748271473016543,4.545777041436781,3.8663179270195913
72,22,PI,4,20,1.1761063600133372,0.04687989678946436,13.372613930574923,2.587421693319109
72,22,PI,4,21,2.0193171982362803,1.3734793058882873,1.425264437381059,4.022748934486349
72,22,PI,5,22,1.6176594965255973,0.6552509070403914,14.894017756248223,3.5376988138669665
72,22,PI,5,23,1.8545496089368032,1.0986912213943896,0.8549840490742069,3.6186052688106387
72,22,PI,5,24,0.08125755487031583,1.6037666747372867,6.544214711751657,2.6528016744546186
72,22,PI,6,25,1.9528696643312249,1.3723667623709885,6.445494055190259,4.139661674825259
72,22,PI,6,26,1.6246891077136678,0.3444915977754692,12.744940402355324,3.136320124074251
72,22,PI,6,27,0.012847247319579758,1.3790948115816732,12.489408325393253,2.662712860074216
72,22,PI,7,28,0.2987986680379131,1.3426680747925919,6.476499385375334,3.1004744417736276
72,22,PI,7,29,1.4640674631755353,0.9190415343255749,11.608505072400515,3.8879100056523477
72,22,PI,7,30,1.8130136508874237,1.3476683180915305,3.697901855619237,4.325429378405111
72,22,PI,8,31,0.7698035671999222,1.3568524093903496,4.433977332550391,3.7432280022991185
72,22,PI,8,32,2.3262671766495226,1.5057241715917868,7.129388052642341,3.5072892396448556
72,22,PI,8,33,1.6327516848948656,0.4294173098654075,1.088670147603369,3.109064247056824
72,22,PI,9,34,1.360170441576531,0.4798531773126795,0.619536596260019,2.4898437917707334
72,22,PI,9,35,1.8295764154684302,1.1934420733641211,7.734801131209451,4.163032513702565
72,22,PI,9,36,1.5358544163702694,0.37224681728195486,14.998748835776627,3.142264549496416
72,22,PI,10,37,1.4698677330511511,0.1157562707668629,1.9128408284650316,3.0176227025247324
72,22,PI,10,38,1.8374819650654928,0.5537151516321028,11.329426261767905,3.380118865853443
72,22,PI,10,39,2.073801569202374,1.2678405563649604,3.6236617615128632,4.103436452215896
72,22,PI,11,40,-0.3364637555311273,1.5021992084092228,6.141257263826118,2.4341348284488618
72,22,PI,11,41,1.4317320671718639,1.0929603167274027,0.7465183063768768,3.4878510036908685
72,22,PI,11,42,1.2615272283971457,-0.03750934078759016,13.776018202943913,2.560958008497105
72,22,PI,12,43,2.460870599604182,1.5098163802893412,4.101744893559816,3.2824578806954356
72,22,PI,12,44,1.9506424354729726,0.5292480513819,10.738944477851527,3.2761516801693196
72,22,PI,12,45,1.2664394309999585,1.5628521868171488,5.25582273252993,4.055189832516599
72,22,PI,13,46,1.938837199154063,1.06558351468512,7.6191644596817145,4.005371571009743
72,22,PI,13,47,0.7924229253228621,1.2431266773145029,7.128710377893725,3.6765187038351392
72,22,PI,13,48,0.92993866718232,0.2207256265785329,1.3468248066245323,2.5861752726499656
72,22,PI,14,49,1.1504138721395445,-0.030676028915053166,13.477498643702255,2.4872988741413735
72,22,PI,14,50,1.4030250408648888,0.039755181752259894,1.2240669653654548,2.6867942945954595
72,22,PI,14,51,1.9787423265206545,1.111265009326765,8.093072225136483,3.9962037450432817
72,22,PI,15,52,0.9493772712920725,1.316160153695006,9.202439038398445,3.8196618742098734
72,22,PI,15,53,1.873920885795111,-0.02868300168702076,1.2172238488252152,2.583228614226556
72,22,PI,15,54,2.074544505723476,1.4004239614662866,3.783924190010872,4.091234433141465
72,22,PI,16,55,2.325214679565969,1.2517937351491129,6.478261039989937,3.5937473523145806
72,22,PI,16,56,0.7654623527273596,1.6182818929527287,13.892780704740188,3.330580638667717
72,22,PI,16,57,1.1555634550255633,0.604295983683131,6.926994867480985,3.384760804146859
72,22,PI,17,58,1.5834762452452291,0.6981856527765951,11.85652880579624,3.628130304133896
72,22,PI,17,59,1.9368933715194716,1.897600978525154,4.354216822633796,3.248948105301558
72,22,PI,17,60,0.740072649016039,1.1489918185273633,0.4581330266148347,2.4341538863048067
72,22,PI,18,61,1.22808437188452,1.7754197374018559,4.240747150263768,3.638208211284872
72,22,PI,18,62,0.6219186262297767,1.1637841404592724,14.393132805565367,3.321067674079119
72,22,PI,18,63,1.7768833103914052,0.30165889414523206,0.613935284051698,2.282306323698595
72,22,PI,19,64,1.031940243111248,1.9649877342871989,5.578496804513149,2.727372598971962
72,22,PI,19,65,2.4523009300738274,1.8064417983215058,3.8433105423810714,2.738713559443929
72,22,PI,19,66,0.36684966122840756,0.8216090747972524,14.71702038661562,2.6633627916377676
72,22,PI,20,67,2.4726502019464545,1.5269461530980193,1.158591420689222,2.9595491265602925
72,22,PI,20,68,1.6820007099413448,1.294557366805158,10.943924133979493,4.18510447998065
72,22,PI,20,69,0.10670026392603038,1.856958277866776,5.610101481677424,2.0803006928503693
72,22,PI,21,70,1.149286786229304,0.6995621284412739,1.8502554498427641,3.582617562556461
72,22,PI,21,71,1.3906117549065273,0.41493466156626546,14.078838029833186,3.161382151609857
72,22,PI,21,72,2.5832761384241,1.7151866280126669,0.9657858516269399,2.16066697903738
72,22,PI,22,73,0.8288787874658878,1.0498367785054392,8.992952147501688,3.5564533062624166
72,22,PI,22,74,2.3015541169786946,0.5981082960128994,11.579300601942148,2.8667690199806133
72,22,PI,22,75,2.1920887750724884,0.35585836923599357,1.8339010903261233,2.8906243626290475
72,22,PI,23,76,0.7100852076526456,0.6317888267531404,1.6958539483690194,2.9997986141332778
72,22,PI,23,77,0.47098269504395573,1.489980309287985,7.523549123245455,3.2225721880527596
72,22,PI,23,78,1.982076973125233,0.08006543994449133,1.587585367758101,2.7719926095519805
72,22,PI,24,79,2.1039414291597143,0.9121153795351509,2.061483434257181,3.7882480359312813
72,22,PI,24,80,0.45911905149066734,0.9464018142196866,5.645304197578027,3.084726920688367
72,22,PI,24,81,2.241736309739839,1.2618465488931814,10.37830069788044,3.676266015811596
72,22,PI,25,82,1.1539039461017682,0.28198981041458504,13.020779109215722,2.8455603410255
72,22,PI,25,83,0.62314124647066,1.2512596779023983,12.496499426506468,3.3818681339759387
72,22,PI,25,84,2.41088358271221,1.5601878202559796,11.405897237881588,3.179946545666703
73,23,PI,0,0,1.4932279224165703,0.745103773073807,1.9305347205402257,3.849876599270708
73,23,PI,0,1,-0.6750730166592223,0.7867093246710555,12.802003132371444,1.876112787488419
73,23,PI,0,2,-0.34595137459620173,-0.736934770199924,10.749052954217818,0.43580038357201434
73,23,PI,0,3,0.6590046692910809,-0.04672324275750994,5.237867922959576,2.106942472237986
73,23,PI,0,4,-0.861378524502023,0.09133158069045355,4.522497740715563,1.2142282461661507
73,23,PI,0,5,0.3539798270469787,0.39104236766678735,10.254161791391196,2.1183281898132993
73,23,PI,0,6,1.2346996335150426,1.0994655886100015,0.27424211932542214,2.7170158871121486
73,23,PI,0,7,1.344958968548947,0.39721892064412834,12.770263855279737,3.1290705902492393
73,23,PI,0,8,2.409152291913421,-1.4551190853520575,12.425096141549593,0.35781079039723074
73,23,PI,0,9,-0.1533286205186738,0.686477963837774,11.466510984413667,1.9632799754903718
73,23,PI,1,10,1.4243347724306323,0.6214597511620532,13.378864629276057,3.4667095713790257
73,23,PI,1,11,1.3987957875290915,0.41345534783110116,4.631297552119625,3.348747600120303
73,23,PI,1,12,1.307767076607603,1.3161337607345418,0.2275694219486585,2.850953957428489
73,23,PI,2,13,1.4395198091454362,0.1710903294109718,2.190785685643917,3.097246736947201
73,23,PI,2,14,1.2652051172949177,1.4224952153333188,2.6701683490214227,4.245680302704311
73,23,PI,2,15,0.6196539163850736,0.1715887658114994,12.11596967119662,2.147037840145419
73,23,PI,3,16,1.2968938624742088,1.5654889581925757,0.10398434992132087,2.7000801633635403
73,23,PI,3,17,1.840691589000607,0.6277397889648046,2.7263337764823308,3.686534368215632
73,23,PI,3,18,0.5634791238050052,0.11627062466401017,12.002551844385657,2.0156244788760613
73,23,PI,4,19,1.655360015270952,0.6624658465651927,13.200580670891243,3.563077005740465
73,23,PI,4,20,1.725779325782339,0.48489998303090553,2.313986186450322,3.5272861533493254
73,23,PI,4,21,1.049794541979547,1.5929676997476094,3.1372175916330356,3.9068475520421684
73,23,PI,5,22,1.5067420017381123,1.960773343846693,1.5439065918091877,3.014294228428521
73,23,PI,5,23,1.5436973832115268,0.06504872458817279,2.43986635130458,3.0174831044813923
73,23,PI,5,24,0.9749880614828319,0.5640742597580264,13.108962059567448,3.0560942547949415
73,23,PI,6,25,0.6906884713921577,0.2949669162234134,12.851946664127489,2.3757580778944467
73,23,PI,6,26,1.8082528932313702,1.7386387620930033,2.344820212809657,3.8761963332145744
73,23,PI,6,27,1.7535862531599289,-0.13869603827309862,2.8057613203930085,2.8088914556312727
73,23,PI,7,28,1.4539105591002213,1.5231394089848065,2.1419725056297905,4.251020441583642
73,23,PI,7,29,0.5575038080245127,0.5106597350821733,11.316376042721794,2.518315819232022
73,23,PI,7,30,1.0429688218443682,0.41428996948170127,2.1760860728257034,3.130901942815674
73,23,PI,8,31,2.2354588338011774,0.565772798141031,2.7216628771990132,3.1552357175218195
73,23,PI,8,32,0.8080711278592994,1.456956352466058,3.639486376025368,3.776618450339515
73,23,PI,8,33,0.7312916360953972,0.7756159111590213,12.238003459941126,3.0813541859315166
73,23,PI,9,34,1.065596053202043,0.46345799200362836,3.3056091976189568,3.2250981220269996
73,23,PI,9,35,1.2713150735451175,1.0106024521349974,12.428777605993693,3.8797814261136767
73,23,PI,9,36,2.4710971600877643,0.5899015756220694,3.028467558401979,2.66988979956063
73,23,PI,10,37,0.6976050113844172,1.4874729164907459,3.9414693092460147,3.613859876143177
73,23,PI,10,38,1.9482565358975954,0.32165503343567137,3.0161866432475577,3.193805056919799
73,23,PI,10,39,1.2175266732419074,0.5196737457638196,12.640251404096029,3.2158312473900947
73,23,PI,11,40,2.190163436761914,0.9464631142903879,3.4869397181514445,3.711135607735621
73,23,PI,11,41,0.8718985568028732,0.5040616637850368,12.51634395524468,2.8697469719547914
73,23,PI,11,42,0.6145374112820348,1.650571422643261,3.653139630078496,3.308880836259546
73,23,PI,12,43,0.3060226136262769,1.6037633573526966,3.4597376551070362,3.010760959973361
73,23,PI,12,44,1.8786712481793892,1.171852663269017,1.7035540135884402,4.1873259554611515
73,23,PI,12,45,1.7113417192553735,0.0321833334229793,2.7198013870184456,2.9823922855889906
73,23,PI,13,46,2.0859340562893216,1.1826465968956725,0.9102811331030909,3.5309126491655496
73,23,PI,13,47,0.49978818386493895,0.7028116174400814,12.460786850040302,2.696246128144346
73,23,PI,13,48,0.7999728237473946,1.1421156270087027,1.2988068139854794,3.5412363501044966
73,23,PI,14,49,2.4338438963439235,1.2216756986183883,0.4022034101384908,2.1048579049426897
73,23,PI,14,50,1.2668355402835285,-0.18306181458115112,2.2996782741798496,2.661359219296411
73,23,PI,14,51,1.3740525395599952,0.3690546974107569,14.038885865705549,3.0928842152835134
73,23,PI,15,52,0.7074498094270054,0.9112779705733223,2.999929492673483,3.4360096484681857
73,23,PI,15,53,1.4492225340021965,1.528119066865473,12.042078193023634,4.04677814749043
73,23,PI,15,54,1.8393830204450938,0.7397973868923775,3.4512931421341047,3.8269846399995133
73,23,PI,16,55,1.09468873253171,1.532523262318552,12.001411828444263,3.81447122393181
73,23,PI,16,56,1.6508191149903753,0.4120043876953474,14.629213030463536,3.2047861728388796
73,23,PI,16,57,2.26013188314638,1.141533100591885,0.8162102646204865,3.114123190449729
73,23,PI,17,58,1.3389169658531075,0.49064718882404024,4.506046348010037,3.4283682912418074
73,23,PI,17,59,2.300658387727168,1.2196052496945242,2.4328420640773363,3.739378274506831
73,23,PI,17,60,1.078572216294222,1.5111072547121904,3.0492924684458527,4.032710092544833
73,23,PI,18,61,1.3953044626641495,0.9727270283305658,3.7728784866124134,4.107078349537515
73,23,PI,18,62,1.7831370269082991,1.9969706029905936,2.7239218771316085,2.942814925470068
73,23,PI,18,63,1.2715073908132553,1.1805616263802121,13.396079302320112,4.0001959869434245
73,23,PI,19,64,0.9845870013622875,0.9916321693486827,2.671142918237061,3.8372844299590008
73,23,PI,19,65,0.46674785886057957,0.5116734068128812,10.798243349795648,2.4137344229484308
73,23,PI,19,66,1.4189673798126763,1.821370569814159,12.635790104257111,3.4244578417446734
73,23,PI,20,67,2.190606129991453,0.8209469147421706,3.9473609343112934,3.5462979332562874
73,23,PI,20,68,1.1764488384852583,1.5782551872627573,12.664959430419804,3.820251360065991
73,23,PI,20,69,1.7083959366284756,0.40515570590679517,14.791637121503044,3.1859233064171377
73,23,PI,21,70,0.772326569187024,1.2967908729132342,0.17039983779878645,2.34766390909287
73,23,PI,21,71,1.8731054371297664,0.3402080894846744,3.059736977778807,3.272717614908186
73,23,PI,21,72,0.7051597411080188,0.18950386322420787,11.482560670438996,2.2808925879408912
73,23,PI,22,73,1.5824813686484607,0.7620761103503506,4.271895514977803,3.8865860608897043
73,23,PI,22,74,1.028099417594413,1.2125900731062567,11.514093755237745,3.8380662152262994
73,23,PI,22,75,0.5755564153182768,0.277066702009636,4.167257711309235,2.400066537551917
73,23,PI,23,76,1.4643214409969625,1.0665024503784406,10.659796333754596,4.050175320425894
73,23,PI,23,77,2.2458710688194468,0.31580680711609777,2.619440184808352,2.7993101587015525
73,23,PI,23,78,0.3350236933651567,1.1146760582272055,0.6997343428467294,2.3289163843205545
73,23,PI,24,79,1.5115480218821462,0.4488402003854357,3.4088319064934463,3.475164767640286
73,23,PI,24,80,1.2824978793946773,0.49427608487836094,11.374393072538487,3.2415785342989256
73,23,PI,24,81,1.8590538058045905,1.2609864455217523,9.015127695019352,4.145582847836282
73,23,PI,25,82,1.0363882104893816,0.5781560744886312,10.098672915318762,3.177050007910534
73,23,PI,25,83,1.405622393047714,1.7926779208682486,5.267068776540157,3.6562162946013377
73,23,PI,25,84,2.2316716400341283,1.1511282593110588,9.284915325002546,3.6629664034133125
74,24,PI,0,0,0.13421464263323157,-0.08187939526299659,8.621492552088553,1.3477363977329846
74,24,PI,0,1,0.7924159302885432,0.4747437760058777,8.54573997031552,2.8006321777167464
74,24,PI,0,2,2.16657347724665,-1.1974933865315942,11.137386585027752,1.370637511109022
74,24,PI,0,3,1.9657124671926556,0.9925602450950795,6.14947418219028,3.9519987751424406
74,24,PI,0,4,2.423818255886791,-1.3916780229355776,12.044296591935739,0.4831601931399827
74,24,PI,0,5,1.1498557126040572,-1.3560581894107295,4.986658780157507,1.4023570305247772
74,24,PI,0,6,0.31360487338931065,-0.8838413526689186,9.639370104349135,0.9716736892937028
74,24,PI,0,7,0.5414432158864451,1.005316921036683,5.572184810976208,3.2514827221488787
74,24,PI,0,8,-0.89752685164652,1.0049496647938359,10.995946436722052,2.244811146843368
74,24,PI,0,9,-0.7930248735339938,0.12911848465686582,6.828635425442691,1.1499411055045028
74,24,PI,1,10,0.37193604725996554,1.1917421800213046,6.2713328902771845,3.161663010101041
74,24,PI,1,11,1.7999658777523635,1.0451883382770406,13.423538055687704,3.982517218593344
74,24,PI,1,12,0.6071135218096004,0.6727143687093546,2.2516955060945567,2.998615778388082
74,24,PI,2,13,1.5436635808451977,1.4181274465319458,0.45770178289012853,3.1028495469627524
74,24,PI,2,14,0.6522551940454782,0.6645121553833588,6.4118006109777355,2.945189040881467
74,24,PI,2,15,0.5083141978153887,0.49385610536072,14.15493008259006,2.4005484581028522
74,24,PI,3,16,0.47067203110358813,0.4058407045179706,10.153542918924684,2.2845273559053894
74,24,PI,3,17,0.3152916592037196,1.1928484141440285,3.0035662163382226,3.194881415230471
74,24,PI,3,18,1.7187306913372575,1.486370061307578,0.2927834826622022,2.8891880299518053
74,24,PI,4,19,0.18946728064662022,1.1235647593878495,0.240714660793301,1.5641957835659275
74,24,PI,4,20,0.5380952849304554,0.6227610461857891,11.241968181712787,2.6501595097408925
74,24,PI,4,21,1.513811791697016,1.417081166070246,5.441868362637231,4.281482461587319
74,24,PI,5,22,0.4875826309328031,1.5224283012358573,8.048384869200865,3.201884398382991
74,24,PI,5,23,1.3845863062132815,1.2896354777238668,2.0844856401498526,4.31047186160805
74,24,PI,5,24,1.9992939997564552,1.4187978140329642,13.012197715502422,3.9642771657192393
74,24,PI,6,25,0.398257135176884,1.9815874580745474,7.384381851513725,1.8576717934027314
74,24,PI,6,26,1.3816881026311134,0.42404672843828184,8.250854271825215,3.254302472780077
74,24,PI,6,27,2.237280253776327,1.2599583830692405,12.492206666686624,3.6548303742606785
74,24,PI,7,28,1.681925377717271,1.007345473354413,3.114162820472029,4.20785462136667
74,24,PI,7,29,1.4558945622112294,1.1076969900405587,14.121075627546318,4.038099934843557
74,24,PI,7,30,0.8767921784283212,1.6328408359391697,7.2718947544821715,3.5389846572960293
74,24,PI,8,31,0.902202461934126,1.0626121098412145,5.853393578992258,3.7252400042734917
74,24,PI,8,32,2.0886810553012154,1.0565590320759473,12.523597821431657,3.759437651681508
74,24,PI,8,33,0.8489292617140056,0.8945831504268957,14.893859604254292,3.3387755194340736
74,24,PI,9,34,1.7928328566704206,1.6111441339097823,7.086985101874415,4.0218649658798835
74,24,PI,9,35,1.0534199243597904,0.46854935330939673,9.397163083324056,3.054111794279989
74,24,PI,9,36,0.6243243402555758,1.0038261644558126,1.2923977749466802,3.21144234028366
74,24,PI,10,37,0.9905059933594829,1.4051366421149165,6.576281621271217,3.9065258425547347
74,24,PI,10,38,0.16067272211630468,0.8112081015433499,10.587570629826288,2.4538365895054466
74,24,PI,10,39,1.8823537958929841,1.727405882369038,14.073185957791909,3.6308775542246527
74,24,PI,11,40,0.8631764584743449,0.7300550783349555,8.892710138922457,3.225422933276496
74,24,PI,11,41,1.9311625611661376,1.2220529753921001,3.8807893187648794,4.2246099128032455
74,24,PI,11,42,2.213725513710429,1.0758364521709667,12.964015964457449,3.585997337610811
74,24,PI,12,43,1.5954263893071081,0.6389302073717746,9.29663946060102,3.5868820716590357
74,24,PI,12,44,1.0176660708223344,1.329823183551813,0.9315119277961865,3.5430425917473296
74,24,PI,12,45,0.18105662088834085,1.4898785691996914,8.821891669906002,2.843329368377333
74,24,PI,13,46,1.4818092438675263,1.4758825550049335,12.43673191669219,4.098628182588625
74,24,PI,13,47,0.09609453525493517,0.9917919263658432,5.694799894241143,2.6993948696968824
74,24,PI,13,48,1.2987056063531348,1.5164041566093966,2.912533274255857,4.1995759588058394
74,24,PI,14,49,0.5264769742261184,0.8580646878228828,5.800694788622921,3.061100503243186
74,24,PI,14,50,1.4510698070151609,1.4923473683591797,3.477295037827533,4.282350388587542
74,24,PI,14,51,1.0306657623663642,1.0481869092834075,14.452828909242449,3.6955827513787787
74,24,PI,15,52,1.2352729897120804,1.1276676562851051,10.05986688219194,3.987090935820061
74,24,PI,15,53,2.4157031968506804,0.9569318746779998,11.294068987419754,3.079055338543702
74,24,PI,15,54,0.8933868759078092,0.9230794098162578,1.3776562382928277,3.4842057376074274
74,24,PI,16,55,2.098090555936686,1.6371342292344528,5.093158165629426,3.7784653738874465
74,24,PI,16,56,2.49856001161793,1.2753449486520632,12.23741846969808,3.0749469928417854
74,24,PI,16,57,1.008701169587563,0.5638327733694988,12.084724054067584,3.101856264547194
74,24,PI,17,58,1.0701752357659617,-0.40700455972101834,12.094151057202959,2.1321140336870563
74,24,PI,17,59,1.9883090556611966,1.4592902336448343,3.8684534667860357,4.153814318187675
74,24,PI,17,60,0.8811767556652621,0.6207134832781489,6.537598802765163,3.150273010407012
74,24,PI,18,61,1.5581673894286392,0.46576579994250444,4.193291969055066,3.4811142405201876
74,24,PI,18,62,2.3436578183375643,1.9420121865677538,5.841378831026376,2.4235905170087664
74,24,PI,18,63,1.641098321034106,0.2385494503613783,12.505600921176855,3.0044747174683875
74,24,PI,19,64,0.4782709260469997,0.8337490050199001,2.6354963843546573,3.061097506001289
74,24,PI,19,65,1.6270904292017772,0.9438732009474404,4.667581031806208,4.096902911041216
74,24,PI,19,66,2.184745524517778,1.361703980237099,13.761891161566137,3.7344405515525843
74,24,PI,20,67,0.7638698775708503,0.8369298481675962,11.265529264808608,3.211368371412801
74,24,PI,20,68,2.2652117615280116,1.722012743486268,12.559831934804754,3.185988669135286
74,24,PI,20,69,0.5903988710095789,0.336011192477091,4.308044388085411,2.4889237495175407
74,24,PI,21,70,0.5728377088709131,1.7023387851670733,2.2466403651429574,3.1597711592847064
74,24,PI,21,71,0.8350215796976592,1.0852455423856577,13.103942956041967,3.533870660044416
74,24,PI,21,72,2.170393604844147,1.2455267374486265,3.8678656558547533,3.9559556659774247
74,24,PI,22,73,0.5592506083889071,0.9082549024897859,14.736225685514245,3.0082108516427737
74,24,PI,22,74,0.2980952498488565,1.3910244971856476,8.774764444393396,3.0370257124511797
74,24,PI,22,75,2.224667212622475,1.68283234297055,9.690079661348745,3.3871355275889954
74,24,PI,23,76,1.3135197783317034,-0.043766338028653706,9.846296367305309,2.6394297631784163
74,24,PI,23,77,0.7632687931602313,1.9734814487986005,1.9343701960435349,2.441569746144407
74,24,PI,23,78,0.30302715232938726,1.4941604456804534,11.056956686748581,2.946811467823802
74,24,PI,24,79,1.6525921229495513,0.9382008442423304,2.0731480482730658,4.119735721690604
74,24,PI,24,80,1.0259899049113805,1.946539110486703,11.211552211079011,2.684778218051499
74,24,PI,24,81,0.7570829398473011,0.7666155565155686,8.146766721521507,3.1668055518824954
74,24,PI,25,82,0.7579708735707924,0.3805013104703523,6.211241282601465,2.689565060632468
74,24,PI,25,83,2.1329913044950453,1.0706967839651345,14.055739635970136,3.6952479903500404
74,24,PI,25,84,0.10591176568516358,1.597325121524495,9.512959101501671,2.6238879791184018
75,0,UCB,0,0,1.2803258255202747,-0.5557465018264539,0.6155618855189842,1.4298285623381422
75,0,UCB,0,1,-1.038236226029887,1.3464458372009536,13.691420903588549,2.5156292474185618
75,0,UCB,0,2,1.166997894041951,1.0532379634439946,8.154831246989877,3.911910942489584
75,0,UCB,0,3,2.39436564769489,1.3554874394253624,0.04207476405205128,2.1154370892183443
75,0,UCB,0,4,2.104119781607747,-1.3824504864308746,10.94510204100273,1.1169347515592012
75,0,UCB,0,5,-0.4435749458082371,1.521126228224603,8.122376842516127,2.317676406183738
75,0,UCB,0,6,0.02002333493820685,-0.020594725808195324,0.425766747510799,0.13443507222537385
75,0,UCB,0,7,-0.6355533957211297,0.847185451427706,9.708195484102177,1.9930562497833715
75,0,UCB,0,8,1.1996941616054455,-0.15712856008340803,14.958151826902377,2.397072649740676
75,0,UCB,0,9,2.565381661006772,0.8993969456824313,9.757238684740976,2.6314662209934747
75,0,UCB,1,10,-0.33338666688045293,1.0824312312906539,14.720730798825063,2.2600391573503957
75,0,UCB,1,11,2.010305424851469,1.0843077408531303,14.760691741073842,3.849519352583095
75,0,UCB,1,12,-0.771454614578472,1.0307902598163117,1.46788193955903,2.2578208838897287
75,0,UCB,2,13,1.249780968373659,1.8112230157872324,14.923798289276574,3.339633500618084
75,0,UCB,2,14,1.7913867205547276,0.540725514859627,14.364575626549685,3.349070682336478
75,0,UCB,2,15,1.7364814298505071,0.5660870854689994,5.242531523329799,3.5711035020661255
75,0,UCB,3,16,1.4726870708395414,1.1642965970508845,14.83125202777272,4.0745265614229815
75,0,UCB,3,17,1.3859771383079473,1.2590082966709844,0.06952533223240331,2.8824094576914505
75,0,UCB,3,18,-1.0994664796626497,-1.4971955438618756,12.540139526935988,-0.461175793699242
75,0,UCB,4,19,2.6222929440683016,1.9742274646611833,14.737025717430718,1.3753677214241085
75,0,UCB,4,20,1.6320262956467446,1.1510392152716329,9.178514608766221,4.162651849650533
75,0,UCB,4,21,-1.0785775147342231,1.8150346803301907,0.1959984394847131,0.6706023031730034
75,0,UCB,5,22,1.6011125817975138,0.9785881178124893,10.579971995919848,3.992625971965406
75,0,UCB,5,23,0.11874763147538214,1.9998736872255893,14.96765766510698,1.3240260981929224
75,0,UCB,5,24,2.6213359298572327,-0.3419762669881956,0.08937655275411442,-0.23396898699612897
75,0,UCB,6,25,0.8312249371726459,0.6270296216779601,5.461854731703429,3.1347966472568
75,0,UCB,6,26,0.8831059220772155,0.6266055477698766,14.623323814648995,3.029207588483548
75,0,UCB,6,27,2.458649222958723,0.6715638905723638,0.13434684519661913,1.3731985305511745
75,0,UCB,7,28,1.4978920174415884,1.978398672209193,6.099552139235987,2.950004903944694
75,0,UCB,7,29,1.7162468207640318,1.4378370650699908,14.982985732636223,4.1049576563874455
75,0,UCB,7,30,0.7671116111319256,-1.4932558842300885,14.911642353585648,0.48817135412189505
75,0,UCB,8,31,1.4548652430561506,1.4063357759500934,10.369066147759805,4.157053848532053
75,0,UCB,8,32,1.4072039391397975,0.29536647463880605,4.087198411965357,3.216762537505245
75,0,UCB,8,33,0.6843809902260696,1.6620952909317945,2.164691166439782,3.3758549112220986
75,0,UCB,9,34,0.987553336844627,1.4907069111628508,0.07161760284868134,2.5214025519454157
75,0,UCB,9,35,0.9871860041730138,1.4932633485958484,12.565635736910611,3.7420487622040537
75,0,UCB,9,36,2.2620440882103896,1.6596158536319394,6.573940407420086,3.4341858852224485
75,0,UCB,10,37,0.024447967607244436,1.4910098226297004,0.0843015135407272,1.3917520748251455
75,0,UCB,10,38,0.5661060968344813,1.3400448378548888,8.615592149060134,3.3815989165089793
75,0,UCB,10,39,1.82948415441414,1.350262916559708,14.561655648909404,4.094669749782701
75,0,UCB,11,40,1.4132150373829098,1.2656877335236776,4.558644307874948,4.290927428439576
75,0,UCB,11,41,-1.0765605071256914,-1.489027601324492,0.5572790913829643,-1.3403648990112027
75,0,UCB,11,42,1.670273088654743,1.2817389652253577,13.490094924169105,4.153089191154361
75,0,UCB,12,43,-1.092038054215808,0.3677557511894287,14.985887878266977,1.5671313975136028
75,0,UCB,12,44,1.1642037289708833,1.1687052206033135,4.0554732402918665,4.113466269364809
75,0,UCB,12,45,2.6311292603118464,-1.4668921027395445,14.96656832322205,-0.32945260774474705
75,0,UCB,13,46,1.2813130911930068,-1.4732872019889909,5.463806595274682,1.1996566532335828
75,0,UCB,13,47,1.6604283703435456,1.2540016977852702,5.46851978609648,4.2994149336540906
75,0,UCB,13,48,1.6044052429369544,1.2348503561962065,14.456864941977015,4.133743164627122
75,0,UCB,14,49,1.4801783820918848,1.3006257455848553,5.9391957831928055,4.275509710894681
75,0,UCB,14,50,1.6321568995404503,1.2952935681528106,14.999265252218551,4.143116422216378
75,0,UCB,14,51,-1.0989454244385626,0.4984957429391226,4.269669215235565,1.9594917292793275
75,0,UCB,15,52,1.6090344681987352,1.2507006488146435,4.5400691420984165,4.331528677823579
75,0,UCB,15,53,1.5957694567140717,1.3508288550795329,13.282880945257917,4.160232009762144
75,0,UCB,15,54,1.419097900286503,-0.3335315675854078,8.67580459066548,2.4751830267051655
75,0,UCB,16,55,1.6424565524381136,1.2811168728039228,4.601689218693043,4.336017586957643
75,0,UCB,16,56,1.501095979429175,1.3293623488592887,13.231916806385891,4.148016730854691
75,0,UCB,16,57,-0.0601734589588967,1.3713099025643465,4.368910149005691,2.770645122919926
75,0,UCB,17,58,1.6163504457475124,1.2249099794938934,4.855193535513611,4.31196654183724
75,0,UCB,17,59,1.6059311715258957,1.275955446008207,13.385823716546103,4.1560606562584494
75,0,UCB,17,60,0.16109641936991181,1.9943409673819268,5.048604332238793,1.5788970014752932
75,0,UCB,18,61,1.584580132761546,1.4677914165345909,3.4553831695822583,4.3300836328443575
75,0,UCB,18,62,1.5514737600871769,1.3208626473990535,11.885454911823622,4.173938261171447
75,0,UCB,18,63,2.6161211309209444,-1.4730517708352626,6.319008790560105,-0.1565975787844236
75,0,UCB,19,64,1.5598135899810952,1.3651553615852783,3.6549156340194493,4.36561316382171
75,0,UCB,19,65,1.580850556310076,1.2838554545620773,12.116312345739672,4.17089726423724
75,0,UCB,19,66,-1.093563051804638,1.207890720369598,3.93001835976032,2.7621127749541112
75,0,UCB,20,67,1.529666063875386,1.3600231860824494,3.7941385719275464,4.357198550627507
75,0,UCB,20,68,1.515443649768594,1.2975638112831307,12.085290365743482,4.163332391539089
75,0,UCB,20,69,1.9534934817352947,0.09853673567494226,7.69124877341754,2.783750393606328
75,0,UCB,21,70,1.592043213382862,1.370034151574599,3.8632411635156356,4.360870564775336
75,0,UCB,21,71,1.527906229872043,1.2398400420055382,12.143462077101331,4.152155165534773
75,0,UCB,21,72,1.5645126737115005,-0.07771734441537714,5.353426247083624,2.8052320599793124
75,0,UCB,22,73,1.5950356238224819,1.3791596941346729,3.8743953194508154,4.358626765648482
75,0,UCB,22,74,1.5110457348026745,1.315702812185715,11.969454243527501,4.16518820558081
75,0,UCB,22,75,-1.095290325567278,1.3812999869757858,11.276552137826734,2.6073924806160167
75,0,UCB,23,76,1.644674207605295,1.3867537555494827,3.76427717688779,4.360069225096363
75,0,UCB,23,77,1.4813710307743269,1.316347933238955,11.802846046956674,4.159713577576393
75,0,UCB,23,78,1.635817554993166,0.10221298312034,7.615119621956104,2.927590979634523
75,0,UCB,24,79,1.5903615380236777,1.3460145265596255,3.971358412006342,4.360646890734017
75,0,UCB,24,80,1.5252583028785907,1.2732441181125504,12.264302032616323,4.159234038849357
75,0,UCB,24,81,0.14614806186423923,1.224429172800236,7.386620544023287,2.878811125011823
75,0,UCB,25,82,1.5498979237977633,1.3660555376380272,3.6958377942479714,4.3627869066110545
75,0,UCB,25,83,1.6073283271568912,1.334817672815742,11.538106057846063,4.183042134691493
75,0,UCB,25,84,0.01972940268066825,1.3194888334579709,11.5555772833102,2.6879895025360288
76,1,UCB,0,0,0.8126774115048594,1.8266229371407734,2.163250031181786,3.104339427457295
76,1,UCB,0,1,2.4451029839518803,-0.408589917963301,6.3504734081396625,1.567455147783362
76,1,UCB,0,2,1.993124593106991,-0.06780302270793559,8.244355721408219,2.56622020147804
76,1,UCB,0,3,-0.9970115938106536,1.137295880361823,8.072611554975953,2.4913871583888287
76,1,UCB,0,4,0.13220742455710743,1.2595004619994152,4.5486192445453835,2.95891619975078
76,1,UCB,0,5,0.5947216129891946,-1.0308540596349234,6.047291683720492,1.2662253247393567
76,1,UCB,0,6,-0.339687765593229,-0.5819033084535268,11.255719724778158,0.5297700606735617
76,1,UCB,0,7,-0.052112471406168925,0.19816841051072265,14.711077259818778,1.3672373770746002
76,1,UCB,0,8,2.493712932721571,1.036764792707368,8.118861606355965,3.0135030029043834
76,1,UCB,0,9,-0.0652575704824494,-0.937717969287056,14.548911272828773,0.44766364750641396
76,1,UCB,1,10,1.4689027106301213,0.9761304634077712,0.27446622224847655,2.725841395405857
76,1,UCB,1,11,1.5127589184749062,1.0971615833153079,14.471418434421235,4.04260766242285
76,1,UCB,1,12,1.4926866639188208,1.022323921552267,6.36913359026878,4.107286829462795
76,1,UCB,2,13,1.3732236057283829,1.9920950186684911,10.728630822085899,2.7396380601534123
76,1,UCB,2,14,-0.058270297622218026,1.991528305379732,14.403348628887215,1.18891413428308
76,1,UCB,2,15,1.8742026761052597,1.9931682598071645,4.021451853354913,2.883439595261663
76,1,UCB,3,16,1.2976925219485183,0.7666238671610595,10.828076970642526,3.631456165458851
76,1,UCB,3,17,-1.0509799345804807,1.981263495415516,0.21122247165959587,-0.019343842604647814
76,1,UCB,3,18,2.510495145604503,1.2698316243595493,14.995453346932642,3.0115367751232425
76,1,UCB,4,19,1.327517084284913,-1.4431042170857395,14.133336821517437,1.1488619467492345
76,1,UCB,4,20,1.3274346983315017,-1.4181831748437785,1.9527962229103304,1.4137305204107375
76,1,UCB,4,21,1.3279836331251555,-0.06823244304977627,7.179651549376643,2.679145460199064
76,1,UCB,5,22,1.3125011238762,1.3694270427613313,8.71564254566391,4.130038123511605
76,1,UCB,5,23,1.4330491028524843,1.4729115947477012,1.0953883165491016,3.9466092743525514
76,1,UCB,5,24,0.401644684426983,1.1844314007757428,14.899126549959798,3.053342201505136
76,1,UCB,6,25,0.1074604717955252,1.0413786162681773,7.982635978911495,2.699635405379162
76,1,UCB,6,26,-0.09224264433749152,1.0382798746494477,0.08343675216718723,1.1990312258755198
76,1,UCB,6,27,2.6356965427269983,1.4168093621983657,8.734594203081759,2.7005857655616157
76,1,UCB,7,28,-0.5548761751456586,1.0072601541371258,7.736727811605921,2.215935645032922
76,1,UCB,7,29,1.6803271120558079,1.005509995569985,7.87635422538234,4.065658255856967
76,1,UCB,7,30,0.6958117057096567,1.1161082296665157,14.758080066013353,3.376699131603755
76,1,UCB,8,31,1.4303860243077415,1.3507150542763973,5.238450875107671,4.280463321707318
76,1,UCB,8,32,-1.0788562369334123,-1.4613033766271137,0.16323616422102222,-1.6118954238918566
76,1,UCB,8,33,1.9020680211870231,0.6363149214100257,14.974645446087086,3.413061226553899
76,1,UCB,9,34,1.4341695669253771,1.354960153995295,5.386272428672464,4.276575911798444
76,1,UCB,9,35,1.6312976631063352,1.5341282321126601,14.971647745724562,4.039053319841636
76,1,UCB,9,36,2.635234824595977,1.5261589812141896,0.138591133900339,1.3418617962990873
76,1,UCB,10,37,1.2806769084554506,1.3309343423056794,5.106454717111048,4.208926433465398
76,1,UCB,10,38,1.406382346733186,1.3623839309487167,14.976327664166035,4.095341816993255
76,1,UCB,10,39,-1.0710468083904634,1.1027287249981352,14.960630842983608,2.4513535062808263
76,1,UCB,11,40,1.5126060918149284,1.3292383042724687,6.750613020895088,4.262155964780831
76,1,UCB,11,41,1.588978989164115,1.2766989417067411,14.90237770700361,4.140331355777985
76,1,UCB,11,42,1.624245459160993,-0.4510483760985289,14.85044142953843,2.354542111374063
76,1,UCB,12,43,1.488107133191011,1.3108958050803192,6.34645628027691,4.266731688951392
76,1,UCB,12,44,1.5781285110092216,1.2907179699020155,14.919076266779692,4.1417127306300054
76,1,UCB,12,45,2.6222287782521567,-1.495564713822618,14.075054783739004,-0.3711936668166478
76,1,UCB,13,46,1.4949700989044241,1.3157775245737056,6.264798655006517,4.271111613180951
76,1,UCB,13,47,1.650057900962378,1.3242356630893166,14.995531150968093,4.144028891334619
76,1,UCB,13,48,2.6075000982970042,-1.4727248230860066,0.13906073103605895,-1.466801938456316
76,1,UCB,14,49,1.5003120321196919,1.3105288842882206,6.336454493396887,4.270183992956245
76,1,UCB,14,50,1.5683531563504678,1.2960410424200703,14.985328870407912,4.140838663530749
76,1,UCB,14,51,1.2712576918727225,-0.700442401740409,0.020010912064912043,0.8791713669819476
76,1,UCB,15,52,1.4038711588393609,1.3051181782821297,5.922930828876033,4.248775609611346
76,1,UCB,15,53,1.5918921370380668,1.2568424967388059,14.957801864081677,4.135357905112899
76,1,UCB,15,54,-1.0971281020109775,1.5476958394605198,10.674650972018224,2.5042035293420986
76,1,UCB,16,55,1.5146421159515682,1.3259177134079847,6.071992374016,4.281582817140666
76,1,UCB,16,56,1.5213710799301414,1.2663113212155088,14.874432890077962,4.129136902455025
76,1,UCB,16,57,0.3990577588221027,1.5457150999595588,0.29772333230479525,1.7878054985883938
76,1,UCB,17,58,1.739436136847127,1.271911400683881,10.978797347322878,4.168339006195135
76,1,UCB,17,59,1.3934400919112342,1.469189659315587,2.9992587246022735,4.2883181338736405
76,1,UCB,17,60,-1.08501111775108,-1.4223576403240767,14.10499872922802,-0.29826432777288026
76,1,UCB,18,61,1.2990955608138184,1.3630766179536646,4.797514805370772,4.227761653751746
76,1,UCB,18,62,1.6132877983460658,1.3327804657527276,12.886072115186783,4.166529278606898
76,1,UCB,18,63,-1.0935639533812738,0.23218532445257156,1.276390725216944,1.409407899716641
76,1,UCB,19,64,1.4809423777731028,1.3557038855635763,4.370660411114753,4.326426340702614
76,1,UCB,19,65,1.6171234683315046,1.2666647965387576,12.53960780150114,4.163802442399328
76,1,UCB,19,66,-1.0946188184451067,1.9569587722352875,6.724195149730721,1.4744903247822412
76,1,UCB,20,67,1.53483555167149,1.3790286272665688,4.5711966182936905,4.327639983269916
76,1,UCB,20,68,1.6472588402135102,1.2457207921938798,12.773069575304238,4.154366789858559
76,1,UCB,20,69,2.6116926542441723,-0.08550421461748048,14.906370575571106,1.2009503581862155
76,1,UCB,21,70,1.558293100662798,1.356521546832698,4.9410694460132,4.322884681307627
76,1,UCB,21,71,1.6498169135139484,1.3244212118461873,13.262997323737794,4.161337209718928
76,1,UCB,21,72,0.12428847977967039,1.5121340944243578,8.746905970707843,2.7610858830048093
76,1,UCB,22,73,1.5482410563589846,1.3855086435602826,4.761104107367767,4.321622570167015
76,1,UCB,22,74,1.6473534342440517,1.3317787761834188,12.762344483089295,4.167041488565923
76,1,UCB,22,75,1.1167746554907012,-0.03735046697435429,14.874034429497282,2.4384518524510836
76,1,UCB,23,76,1.5333237022641018,1.3924451871350136,4.4564672240324965,4.327660432026233
76,1,UCB,23,77,1.5168766219057561,1.3066075857885595,12.608025924332386,4.1581355353955365
76,1,UCB,23,78,1.5254691084615413,-0.8075788259666186,8.157281683758308,2.2113300226380126
76,1,UCB,24,79,1.5013263457890025,1.4060782156987188,4.589193709374824,4.311529260492365
76,1,UCB,24,80,1.6535250981425587,1.2635216985543956,12.685081614141994,4.159908782835605
76,1,UCB,24,81,-1.088050608208198,1.1107522058816794,2.855530937574169,2.7243749333423386
76,1,UCB,25,82,1.5620568255788085,1.3842500603900119,4.415949477561977,4.3358046299707835
76,1,UCB,25,83,1.6546413838676064,1.2801366080133407,12.42219401486548,4.166503480380035
76,1,UCB,25,84,-1.0770117102565586,1.6292451875113905,14.979026537348703,2.312396834943816
77,2,UCB,0,0,-0.1223554543103047,-0.45528099805056854,12.21357188317361,0.7507596298390671
77,2,UCB,0,1,-0.756510124241143,0.6003518408797888,10.928679341650108,1.6666540168363224
77,2,UCB,0,2,-0.39781368882900303,-1.3069868043342614,4.125265549222666,-0.07017086983794907
77,2,UCB,0,3,1.3568271765900897,0.46792981973149805,2.2517838873167366,3.444127279905535
77,2,UCB,0,4,0.5167412652374896,0.842540545010821,6.342347314378648,3.013863270461253
77,2,UCB,0,5,1.2662101000873731,1.8860258337278681,10.24628926982207,3.1474517080865465
77,2,UCB,0,6,0.3635020012200576,-0.8446160059796568,5.190064022910425,1.1718025759627784
77,2,UCB,0,7,0.8098535432295095,1.619232933252027,11.633683573147868,3.407141790005367
77,2,UCB,0,8,0.08891384649965395,1.7347591377738847,7.064177371350947,2.386821585242486
77,2,UCB,0,9,1.4925767933097336,-1.1247744204124417,1.5690488329356895,1.9382967795716612
77,2,UCB,1,10,2.6365896930139905,0.5285332921141257,14.757388010765082,1.8516741790266025
77,2,UCB,1,11,2.635347629081242,0.5466779903878063,2.9976247569682073,2.123060785619007
77,2,UCB,1,12,2.6329022246397353,0.4872430599401376,8.907865437160778,1.8852006298731074
77,2,UCB,2,13,1.1588166544290233,0.8620121377957513,14.847593334620845,3.6063017157924477
77,2,UCB,2,14,1.079371559854403,1.1812923746254365,0.08585591188460479,2.6349184960418626
77,2,UCB,2,15,1.0905923087482434,0.8536212379699855,8.43025505274525,3.6258501183463885
77,2,UCB,3,16,1.336152509850002,1.4995017839330966,14.963008212129788,3.991665642556537
77,2,UCB,3,17,1.2659581954870065,0.3491985236540449,9.968226792557232,3.056885828427281
77,2,UCB,3,18,-1.052881870892443,1.9815922379630058,14.817742757512773,1.1801797663272091
77,2,UCB,4,19,2.6153150049758613,1.9791815801034907,14.971093288075203,1.3722938333969925
77,2,UCB,4,20,1.4553376688550257,1.143125687521919,11.933643738274894,4.087393862669537
77,2,UCB,4,21,2.617740598097506,1.789555689928373,7.378053677353438,2.202511386368961
77,2,UCB,5,22,1.617127402259126,1.2242188075750593,14.993261632116333,4.124989229419893
77,2,UCB,5,23,2.604788019024289,-1.4827401863377077,14.934517252452087,-0.28723928780872576
77,2,UCB,5,24,1.7160547362730054,1.1344286832420658,7.5590226929402595,4.174634168100077
77,2,UCB,6,25,1.8144339413173567,1.1844753101017162,9.917521238517313,4.123539545424619
77,2,UCB,6,26,1.9418565728761266,1.0841885750447267,2.4502012459659674,4.154563016998592
77,2,UCB,6,27,0.2408236619831603,1.2139106627111538,14.972450172710335,2.871118377340471
77,2,UCB,7,28,1.8142616472553645,0.8975678968273249,6.710226671352735,3.9356051541221966
77,2,UCB,7,29,1.6329823050351782,1.127243228363254,14.161233454141373,4.079532074611313
77,2,UCB,7,30,2.097105283940053,1.5776564329367577,0.231312265870846,2.4969387249387656
77,2,UCB,8,31,1.7087956756719032,-0.4144872944623037,0.054821204102691486,1.1696028698998844
77,2,UCB,8,32,1.9958944009243416,-0.43966495579923026,7.583271161838426,2.2913086940210006
77,2,UCB,8,33,2.456541719464315,-0.38681833951550093,14.943889534743429,1.4131975139255712
77,2,UCB,9,34,2.6131046897702035,1.1708563911646568,2.2583915837449258,2.900390448236344
77,2,UCB,9,35,-1.0910403358090859,0.18938493296383618,0.018677953885604573,0.1440543629453321
77,2,UCB,9,36,-1.0293957842650798,1.946466699214418,0.16809452572392,0.11626776338341309
77,2,UCB,10,37,1.2743163228755714,-0.7096786952973937,14.912055754840516,2.073869864070388
77,2,UCB,10,38,0.6083216064793255,1.9994078333434961,14.829903300086231,1.920690911546341
77,2,UCB,10,39,1.7430713506978197,0.8320391067889861,0.021403252785331926,2.5552645762025232
77,2,UCB,11,40,1.0605682467662114,0.22890170046034686,0.02314593410474686,1.4797399518460608
77,2,UCB,11,41,1.1764040652968828,1.9546070118130716,0.031078652389417965,1.541499798637434
77,2,UCB,11,42,2.6300201175063154,-0.8169649462233253,4.193594317097034,0.8374946062190478
77,2,UCB,12,43,1.4057525387117318,1.2274599374164707,4.137044666198465,4.290620016903745
77,2,UCB,12,44,1.6748569323210045,1.3685038604355126,12.769923527763098,4.160158613095735
77,2,UCB,12,45,-0.9935467582657037,-1.4993063739535555,14.780296607020615,-0.6118092197768927
77,2,UCB,13,46,2.1125269766718966,0.650922753805915,7.914414053615389,3.3179541108423045
77,2,UCB,13,47,1.5866205852742636,1.9448506351065276,0.7172308614955677,2.402434676610849
77,2,UCB,13,48,0.8010191209820028,0.847530064338593,14.6491269875961,3.2293163230662287
77,2,UCB,14,49,1.7195716089401354,1.2555766224919758,3.8216986125507284,4.345868291834227
77,2,UCB,14,50,1.4915414300865755,1.347518842398859,12.428124678643952,4.153729557493665
77,2,UCB,14,51,2.5612778852066915,-1.4743942744016358,0.029942219539379242,-1.3283026417083679
77,2,UCB,15,52,1.5715051090491516,1.0574301670340125,3.9020934179512525,4.234115109243733
77,2,UCB,15,53,1.6074901982836565,1.2827671891457322,12.568975309191407,4.16660507638678
77,2,UCB,15,54,-1.0986623994741123,1.669527898273755,9.178529777160747,2.341006356984916
77,2,UCB,16,55,1.7208097827224282,1.2827854106545833,3.75790187331326,4.353779242662944
77,2,UCB,16,56,1.57114246795697,1.299646163658053,12.316503194267144,4.169678857517381
77,2,UCB,16,57,-1.0866470177717458,1.0386194566251317,4.877328845093957,2.60240766149603
77,2,UCB,17,58,1.7007559599841668,1.2990107005899239,3.848935191883615,4.357374431917784
77,2,UCB,17,59,1.6144107292779477,1.3022475649260445,12.445356202509947,4.1707843739854
77,2,UCB,17,60,1.5402074881508803,-1.4961133193676726,6.772091450126804,1.2053012939158632
77,2,UCB,18,61,1.6942744297559305,1.2954994093988343,3.9934462449631174,4.353289496000948
77,2,UCB,18,62,1.565861710267697,1.2458929203658546,12.346460350543849,4.157451571988307
77,2,UCB,18,63,-1.0762370833799402,0.8541281148906208,14.997912689359326,2.2021555597307545
77,2,UCB,19,64,1.67035616173019,1.2214656327908675,3.6375800347821623,4.349046730131445
77,2,UCB,19,65,1.5540690191388258,1.2974481068440533,11.978325605167575,4.171590822673532
77,2,UCB,19,66,1.5971833268409616,-0.31208142152869134,3.941271096293236,2.6650008567810994
77,2,UCB,20,67,1.5724510687210458,1.2136040255736837,3.4516816184032684,4.352223301353434
77,2,UCB,20,68,1.5140215142200888,1.3308463505928723,11.795193422498318,4.168191249709461
77,2,UCB,20,69,0.28713475798194743,-1.4989916753358175,0.11432463402401548,-1.3172621125012343
77,2,UCB,21,70,1.648262693173924,1.2299784398645852,3.8121427035532442,4.3487584421012
77,2,UCB,21,71,1.544166498994835,1.3557962311017042,12.062724606067258,4.168503485193013
77,2,UCB,21,72,0.01573238887563755,1.1115126423218449,2.980025084717452,2.8060636915352655
77,2,UCB,22,73,1.6776747619152346,1.1843009343136677,3.7905782061485143,4.326012894425431
77,2,UCB,22,74,1.5872224549948468,1.306695249701023,14.94317434544752,4.143927961019985
77,2,UCB,22,75,0.4276251311035124,1.4242935875200433,9.205635327711228,3.175468832760152
77,2,UCB,23,76,1.6370000001646465,1.2626587404170841,3.67198320039256,4.364067362379395
77,2,UCB,23,77,1.5712769558840036,1.2405381543670808,11.883446790505575,4.16210796787577
77,2,UCB,23,78,0.2066532720045331,1.287255119416288,7.527597463966988,2.96195078138188
77,2,UCB,24,79,1.6281339225870166,1.2115223428553148,3.559294987621903,4.350322205834647
77,2,UCB,24,80,1.5761229179319316,1.330781257343277,11.736287704884091,4.1787428822361266
77,2,UCB,24,81,0.20659141501388212,1.3432454692682643,7.2381398039738905,2.9710186552470734
77,2,UCB,25,82,1.6761184942327407,1.270737294016838,4.123410156485803,4.3474141069885865
77,2,UCB,25,83,1.651253106500297,1.2688865674984324,12.192504150377621,4.1672834015318685
77,2,UCB,25,84,0.28158497583034525,1.3156900639446012,8.054053280658135,3.0415348586481166
78,3,UCB,0,0,-0.7799290623842758,-0.671163226913651,12.019315703630747,0.4155254796193949
78,3,UCB,0,1,1.0755395287725422,-1.1705497521586028,6.497470976606871,1.618186424861741
78,3,UCB,0,2,0.6902147011522968,-0.940913798770225,11.01892269398681,1.3679095707167146
78,3,UCB,0,3,-0.6752076615537155,-0.13070133326518274,7.751585999137834,0.8354990575388201
78,3,UCB,0,4,0.5092569122877824,0.5537950000334924,11.06782897159511,2.521134102916817
78,3,UCB,0,5,2.4735707313225004,-0.5052959268792299,9.728559558990296,1.357485212962346
78,3,UCB,0,6,1.501759179556371,-0.4754773784562951,0.023349762549033728,1.1252207897384325
78,3,UCB,0,7,2.5378210468020845,-0.45559571944093524,4.710476044513018,1.3367871894460186
78,3,UCB,0,8,2.232324270253552,0.5480702896181784,7.0701736680622895,3.0102610659693836
78,3,UCB,0,9,1.789736185057627,-1.3937889731813509,10.604769469738697,1.3638454560205804
78,3,UCB,1,10,2.635398442799319,1.0489593559296018,4.20636450113276,2.710370102504241
78,3,UCB,1,11,2.6362011033903396,1.0404562410393914,13.011328866583979,2.510908928238226
78,3,UCB,1,12,1.4623418419155905,1.1647545409331195,0.08546739160457265,2.8721393003368756
78,3,UCB,2,13,-0.328973660674883,1.7625057032379638,0.011892817966517793,0.6402534600220873
78,3,UCB,2,14,-1.0276604894565615,1.748670442270726,5.99875408568274,2.1501771465818535
78,3,UCB,2,15,1.5355256940200652,1.8340729177085393,0.12568507901480047,2.1947620427351993
78,3,UCB,3,16,2.0321802282509203,0.9822304599720661,0.5574181419784121,2.8819803503726735
78,3,UCB,3,17,1.526365695933281,0.6313355706893393,14.317804033701695,3.5010876384566183
78,3,UCB,3,18,1.9868217826807313,0.9847175912175508,7.7049445253025794,3.8841791776281442
78,3,UCB,4,19,1.3626047950183113,1.345913496194536,11.624525684635207,4.113874299789839
78,3,UCB,4,20,1.4637787838271263,0.9804966013930856,4.537534734929647,4.115345302922935
78,3,UCB,4,21,-1.078997574000952,1.9498321155710059,14.743550782443368,1.3593269586126873
78,3,UCB,5,22,1.3702270791036018,1.0065128962349181,8.617076797533803,3.9918619066820815
78,3,UCB,5,23,1.794805149799775,1.9944281375447082,14.553017982861862,2.7079589870423617
78,3,UCB,5,24,-0.9277797718170961,-1.463386194362091,0.20349500939308668,-1.7699300082392417
78,3,UCB,6,25,1.3764583237383703,1.9792813468015207,7.889258606580612,2.855012805356061
78,3,UCB,6,26,0.8176926806127971,1.4119048804108996,14.981270386381478,3.582948165548941
78,3,UCB,6,27,1.2591421933781013,0.5297080632702906,3.950411550097705,3.452652482657886
78,3,UCB,7,28,1.4595279806113841,1.181505430038953,14.890069546216633,4.079441757491717
78,3,UCB,7,29,1.6778658745914359,1.2137018374049267,6.284939312558099,4.258439591856995
78,3,UCB,7,30,0.17559138416926845,1.6933914051927248,10.017924517670089,2.519267576813105
78,3,UCB,8,31,1.6066013498710054,1.2005964993905374,6.437310756843394,4.252213820475632
78,3,UCB,8,32,1.4440686968087766,1.1996250277885827,14.066377759008098,4.091144145217525
78,3,UCB,8,33,-1.0943276177836416,1.0468293219734655,9.688764544727409,2.499959384552125
78,3,UCB,9,34,1.561390450765617,1.2210972395663031,6.547457841988379,4.254724779326694
78,3,UCB,9,35,1.4904550633717695,1.275209614811442,14.184060026535024,4.130315365165998
78,3,UCB,9,36,-1.0942862461483818,0.7499917533301161,1.6235520187047388,2.2411952844724077
78,3,UCB,10,37,1.5457033810750942,1.2126058965620627,6.585706804621182,4.2479623414180745
78,3,UCB,10,38,1.5109010781370071,1.2557762585142913,14.976598986499468,4.1232306162885495
78,3,UCB,10,39,-0.15407276843756668,0.9588405209086939,4.8256609871589475,2.4518709793424653
78,3,UCB,11,40,1.620386591545874,1.2159408549822026,6.694483152315726,4.252162478212917
78,3,UCB,11,41,1.4731839853488093,1.2127580732528664,14.830343059662349,4.099348704319385
78,3,UCB,11,42,2.5553495098228245,1.958953425855945,1.5985373853194151,1.7954204958737807
78,3,UCB,12,43,1.5658384344817176,1.200380312087534,6.532624752544813,4.246630134408069
78,3,UCB,12,44,1.5234458310679604,1.187973808492175,14.926774446919712,4.099521507498482
78,3,UCB,12,45,-1.0926535911375024,1.0148481114735404,5.8267778673937585,2.556959509159827
78,3,UCB,13,46,1.570975216577558,1.1664060611234017,6.745928588853947,4.223576537434505
78,3,UCB,13,47,1.497140421878031,1.2501590006708798,14.969135802435659,4.118363689717641
78,3,UCB,13,48,-1.0786467002643805,0.6526939295065532,14.927588273795028,1.940268719664176
78,3,UCB,14,49,1.5399430860291474,1.2044480723841793,6.462190450940574,4.246795857457805
78,3,UCB,14,50,1.4620375820645153,1.2469412838456098,14.923789529577062,4.107615422661129
78,3,UCB,14,51,2.6142056692868523,-1.4954140500484643,0.4315198002376872,-1.4088706935092683
78,3,UCB,15,52,1.570106536897498,1.2418482117509058,6.8071950869854945,4.256311007187014
78,3,UCB,15,53,1.5493797245214687,1.2102076793637044,14.82731980927626,4.115554457720379
78,3,UCB,15,54,0.025421799758868158,1.2168833108940231,10.728623368743348,2.6823725320296274
78,3,UCB,16,55,1.5495844977201694,1.2079124464474331,6.979080352136763,4.236130381942903
78,3,UCB,16,56,1.5914622477322053,1.2504908172193976,14.964355458844611,4.133473662516016
78,3,UCB,16,57,0.9929708708735596,0.5430908638878407,0.6923566059858675,2.4164349336494473
78,3,UCB,17,58,1.5462244134233862,1.2373784106847059,6.4437014885800785,4.261519382426812
78,3,UCB,17,59,1.5811758071956565,1.236502822916795,14.992414558752076,4.12801384457607
78,3,UCB,17,60,1.5557807011100575,-0.1408361332455521,6.089627155626258,2.725124964717072
78,3,UCB,18,61,1.532784520485658,1.2393801100272133,6.673809838025621,4.253644915143729
78,3,UCB,18,62,1.5138941110626662,1.2875414176640412,14.954121905842797,4.130936217710701
78,3,UCB,18,63,1.5451454030258946,-0.058164898628841444,4.549590992064074,2.8478959067004306
78,3,UCB,19,64,1.5747204763789036,1.2048613603337803,6.228421660710606,4.258159109427275
78,3,UCB,19,65,1.5766678042861861,1.306270008704812,14.978780077180385,4.142732497810646
78,3,UCB,19,66,0.2467837378783302,1.3192610347551788,10.595410017535492,2.9539623037664127
78,3,UCB,20,67,1.6021175097291396,1.2357393319742687,6.819321366850683,4.256179399091775
78,3,UCB,20,68,1.5927237993594066,1.258045166481291,14.794973005878225,4.137228493333056
78,3,UCB,20,69,0.22848799943484743,1.277619835292854,10.69329954687609,2.9263502210309165
78,3,UCB,21,70,1.565370546241958,1.2443152820424839,6.804425995420664,4.256657996589607
78,3,UCB,21,71,1.5754776457352908,1.200709276713091,14.893725964485796,4.11379485787282
78,3,UCB,21,72,1.4042808822759456,0.025286236268978524,4.408202659227098,2.8928790384593084
78,3,UCB,22,73,1.529090141124811,1.2124092678555902,6.837644402078319,4.238277296809841
78,3,UCB,22,74,1.558141638868174,1.2416316005568109,14.944842066299982,4.127738169323748
78,3,UCB,22,75,1.6890851511558038,0.040536501711986306,3.959595639578392,2.9662115853026436
78,3,UCB,23,76,1.6011590661500672,1.2242702451527658,6.44743133042133,4.261941258159684
78,3,UCB,23,77,1.575273727874404,1.2275299520778602,14.894128139990238,4.12514898258603
78,3,UCB,23,78,0.2871054830400257,1.3355161330803038,10.838470576185937,2.9983593830794635
78,3,UCB,24,79,1.5539392374775232,1.237509375151646,6.401333169684326,4.263880585624194
78,3,UCB,24,80,1.603738799014916,1.2779226051141168,14.925745442903915,4.141061746210141
78,3,UCB,24,81,0.35569603967222485,1.4049943451377316,10.827858987625374,3.067851903539682
78,3,UCB,25,82,1.6209256367955254,1.2254556736688826,5.9069008193195085,4.278323361644301
78,3,UCB,25,83,1.5522543239006161,1.3079151037121641,13.523671051514214,4.154325866027683
78,3,UCB,25,84,0.3012464307435869,1.2532942885404963,9.482244616295363,3.027090600551595
79,4,UCB,0,0,2.4242006665239377,0.28964643485026564,14.643679341909854,2.144763429957022
79,4,UCB,0,1,-0.7979157787021347,0.6257454119826038,5.647922279074711,1.831659516477525
79,4,UCB,0,2,1.8967048105059616,-0.8891526434959004,13.074657477540658,1.9881510235312032
79,4,UCB,0,3,0.9327090146531924,1.6577527790059592,7.157825704064256,3.557458546444625
79,4,UCB,0,4,0.5087645898748168,1.2613135114051532,14.762310845966889,3.2183561270813117
79,4,UCB,0,5,0.28166528714212635,1.8912650426068223,13.935466790093527,2.003163141883807
79,4,UCB,0,6,-0.4359628070074767,0.6309806589559166,10.573266318725572,1.7269885026245202
79,4,UCB,0,7,2.4232573489056977,0.8298009593801368,2.001802936019945,3.08604319725342
79,4,UCB,0,8,0.7605312166609444,0.22766941884640213,7.50389261404184,2.4641273578241396
79,4,UCB,0,9,2.482222003190257,-0.2752191006221083,3.3573434305264613,1.6605450926386305
79,4,UCB,1,10,1.6168536907579107,1.5929912167814102,6.668106093589561,4.096097462489696
79,4,UCB,1,11,-0.09526634515198151,1.5932176111647376,9.869539552771071,2.422236959384678
79,4,UCB,1,12,-0.3695773056372973,1.5938779266919982,1.652983599043574,2.3215071786070456
79,4,UCB,2,13,1.5359647589440266,1.3059990948502285,13.153159242438731,4.155602989389296
79,4,UCB,2,14,1.5417812000359628,1.320204940265116,4.08654598122184,4.352134289168511
79,4,UCB,2,15,2.6325350410882384,1.9796866135262534,8.27353156298323,1.4065805228597033
79,4,UCB,3,16,2.0549915735826745,1.3492618238591985,0.2909751312498041,2.719072792059254
79,4,UCB,3,17,2.04882355509521,1.362394266863718,7.328071488460697,4.02236929723194
79,4,UCB,3,18,-1.0905414158030817,-0.6174632515648808,2.3699692574526514,0.9124466281563485
79,4,UCB,4,19,0.47890227100301086,1.3139304308642439,14.33054507501393,3.193138453279775
79,4,UCB,4,20,0.5604961730401303,1.3144125544669558,2.418708059836371,3.531667917445715
79,4,UCB,4,21,2.5052294143231038,1.3131331941548527,9.243439152268168,3.1062090285356687
79,4,UCB,5,22,1.3525667605199536,1.0601165913501585,7.856205085938409,4.048774649911808
79,4,UCB,5,23,1.2215114010909258,0.767710735611288,0.8203915634930934,3.1211733323310744
79,4,UCB,5,24,0.15779911427271864,-1.4898551292374898,14.840023356416989,-0.2434864525472713
79,4,UCB,6,25,1.4208393746980228,1.377060633036813,8.256675858247995,4.1916652229612446
79,4,UCB,6,26,2.5894562963929455,-1.4531232036287964,0.042599948778199226,-1.3576001563643472
79,4,UCB,6,27,2.6165781270225055,-1.4922356744384864,7.82714706167653,-0.24943715935465138
79,4,UCB,7,28,1.746427620172553,1.5560036345037527,14.989071114553111,3.9949403069746827
79,4,UCB,7,29,1.4568534062841487,1.2337807769632314,5.278458586837754,4.273480218335555
79,4,UCB,7,30,-1.080645691617102,1.418459983974846,14.800761024952541,2.536009288867601
79,4,UCB,8,31,1.9352743699332025,1.0363743254372921,12.64763551767245,3.8990379944187223
79,4,UCB,8,32,1.103926251807926,1.9459403759747653,0.01233916333620462,1.5193569490639967
79,4,UCB,8,33,1.8438786542273609,0.7522895387898996,5.136789351309156,3.7845099313697435
79,4,UCB,9,34,1.747076750506464,1.1861757336855812,14.939593862245943,4.08886642164431
79,4,UCB,9,35,1.5575552908370645,1.3056996243312327,5.7894228044787095,4.296852618058148
79,4,UCB,9,36,-1.0683930503115249,-1.4821597356338063,0.09856485919232207,-1.681391352464983
79,4,UCB,10,37,1.5556868641163057,1.302747742693923,5.3463908987598945,4.310295205736777
79,4,UCB,10,38,-1.0433852786578945,0.5823571235062168,0.006120298854745925,0.6027423356100932
79,4,UCB,10,39,1.4368756509085898,1.3507862241415673,14.792170913496102,4.110873499978193
79,4,UCB,11,40,1.5629646901247618,1.263011256490823,5.461718531936605,4.300721262496226
79,4,UCB,11,41,1.7182905382892661,1.3413067081517727,13.728496439619082,4.145343807596587
79,4,UCB,11,42,2.569732233122729,-1.4771219875894963,14.903694695949243,-0.16253266042601355
79,4,UCB,12,43,1.5187749858157433,1.301436436217434,5.37153875922171,4.30293420521357
79,4,UCB,12,44,1.5235960017893722,1.273815540940495,14.75583375112731,4.1323521456233125
79,4,UCB,12,45,1.1129550980282428,-0.27141010575444824,14.864742862702812,2.2359255211862927
79,4,UCB,13,46,1.5931796487002545,1.280345247096479,6.04110388468982,4.28930821327815
79,4,UCB,13,47,1.6093064473386227,1.2858559883675311,14.838988555755787,4.1433944163383405
79,4,UCB,13,48,-1.0927885881299284,-0.6526637699365769,10.090094959061895,0.7117184164822886
79,4,UCB,14,49,1.581382255354164,1.276241195429765,5.796909864744403,4.2950549493182635
79,4,UCB,14,50,1.5685458122234723,1.3041196589770276,14.908560944944893,4.142390704729631
79,4,UCB,14,51,1.0442651791631117,-0.7750268746916446,7.8146826296119904,1.9459799514436265
79,4,UCB,15,52,1.557080869055095,1.2801517584959092,5.115477097747865,4.314956969395143
79,4,UCB,15,53,1.6838092351042535,1.3323611187559803,13.122433035422299,4.158971740572495
79,4,UCB,15,54,1.7468773312685313,-0.049391737130658475,9.50069686214367,2.714982964863557
79,4,UCB,16,55,1.5286025870400066,1.275432779579944,5.43390635750624,4.299031172727877
79,4,UCB,16,56,1.573870377075123,1.3004807911754592,13.262289464508322,4.1590994750719625
79,4,UCB,16,57,-1.0884384494402886,1.744214649960786,6.745948881942985,2.212290711913904
79,4,UCB,17,58,1.5224366579348674,1.2725875369647492,5.519826434393767,4.294484693067919
79,4,UCB,17,59,1.6342677728080397,1.3454441027643425,13.46807195719839,4.159033722111447
79,4,UCB,17,60,-0.1459899003021642,1.3791617756247643,4.713071661967535,2.6809262208542464
79,4,UCB,18,61,1.5737539429690242,1.260297973141272,5.684832838624987,4.294186496271783
79,4,UCB,18,62,1.619453374725878,1.3148812728647,13.367448344926897,4.161133171117655
79,4,UCB,18,63,0.4002551630624238,1.1986977973983852,0.26873540183659017,1.8674895119825132
79,4,UCB,19,64,1.5655931695696532,1.5242492168070045,4.011316467226914,4.262273555899927
79,4,UCB,19,65,1.4664733971781452,1.190534782332807,11.520570548836085,4.1238297560132935
79,4,UCB,19,66,0.8765007376019298,0.22171800275654174,2.9059252703439076,2.7253981843692188
79,4,UCB,20,67,1.5414314403687435,1.2550272405760055,3.7825283767313933,4.35247284951721
79,4,UCB,20,68,1.6257422472990752,1.2808396050032709,11.490327712977606,4.179971007984659
79,4,UCB,20,69,-1.0540726083789447,-1.4841044380621797,6.393604670929088,-0.3671327734423897
79,4,UCB,21,70,1.5478790032908463,1.2955496605215728,3.898246275794188,4.357780502274707
79,4,UCB,21,71,1.558683256391109,1.3643547124816346,11.49537572425051,4.17666210302846
79,4,UCB,21,72,-1.0967966492260028,0.26305801801415973,14.925491796595066,1.4394874892903058
79,4,UCB,22,73,1.570960443938302,1.3216360470308954,4.007296807247142,4.358787602064851
79,4,UCB,22,74,1.5316320787043667,1.274255396241161,11.809256688957495,4.16641666529754
79,4,UCB,22,75,0.10549200886893906,1.991690802986323,3.3272696270889996,1.5870304227866718
79,4,UCB,23,76,1.5073392654557747,1.253628603132277,3.7332236000433023,4.346851404264032
79,4,UCB,23,77,1.9429945106700157,1.3306847027054376,14.902510557468437,4.016458810662567
79,4,UCB,23,78,-1.0978081058633236,1.2913207538462488,3.082029166457777,2.816548261299187
79,4,UCB,24,79,1.4684866390369455,1.2182606621811547,3.788671705185936,4.322106471596377
79,4,UCB,24,80,1.5973223866992226,1.2881865692684573,11.384361019702059,4.182214188300262
79,4,UCB,24,81,2.6360077714672823,1.9540281586193746,0.17076572199924597,0.2232710729124693
79,4,UCB,25,82,1.4976903408677962,1.3339168757811657,3.8980464220974858,4.349163702198194
79,4,UCB,25,83,1.510900512114115,1.2205849470035774,11.548189637424109,4.14917531137403
79,4,UCB,25,84,2.235646207291171,0.20778585098986802,0.06106415505348965,1.238938991808629
80,5,UCB,0,0,1.9082959260364856,1.3277927640777283,7.730368090071089,4.147777031524758
80,5,UCB,0,1,-0.03196024261061492,-1.3112425416642024,5.751149842901988,0.13346677509308824
80,5,UCB,0,2,0.42646436865453485,-1.341536821341442,0.7323169031967938,-0.10638336565326356
80,5,UCB,0,3,2.633921141998172,0.7832918905579569,3.5184185148456892,2.4374909028247727
80,5,UCB,0,4,0.5253990026653557,1.9096516764073939,13.465266444020124,2.23638250759352
80,5,UCB,0,5,2.054891387543865,-0.12658367482827648,7.395852257957408,2.465911149921589
80,5,UCB,0,6,1.4287881077926938,-1.2871905046468037,8.334386157693931,1.6218961567787782
80,5,UCB,0,7,-0.08558535387101074,1.5787791066722274,0.9641523452455529,2.1529882250208736
80,5,UCB,0,8,1.438101388900841,1.5453097581462618,3.4105505588884606,4.227399987146568
80,5,UCB,0,9,2.2462900706905886,1.5526841380851724,0.27873974783549105,2.306374101545779
80,5,UCB,1,10,1.2897400031245607,1.1540802998525685,11.924788432324144,4.013898761329534
80,5,UCB,1,11,1.2748461719334814,1.1600237655621202,0.8699164587980378,3.6289522074003173
80,5,UCB,1,12,0.5815873399734748,1.222130215713452,6.3796570606070375,3.433414871842709
80,5,UCB,2,13,2.383183933514056,1.9877492866940458,14.998962546398404,1.9694515107196713
80,5,UCB,2,14,1.6003220355747625,1.9915079691807889,9.696466422524912,2.820752109086102
80,5,UCB,2,15,1.0546321351607557,1.9982894092491996,3.698816308836262,2.652517278103801
80,5,UCB,3,16,1.4062794917165427,1.1199783360316569,2.3031097114172576,4.258397723128028
80,5,UCB,3,17,1.436919830892224,1.1198629645287563,11.565613935746125,4.069790581764723
80,5,UCB,3,18,0.38814393560764904,1.1294197841511409,6.848021965232685,3.1288011567990965
80,5,UCB,4,19,1.3158504502793167,0.9431299605326342,6.988022686819113,3.9329850376161515
80,5,UCB,4,20,-1.0985373687000861,0.4317855958800534,14.959274933436856,1.6613003369473298
80,5,UCB,4,21,0.832740063090813,0.16801893579448235,14.814950615817327,2.3684722098516326
80,5,UCB,5,22,2.3367148940736575,0.7913132127803317,14.969579805703116,3.0183421655353175
80,5,UCB,5,23,2.6134790446879017,-1.2732387157178164,14.996069021790511,0.15656155402155392
80,5,UCB,5,24,1.5697244868401872,1.3021522767576665,4.828146953228176,4.329198944533162
80,5,UCB,6,25,-1.0229879560260189,-1.4461293696283875,14.999562108446181,-0.4388758714162513
80,5,UCB,6,26,0.5461976458918554,0.6449824025583135,2.664665909848822,2.8953275952847033
80,5,UCB,6,27,2.6341389585606514,1.319514031310825,10.18584865178628,2.69910968846232
80,5,UCB,7,28,1.1525090132996154,0.6277838599112275,10.82751628653244,3.3384537469339164
80,5,UCB,7,29,2.6148549692988325,-1.439435927737666,3.598637305079962,0.02459373374376783
80,5,UCB,7,30,1.1687168997678823,1.284881313878337,3.419322158757856,4.18120216869849
80,5,UCB,8,31,1.1386055500776866,1.3464478589898294,9.294685638476507,3.9970900964108376
80,5,UCB,8,32,-1.094785707264028,1.9750443956165538,9.094926476128093,1.3380022549645507
80,5,UCB,8,33,2.5509568651151304,1.9914383455199354,4.703572341600864,1.703532449442572
80,5,UCB,9,34,2.00032054610869,1.02140496451017,0.45004573690598054,2.773593186907243
80,5,UCB,9,35,2.220309329198066,1.01188150466945,7.890974607504065,3.597638053152947
80,5,UCB,9,36,1.201657905497549,1.6382257154422115,14.831740992996476,3.7241054125153803
80,5,UCB,10,37,-1.0859269322861878,0.5020823114421282,0.0924314529222642,0.5427856165974116
80,5,UCB,10,38,1.237315925885659,1.049906128749313,14.99247830326578,3.8665861892402424
80,5,UCB,10,39,1.654188165535584,1.249189600408393,3.5935919402599263,4.361749211563607
80,5,UCB,11,40,1.5401439083859199,1.2484358029397882,4.156996330902111,4.337642949652826
80,5,UCB,11,41,1.6750968365841916,1.2365145686484786,14.987202534510958,4.125865096212044
80,5,UCB,11,42,-1.0720167848883415,1.9824712425321809,0.12826579015020614,-0.0007810214164000272
80,5,UCB,12,43,1.5076297075557563,1.3098996011715012,5.025039452020329,4.312531523911301
80,5,UCB,12,44,1.6263336590929645,1.3518815507112691,13.014257365609401,4.163562316301932
80,5,UCB,12,45,-1.09448057834545,0.8511297562125941,9.296902213989819,2.2946626054237402
80,5,UCB,13,46,1.5553173157663496,1.2402355988759113,3.9881043435125463,4.343157327709955
80,5,UCB,13,47,1.6468583251631048,1.336783507049323,11.94163667257538,4.176854993139708
80,5,UCB,13,48,-1.0986973757495577,-0.07267251695972954,9.61598317016504,1.1423157983355092
80,5,UCB,14,49,1.54153065484681,1.3237423620111635,4.745870120455131,4.329262931919733
80,5,UCB,14,50,1.5939141169158288,1.3386543010915513,12.65054077665488,4.168358675053245
80,5,UCB,14,51,1.4556072281370809,-0.1928919930006363,4.48917734113255,2.7095797509187025
80,5,UCB,15,52,1.5785255281592754,1.2821021896831324,4.581227463028302,4.335847744341006
80,5,UCB,15,53,1.58686541805544,1.3059444599001742,12.786674178115895,4.166017291533771
80,5,UCB,15,54,-1.0964738339209548,1.3424182337475212,14.907382187213184,2.5743559863159486
80,5,UCB,16,55,1.5182495250959653,1.2875318141993097,4.437567167484914,4.332654364892635
80,5,UCB,16,56,1.5631574910795476,1.3088832127867294,12.150405604158491,4.171629893202994
80,5,UCB,16,57,1.1679051612329414,0.03596734504028021,8.167544175283401,2.6487324157278502
80,5,UCB,17,58,1.5371339610753845,1.2962920639348532,4.484781411409915,4.3358594994675865
80,5,UCB,17,59,1.5697790180239841,1.2955954896017663,13.073989707118368,4.160227314902154
80,5,UCB,17,60,-0.08919214427776812,1.1322222503892347,12.675449584096341,2.4992173864741716
80,5,UCB,18,61,1.5527820061842141,1.2055829841836054,4.2158834399944904,4.321311680989156
80,5,UCB,18,62,1.5855134785236786,1.3061881027058395,11.878179080876613,4.1770236992787995
80,5,UCB,18,63,1.1037597000440775,-1.484578368021872,14.918305935985384,0.8663109314313606
80,5,UCB,19,64,1.5307599374906093,1.2927033077260979,4.71124633922788,4.326413536082615
80,5,UCB,19,65,1.5406962331062837,1.2957997134306147,13.171902848029216,4.155195791997745
80,5,UCB,19,66,1.6071721977875808,0.06676409486737223,9.112561973800382,2.8582960337890473
80,5,UCB,20,67,1.5019392073749227,1.2350469066267609,4.6386489767199315,4.308600956218688
80,5,UCB,20,68,1.5710774615217775,1.3217041912485281,12.424382408068627,4.169663313674857
80,5,UCB,20,69,1.8052679758433046,-0.032104140285429406,14.94358420515027,2.640431442914137
80,5,UCB,21,70,1.5549708689894484,1.2886937806248797,4.831487670990388,4.325658766943327
80,5,UCB,21,71,1.5678333250613625,1.2988512834531183,12.3991481077124,4.16823874926475
80,5,UCB,21,72,0.048226556965541345,1.2032662595659325,2.967280376624605,2.895219283360764
80,5,UCB,22,73,1.4755626560722326,1.2745984482421484,4.11195771711841,4.330733077882007
80,5,UCB,22,74,1.5915641942573693,1.2663871133348676,11.92105438326119,4.170595562370279
80,5,UCB,22,75,0.16742587920986152,1.2323146762268404,14.961798918015768,2.793163634048963
80,5,UCB,23,76,1.5558341434757255,1.3142922456977986,4.57666246922029,4.3370259054018385
80,5,UCB,23,77,1.5847096292336609,1.3121047449273595,12.07705984987277,4.174822949669773
80,5,UCB,23,78,0.07081042004455385,1.2997280923440337,2.81059002456013,2.948524035009851
80,5,UCB,24,79,1.5299793081758155,1.2886819621837002,4.072237324466431,4.347874592085336
80,5,UCB,24,80,1.603231085795119,1.3092207460063081,11.669000554242778,4.180894813939144
80,5,UCB,24,81,0.2585661496978131,1.3957942295141268,8.211508406926168,2.9995220288001456
80,5,UCB,25,82,1.5387550763880062,1.2788952469195465,3.9101764530904237,4.353336025140467
80,5,UCB,25,83,1.568009326168907,1.2882886059480874,11.372494987630395,4.180112540357184
80,5,UCB,25,84,0.2537989954564075,1.2995844637704677,7.788723884235842,3.013023906466742
81,6,UCB,0,0,0.9111201814506518,-0.2985519556533154,5.536639529690879,2.180301218433196
81,6,UCB,0,1,0.29949441300191637,1.9560574656526333,9.491711332834583,1.8122086039966219
81,6,UCB,0,2,1.4199485282952926,-0.34512790615089584,10.19908499979917,2.4403360411409847
81,6,UCB,0,3,-0.6404522350465709,-1.3189476880567867,12.753020010784997,-0.3325645427926973
81,6,UCB,0,4,-1.0667563747140807,1.9256864676485383,12.405218384259985,1.473939001710935
81,6,UCB,0,5,1.83433335500265,-1.3317077954910872,3.112381553838414,1.668307042049719
81,6,UCB,0,6,2.075947863402807,0.013731840792607697,9.412391537612404,2.53137578285416
81,6,UCB,0,7,-0.6430306756434283,-0.8478228846275967,7.459521423209364,0.3439118912295931
81,6,UCB,0,8,1.7381265975850662,0.38950021520552625,1.6040942984570679,3.300511306741468
81,6,UCB,0,9,2.1369373754100915,-1.0111938164904783,6.595426704926833,1.7372012220477613
81,6,UCB,1,10,1.7416236326380417,1.8154141749018224,14.134322851124864,3.451238932159706
81,6,UCB,1,11,1.7346094875534077,0.7694781179136938,4.005868917893092,3.8912012514764323
81,6,UCB,1,12,1.7416446621035622,-0.9351590650349408,1.2835758063204634,2.0229184992274574
81,6,UCB,2,13,2.6364920259536095,1.369753345362731,8.771515042225932,2.7119180252669923
81,6,UCB,2,14,2.633248635895138,1.3812036584589769,2.015782403630352,2.8550386876271885
81,6,UCB,2,15,2.1185952617439163,1.3416482004554142,14.95691086431603,3.822977797836593
81,6,UCB,3,16,1.4623662805097015,1.1846447300041012,3.51325973971844,4.313134300421133
81,6,UCB,3,17,1.4579214846503308,1.189976726241837,13.50814262243093,4.096981591930522
81,6,UCB,3,18,-1.0991737057014657,0.5883591062406595,0.08221841721443914,0.6790698378745832
81,6,UCB,4,19,1.6333431483112753,1.3151035004899287,0.21810056989762644,2.947755402862267
81,6,UCB,4,20,1.6997186841820588,1.241577231965576,8.054300024415411,4.221311274047364
81,6,UCB,4,21,1.1180152560896497,0.9449639416953435,14.863637128924417,3.6683783457754524
81,6,UCB,5,22,1.1124782210851745,1.103216227990886,6.6776580427004415,3.9426725611112285
81,6,UCB,5,23,1.7450091008309951,0.5433890050995069,14.977478112567699,3.3636138003163207
81,6,UCB,5,24,2.510545482756576,-1.4183582377516406,14.863759871597141,0.1622886418458771
81,6,UCB,6,25,1.429449233290267,0.8552730555371739,7.172956845925731,3.8808695285855017
81,6,UCB,6,26,2.618537406988875,-0.396881812194259,0.039490893514067094,-0.2622956137716523
81,6,UCB,6,27,1.154581621828863,1.9485331125001792,13.0417740109649,2.768749957887065
81,6,UCB,7,28,1.5687927228127037,1.9849318545486385,5.106224161127478,2.9626316693471084
81,6,UCB,7,29,0.21163045466309582,-1.4720848095832046,0.17341598376306122,-1.3316710524522868
81,6,UCB,7,30,0.7523369443282446,0.12873498763876223,0.09599776574279782,1.030351424421479
81,6,UCB,8,31,1.024709166480902,1.620745308865974,2.4866393111772904,3.8426108541484556
81,6,UCB,8,32,1.0256609240823025,1.650659431976838,13.325315255911992,3.563536160033654
81,6,UCB,8,33,1.0367735236294435,0.23117173893787202,8.27609145087164,2.750849839148821
81,6,UCB,9,34,1.4239157665049404,1.967183796559083,0.8913177901959828,2.512466126469995
81,6,UCB,9,35,2.0227706497489333,1.983246493681194,8.705515496848806,2.674208691326828
81,6,UCB,9,36,2.2306157915810023,0.8944219355611831,14.959428017570199,3.3515045008045523
81,6,UCB,10,37,-1.0132352750370817,0.4360381236014832,14.886617507436714,1.5677946802982823
81,6,UCB,10,38,-1.010359518207486,1.9770504238104571,0.13192279133962503,-0.04427035458355749
81,6,UCB,10,39,1.4405168953073009,1.3835595374726668,5.643314221258775,4.265116409919404
81,6,UCB,11,40,0.07691096124545083,1.3271812956547615,14.947327549217041,2.7103022010253275
81,6,UCB,11,41,1.7624248029018732,1.2565935001156703,14.917974617297753,4.112099749781963
81,6,UCB,11,42,1.2731333285764466,1.1612077519146733,3.97429679906735,4.191658258503995
81,6,UCB,12,43,1.6569320389343019,1.2810526525755028,5.396883057895606,4.30827827820204
81,6,UCB,12,44,1.3832079961337493,1.3647153235421534,14.944433652018288,4.084820655403302
81,6,UCB,12,45,0.46110334254421925,1.9731381938532593,0.3254531689700906,0.6968838724912768
81,6,UCB,13,46,0.6840860559976556,-1.484172399481331,14.897924664361467,0.4143196641686717
81,6,UCB,13,47,1.344443585924811,1.3713112765529458,4.54836938236101,4.260858315075724
81,6,UCB,13,48,1.8342871080251597,1.2071442381780702,12.87718336338581,4.083768018422367
81,6,UCB,14,49,1.4529194265109115,1.301914765314676,4.995271163012543,4.2971015620149515
81,6,UCB,14,50,-1.0472330339085467,-1.4990243208822107,0.09565893184181418,-1.7538747265014718
81,6,UCB,14,51,1.6376290632116661,1.2892082814595334,14.983706048790069,4.142232960923476
81,6,UCB,15,52,1.4583152910258552,1.3010905390645213,4.88152861466404,4.3026865247241695
81,6,UCB,15,53,1.6350826862170562,1.2419369001537297,13.378355539433437,4.147023511829493
81,6,UCB,15,54,-0.09294712024273943,0.4561340967250571,9.932841490929446,1.7210130901222498
81,6,UCB,16,55,1.334489475148616,1.3130879817036316,4.666940062767752,4.25580285409263
81,6,UCB,16,56,1.6028173509805503,1.2748084002727151,14.990589261498561,4.139825799231213
81,6,UCB,16,57,0.08669183634479394,1.9980153742621876,14.856137488491347,1.2993117897019606
81,6,UCB,17,58,1.8128376172544756,1.2191712169550533,6.008727099986559,4.227914298359757
81,6,UCB,17,59,1.6288357475108333,1.291397906095768,14.478676355863564,4.147566730607021
81,6,UCB,17,60,-1.0910212295690986,0.8098623790385604,8.41752234501388,2.25527814162138
81,6,UCB,18,61,1.5073095903727327,1.2559825063615007,5.195525041814362,4.2976003706484445
81,6,UCB,18,62,1.6560479356941702,1.3467558393538157,13.58862617993291,4.156292293479299
81,6,UCB,18,63,1.561612754426605,-0.37738142978868994,4.737872948846165,2.5889332761459807
81,6,UCB,19,64,1.396213009698525,1.2812394066256227,4.879478933087305,4.275795099854221
81,6,UCB,19,65,1.6331238153327412,1.236644534584734,13.244510508116639,4.146774140515732
81,6,UCB,19,66,2.6333471524788967,1.958166254904068,0.8854548047905293,1.0849267594733027
81,6,UCB,20,67,1.4643961253543307,1.271335452293882,4.863184247272578,4.300587767693855
81,6,UCB,20,68,1.6418202429367925,1.2935846078101392,13.188082797385366,4.160637071501443
81,6,UCB,20,69,0.2595606639322894,0.6043329228849008,14.86232606922887,2.240134301312955
81,6,UCB,21,70,1.4014606480688183,1.2583321227516158,4.568713687293152,4.283708328049195
81,6,UCB,21,71,1.5818673023539325,1.281981488860378,12.843959129798993,4.161937590615944
81,6,UCB,21,72,1.4706396358839582,-0.052597279798507035,0.05887422639752992,1.4405903582826713
81,6,UCB,22,73,-1.0882115758424402,1.9647016921609448,5.256693022056815,1.4743813803711159
81,6,UCB,22,74,1.6489668933309014,1.2966160327907454,3.2896664597371736,4.380718909304862
81,6,UCB,22,75,1.3055298830786901,1.2478322904915649,11.358565259067598,4.07480131101339
81,6,UCB,23,76,1.6167821859379377,1.313919596843618,3.190640268061005,4.385583436032693
81,6,UCB,23,77,1.6151242560768564,1.4216846576477855,11.582883548384094,4.161500813467312
81,6,UCB,23,78,-1.0918164863295146,0.4142796246346039,4.672246025474209,1.8216908578865216
81,6,UCB,24,79,1.584713684465672,1.3490456059903013,3.3093875764572798,4.380439125207702
81,6,UCB,24,80,1.6118457967278816,1.35107309977599,11.49536203134926,4.182415819947937
81,6,UCB,24,81,2.6357086852436225,-1.4950652180793151,10.144992607684676,-0.36413534851086293
81,6,UCB,25,82,1.6127286733243813,1.2348732325744982,3.2334254445932125,4.36853779531803
81,6,UCB,25,83,1.6213178729324178,1.3108918274167167,11.298431338702226,4.186238317947098
81,6,UCB,25,84,1.6315213024797055,-0.41182301087438566,14.981741619201554,2.378635568606108
82,7,UCB,0,0,1.2359817587016404,1.640248303393514,11.635509667987657,3.781100281171634
82,7,UCB,0,1,-0.25840073100515826,-0.44941800281071087,13.103428127498532,0.6390618236963885
82,7,UCB,0,2,-1.0803235568384473,1.374299464339682,11.956244361851942,2.5809924140624476
82,7,UCB,0,3,0.6486729187769844,-0.4393865061324027,4.1771057558994995,1.824018416704799
82,7,UCB,0,4,-0.1475523509365364,0.057767070589263,7.568719336110342,1.2304256950767942
82,7,UCB,0,5,0.9684196047023783,1.9842509920203746,11.890136126287082,2.4434651457882284
82,7,UCB,0,6,1.2250837804216248,1.961360516886597,3.230415164835749,2.9853411481940664
82,7,UCB,0,7,-0.501287629473235,0.6438886149556078,0.6600861774127892,1.0075302428531248
82,7,UCB,0,8,-0.9666627982230713,0.30211087094979594,6.993624173854012,1.4679464493264407
82,7,UCB,0,9,2.3274559684216887,0.7022918907185365,7.712250581346109,3.0246887496850787
82,7,UCB,1,10,1.7557219831553237,1.402957612475563,8.413899554594563,4.19958590027762
82,7,UCB,1,11,1.7510617485076296,1.3830320454840823,2.0153930981948966,4.335050808648567
82,7,UCB,1,12,1.7530170328737462,1.3438341717667286,14.912611137857207,4.123965112454823
82,7,UCB,2,13,1.2490633313428807,0.975794707316064,0.02292768102881636,2.6047866229867798
82,7,UCB,2,14,1.247350539990821,0.9316321995946826,6.924601973233916,3.878056110833896
82,7,UCB,2,15,1.1918900778155708,0.8897062237981648,14.340201511022103,3.670705469420076
82,7,UCB,3,16,1.538517989467953,-1.4820026573994338,11.742429651564631,1.1517159368642864
82,7,UCB,3,17,1.623367860468142,-1.4614788600743671,4.2670550185276275,1.3859275941876863
82,7,UCB,3,18,1.5274345924337474,-0.3400633998591429,10.5289402039496,2.4710675982430583
82,7,UCB,4,19,2.075583981938478,1.9768803609143109,0.35276431711829404,1.4138661261759913
82,7,UCB,4,20,1.5018218745323018,1.1886212550104926,9.769805762276365,4.159228580573584
82,7,UCB,4,21,2.038938878053296,0.3896087434828186,0.07866098258735843,1.7518462222898927
82,7,UCB,5,22,1.6191552246990804,1.983729814880824,0.432885446175299,1.739471971722925
82,7,UCB,5,23,1.6172974485370233,1.9734831883386899,8.061878311042932,2.9392740660979886
82,7,UCB,5,24,2.567709244034438,-0.061202709650328035,14.753969931421631,1.3619860611094583
82,7,UCB,6,25,0.6913897984215629,1.4493534507250163,4.867811285841946,3.6009459600958897
82,7,UCB,6,26,2.5685061272783534,1.2293090917427296,3.413438993056759,3.0656191241796016
82,7,UCB,6,27,-0.7305455070988802,1.7037627217487064,2.496030562495976,2.157482179277423
82,7,UCB,7,28,0.5229579865348299,1.3985814798232075,1.3160811537139274,3.2641780174605843
82,7,UCB,7,29,2.5701927870849466,1.3964911453136764,1.5482560784983332,2.9606691382721664
82,7,UCB,7,30,-1.0869443781892791,1.4002771172321045,2.8023883442894193,2.795766356461704
82,7,UCB,8,31,1.3747515494002256,1.524012526753031,3.9349977072911835,4.206764510813276
82,7,UCB,8,32,2.176752732671112,1.6122358348206345,14.900489265256859,3.529439393093895
82,7,UCB,8,33,0.557575568795855,1.1716211785622765,14.760508713785775,3.242199485092966
82,7,UCB,9,34,1.5604075462523137,1.276736121621418,4.459431384965796,4.337162034563178
82,7,UCB,9,35,2.420451386459265,1.0191312345465446,14.994413780943889,3.0896062491541114
82,7,UCB,9,36,1.166088281735465,0.46498001962838487,10.839740238284431,3.12473358847146
82,7,UCB,10,37,-1.0391671446266524,-1.4989348110326979,0.24812053120919283,-1.75911086873611
82,7,UCB,10,38,-1.096131715704887,-1.4996738427641076,11.649048336701728,-0.46144092391746483
82,7,UCB,10,39,2.6248677777877725,-0.7032276604798198,0.12009102193744411,-0.4756554597919791
82,7,UCB,11,40,0.3342946292980904,1.9487901811907427,0.1838923482419776,0.6197109618030718
82,7,UCB,11,41,1.8649111369863105,1.1354868353054206,4.357663459306735,4.208262759434821
82,7,UCB,11,42,-1.0695155999280954,0.7725868864995169,14.987058068374651,2.0901499275677016
82,7,UCB,12,43,0.5549078679403481,0.8490413604633353,7.612109659201604,3.0370546235650964
82,7,UCB,12,44,0.5960065163462889,-1.4826760515841233,0.02154148640862179,-0.8886272079083084
82,7,UCB,12,45,2.0973899270382894,1.2089264523424808,0.12208299971918003,2.627088493563061
82,7,UCB,13,46,2.6350515814851927,1.9191549099931242,10.291676258764909,1.6315354588854887
82,7,UCB,13,47,1.1275378704412375,0.9522544364760814,2.900849427611147,3.929055330757521
82,7,UCB,13,48,2.63256107783598,-1.4961366258416025,8.635456792058529,-0.329777011649655
82,7,UCB,14,49,-1.0838113014148807,1.730640785792687,7.674156547200554,2.217540373620687
82,7,UCB,14,50,1.6969883039103433,1.262433629715113,12.958697998353198,4.150777929083952
82,7,UCB,14,51,2.616628343313022,-1.4196566388072331,14.993348279477978,-0.16130245997292558
82,7,UCB,15,52,1.5034421449184094,1.2858598478509045,2.7871077772463906,4.3744684910373435
82,7,UCB,15,53,0.9654212987633355,1.1876350854901112,12.280263233886513,3.7535958826062332
82,7,UCB,15,54,0.0029068360151740524,-1.4947875790025047,6.455692049289146,-0.2878659429352062
82,7,UCB,16,55,1.5657419597508317,0.20248144019436798,5.1699944060372856,3.108640206520081
82,7,UCB,16,56,-1.0842945063898406,1.870143112110798,14.88272945656834,1.6882660829440266
82,7,UCB,16,57,0.9132804191804982,0.2768087158115049,14.988730595490868,2.5880193970453673
82,7,UCB,17,58,1.5793172540030271,1.3292409781725527,3.1401703667006813,4.3852353804044055
82,7,UCB,17,59,0.31907222318757955,-1.4924985160542767,14.952363577923375,-0.06177726941323147
82,7,UCB,17,60,1.6624388567957595,1.3444150013986316,11.323762486375264,4.183233536904294
82,7,UCB,18,61,1.5819336677174856,1.3325569701282687,3.2620740217638047,4.382569315552054
82,7,UCB,18,62,1.5566021133357415,1.319433361987088,14.949458725892676,4.141405647136449
82,7,UCB,18,63,-1.089533154173573,1.2321735201404858,5.604905067853838,2.7102106262072962
82,7,UCB,19,64,1.5603638241803917,1.3551289403788638,3.0690529032484615,4.382683020445706
82,7,UCB,19,65,1.5816358968002149,1.3253747230159134,11.339802925907687,4.184617718133361
82,7,UCB,19,66,-1.0982769574676792,1.0550224610787655,9.8316468747816,2.5099585267086892
82,7,UCB,20,67,1.7481245819003495,1.4421652784151462,3.6844101847695994,4.320713798749521
82,7,UCB,20,68,1.4115302464716581,1.5550158944196877,14.888644413168635,3.9714470320421973
82,7,UCB,20,69,-1.0673775203916778,-0.3430241229702906,0.19835025613459023,-0.3797431935124848
82,7,UCB,21,70,1.5676492885401188,1.2903337759212303,2.8716787194162516,4.385919064213928
82,7,UCB,21,71,1.5718248688069063,1.2359362187161058,11.04841723504593,4.171917719358265
82,7,UCB,21,72,1.5050374017454033,-0.21813558746649253,7.091249379629872,2.624483377201886
82,7,UCB,22,73,1.5343843724771182,1.316241260162525,3.0856584288330886,4.3802530562978115
82,7,UCB,22,74,1.5517853823101229,1.2646099326635873,11.17205949554892,4.1761869078983915
82,7,UCB,22,75,-0.24755342907846445,1.2271849293307127,3.2274914874095955,2.6390169975849096
82,7,UCB,23,76,1.4998188840597209,1.3056599637841915,3.1509731528673455,4.370867272933494
82,7,UCB,23,77,1.5350162809801549,1.300996767427979,11.180755292135984,4.179597389892123
82,7,UCB,23,78,1.8895502425025223,-0.269414765956113,3.779972993208789,2.613088742879323
82,7,UCB,24,79,1.552289946690788,1.3416294614198536,3.1820276750685665,4.38067204474425
82,7,UCB,24,80,1.678248520435162,1.2743448620279545,11.117027703360385,4.179823191018537
82,7,UCB,24,81,0.05492866990986034,1.3498918410657925,8.217010201644324,2.7794370279361984
82,7,UCB,25,82,1.5267700451336998,1.2833930791628063,2.8990377660207156,4.378291702545006
82,7,UCB,25,83,1.6500583586304858,1.3137754972409654,10.889675683760963,4.191046602830346
82,7,UCB,25,84,0.17097722967645135,1.3642371352439806,14.900960401923053,2.811538328591194
83,8,UCB,0,0,0.12189539767498037,1.9554689516827395,4.781343866444266,1.7278012224560158
83,8,UCB,0,1,1.8468073731594483,1.5446377909367563,5.866881013281371,4.1189671343701795
83,8,UCB,0,2,0.5363645598598992,-0.1953788391872644,1.6051969934951427,1.7950028669198042
83,8,UCB,0,3,0.6898939022060733,-0.655267492203612,3.857921583018395,1.750762224058123
83,8,UCB,0,4,-0.4096581721097916,-0.8214740788349125,12.20760122465516,0.3267331933197166
83,8,UCB,0,5,0.48069191109497367,-0.6042782319462088,8.863951873629407,1.3832747704742694
83,8,UCB,0,6,1.1581655703704494,0.7640030947106577,13.670434350347412,3.4925118270783564
83,8,UCB,0,7,-0.5386797595981241,-0.20014505045161335,4.270024942024678,0.8828804169691364
83,8,UCB,0,8,-1.0372854704635277,-0.8645612192304467,5.920634050897744,0.5925894771816106
83,8,UCB,0,9,0.3698021235925937,0.6585478054245035,6.784545665878369,2.5757447559792164
83,8,UCB,1,10,2.636141164431859,0.9337469011751582,12.880397628608835,2.4034843511656585
83,8,UCB,1,11,2.6310001746521947,0.8322672776728135,2.5609012711756503,2.5236834392356373
83,8,UCB,1,12,2.589172866145829,0.2558396680838271,7.722833609151492,1.745828015918176
83,8,UCB,2,13,2.2434656518190708,1.990440928659729,0.20836666137527007,1.0439765564836763
83,8,UCB,2,14,2.308845020155289,1.9892398690487014,6.270332936037251,2.2649052609656284
83,8,UCB,2,15,1.5951112427955976,1.9794644303610145,14.91746580738756,2.813434326746574
83,8,UCB,3,16,1.949922971810273,1.4882871593057097,10.014197730578239,4.007615190326958
83,8,UCB,3,17,-0.17716981846326973,1.4786488495845695,9.822492239551158,2.4790115624732514
83,8,UCB,3,18,0.832234798172204,1.4243793576658823,3.7769778205116142,3.817838907596149
83,8,UCB,4,19,1.449545114719403,1.1658373388267806,6.061048482632775,4.21467300365541
83,8,UCB,4,20,1.1617908302404083,1.339221932959871,12.36128535479986,3.971353685697146
83,8,UCB,4,21,0.8619039776314781,1.015688306713301,0.038893212092702044,2.2853515498728605
83,8,UCB,5,22,1.300268677592062,1.437062021603806,7.86223115469218,4.116142437400272
83,8,UCB,5,23,2.620788300096317,-1.4973313144293403,13.502100211039043,-0.3656332489454839
83,8,UCB,5,24,2.605664955000095,-1.4996175702375747,5.646355563984226,-0.17740303190424234
83,8,UCB,6,25,2.610169336863727,1.3268817413812548,0.37460214452636764,1.5939473244497844
83,8,UCB,6,26,-0.24202478642874625,0.9344942300670844,14.783658376965963,2.172317792193731
83,8,UCB,6,27,2.4942692151076584,1.3386114517359324,6.9442346932878,3.1861002929706137
83,8,UCB,7,28,1.9317169406315875,0.8042482409683989,4.950438841776566,3.7991925614690825
83,8,UCB,7,29,0.5905024198358957,1.5918859000701637,13.676718247987637,3.1604980195949377
83,8,UCB,7,30,1.0931731589158247,1.9976088876226896,0.9941618670968603,2.261281414795711
83,8,UCB,8,31,0.762900905765461,1.9960456787492946,5.80005839051807,2.2796078106192024
83,8,UCB,8,32,0.7676299228881631,1.987272318638312,13.413916685518316,2.1877852608230968
83,8,UCB,8,33,1.3471659212064724,0.8031164604521273,0.3177213375492874,2.488318080328624
83,8,UCB,9,34,1.8164796978511406,1.217916404867038,6.533271830246139,4.210714515710629
83,8,UCB,9,35,0.6183652600897129,1.1197029456180383,11.63321386711789,3.3191781467306507
83,8,UCB,9,36,-1.0869372206740502,1.0854851941902641,1.023989453848002,2.2827870363171585
83,8,UCB,10,37,1.873851996856791,1.3138912262879936,14.920634284187436,4.066874808240467
83,8,UCB,10,38,1.5639750908042167,1.3082244513746044,4.77762300511445,4.330780956200249
83,8,UCB,10,39,-0.3952779655288591,-1.4993707372057679,0.032127793396500626,-1.9353859462588674
83,8,UCB,11,40,2.605378049255563,-0.473893677612264,0.0025122920465513354,-0.2699366692046597
83,8,UCB,11,41,1.5339995147190821,1.342504307037521,5.756075223439583,4.294272005332653
83,8,UCB,11,42,1.428995620891555,1.2156792775000897,14.989322833704774,4.083871695891805
83,8,UCB,12,43,1.5655372469306856,1.342847133235717,5.549161787622664,4.305350607836472
83,8,UCB,12,44,1.6200059679706902,1.2986175432810336,13.311102848595658,4.160518671025217
83,8,UCB,12,45,-1.094377444638592,1.9709670851896912,14.867212429651808,1.281004744192284
83,8,UCB,13,46,1.5622803043895717,1.3233516251871316,5.403419058185059,4.310313937364896
83,8,UCB,13,47,1.572125507295571,1.3773844568846783,13.258609030284498,4.154091464399943
83,8,UCB,13,48,-1.090221308505723,-1.452599158749264,14.717259002131811,-0.37417077921217157
83,8,UCB,14,49,1.5445035437557895,1.307095869463021,5.514152825616106,4.303632429040551
83,8,UCB,14,50,1.6263854066903551,1.3335022207422718,13.581467393586196,4.158808083732463
83,8,UCB,14,51,-1.0970327884137299,1.2915561194558522,5.41094480543962,2.7409621126221753
83,8,UCB,15,52,1.5268202438907776,1.3149166277403461,6.037228281181855,4.284939009201352
83,8,UCB,15,53,1.5768820329587157,1.3493538147810273,14.995268971030052,4.142005099352778
83,8,UCB,15,54,-1.0931274361038152,1.6236185036923887,0.042173394568912094,1.1441214669275104
83,8,UCB,16,55,1.5248045065403466,1.3190967780936038,5.776809438128207,4.292501433611871
83,8,UCB,16,56,1.5941193128013715,1.324855542920227,13.523705101707977,4.159029188402595
83,8,UCB,16,57,1.5544577170658784,-0.20379067789205063,14.926918795672698,2.5256654914590575
83,8,UCB,17,58,1.5190488075639959,1.3066518141499341,5.609562384484588,4.295874167918039
83,8,UCB,17,59,1.623405499098375,1.346422497488319,13.663275385137204,4.157140589794166
83,8,UCB,17,60,1.6319697997923939,-0.19575299222934994,4.39705684166921,2.73831089516409
83,8,UCB,18,61,1.511047573465492,1.3208241900093323,5.231674521994362,4.306894444062346
83,8,UCB,18,62,1.6450784536886038,1.361503325948211,13.151155598809359,4.1599337071479345
83,8,UCB,18,63,-0.1383905106512342,1.1866786562053644,3.9083314686976283,2.684413326873072
83,8,UCB,19,64,1.5232955523254632,1.311787926223312,5.111442278027382,4.313183308250134
83,8,UCB,19,65,1.6388582742975148,1.391592810243032,13.276446132768177,4.151905054450085
83,8,UCB,19,66,0.6873686735242943,0.2176562637184576,14.970160925201098,2.2542656404734585
83,8,UCB,20,67,1.5921295516304288,1.3426122475091846,5.553516426117579,4.307520081332063
83,8,UCB,20,68,1.6357677413444875,1.3428629510554417,13.578791060341816,4.158016529034487
83,8,UCB,20,69,-1.0956026155446534,1.0325870730673472,9.422819383435344,2.493204236759901
83,8,UCB,21,70,1.5310504167684544,1.2850471226427094,4.973712058351672,4.316387631411286
83,8,UCB,21,71,1.574665389772259,1.312749167163899,12.667915085495565,4.166839513325972
83,8,UCB,21,72,2.037492316207965,-0.04689020623993789,14.959904156219418,2.4461482804694135
83,8,UCB,22,73,1.5677620299337796,1.3192049735902578,5.704955823150066,4.301378214913573
83,8,UCB,22,74,1.5930703046882804,1.2964363246426176,13.429098501147887,4.158308311536662
83,8,UCB,22,75,1.4351541788274735,-0.0662688621854135,4.380166955829306,2.8166460336580332
83,8,UCB,23,76,1.4899964049540264,1.2797583550493883,5.16558014087585,4.299673195357724
83,8,UCB,23,77,1.6232551710173788,1.345279613724046,12.990752539998491,4.164561025638174
83,8,UCB,23,78,0.16462545953700713,1.3197053524022833,9.851815740895544,2.8702736964079887
83,8,UCB,24,79,1.571920144342719,1.3036181193105194,5.707408220140692,4.3008685209516635
83,8,UCB,24,80,1.628562254472059,1.3138187218467734,13.40684645808206,4.160539147270898
83,8,UCB,24,81,0.22432361695666647,1.2974931979937754,9.734495047150016,2.939784905273693
83,8,UCB,25,82,1.5693626661691162,1.3002590531719855,5.305672029834741,4.313030954407038
83,8,UCB,25,83,1.593377061802613,1.3420109731294816,13.335178798817951,4.160371074729657
83,8,UCB,25,84,0.2358621070534368,1.3223099517024375,9.448787104834542,2.9598658842192647
84,9,UCB,0,0,2.1521212752362064,-0.4961397681935562,9.047619102623376,2.032739485903135
84,9,UCB,0,1,1.805644867872708,1.0062612036124783,13.730786427237122,3.939896854241996
84,9,UCB,0,2,2.11529106699644,1.7138317016706681,0.3997894292794906,2.3241584758900062
84,9,UCB,0,3,0.533995776483974,0.19730514442050828,0.9782478063542428,1.8199754323235795
84,9,UCB,0,4,-1.0789754486111087,1.4071750293993994,14.749550362048346,2.5390012433629208
84,9,UCB,0,5,1.8320870194378034,-0.3953877850760441,10.580300235137218,2.3869721008720877
84,9,UCB,0,6,0.018039670541847963,1.0926196900651206,4.196928549004557,2.758854834968738
84,9,UCB,0,7,1.8245422505812274,1.9570926141310183,14.793592000654296,2.8687387446482995
84,9,UCB,0,8,2.199257412866577,1.6948351812437128,10.623395504633484,3.3893060146398497
84,9,UCB,0,9,0.9721548303337322,1.731333728245772,1.346871967034834,3.36969697541259
84,9,UCB,1,10,1.7873877401725355,0.08691272659378924,2.551653718004122,3.015577649626401
84,9,UCB,1,11,1.7872410444927338,1.5652341677024362,4.14865712388859,4.180141856741754
84,9,UCB,1,12,1.7875126064332911,-1.040759936477559,10.953193921168523,1.933052379526435
84,9,UCB,2,13,1.7685198202127341,1.190122157625714,9.013072432614953,4.161621812617784
84,9,UCB,2,14,1.7689959988148698,1.2533083727373704,0.28917580365247547,2.923959978704797
84,9,UCB,2,15,0.9714431946773385,0.40507555265460393,14.635093218300435,2.8193386267925264
84,9,UCB,3,16,1.417485431991635,1.7457812617351114,6.471999969669741,3.7546978791897083
84,9,UCB,3,17,2.2167353641578353,0.6001804029116262,14.942324427652203,2.988978728790912
84,9,UCB,3,18,2.501097457618197,0.8957006512492818,6.730474106166295,2.877057644550367
84,9,UCB,4,19,1.8333357877310283,1.8991356840205227,7.106161027430595,3.2280535342944807
84,9,UCB,4,20,1.5377091879206342,0.7924910450324476,11.293413813001346,3.7553280338209287
84,9,UCB,4,21,1.3314421875236944,0.8797940724813742,2.7887533167952636,3.992571208653693
84,9,UCB,5,22,1.4889209483306551,1.186946058630061,5.470163542203792,4.256578453471117
84,9,UCB,5,23,1.352074767409924,1.2740773129821723,13.263755525538206,4.0843587592324075
84,9,UCB,5,24,2.6035834376224267,1.3178587613023427,13.66677217183125,2.753008859960442
84,9,UCB,6,25,1.5129151708129425,1.401641088422001,10.787945193095203,4.168753962069333
84,9,UCB,6,26,1.1923010906667444,1.4052850134952695,3.266414157859772,4.1925701240680855
84,9,UCB,6,27,0.3965988962234277,1.8825228805180494,11.036000642908519,2.212185422659039
84,9,UCB,7,28,1.643517092684362,-1.0472886892599003,4.806964685843701,2.10094379100257
84,9,UCB,7,29,1.6406656107588042,1.2715326719231541,4.7810206893258265,4.32804245470948
84,9,UCB,7,30,1.2934880919467755,0.11464424314002253,3.76237177738504,2.952004367935277
84,9,UCB,8,31,-1.0835666026777964,-1.461482963897887,14.50731298147888,-0.4040434289044088
84,9,UCB,8,32,-1.0777545861901663,-1.4262811124766412,6.662051697614984,-0.19408892690750323
84,9,UCB,8,33,-1.0166163592682707,-0.3163574995912213,10.908977844787138,0.8264354169402346
84,9,UCB,9,34,2.622589180154094,1.285623178087007,2.3935388007664007,2.917944808498161
84,9,UCB,9,35,2.5418313002310655,1.282806169232693,12.743996014100773,2.9477599600017625
84,9,UCB,9,36,1.0998172721011552,0.8496476113786362,2.7742395332195726,3.786042560655064
84,9,UCB,10,37,-1.0867494604230967,1.9566439892932816,1.6799079559574357,1.4999687342949026
84,9,UCB,10,38,2.5859234976057204,-1.4952228073991398,0.007216573813292104,-1.461556119868279
84,9,UCB,10,39,1.540767366758792,1.3059232704546893,4.081987987385846,4.3514221067184025
84,9,UCB,11,40,1.5681199360664193,1.3231306184417169,4.638266351926767,4.336618804530274
84,9,UCB,11,41,1.6544781943253613,1.3308906228058994,12.293685544282706,4.172118822865434
84,9,UCB,11,42,-1.0989478567404882,1.2211843393417574,9.191727335468217,2.631082654621568
84,9,UCB,12,43,1.5112293950693019,1.3045738434951546,4.423714704344498,4.333616700664639
84,9,UCB,12,44,1.5976021840526822,1.2197775378288918,11.889751636146901,4.156324113796013
84,9,UCB,12,45,2.6220387225095565,-1.0568398006936468,14.948054871043652,0.4387442792343128
84,9,UCB,13,46,1.496081449420826,1.2884864592723781,4.511303688808352,4.325010907827273
84,9,UCB,13,47,1.5894603427569702,1.2490780210690446,12.09994723171134,4.163561787014405
84,9,UCB,13,48,-1.0921316647095383,0.511934438291612,14.794000697031517,1.7640129989060909
84,9,UCB,14,49,1.549228065541778,1.3240271622125999,4.5733422383488795,4.336431091030722
84,9,UCB,14,50,1.5892008267981708,1.2440755256733738,12.201068726105898,4.160737685897264
84,9,UCB,14,51,-1.0513301558525214,-1.4682090323078074,0.12906050781837589,-1.663422815152147
84,9,UCB,15,52,1.5194824950061192,1.3205385604554594,5.011362661065221,4.316057021292672
84,9,UCB,15,53,1.6229771527210306,1.2828308312145613,12.65040574570502,4.165751768717545
84,9,UCB,15,54,0.791970860236058,-1.4963437402905335,7.841515597737561,0.6101967212104156
84,9,UCB,16,55,1.5811526820438981,1.2661042165985004,4.499844772564029,4.335603176211793
84,9,UCB,16,56,1.6166454393306782,1.2580538272721076,12.306220243829026,4.164457212855969
84,9,UCB,16,57,-1.0871505701060225,0.8432145774597957,0.3186869451854923,1.032078414189503
84,9,UCB,17,58,1.5257537489056716,1.2813417626293848,4.851355065423363,4.31888602138484
84,9,UCB,17,59,1.557671095379297,1.2998915843926633,12.460232828952876,4.16638741610219
84,9,UCB,17,60,-1.098503014814906,1.9744975260319282,9.231906352618045,1.3428921038707702
84,9,UCB,18,61,1.6002803233866678,1.2719223410623477,4.459160648090941,4.3394834758702014
84,9,UCB,18,62,1.596517812478401,1.2871356199424682,12.117271907065685,4.1724284624921255
84,9,UCB,18,63,0.09308161610000831,1.3861945477110722,0.7922990039156029,2.266421481370629
84,9,UCB,19,64,1.5057289239552492,1.294470373912128,4.218803316975089,4.33840928107565
84,9,UCB,19,65,1.5835732785903058,1.258322813349631,11.664152017646881,4.1713788487155
84,9,UCB,19,66,-1.0970287085801407,0.6014841079526381,5.826127764542426,2.047668123864158
84,9,UCB,20,67,1.5586461690714706,1.2981041044825306,4.384253425955916,4.342834462138426
84,9,UCB,20,68,1.5203411359965648,1.2260583282404651,11.852470408261778,4.149383354104156
84,9,UCB,20,69,-0.010129084898916174,1.5648486452098895,14.968606485867104,2.4781971243274623
84,9,UCB,21,70,1.499904183360628,1.3435835666580478,4.579795453477069,4.325572674840716
84,9,UCB,21,71,1.5153609732826818,1.2520880797422578,12.074878568261546,4.154243359035147
84,9,UCB,21,72,1.5825676514894518,-0.1414434852952029,14.871247119665776,2.581135030569871
84,9,UCB,22,73,1.5257774743230157,1.269233642149219,4.414406721325798,4.331548318018065
84,9,UCB,22,74,1.6046650403604006,1.3027740244167205,11.824930961985833,4.178394218802033
84,9,UCB,22,75,0.0918032268607496,1.2290936267460415,8.368425248514427,2.7986567723565994
84,9,UCB,23,76,1.4745304466294238,1.3002867309607646,4.214837972459334,4.330798018311539
84,9,UCB,23,77,1.532688251286177,1.2547747770253541,11.656580377678463,4.163889543023022
84,9,UCB,23,78,-1.0931330266704289,1.1436785233152724,12.085168819207956,2.5387094341400265
84,9,UCB,24,79,1.521474819349376,1.2873736640594582,4.318149072496503,4.337466909307423
84,9,UCB,24,80,1.585166782428825,1.307680322691871,11.637323376503812,4.180256735618443
84,9,UCB,24,81,1.4887571326823115,0.033306388515300434,1.1106614425156471,2.630031500720092
84,9,UCB,25,82,1.5596542008839336,1.280328891257433,4.359454147321256,4.341226559590414
84,9,UCB,25,83,1.6056553535257874,1.2606151510895245,11.79099478132413,4.171458706535572
84,9,UCB,25,84,0.20312466899660842,1.9880057226107777,2.429504926285384,1.721202993649043
85,10,UCB,0,0,2.472578388883481,-0.7731136647229859,12.426844834232687,1.1518024544923837
85,10,UCB,0,1,-0.5421327060424903,0.29481615752797685,2.0396581407035788,1.4126231454877674
85,10,UCB,0,2,1.474929324942087,1.4461170350929762,6.383209452077245,4.228476437661166
85,10,UCB,0,3,2.4760324749052294,1.3886651723467942,5.0738914717611685,3.2818741747031615
85,10,UCB,0,4,1.0516171676686472,1.1365565264796693,12.406731951434907,3.8072214151740154
85,10,UCB,0,5,2.3882595655723597,-0.9925185677232045,11.183957585448018,1.1978351301816406
85,10,UCB,0,6,-0.579243841115948,1.672850646395244,3.392490390684237,2.201007377732238
85,10,UCB,0,7,2.0885569453972503,-0.4278874706375666,14.54748569272662,2.090129566645263
85,10,UCB,0,8,0.8351464562862418,-0.3713390443187854,4.2372203239530295,2.0885983346899577
85,10,UCB,0,9,1.1641174893781292,-0.33182440148231596,10.180052953848636,2.2920504057764193
85,10,UCB,1,10,1.035390920995571,1.9995965980118355,6.761298090479539,2.5300997153037432
85,10,UCB,1,11,1.2077152956707877,1.9979452209615505,14.686169369038165,2.560832709704536
85,10,UCB,1,12,0.8387006273160829,1.9853871480543632,0.18391713870295692,1.0657538271160634
85,10,UCB,2,13,1.0441133166311278,1.1331828289054977,6.2369776474057295,3.913883405014379
85,10,UCB,2,14,1.9571091977349893,1.4130073514399415,12.085926410534567,4.017191776217657
85,10,UCB,2,15,0.2132088960948908,1.4203587865049858,12.222269859835729,2.871574140115828
85,10,UCB,3,16,1.756666641474527,1.1297894036835032,9.04733427882356,4.128967479980941
85,10,UCB,3,17,2.545845879674134,0.6914835875282619,14.71665648917124,2.3602306530741504
85,10,UCB,3,18,1.6898065184443776,1.0121022636258346,2.061526892573283,4.191484427551023
85,10,UCB,4,19,2.032649321506314,0.4895928473224376,0.07412772717701298,1.8941527077121088
85,10,UCB,4,20,1.4287163733594643,1.4330062525592675,10.31700435903261,4.1365925075909775
85,10,UCB,4,21,-1.09133426108769,-1.4978247579844532,13.410447645912267,-0.48336022823017566
85,10,UCB,5,22,1.3329490070982977,0.7807253122845839,0.09597821875757075,2.424494127925812
85,10,UCB,5,23,1.8597144790779367,1.994176446440123,9.052386835562116,2.7494840357295307
85,10,UCB,5,24,1.3779274505496857,0.7187936474414007,13.40830386979924,3.5791899651475862
85,10,UCB,6,25,1.6119594024659762,1.291960370474285,0.040061873728558094,2.945003201675214
85,10,UCB,6,26,0.09994361483938952,0.4512362740739331,14.934549248351075,1.8457411032517352
85,10,UCB,6,27,1.3982719501299106,-1.4897759112523083,0.11661741889254384,-0.14695935842758076
85,10,UCB,7,28,1.8716215837762213,1.0710405257476276,12.087801749643772,3.982292044657065
85,10,UCB,7,29,1.8683086799045117,1.0722321395934982,0.6861737220364033,3.3340015550161435
85,10,UCB,7,30,0.6229365263975644,1.0617050599567315,4.844475475852566,3.429041536179236
85,10,UCB,8,31,-1.0885814017795787,1.9954903083924407,10.43438793179842,1.208360266249132
85,10,UCB,8,32,1.6945995737615922,0.9652783573842085,4.664663420229051,4.113608676847517
85,10,UCB,8,33,-1.095101369683724,-1.491653582841756,0.9387869861706416,-0.7396123282685585
85,10,UCB,9,34,-0.679492064831416,0.9935056439126599,14.908933646341657,2.098094399103246
85,10,UCB,9,35,-1.09150120000941,0.9867767608981635,6.8769871654240715,2.4978876238179404
85,10,UCB,9,36,-0.020467893091304035,0.9862351080916971,0.6186414223610333,1.6759141933425181
85,10,UCB,10,37,1.5685809350873687,1.4054596799435113,3.5079559623736296,4.36011671661279
85,10,UCB,10,38,2.618299941555269,1.9110783130917035,14.748450188490452,1.665487561884985
85,10,UCB,10,39,-1.0814131279236066,-0.1353792716762916,7.728508305908333,1.1014707178697125
85,10,UCB,11,40,1.397711556812303,1.205415383854958,3.687291540052719,4.293026050448881
85,10,UCB,11,41,2.48091964493828,1.3659886893946989,10.1024039294296,3.154201729774755
85,10,UCB,11,42,2.611890091082003,-0.6393260341939997,4.865971531211247,0.9910049160926933
85,10,UCB,12,43,2.3103684576807093,1.2060660201065119,14.119349082606853,3.4791526503065677
85,10,UCB,12,44,2.599613450706578,0.9764693065911958,2.601213016750831,2.792620698794506
85,10,UCB,12,45,-0.047016459468756544,0.6783896751272898,14.225688024204011,2.0148610469369057
85,10,UCB,13,46,1.3278044471738606,-1.433112165599955,14.936636674160512,1.1666985571249213
85,10,UCB,13,47,1.5634542007527195,1.1617439877369184,14.967446575744422,4.091088885440567
85,10,UCB,13,48,1.7992749134664097,1.257335824894771,3.78285364997006,4.320795340128434
85,10,UCB,14,49,2.5686575396291267,1.9916831569572673,1.3022748620708655,1.484365860911538
85,10,UCB,14,50,1.6041846336331336,1.3194363980890214,8.835100092051649,4.2266800371988555
85,10,UCB,14,51,0.6791746035168935,-1.494837965728265,7.320668311727905,0.4920173948432558
85,10,UCB,15,52,1.6100885977418589,1.249795910456787,3.78440562698519,4.357245162483455
85,10,UCB,15,53,1.6048353662292176,1.250515520813118,12.025349262768719,4.165639775652959
85,10,UCB,15,54,-1.0011919922692496,1.9523529365213417,14.935997457775969,1.2589354527375445
85,10,UCB,16,55,1.647475733363883,1.2452715293109122,3.8320453666276637,4.353380380571474
85,10,UCB,16,56,1.6713495641494829,1.2709727989849564,11.918123776153974,4.169221123780905
85,10,UCB,16,57,-1.0998251146851954,1.6829476210280419,0.41201233978589996,1.158279697337033
85,10,UCB,17,58,1.6273571276147982,1.2517586419638267,3.6862697402738878,4.36097548875601
85,10,UCB,17,59,1.5377498698673295,1.248630364170165,11.851418182171606,4.160460098912553
85,10,UCB,17,60,0.007966201261559558,1.3028482790112728,7.248894249120117,2.7534944180763463
85,10,UCB,18,61,1.5924955123940987,1.2598536185439926,3.8755973375356123,4.356371726220754
85,10,UCB,18,62,1.5998273064723225,1.3467281317384514,11.881806082975828,4.177455934658925
85,10,UCB,18,63,-0.023059796812047173,1.3880897221207937,14.957560156358756,2.5988103532195836
85,10,UCB,19,64,1.5478396661850446,1.2532542227400043,4.2175950124526445,4.338188217299493
85,10,UCB,19,65,1.641994742487093,1.3035182820044868,12.28110586727541,4.172263412121124
85,10,UCB,19,66,-1.0952526363649115,1.2291462288287618,3.822535041708909,2.7765921639739837
85,10,UCB,20,67,1.5848716257695878,1.2392359916875546,3.940438430871909,4.347540964970958
85,10,UCB,20,68,1.5712632777742943,1.2530190887919548,11.99631625365153,4.164516860314147
85,10,UCB,20,69,-1.0771603748490113,1.416561924505551,5.336196723057996,2.7014241991400603
85,10,UCB,21,70,1.6131726910082467,1.2518062635703155,3.634941739519494,4.362685308869892
85,10,UCB,21,71,1.5295824053506193,1.287162635968952,11.574061330196855,4.171452961018881
85,10,UCB,21,72,1.6441963214827222,0.011471886507763873,7.798764716985171,2.8271036771725395
85,10,UCB,22,73,1.6134825491031846,1.2470624499910388,3.9342863720434966,4.351463145233825
85,10,UCB,22,74,1.6733304083424771,1.3260699853695126,11.713057180011983,4.177586750578045
85,10,UCB,22,75,1.5815159488433013,-0.1648073450032579,5.0578195275944156,2.7399329657797273
85,10,UCB,23,76,1.6708250940023754,1.2670331692973438,3.921964752298422,4.354141430934634
85,10,UCB,23,77,1.6056629223174443,1.28277668731151,11.940497086869499,4.174294784045555
85,10,UCB,23,78,0.18492664159875805,1.367711550957337,7.729636397036967,2.931003817100645
85,10,UCB,24,79,1.6034036984732793,1.2703438489554832,4.084655973065268,4.352263935980965
85,10,UCB,24,80,1.6746909871482738,1.2857266145358426,11.681774331044833,4.174663944411476
85,10,UCB,24,81,0.16673216152543402,1.2427585718059158,8.14934916009748,2.891348736991395
85,10,UCB,25,82,1.6503263931405892,1.2702520357768239,3.9023895016302568,4.35751925456613
85,10,UCB,25,83,1.6282785898917402,1.308802562923339,11.404369363194881,4.184546436342053
85,10,UCB,25,84,1.284438220747126,0.13341824981139006,7.779549249777719,2.8469636005233765
86,11,UCB,0,0,-0.6195331522515011,0.2474725185404023,9.022873865992738,1.2048841752296109
86,11,UCB,0,1,-0.9927891757140433,-0.9822587039789042,13.923237133382582,0.3018528190554698
86,11,UCB,0,2,-0.8368383069117665,-1.045791177102457,14.224978470923334,0.11586877006362428
86,11,UCB,0,3,1.2239789862800827,-0.20852406694573156,7.671338937027137,2.4787718101682117
86,11,UCB,0,4,1.3770441135552787,-0.5364191448360474,2.070383124931463,2.4627103696265586
86,11,UCB,0,5,1.8449039646614174,0.846262044358693,7.686222319933924,3.8335801296151546
86,11,UCB,0,6,1.952144061218612,0.4217634410450921,14.713723675820285,3.0810872558472484
86,11,UCB,0,7,-0.3357481430096223,0.4380562700282973,7.254886829153893,1.5721262420198152
86,11,UCB,0,8,0.22018813336089438,0.5705835638216521,3.5302831737820406,2.377207065959067
86,11,UCB,0,9,1.8978314292801928,1.5356674314484513,1.9322663087465377,4.150840781678124
86,11,UCB,1,10,1.3366638969524542,1.9989011223775757,13.143829352692174,2.6559324347666022
86,11,UCB,1,11,1.0733417330781845,1.9963199996222225,5.993711378387242,2.6037056902439164
86,11,UCB,1,12,2.616768074421315,1.1181333011872878,0.2924083327477146,1.4351541297502024
86,11,UCB,2,13,1.6877172704059222,1.341744599158822,0.13982263079480872,2.9411205580003577
86,11,UCB,2,14,1.925715509066125,1.9981872829751137,11.362913593301414,2.647002721394496
86,11,UCB,2,15,-1.0969804581389846,1.9917035948800534,0.3475385672864038,0.03361528189261478
86,11,UCB,3,16,0.7952977231464906,1.600584782358652,8.33113370218279,3.4743702510355545
86,11,UCB,3,17,0.7822407233051811,1.5966188709873315,0.12557508524652647,2.1752599363803213
86,11,UCB,3,18,2.6354231880271994,0.6686170332043342,10.144637902193294,2.105501126518407
86,11,UCB,4,19,2.0902719703984527,-0.23158592986938675,4.924264791750242,2.407389643572003
86,11,UCB,4,20,2.087034363434973,1.9608047650877025,4.860847307722463,2.8068032611016385
86,11,UCB,4,21,0.568886317342125,-1.0522361843716617,13.928035495418692,1.0723945686533911
86,11,UCB,5,22,1.862272755698784,1.490060992357022,12.157912080711212,4.039358751422713
86,11,UCB,5,23,2.6278983578693156,1.594610684984382,5.061954139158145,2.6587506609797438
86,11,UCB,5,24,0.9374341540824203,0.9172714840556213,6.01555614316559,3.610752656203172
86,11,UCB,6,25,1.2545162847128886,0.7585144298912532,14.801432544137032,3.5464133904655357
86,11,UCB,6,26,1.6285442289394,1.6611114171035095,8.558528508958801,3.9373600364055914
86,11,UCB,6,27,1.4722404840912073,0.6411998980721219,1.924537869063893,3.70200474741295
86,11,UCB,7,28,1.0464817838633929,1.3661470149158395,14.999738611467647,3.838400245511351
86,11,UCB,7,29,1.5289049707882802,1.499084916362881,7.728769850738928,4.169451737905504
86,11,UCB,7,30,-0.3234461040173474,1.3103153525028537,10.598754901734015,2.421453573024426
86,11,UCB,8,31,1.7214445098852327,1.097150761577323,14.997801087535766,4.037357090546751
86,11,UCB,8,32,2.622467017964584,-1.4811719142831576,0.7032263891553377,-0.9320984129579801
86,11,UCB,8,33,2.628016419834702,-1.4946202102649508,12.487891093617362,-0.3700311263709397
86,11,UCB,9,34,2.5863972833528166,-0.6420573104134286,14.860987155471845,0.88463988188613
86,11,UCB,9,35,1.6752858510320352,0.2229761151643881,0.006491409655336149,1.7585184169585895
86,11,UCB,9,36,-1.0855379090239465,0.8915929383666157,0.4456426015754579,1.2241938069501612
86,11,UCB,10,37,0.13656064860645145,1.704177853830732,14.940350509050067,2.39110262946794
86,11,UCB,10,38,1.809095173207,1.683201502259355,0.3665028478206769,2.629619247066069
86,11,UCB,10,39,-0.05911747305050419,-0.4277015500174235,0.04919091787655056,-0.4019041275368563
86,11,UCB,11,40,1.616318617484994,1.2248222364434387,3.791901389724425,4.348502970152359
86,11,UCB,11,41,1.1346667863863167,1.0951852390050507,11.938047589789536,3.8575581863676036
86,11,UCB,11,42,0.40956671486851914,-1.4896778436379692,6.116736080516298,0.20385929023699956
86,11,UCB,12,43,1.4380840658563914,1.0622297231829183,9.370732405931875,4.05858464741173
86,11,UCB,12,44,2.6036758412780308,1.560021772505916,14.913141312009358,2.604513528413313
86,11,UCB,12,45,-1.08125073265818,1.9996352861251272,8.544084961226522,1.2118996884450461
86,11,UCB,13,46,1.2860875811730064,1.2861445090619528,2.5352739312089856,4.276502837668426
86,11,UCB,13,47,1.7359206085185037,1.1109645638447887,13.40102639791564,4.059883402885134
86,11,UCB,13,48,-1.0549980404615769,0.6723565076534426,14.903187432239449,1.9389666199401758
86,11,UCB,14,49,2.0687485355314523,1.2630660181370947,5.44522972419119,4.046955243593858
86,11,UCB,14,50,0.653565251229995,0.896741995274168,14.940536395865754,3.109637500766258
86,11,UCB,14,51,1.0615886397316316,0.4354698256421008,0.14779510217000974,1.7475798127599473
86,11,UCB,15,52,1.761028230233316,1.2308091025509453,2.759297376249596,4.350332630160249
86,11,UCB,15,53,1.4439335172458763,1.4127955574603628,11.108306945387286,4.139724512897899
86,11,UCB,15,54,0.930493994240202,-0.10998985102628867,4.803207114813359,2.377286950586665
86,11,UCB,16,55,2.022490635299534,1.3430619662674785,8.62339635790618,4.02543374035059
86,11,UCB,16,56,-1.0663198071533693,-1.4987829332377989,0.09352868484893863,-1.7307823413840666
86,11,UCB,16,57,-1.075873036858132,-1.4602924834968527,9.702863142082151,-0.3490199274659742
86,11,UCB,17,58,1.652371974028434,1.3441120330842007,2.893059913496808,4.388820926208991
86,11,UCB,17,59,1.4111829574588026,1.3432332459674319,13.391463834355994,4.11545400317536
86,11,UCB,17,60,1.1570796956987492,-0.32952518726777047,11.403974178165717,2.2698559894052073
86,11,UCB,18,61,1.6484923541302416,1.2659145287114906,2.634668656400446,4.383535768255038
86,11,UCB,18,62,1.6182782677362697,1.3355883659269785,10.894683750416629,4.192131053116067
86,11,UCB,18,63,-1.0812243809668711,1.110989234540877,4.392396554705819,2.672521311412855
86,11,UCB,19,64,1.6380301889335467,1.2773782809665888,2.9751698374164706,4.384825746750967
86,11,UCB,19,65,1.602044330433611,1.3080136975990868,11.13318105115483,4.188090947140257
86,11,UCB,19,66,1.156990638583911,-1.4322201046612368,9.926404218976016,1.1116788264184319
86,11,UCB,20,67,1.6594670835051581,1.253800273769333,2.821669662189191,4.379391943914255
86,11,UCB,20,68,1.5405474645817425,1.3307552770807631,10.790354889602579,4.187278644858184
86,11,UCB,20,69,0.10366086513381378,1.2698131996679183,6.266473417075168,2.8749674946506736
86,11,UCB,21,70,1.6536359754679104,1.2522110492271805,3.108017220800842,4.375451469797231
86,11,UCB,21,71,1.6593934128136598,1.364816979027494,10.977765652578926,4.185730557343196
86,11,UCB,21,72,-1.0906419822740125,1.1772411634722575,7.392384449470476,2.637322866836018
86,11,UCB,22,73,1.5748766451073757,1.3015821135925947,3.165526173873314,4.383210595522127
86,11,UCB,22,74,1.5165282891162861,1.367852248509199,11.010431286091599,4.175466233308098
86,11,UCB,22,75,-1.0990866487852897,1.276190137914143,13.280741811896048,2.5898550835725054
86,11,UCB,23,76,1.654969933158903,1.2833007798278646,3.161057780487031,4.381382215239599
86,11,UCB,23,77,1.566089612080198,1.2967768089020764,11.046820838011458,4.185584831974759
86,11,UCB,23,78,1.6776799793275798,-0.2500876069553324,3.2312305928258342,2.7287894807323094
86,11,UCB,24,79,1.669390102175492,1.3023694180043557,2.954985470762492,4.386158431362979
86,11,UCB,24,80,1.7213551101637847,1.3343041505749733,10.736873107136164,4.182206564793519
86,11,UCB,24,81,0.27530178284363105,1.209640763880874,14.906429890353412,2.91095225570892
86,11,UCB,25,82,1.6232695910011739,1.2520072745410538,3.2391486004085306,4.373898309731688
86,11,UCB,25,83,1.586380813137866,1.302367004615737,11.002586274850337,4.1886641709409345
86,11,UCB,25,84,0.13428485649536737,1.2082491220396627,7.118670524493157,2.8653455861533486
87,12,UCB,0,0,-0.16266900004873697,1.8136353000079861,2.84061644771188,2.0496068522249082
87,12,UCB,0,1,-0.42998799926753206,-0.27538765791414876,3.458888157601999,0.8816188997973555
87,12,UCB,0,2,1.4054557407418962,-1.0972221625679337,13.444744296196502,1.8233127847680466
87,12,UCB,0,3,2.1068336377065675,-1.4901053873468297,8.122450959620195,0.8907008857233618
87,12,UCB,0,4,-0.7006967889732838,-0.5971576443365341,6.254023713455908,0.5494303199234877
87,12,UCB,0,5,0.5951634473656942,0.13851306830365218,13.912822996384023,2.0583407798906546
87,12,UCB,0,6,-0.1329724388294239,-0.8423842622541172,10.057986600343447,0.5211647079310249
87,12,UCB,0,7,2.4375140944263407,1.72983806405313,13.203869748852181,2.7840997575435598
87,12,UCB,0,8,-0.8595027643334516,1.778436437251968,9.738956295448075,1.8437758310573602
87,12,UCB,0,9,2.157004194728032,-0.07165536180405496,3.2916296276905648,2.505086172880276
87,12,UCB,1,10,1.6174434801420094,1.1971400697776415,14.999531061939162,4.113128820275437
87,12,UCB,1,11,1.6169492577850009,1.2099094071935506,0.9043965890717736,3.8159805769852086
87,12,UCB,1,12,1.6212916038322498,1.1902331358696712,7.433161436483302,4.221637074246713
87,12,UCB,2,13,1.3229343781416194,1.9957116533073318,11.77078541195192,2.6805963535523736
87,12,UCB,2,14,1.345518208495188,1.979123616401397,4.445616017416347,2.939516720993816
87,12,UCB,2,15,1.4915907418526175,0.4419002461748749,8.038548225442508,3.3238310099142154
87,12,UCB,3,16,2.3003194632030297,0.8787853161448353,11.858190973158358,3.2364065792478165
87,12,UCB,3,17,2.4465823970343323,0.8881858359590984,5.039605351546878,3.0633514254305174
87,12,UCB,3,18,0.9645721447099098,1.1205661094867936,8.066168671894197,3.7802500537790795
87,12,UCB,4,19,1.4354992432260718,1.031924461768802,12.687770928409426,3.982376125979604
87,12,UCB,4,20,1.517769748158167,1.0054485132705553,6.223411331798591,4.101033164391241
87,12,UCB,4,21,2.003227026967429,1.5063290178160433,0.36147408290805727,2.743714409350618
87,12,UCB,5,22,1.3437905135358115,1.3611126774909543,8.501153445137962,4.153465918750689
87,12,UCB,5,23,1.1370486042368686,1.3456058006871054,1.8526487756086663,4.119691122741029
87,12,UCB,5,24,1.8851865178281657,1.2790188372197089,14.774361352361993,4.056743917639956
87,12,UCB,6,25,1.0078644388888431,0.7874314801732765,1.7742886521786883,3.557342985614198
87,12,UCB,6,26,0.6601493664330156,0.7879219923501668,11.792212590016137,3.0168733750333034
87,12,UCB,6,27,2.103706288712494,0.7875357410586319,14.677359910565096,3.41544186544941
87,12,UCB,7,28,1.572692431264052,1.2473632384935534,8.767950864738994,4.213834336925434
87,12,UCB,7,29,0.9076905654781746,1.3336165190663767,0.0861551923821547,2.5024470101210423
87,12,UCB,7,30,-1.0987685542789367,0.762181111348458,14.89315365263395,2.1141669764596616
87,12,UCB,8,31,1.576759776060706,1.2968130917989327,4.03900141403752,4.356652099099081
87,12,UCB,8,32,2.5420826435645734,-1.4057996359020402,0.010505135229590477,-1.0967040342224492
87,12,UCB,8,33,-0.6303063981197483,-1.4964758080550746,0.07588717737883956,-1.9787212416338753
87,12,UCB,9,34,0.28295439372250053,1.9853807936221202,14.96153217636519,1.5855719273956295
87,12,UCB,9,35,0.8618003668129215,-1.4374550348626194,0.11831391694467278,-0.45189437279808126
87,12,UCB,9,36,2.6218731939615743,-0.14510949650390836,14.584046051679312,1.1182382735115224
87,12,UCB,10,37,-1.098651900169604,-1.441251316670984,14.945136812713478,-0.3360802523224198
87,12,UCB,10,38,1.0988559813044554,1.2873509262849065,4.170267204175865,4.098014284468123
87,12,UCB,10,39,2.5306431003667167,0.4537654604955743,0.1147754744724982,0.8766285427340876
87,12,UCB,11,40,-1.088458464204202,0.7851804843994334,0.06729610881296835,0.9321739048357499
87,12,UCB,11,41,2.635852351293196,1.9790590070681784,2.841606765582528,1.5517966477701712
87,12,UCB,11,42,1.7969320792174113,-0.23492606739232502,14.998578272516145,2.467118216527708
87,12,UCB,12,43,1.5503049992874658,0.960303361882271,3.1322530145281626,4.15860792582869
87,12,UCB,12,44,1.8958126001595277,1.8965811745889702,14.983911972781424,3.080074426789155
87,12,UCB,12,45,-1.0975146695318165,1.300989059653955,5.009053493032083,2.755920928561948
87,12,UCB,13,46,1.4433751648097903,1.3533345902142528,2.9600571033262986,4.356024272745346
87,12,UCB,13,47,2.63345043616561,-0.159209725759776,7.176251580464489,1.1826081399482957
87,12,UCB,13,48,-1.091533019741908,0.5585498175747423,8.976995644680178,1.9048484042570903
87,12,UCB,14,49,-1.052742294785313,1.9709173595234923,0.1016456733249646,0.03110747792225798
87,12,UCB,14,50,2.0505355084640984,1.5248982345615483,7.7221138312760464,3.9177551011904734
87,12,UCB,14,51,1.5178077605527496,-0.2938725103825346,0.11363040984184496,1.2515764042549882
87,12,UCB,15,52,1.4168623271658314,1.236357285175112,2.9409467348645477,4.332108994311986
87,12,UCB,15,53,2.454985347633488,-1.4975218121781362,14.961663158027028,0.10112623480738803
87,12,UCB,15,54,1.5305214112076446,1.2481563040840218,11.329274569019418,4.165976665598883
87,12,UCB,16,55,1.4399721531657836,1.2537887665620198,3.0752212828960506,4.344404025643302
87,12,UCB,16,56,1.681392980720441,1.286949324663933,11.492057647904977,4.176464821299818
87,12,UCB,16,57,1.1994854764326783,-0.6410116489462692,5.116402039779193,2.241673389109881
87,12,UCB,17,58,2.003003793491591,0.9194975783559753,6.045193743558657,3.8405148172022336
87,12,UCB,17,59,-0.23863684887942183,0.858655063602999,8.755449952121008,2.1669823511397213
87,12,UCB,17,60,1.053007464002694,1.3228217586532942,14.924589480835676,3.8490182529123347
87,12,UCB,18,61,1.485459833427814,1.2749076044101613,2.9351081994220567,4.36646555979511
87,12,UCB,18,62,1.6581319758733137,1.2386978190985793,11.039958584871238,4.173521205448671
87,12,UCB,18,63,-1.0958798312239877,1.9715056062228529,5.519264970893557,1.4441003597204902
87,12,UCB,19,64,1.4878341358124736,1.2515794427540463,3.127157236548129,4.35809465960798
87,12,UCB,19,65,1.5764813766988168,1.181505543370292,11.16426283145538,4.146672113898481
87,12,UCB,19,66,-1.0951311780190327,0.7453085444122487,3.778862429632034,2.3098679096049093
87,12,UCB,20,67,1.4449308263959848,1.2491141044770746,2.940254264694474,4.347004319845956
87,12,UCB,20,68,1.615032604544282,1.2998373865846493,10.892628338025029,4.1911049786132795
87,12,UCB,20,69,-1.0980202040979556,1.2816447720797193,12.402476896821298,2.599577775540288
87,12,UCB,21,70,1.473598841544359,1.1938797375671157,3.131332800859091,4.331192513449935
87,12,UCB,21,71,1.4720122325420935,1.3176202138908426,11.003636780240708,4.167900977592805
87,12,UCB,21,72,0.8649459528397505,-1.4611615828877436,14.935750363390333,0.6885461963761799
87,12,UCB,22,73,1.5107168721300885,1.2695897807740786,3.0286109036811015,4.370341390477714
87,12,UCB,22,74,1.7651242901752737,1.2225294010150378,10.9236045592501,4.145833955997584
87,12,UCB,22,75,0.2518633772825394,1.3544304750925056,14.920217305920117,2.9071842647322104
87,12,UCB,23,76,1.4930315282113327,1.2618196710528178,3.0711727426962057,4.363378527515982
87,12,UCB,23,77,1.6272945651140316,1.3026343419986226,11.031861295411922,4.189282785306946
87,12,UCB,23,78,-1.0475575053395019,1.4861159103530173,14.978770725651739,2.4533459555671584
87,12,UCB,24,79,1.6041176881491492,1.2459246429939768,3.114410970935289,4.374651768685172
87,12,UCB,24,80,1.6294678588063118,1.1719528216837407,11.070331026471681,4.144533218075663
87,12,UCB,24,81,-1.0883137999105152,1.2784472926612303,7.787452697540966,2.66296266281081
87,12,UCB,25,82,1.5688683022876808,1.2594367839488512,3.303297323510918,4.37171975507026
87,12,UCB,25,83,1.6499800087360086,1.252677553945551,11.177004052591204,4.1766173469676415
87,12,UCB,25,84,1.5509398040125086,-0.22918729983580266,3.213919192693552,2.7444933327795775
88,13,UCB,0,0,2.131748582680984,1.4935588022622066,12.165539958366347,3.7676746364093363
88,13,UCB,0,1,-0.12297494738662706,-1.2298018979855252,14.197040240910503,0.04523611932395344
88,13,UCB,0,2,1.1937395494430194,-1.490792362307951,13.656197263809501,0.9357980483608388
88,13,UCB,0,3,2.5802105869627447,-0.4979618854184036,12.205103184461654,1.021203158399827
88,13,UCB,0,4,-0.7920415137155512,0.03398016556197492,12.265738917397368,0.9485623160742864
88,13,UCB,0,5,0.4274364642616839,0.3121239751544198,1.7564812122425197,2.2293173362159475
88,13,UCB,0,6,1.941942362437668,0.24253592916379274,3.7249396441051923,3.0808701768556968
88,13,UCB,0,7,1.8024761649752454,1.927299012163469,8.075610167910273,3.1052942392047873
88,13,UCB,0,8,1.6547303819338683,1.9746624109692692,0.45288231813348423,1.8106312826020137
88,13,UCB,0,9,1.1383794868946242,1.885533472270553,1.7609312710759095,3.176776273195227
88,13,UCB,1,10,2.2118094953129526,1.552563049984657,1.042108443040968,3.3966538623855707
88,13,UCB,1,11,-0.41456075774501344,1.4345801693291627,6.803692199447871,2.425396521853204
88,13,UCB,1,12,1.7063807617824063,1.4344938657205493,14.589726871784508,4.1125156601179516
88,13,UCB,2,13,1.3474620806495694,1.9397336880089089,13.838447749418117,2.930658236976078
88,13,UCB,2,14,-0.9771422827563745,1.9317623874818555,13.863713421020382,1.3362917453721144
88,13,UCB,2,15,2.058517522738685,1.3352368717214813,3.14642635871803,4.141150041515614
88,13,UCB,3,16,1.8656243619571193,0.8827392979536564,14.98474803464325,3.7599857121637
88,13,UCB,3,17,1.2347849187162345,0.7323787400319728,7.210590092768618,3.613405338213496
88,13,UCB,3,18,0.68724567879068,1.9594474736215646,1.030315489083378,2.038463151025568
88,13,UCB,4,19,2.071373272108769,1.317480822475376,6.664625555118195,4.015586816894562
88,13,UCB,4,20,1.6902011041935388,1.4144763726913778,14.93192079218247,4.121666026757263
88,13,UCB,4,21,1.247834163780709,0.7046628620211108,0.059710993069415595,2.270013129425468
88,13,UCB,5,22,-0.6531896507603736,0.7803280653269438,14.98620687642162,1.8431107871625985
88,13,UCB,5,23,2.5380452713685697,0.684701626348367,14.798210615615844,2.3730055938360293
88,13,UCB,5,24,-0.9427420901929944,0.8375689256505878,6.510302034205301,2.1796605739489108
88,13,UCB,6,25,1.4325686289457789,0.59324721532011,14.807828992916548,3.4165746956101417
88,13,UCB,6,26,1.696092226619244,0.9622079958755618,6.230622695257507,4.060173646581173
88,13,UCB,6,27,2.622705615611866,1.9608328145346476,14.647344658013285,1.437140743141495
88,13,UCB,7,28,1.2304211808070282,1.9897938941880935,4.49708179043749,2.81390166897552
88,13,UCB,7,29,1.1860475577653493,1.1182656917380736,12.057500109666783,3.9151853140114747
88,13,UCB,7,30,2.6289580587707646,0.5772043142499417,7.758982452686788,2.0463025279584466
88,13,UCB,8,31,0.8999131310681605,0.4694557458349884,14.935533242847814,2.8278608191315913
88,13,UCB,8,32,1.9698492872808662,0.8664377227908964,0.0075970054111863024,2.4630314703196228
88,13,UCB,8,33,-1.0984861338336716,-1.4904115446575896,2.0094535885562963,-0.2514071543617251
88,13,UCB,9,34,1.0702708218935424,1.4178882529766637,0.8504446945305043,3.4735696435125485
88,13,UCB,9,35,1.2315617820633387,1.5541843619461826,9.416624447770884,3.9394482937853157
88,13,UCB,9,36,1.223415321516557,-0.26250452429222393,0.013653621449258115,1.132170259577868
88,13,UCB,10,37,2.5572399973872275,1.2039623288488208,0.023779189186859687,1.6560854076324274
88,13,UCB,10,38,2.610398867097471,-1.0996736329845607,0.15822119037400093,-0.772369237879387
88,13,UCB,10,39,-0.9950353890733488,-0.6746758659008492,0.12496539442208347,-0.6704753125338894
88,13,UCB,11,40,1.6528313397993095,1.4544866450363183,4.183667524595909,4.314930708955894
88,13,UCB,11,41,-1.083778635250961,1.488685273433517,0.036647584699184034,1.2967457565685034
88,13,UCB,11,42,2.538810827865202,0.02173184148602747,0.1985027480639384,0.32916273202658736
88,13,UCB,12,43,0.8857176047127351,1.1189220785087572,3.509688558275572,3.829481391278404
88,13,UCB,12,44,0.8675191675174154,-0.5251021107271301,5.274189545369687,1.990579712830828
88,13,UCB,12,45,2.3121688373270652,-1.4989087938178114,7.125546651927788,0.5446587136273202
88,13,UCB,13,46,0.49461313442851207,0.9201664009767834,13.650631786489223,2.951928772150151
88,13,UCB,13,47,0.5553101307898614,0.9221121635615828,3.826755443717415,3.2389752081341605
88,13,UCB,13,48,2.52240350808616,0.9262919013957136,11.324538048978951,2.7643093186685075
88,13,UCB,14,49,1.8804993776873422,-0.16489756865474337,14.945243218683308,2.4788547655471747
88,13,UCB,14,50,1.8359739346270225,-0.35746473817547453,6.2441383118886105,2.5017133323899827
88,13,UCB,14,51,1.8638266733553022,1.450496696369035,4.231950553891911,4.244568684880825
88,13,UCB,15,52,2.523546904083986,1.3791341661068461,14.904863834680043,2.9752569776888613
88,13,UCB,15,53,-0.45374682726100624,0.9684424490288355,0.5646228941632967,1.2611773611800485
88,13,UCB,15,54,2.6174955144862375,1.380047016541707,4.732065460852342,2.879753932581584
88,13,UCB,16,55,1.7366512037044046,1.2969930925867397,9.457789631263779,4.197545422750948
88,13,UCB,16,56,-1.0972837683311307,1.9944778182776193,5.111416872472665,1.3485666401854641
88,13,UCB,16,57,-1.0826841377133045,-1.4715843800565769,8.35469099234605,-0.3454716431453335
88,13,UCB,17,58,1.3095229635477215,1.286996943831122,5.949540320904284,4.1972049015231505
88,13,UCB,17,59,0.5270501606395879,-1.494898574573091,0.10210994803513679,-1.0088935867848772
88,13,UCB,17,60,0.11953039862339887,1.9820209589017237,14.835150179308442,1.4136056374705999
88,13,UCB,18,61,1.5247336360806876,1.350111391075322,2.4154827487625044,4.377089618395319
88,13,UCB,18,62,1.4641557267256835,1.2506230399440845,13.866910650660985,4.11964772117099
88,13,UCB,18,63,2.600448285532032,-1.4671430369963903,14.933751452466389,-0.2308312585191945
88,13,UCB,19,64,-1.0959606309355785,1.3643662983754528,14.858536198800314,2.5713796752726674
88,13,UCB,19,65,1.8921396196940048,0.24267700023378658,14.826889322590963,2.8948654159002754
88,13,UCB,19,66,-1.0783916355293546,0.5215302831959483,0.5231878709880114,0.8500391326191654
88,13,UCB,20,67,-1.087937721876902,1.0539911126122532,10.883121117782574,2.479280952178277
88,13,UCB,20,68,1.5743139682424725,1.4235300281826047,2.6454289334640553,4.367523711320903
88,13,UCB,20,69,1.3796285281867746,1.2864923264381516,14.943160469276894,4.083593232858273
88,13,UCB,21,70,1.5865858703540914,1.215125808168887,3.6380364478142155,4.3484459853178405
88,13,UCB,21,71,1.6011537207163786,1.3955775704214002,12.469701575561336,4.160067162621623
88,13,UCB,21,72,0.07151185196483967,0.8247540278046781,8.603303722851534,2.4073585024289574
88,13,UCB,22,73,1.6222350409801218,1.3921537286881627,2.964811361058462,4.379936755658257
88,13,UCB,22,74,1.6045103784047874,1.258675138459092,13.525388550548962,4.150518942921697
88,13,UCB,22,75,1.2389760412894808,-0.2553087098542157,12.293171441624247,2.3751805831234507
88,13,UCB,23,76,1.6162281125264437,1.3788272810403126,3.0294135989154922,4.382594138099291
88,13,UCB,23,77,1.6300654739268015,1.3427748290779937,11.80374075402166,4.179015520382318
88,13,UCB,23,78,1.428332030979004,-0.1782216996759376,3.4632990076128602,2.745917926683579
88,13,UCB,24,79,1.6128712919512136,1.387298715377685,3.325961990948962,4.373809357373625
88,13,UCB,24,80,1.5193800732916296,1.3151324524724841,11.899722563497892,4.16788534729303
88,13,UCB,24,81,1.4207188242272926,0.009596168807886718,6.910648696890037,2.806465133145907
88,13,UCB,25,82,1.6264770361844607,1.3569455951440843,2.805912775169959,4.38935298817875
88,13,UCB,25,83,1.6058071331051122,1.3643449246185604,11.299464258812636,4.1830422758160175
88,13,UCB,25,84,-1.087690413090164,-0.1866726037576365,4.495754101332826,1.160255275447213
89,14,UCB,0,0,2.0053846626886096,-0.23668666608010192,10.541386844425242,2.3688078663683063
89,14,UCB,0,1,2.1142639057207453,0.7446111827585762,8.225899768990896,3.4359509332077574
89,14,UCB,0,2,1.748765259999069,1.0071003392401416,7.0080641399088694,4.0724889982510835
89,14,UCB,0,3,1.0392790519885517,1.112128260319591,0.9543952231688143,3.505529213419063
89,14,UCB,0,4,1.317375771603062,1.0762000001351049,5.981983918073993,4.091506261911437
89,14,UCB,0,5,0.7953411158137753,-0.699477802827316,9.753262518526983,1.6922739348051359
89,14,UCB,0,6,2.529689295317916,-0.45450420346361553,6.942999008477219,1.2932927319567322
89,14,UCB,0,7,2.231961144388981,0.4299030705412634,6.322549636949335,2.8689414023263904
89,14,UCB,0,8,1.3974025170573365,-1.3921291900890354,2.307792471870808,1.5388238891684112
89,14,UCB,0,9,2.156135487318751,-0.9461605456555318,0.4429731154750614,0.5995696155814277
89,14,UCB,1,10,1.0265315457421993,1.5234551657530626,12.506762867485872,3.7539292160763624
89,14,UCB,1,11,-0.3779685374557876,1.52607007634641,12.453769035443772,2.270516824950621
89,14,UCB,1,12,2.50369492640521,1.5253469171657632,12.574359399174352,2.964837653331526
89,14,UCB,2,13,1.4841914680415846,1.9986128252191295,0.01814679977504037,1.5027245700751308
89,14,UCB,2,14,1.5472111447799546,0.9743073725980871,14.777421689697803,3.933110191916226
89,14,UCB,2,15,-1.0917068767239277,-1.4749611515986827,0.39912428401377703,-1.5323706147784988
89,14,UCB,3,16,1.864595213625425,-1.4980971561993528,14.967801782712783,1.0050525654585927
89,14,UCB,3,17,0.7973133811189641,0.8682314688406829,14.99978222378665,3.2471577800574485
89,14,UCB,3,18,1.1567492507168087,0.6974439428546084,7.726294176515352,3.494304054023221
89,14,UCB,4,19,1.5806886812536245,1.2525054462777296,11.200260626076878,4.175851670537062
89,14,UCB,4,20,-1.0714632712968286,0.406152955887757,0.0492532164224568,0.39440885647063284
89,14,UCB,4,21,-1.0952380413224336,0.37428755526397106,14.820002338418051,1.5814034972428272
89,14,UCB,5,22,1.482802656819716,1.1863662766627687,9.265256127864665,4.161873280915218
89,14,UCB,5,23,1.7146837659090925,1.064662202618357,0.7252855607720475,3.456695978488532
89,14,UCB,5,24,-1.0832727780716072,1.9976676743282802,14.97371274682034,1.1369312791073405
89,14,UCB,6,25,1.4114939072554846,1.1762655981231935,9.98654100278799,4.118895783044297
89,14,UCB,6,26,1.4672479726574879,0.9546441738974534,1.6339504993671066,4.043963006981278
89,14,UCB,6,27,-1.0229887826854367,1.9154631058746912,0.024162192562167832,0.2416932024716829
89,14,UCB,7,28,1.4662325438869752,1.1813431651953676,2.896663117508208,4.3262938025365525
89,14,UCB,7,29,0.7872672574373374,1.1813617891112682,14.462462292288158,3.5296350336594196
89,14,UCB,7,30,-1.0930571129326119,1.1814246229869085,12.907106664578695,2.551083245949265
89,14,UCB,8,31,2.4529369873437807,1.9986744784607096,5.597024444568503,1.9086130907187597
89,14,UCB,8,32,-1.0973563239556987,0.37436678366816967,8.634437950423179,1.6683476502055707
89,14,UCB,8,33,1.3337406941123717,0.8147091171382854,3.255456357716456,3.9057867389753715
89,14,UCB,9,34,1.5916279381333567,1.3846997617037098,0.1753393814335303,2.938600680851274
89,14,UCB,9,35,0.6182449651869613,1.3738945592013319,7.126921443856367,3.4747960078611286
89,14,UCB,9,36,2.613620041949865,1.307386859311876,7.102576694432617,2.827402917737966
89,14,UCB,10,37,1.7431809779327767,1.9895109384750995,14.956942116817478,2.746959553049088
89,14,UCB,10,38,1.459043542561966,1.3692460159886286,4.8132917838339075,4.302081044225869
89,14,UCB,10,39,-1.0681398853617403,-1.4945962411026745,14.806835857061886,-0.5169956353471645
89,14,UCB,11,40,1.6300083031133568,1.1636508696571122,3.9789706367740356,4.31210519354353
89,14,UCB,11,41,1.3677101388757769,0.9615588368792967,12.141338253374993,3.888633922098612
89,14,UCB,11,42,2.628156939529347,-0.08882139468676575,14.56147826043661,1.1477315762782503
89,14,UCB,12,43,0.7942984372274016,1.3388978439989532,0.46408784392474944,2.5657854023882676
89,14,UCB,12,44,0.8232307926409919,1.336514449864728,9.903244129068069,3.6685965459061647
89,14,UCB,12,45,-0.73745458425082,1.0685269534473831,14.552767156999325,2.183676102374969
89,14,UCB,13,46,-1.0731099310193775,1.8995230521531576,7.4578354359552295,1.6726537719125392
89,14,UCB,13,47,1.4652013714453722,1.2386213286621133,4.071788338932424,4.319139469477809
89,14,UCB,13,48,1.5580385981408145,1.3300576407942537,14.94615346822597,4.141623939898879
89,14,UCB,14,49,1.5595080288838847,1.2399752836193811,4.571510354482616,4.3233977895819535
89,14,UCB,14,50,1.5603765500921476,1.3220263119605828,12.992365397214568,4.1618181052523955
89,14,UCB,14,51,1.752506294833859,-1.4859424547938986,8.133675272609734,1.1871720202713008
89,14,UCB,15,52,1.454481311177755,1.199175067420716,3.9634133278019648,4.303249154743903
89,14,UCB,15,53,1.5489106080651145,1.3419189199310297,12.067587181311698,4.17063832085714
89,14,UCB,15,54,0.7495916225346329,-0.024623397268227265,0.02641876801528822,0.8658196767643599
89,14,UCB,16,55,1.4986581166181132,1.2358953382061344,4.371484901963849,4.317362504601999
89,14,UCB,16,56,1.5645259002552696,1.2910411858165882,13.344915367384283,4.1560666161142965
89,14,UCB,16,57,0.2972448443892919,1.998312904924889,8.975108083508758,1.6180761201812273
89,14,UCB,17,58,1.5378294892648867,1.2102127370885318,4.733698695796442,4.303045610818632
89,14,UCB,17,59,1.600522568743013,1.2597135678630647,12.834041184313605,4.1582982072294215
89,14,UCB,17,60,-1.0925711465455612,1.1411758453789047,6.790151746026265,2.6332609650353627
89,14,UCB,18,61,1.4393771795899295,1.1868178935145703,4.155951544249901,4.28518245773519
89,14,UCB,18,62,1.5954093657870159,1.2919649489228493,14.937492367877967,4.14290684998984
89,14,UCB,18,63,1.0253925737712364,-0.29915975843836784,14.929790963468193,2.133818290985898
89,14,UCB,19,64,1.4861116813872952,1.2132396141212012,4.6231837139121374,4.296494948680369
89,14,UCB,19,65,1.549519560370042,1.31702347696078,12.9974356857386,4.160162442151099
89,14,UCB,19,66,0.074737589328147,0.9893653489487391,9.151530096489168,2.5903346588559497
89,14,UCB,20,67,1.4749534280708394,1.2199846355235922,4.565415384228073,4.298081755147069
89,14,UCB,20,68,1.5511650520122373,1.315631226555893,12.428733318099848,4.166986212549654
89,14,UCB,20,69,2.496766443130735,-1.4845236345231623,0.2548631409914804,-1.1665922766967067
89,14,UCB,21,70,1.4492461831732042,1.2711410408301171,5.330401693664052,4.279925627034761
89,14,UCB,21,71,1.5404445160182072,1.2764412657720503,13.41806597352538,4.149397274071774
89,14,UCB,21,72,1.468151516923915,-0.009076981923395788,9.051402550685346,2.7575502781632895
89,14,UCB,22,73,1.4646670651754654,1.21533616500942,4.596813832835267,4.291893696832598
89,14,UCB,22,74,1.5451222855671314,1.2751767304096395,13.179925135937657,4.152503080767201
89,14,UCB,22,75,-1.0928257798811942,1.2713405720914173,9.475805476276696,2.6335719229516723
89,14,UCB,23,76,1.4695411911696499,1.196823555982304,4.399545987736498,4.291925342978415
89,14,UCB,23,77,1.5816536265948686,1.251826644822664,12.529710296885025,4.158564080375485
89,14,UCB,23,78,0.11112624267324733,1.253574935337145,9.017009259874783,2.8149769307841908
89,14,UCB,24,79,1.470832746740406,1.1756704408554945,4.281881256157197,4.285489605511212
89,14,UCB,24,80,1.5148733344175294,1.3124515643794141,14.968300699027472,4.133584284476306
89,14,UCB,24,81,2.5707144994494286,0.8034491718840178,9.660600557726637,2.498742537367702
89,14,UCB,25,82,1.4468613293904022,1.188254916071973,3.8140723697169676,4.300242611689505
89,14,UCB,25,83,1.5324154439394877,1.2949948148945798,11.456930250774821,4.17464807034707
89,14,UCB,25,84,1.6602274711516172,0.0772026054194761,14.880229134739864,2.792142570543904
90,15,UCB,0,0,1.4887819660857744,1.3553598896762011,5.166756960135058,4.301455439918212
90,15,UCB,0,1,-0.9324397374449049,0.5005903996180585,2.194535155427239,1.8133822729887699
90,15,UCB,0,2,1.5860486353836358,-0.2912522357345608,6.855688124457461,2.5874471903925
90,15,UCB,0,3,2.547079885177085,1.2351310972021072,12.657006888914376,2.9208699326498766
90,15,UCB,0,4,0.9744624532877526,1.7956747690506258,0.27586896480727185,1.9588298183015238
90,15,UCB,0,5,2.2228802563178856,-0.1358453082753024,3.4768701781293267,2.3365926980307057
90,15,UCB,0,6,0.8970312272458099,1.806415975284648,4.965643663750206,3.2156144361433094
90,15,UCB,0,7,2.295517353728442,0.13566064376779963,14.509349184066178,2.2454316961533296
90,15,UCB,0,8,1.755916236962754,1.2417384668235592,5.423550716478223,4.277022494795997
90,15,UCB,0,9,1.0965637194278455,-0.6300779417761381,12.002279611544562,2.0173338358465847
90,15,UCB,1,10,0.915523747105087,1.3933770815037714,7.127747429142385,3.817839607260818
90,15,UCB,1,11,-0.9639124222705134,1.400856985241837,7.023892601804777,2.5383482911628525
90,15,UCB,1,12,2.4226191001169304,1.4114340557303846,7.030094114532974,3.352692471154894
90,15,UCB,2,13,1.2340897377964168,0.885457621870076,4.91011193394578,3.875644655083943
90,15,UCB,2,14,1.6474533579845518,1.91233321774564,8.255595321866116,3.202803953463835
90,15,UCB,2,15,2.5321732993988397,1.4939913524518955,2.089976104785084,3.11355434725707
90,15,UCB,3,16,1.4545140969893993,1.1437753669038804,6.501935458693428,4.1902795351735005
90,15,UCB,3,17,-1.0915215128152367,-1.4996235209523066,0.02635213783404085,-1.7018683692616348
90,15,UCB,3,18,-1.0682349372299147,-1.4940818476104467,6.02235228945599,-0.36770796946260154
90,15,UCB,4,19,2.591927113162648,-1.4869155427472425,7.137374267575672,-0.13978480547802796
90,15,UCB,4,20,-1.094316742161193,1.86528090167102,14.999982596723438,1.7177158785340643
90,15,UCB,4,21,2.635336981083073,-1.495596881469349,0.9709783390367333,-0.6508661604976742
90,15,UCB,5,22,0.7745513051099959,1.1195585288696464,0.025209717534816555,2.2731282574532465
90,15,UCB,5,23,-0.9756537739001626,0.4819981686051371,14.969312659803414,1.5926768318652
90,15,UCB,5,24,2.6290519826372516,0.9902689331395997,2.6405297901675544,2.7123633227131387
90,15,UCB,6,25,1.6144145948075872,1.2958221756117059,4.802043809433313,4.331970210422426
90,15,UCB,6,26,-1.0873659177396693,-1.4906834143445777,14.913548344841297,-0.48306774079305015
90,15,UCB,6,27,1.2887972060711865,1.2076701764091449,14.97609595241157,4.008932840724835
90,15,UCB,7,28,1.72031660542403,0.39187701657893337,1.4013229515508658,3.2379868831142318
90,15,UCB,7,29,1.7151650616233707,0.39287445667798737,14.617014869858329,3.169680461840298
90,15,UCB,7,30,1.883606587551807,1.3970481444141578,7.676794435768345,4.15461051738415
90,15,UCB,8,31,1.5469433513307616,1.3516650037920943,6.452090052298399,4.275221158560077
90,15,UCB,8,32,1.7019623138353666,1.446793843442581,14.996937011549244,4.102859277504087
90,15,UCB,8,33,-1.0771673130609096,1.9940228151323103,1.7462433015813834,1.32535432259766
90,15,UCB,9,34,1.6150400035123633,1.3418292628643904,5.395362610022579,4.3133536925525435
90,15,UCB,9,35,1.7941508116317655,1.110825175162097,14.993502984384028,4.023592453552123
90,15,UCB,9,36,0.9560391204953751,-0.2288370720442141,0.30343080194488103,0.9380643905913302
90,15,UCB,10,37,1.649445292113132,1.2508518275768905,5.43314458463234,4.3005601434089
90,15,UCB,10,38,1.5609492539730692,1.3097486571084023,13.311678952907608,4.1578912387778235
90,15,UCB,10,39,0.03090396712427168,1.9696006447213685,9.517758271334722,1.445443414913435
90,15,UCB,11,40,1.584474519059957,1.3546870721407167,5.788522559966357,4.298460391709604
90,15,UCB,11,41,1.5647286876350899,1.266855215106781,13.640263634418044,4.148420605162186
90,15,UCB,11,42,-1.0967435065122688,0.4117296013485039,7.912830104767238,1.7324823165603105
90,15,UCB,12,43,1.5398097423550738,1.320139257201161,6.439979690695673,4.275935936257654
90,15,UCB,12,44,1.5977571663852062,1.2222225211394968,14.995045563851324,4.123732570458798
90,15,UCB,12,45,2.212849166869159,0.6245876819808918,0.11756322494256612,1.8309088259380382
90,15,UCB,13,46,1.9045918900297,0.43129692373877915,6.680703320373178,3.2598432241528084
90,15,UCB,13,47,2.4666226353324774,-1.4842795295537423,14.915269617747768,0.10873925661716033
90,15,UCB,13,48,2.6077599844094927,1.9871995383419114,14.872256408265624,1.358819768367678
90,15,UCB,14,49,0.8225588317268353,1.9554364305344114,14.71005919002593,2.387952560513722
90,15,UCB,14,50,0.4629962226603921,-1.4897854016496115,14.988958757708636,0.12349961227744144
90,15,UCB,14,51,0.29930129124139215,0.35334812516797864,14.806050405012245,1.9466743627631984
90,15,UCB,15,52,1.6339570860923334,1.3899317638347424,5.6117656374592535,4.29739950756624
90,15,UCB,15,53,1.5693873435929953,1.3728911036159688,13.836135246792919,4.148692293451836
90,15,UCB,15,54,-1.099734620324519,1.0855980863869483,0.8266430345976865,2.0702386890717213
90,15,UCB,16,55,1.5669398721080539,1.361827883132655,6.198209097059651,4.28362133380146
90,15,UCB,16,56,1.5742866867841974,1.3421970354069424,14.866531863696698,4.143597876525747
90,15,UCB,16,57,2.604176855401666,1.9203487509975314,0.014761839908534281,0.4724608897143676
90,15,UCB,17,58,-1.0970016781321859,-0.4530873856176134,14.512243566483276,0.7861826137104253
90,15,UCB,17,59,2.624703786720576,-0.5937359755028082,14.574666039899924,0.7952534502503092
90,15,UCB,17,60,1.1001950171485828,0.34453209841508015,6.481357709566569,2.996098077412
90,15,UCB,18,61,1.5713844993186719,0.8844352908914566,10.53731711437293,3.885633788681016
90,15,UCB,18,62,2.0501237218467327,1.8650967275520873,3.927945395040861,3.275310795846649
90,15,UCB,18,63,1.3823837916044592,0.3393267786627978,2.8286614444789424,3.295146297721013
90,15,UCB,19,64,1.72802474865235,1.278099628843762,3.9575957414282037,4.344473087737622
90,15,UCB,19,65,1.673317970319121,1.372874953083445,12.202462898382194,4.166256917082462
90,15,UCB,19,66,-0.10303559415042718,1.3265509942203835,4.771446149072395,2.7223831945086547
90,15,UCB,20,67,1.7741833465441466,1.197263033434706,4.048180760588644,4.299358238697744
90,15,UCB,20,68,1.4692289553136133,1.3412961295530121,11.989491844941288,4.153244765944972
90,15,UCB,20,69,-1.0980984985505249,1.0492835873376078,4.305107547100226,2.6465792122290517
90,15,UCB,21,70,1.656135076148089,1.3030730694843475,4.4750961774423805,4.342402908592703
90,15,UCB,21,71,1.697118423860374,1.258695846128874,12.533664803176924,4.154728459572709
90,15,UCB,21,72,1.7030919881074453,-0.192648770696062,9.764637383062315,2.59514589446011
90,15,UCB,22,73,1.7143409722182446,1.282355175066587,4.423751584954656,4.3324231227771595
90,15,UCB,22,74,1.6192466785795707,1.315269150838402,12.304433563321938,4.173379028692802
90,15,UCB,22,75,0.11759983849280053,1.214802720193699,7.962574138899112,2.829852299205217
90,15,UCB,23,76,1.6708023203731672,1.2490113170299821,4.569280569730484,4.326940560657696
90,15,UCB,23,77,1.6438930148017876,1.3100987128152566,12.530627920920505,4.169635198791924
90,15,UCB,23,78,1.463554199719793,-0.13345625504443026,14.86856574056642,2.5640094122128456
90,15,UCB,24,79,1.6936333354768247,1.2412545877080041,4.105308018134498,4.337253878630357
90,15,UCB,24,80,1.5521293299222116,1.2939637346364496,11.951723629741608,4.171236699391859
90,15,UCB,24,81,0.10565706059171176,1.3882182342256524,7.281617099355086,2.8476061984797063
90,15,UCB,25,82,1.778987819135844,1.2951642290937766,4.664419649687971,4.306282323650802
90,15,UCB,25,83,1.5925839700088993,1.2486555866005817,12.698694267196888,4.15637773295038
90,15,UCB,25,84,1.6751776271824466,-0.14369931294869165,3.090315250259441,2.8184917404752574
91,16,UCB,0,0,1.0185682268921874,0.007604509215649591,1.4120133080974064,2.4694768852675693
91,16,UCB,0,1,0.20077327997931493,0.6752816343323778,0.3258033927374751,1.1015257022382525
91,16,UCB,0,2,2.1685011963824743,1.4891733603442976,0.6655189326084838,3.031516033515698
91,16,UCB,0,3,1.898647138229884,-0.8532169347960299,10.434663099564013,2.0499116670766213
91,16,UCB,0,4,-0.5207640475670036,0.9206691459414329,14.37954883213524,2.0304612191520075
91,16,UCB,0,5,2.5808888992215544,0.8215334344762009,2.454658846671232,2.667783569512534
91,16,UCB,0,6,0.37578108886917816,-0.5270167557428449,14.3350897595026,1.2253878377562897
91,16,UCB,0,7,0.01865250229852089,0.4637694815421538,6.111072062696367,1.9233094297057094
91,16,UCB,0,8,-0.5815751426575689,-0.1534047084706731,11.541456392376888,0.7473892424215305
91,16,UCB,0,9,0.4456207988443526,0.8776010554036517,8.728226293567289,2.9115581251711253
91,16,UCB,1,10,-0.7078110205569608,1.4405616277141302,8.811489426663629,2.3425527990912247
91,16,UCB,1,11,2.074243513442645,1.440508233089754,3.8040488747140393,4.0730556925346475
91,16,UCB,1,12,0.92951859548277,1.4404221600856015,13.53807887778248,3.7076580809033657
91,16,UCB,2,13,1.973998995329489,1.402299183607393,4.7424505702338005,4.1656128487645265
91,16,UCB,2,14,2.035610248117834,1.4010960416210256,14.591420032047248,3.916680361533438
91,16,UCB,2,15,0.6334657382949267,1.3782819275640805,9.85215368193834,3.436681980920746
91,16,UCB,3,16,2.6345329282916956,1.9967448381610065,6.365953109202883,1.3633522946467045
91,16,UCB,3,17,2.276442000684735,1.993556651745715,14.085840498251155,2.1737873387112794
91,16,UCB,3,18,2.5377538832265283,0.9704112771353826,10.078771707419113,2.7871769013963847
91,16,UCB,4,19,2.566256608955018,1.4813900309338286,8.942813861086103,2.877858260499527
91,16,UCB,4,20,1.0321215214597395,1.5883060920948777,5.3057908938232226,3.826508440570627
91,16,UCB,4,21,2.4763643967259212,1.1679344211322196,1.606736802347466,3.208657775642455
91,16,UCB,5,22,2.6216731894337526,-0.7093012401628974,0.12321071134786896,-0.46917031726611585
91,16,UCB,5,23,0.8773955734090844,-0.9193446862501378,0.1543159876319767,0.36183028546387885
91,16,UCB,5,24,1.1385260356607478,1.2969299849675298,4.131194886350131,4.135054855751867
91,16,UCB,6,25,2.5725408572438084,-1.4848707060309358,14.971788647653858,-0.19313649327707494
91,16,UCB,6,26,-1.0834495841352219,-1.49808683122234,11.547532673492652,-0.4717367060346618
91,16,UCB,6,27,0.6443219574803332,-1.4808217997962767,14.71276887434866,0.37670995153400444
91,16,UCB,7,28,-1.0457791460666344,1.9801693973272183,0.17272445747481682,-0.02066783936961155
91,16,UCB,7,29,2.6364336602220497,-0.15315010028517717,8.920561595901438,1.1398645758462898
91,16,UCB,7,30,1.7080078791046764,1.1078800081276299,14.895737886928087,4.049500460812168
91,16,UCB,8,31,-1.0793518813842267,-0.3136536169386741,0.12459520086602262,-0.34458700446634966
91,16,UCB,8,32,-0.875310589221399,1.9945628205548371,14.78798261647702,0.9581515824066335
91,16,UCB,8,33,1.502373244070153,1.2616928108308336,5.626763128901192,4.284072821862997
91,16,UCB,9,34,1.6191712065861839,1.254060959074295,3.9920387881681623,4.351585677451935
91,16,UCB,9,35,1.3267539539177045,1.2880630164797018,14.947323870563045,4.056205652601561
91,16,UCB,9,36,0.9842022628743448,-0.4407215515875853,6.7470577021495,2.1247538225622646
91,16,UCB,10,37,1.6590360619068698,1.2394609017110678,4.3445276026135975,4.332983187645711
91,16,UCB,10,38,2.603309544726345,1.1849964776571844,14.938486245546725,2.703422044013158
91,16,UCB,10,39,0.7057444136749536,1.3191144263061143,14.80539510513411,3.469449301568008
91,16,UCB,11,40,1.5993316453115822,1.2193168935264929,12.1433883464533,4.153001255650131
91,16,UCB,11,41,1.6159199287646775,1.2607898106705226,3.8309169190967567,4.35882234626966
91,16,UCB,11,42,2.534676658123793,-1.493700765842665,6.936292782607914,0.01835978931293103
91,16,UCB,12,43,1.58848186958787,1.2231674246692439,4.8017796169586076,4.312145872954757
91,16,UCB,12,44,1.5843550883454491,1.3155156264361128,13.460214517965312,4.158906782940541
91,16,UCB,12,45,1.9634426127535742,-0.27989414027959114,14.681054546005916,2.3264525127697118
91,16,UCB,13,46,1.6281432127361324,1.364761170702538,4.642386817749849,4.335606365849635
91,16,UCB,13,47,1.5991411153545991,1.271238438042209,13.523544892549658,4.153370992298061
91,16,UCB,13,48,1.3259386303033396,-0.1786378945459064,10.231025796651862,2.520204093096784
91,16,UCB,14,49,1.6326588331317118,1.2901042325606924,4.9834315522896935,4.32483323585449
91,16,UCB,14,50,1.6097948022978237,1.3833765813317451,14.993033995051503,4.137526641931178
91,16,UCB,14,51,0.09662481761899766,1.9741451618805694,6.53917597376966,1.5592661101527656
91,16,UCB,15,52,1.5728928500623556,1.3454803779786615,4.297127340390471,4.348049598362099
91,16,UCB,15,53,1.5905936850840008,1.2666291106171723,13.246539631548982,4.154884598962201
91,16,UCB,15,54,-1.09797148093895,0.99154750734357,9.994591681597159,2.4465066862554243
91,16,UCB,16,55,1.5555327680451692,1.3437555972920823,5.376490699849426,4.309534721561659
91,16,UCB,16,56,1.5666075670545245,1.281689545628475,13.572376731242615,4.152393120828545
91,16,UCB,16,57,1.560574274442259,0.22086456522819953,0.010988852365030749,1.7560604816632839
91,16,UCB,17,58,1.5846015691411846,1.3222684832996534,4.242320748802947,4.351885375046048
91,16,UCB,17,59,1.5159290725125683,1.2693513920462571,13.839223835180475,4.138750634144417
91,16,UCB,17,60,0.1535715639238764,1.3132122448040224,8.640182436665949,2.879621280475596
91,16,UCB,18,61,1.5695201051909042,1.2924432877606176,4.531283144787876,4.3383062805432075
91,16,UCB,18,62,1.522760592789381,1.234890977624576,13.725880337205128,4.131415866627762
91,16,UCB,18,63,-1.085184878862328,1.2842223961488672,12.123881452678733,2.586973198806201
91,16,UCB,19,64,1.581379494647047,1.27033700947249,4.856238233286786,4.324302437990458
91,16,UCB,19,65,1.5781649801191424,1.310696614626015,14.052440159648366,4.1520286229631935
91,16,UCB,19,66,0.21456019271511084,1.1683030737553723,9.508240266899316,2.886563570931206
91,16,UCB,20,67,1.5674227463127952,1.2602954930211943,4.727650235380659,4.324965154477372
91,16,UCB,20,68,1.5533206657126528,1.3301832827605122,14.001097058961172,4.150061468103967
91,16,UCB,20,69,0.20996665382717694,1.1884301308426224,9.463968579702266,2.8928908882830653
91,16,UCB,21,70,1.6161983282773367,1.2723364713982321,4.791832787129317,4.3284170075859665
91,16,UCB,21,71,1.630885752733347,1.3386038318170588,14.970813579975728,4.1448119895404165
91,16,UCB,21,72,0.3664202599266826,1.2827473322460161,9.798875741947317,3.108021425148466
91,16,UCB,22,73,1.6235252011929315,1.279419022255381,4.49352712365073,4.340101666914955
91,16,UCB,22,74,1.564990691643262,1.2855828191290808,13.44891749681876,4.154179919355217
91,16,UCB,22,75,0.280620859078613,1.370783991046232,8.771515908363078,3.0211321473154813
91,16,UCB,23,76,1.5708091422819432,1.330078376808026,4.416894806638047,4.344536459509777
91,16,UCB,23,77,1.5631231553595843,1.2681864426733043,13.493088995811775,4.150096652275124
91,16,UCB,23,78,1.356400216353134,-0.030399636675808583,4.251766616117254,2.8200490890557077
91,16,UCB,24,79,1.601995913887572,1.3121019323859473,4.618209573195937,4.339439100402805
91,16,UCB,24,80,1.5536912494543924,1.2842997404143963,13.770653245658364,4.149136487084389
91,16,UCB,24,81,0.32584752490266333,1.4096671687737232,9.127591857830032,3.057581177241028
91,16,UCB,25,82,1.612077787424429,1.2876658482614811,4.485614722846501,4.341764010436586
91,16,UCB,25,83,1.6092761482820683,1.3145286522867803,13.56460600216466,4.158924541523602
91,16,UCB,25,84,0.3331521520087326,1.162614187508014,8.681558308017998,3.04068483113749
92,17,UCB,0,0,2.058044500685758,-0.9365941809081256,8.366610465938017,1.8688440135969002
92,17,UCB,0,1,0.27551474199938175,-0.7477031275338105,5.787974739800388,1.114575970190988
92,17,UCB,0,2,0.5000507331128146,0.6397008797464321,11.046051671828785,2.628757115164677
92,17,UCB,0,3,-1.042862553298089,-0.6108568017257625,9.062583672604388,0.6952271643656339
92,17,UCB,0,4,-0.787075971954146,1.9921728832304177,12.485359521386057,0.9480905769916965
92,17,UCB,0,5,-0.9625630143972073,0.4863893460195561,9.140492715539507,1.6625597537865675
92,17,UCB,0,6,-1.0741153723551797,-0.8732064413036791,2.4746682806824087,0.7206901736129379
92,17,UCB,0,7,0.6263367079280504,0.484512656795524,6.779186448333439,2.654888455699917
92,17,UCB,0,8,2.337201716564578,1.3522347240420514,6.018089651444624,3.590879773810102
92,17,UCB,0,9,-0.34078526350213856,-0.2458606151962397,12.930663508524269,0.7328232341664278
92,17,UCB,1,10,1.9315796664997227,0.7390081995758222,6.752446325504845,3.6592491130510054
92,17,UCB,1,11,1.9230033674444345,0.7299057635774795,14.929159029958058,3.525424000802335
92,17,UCB,1,12,1.9249786618083666,0.7514296749666753,0.6733051185407909,2.9098227874353393
92,17,UCB,2,13,2.6355897840495346,1.3014484228340786,13.820163684731877,2.6465902092415936
92,17,UCB,2,14,2.600577248730626,0.9240617804829743,7.943624256461995,2.586311210024853
92,17,UCB,2,15,2.6030562580498566,0.2685207959116993,2.509104291872421,1.857800106435258
92,17,UCB,3,16,1.478673838542476,1.7901126367302909,9.967378814759597,3.578832421189815
92,17,UCB,3,17,1.4279403255466878,1.9773692395371665,3.623307620791538,3.0138961518664766
92,17,UCB,3,18,1.3253449789235798,0.9153594711532533,14.671690608883488,3.7872930632211927
92,17,UCB,4,19,1.405859261631619,1.786971940628054,14.880494696387627,3.5011988885256606
92,17,UCB,4,20,1.4096309249167511,-1.43111816848309,14.850082031470617,1.2129748148936215
92,17,UCB,4,21,1.3991515349697021,0.0038430208249200515,14.86403475755796,2.667914830089903
92,17,UCB,5,22,1.3914428796692873,0.8965369536047572,3.4240019386337623,4.030977019537071
92,17,UCB,5,23,0.8620811634618653,0.9308186598155226,11.065695594372398,3.439104840075232
92,17,UCB,5,24,2.3637850520114654,1.7836500728118008,14.795182567868844,2.798748709124549
92,17,UCB,6,25,1.6404221550393503,1.2158673800588584,7.780893886775834,4.22484328004687
92,17,UCB,6,26,1.6259230234751088,1.3503634789750594,0.7479553953443543,3.6240178110354595
92,17,UCB,6,27,1.6772403852384339,1.3150606153144042,14.800593043701562,4.142792147154948
92,17,UCB,7,28,2.616894345779244,1.9461009835507368,0.06405389109595394,0.3211742785931382
92,17,UCB,7,29,0.7162294003982841,1.3239583705883113,0.060223189521266166,2.2825067923443236
92,17,UCB,7,30,1.5980899009440623,1.1153277426643338,10.234430487945243,4.120176924984177
92,17,UCB,8,31,2.022693207183042,1.3177130420159813,10.874400285849951,3.987411825328904
92,17,UCB,8,32,1.2193711313390367,0.09126579685668723,0.039639594823374424,1.453870143139616
92,17,UCB,8,33,2.6363235461252605,-1.4901510708291739,0.0340899301814485,-1.6088225645125924
92,17,UCB,9,34,1.598972631563036,1.1888273712284487,8.337908151349112,4.2003785990445754
92,17,UCB,9,35,1.9722062840605683,1.1888506217458912,0.44123511702616425,2.912672499129864
92,17,UCB,9,36,0.6052417976785995,1.2207586778067752,14.906890224036657,3.3238797912900653
92,17,UCB,10,37,2.616473426088775,-0.8718667274571505,14.881507509407964,0.6314014870424957
92,17,UCB,10,38,1.6231866912858268,1.2986255426258273,4.748075837773411,4.334125504939517
92,17,UCB,10,39,1.5298593646848095,1.3084288779531716,12.996707083786982,4.156413395571307
92,17,UCB,11,40,1.6144856614080476,1.2398794868154588,5.25468436751288,4.303995836690791
92,17,UCB,11,41,-1.0961355629627398,1.9086577772855349,0.3131537712091423,0.38049273948638807
92,17,UCB,11,42,1.6261932270527226,1.2799176338974942,13.534903078159594,4.1553088500747055
92,17,UCB,12,43,1.5539057050056924,1.240571478800975,5.110743343305432,4.30448018931288
92,17,UCB,12,44,1.5594895005548732,1.3385875838544208,13.381163742189521,4.157013317522765
92,17,UCB,12,45,-1.043098559632181,-1.4927701995489686,14.89367054882653,-0.5419120104195541
92,17,UCB,13,46,1.662747811966498,1.2670848227384375,5.520921602464212,4.300888311394395
92,17,UCB,13,47,1.5988059378041224,1.3061675811742135,14.805412105080974,4.145797118374539
92,17,UCB,13,48,-1.0891235280584228,0.7211590341994025,14.965975103094921,2.0463532494060814
92,17,UCB,14,49,1.6098135450208462,1.256883932385945,5.635622276123983,4.2969002004374675
92,17,UCB,14,50,1.5933908982647207,1.288880455996769,14.080514292441922,4.15056676458906
92,17,UCB,14,51,1.3837003414692566,-0.1422286834128932,8.641820262295228,2.6091620431930043
92,17,UCB,15,52,1.6219398324900367,1.2238726295611073,5.051491477808904,4.304918812198145
92,17,UCB,15,53,1.6216880261850846,1.3025148394915433,13.201617486077183,4.162100181443484
92,17,UCB,15,54,1.10831695929167,-1.4980457570705983,7.305391164568325,0.9465410533244423
92,17,UCB,16,55,1.634237880860769,1.2302367197189588,5.011625771169183,4.308392882533251
92,17,UCB,16,56,1.616999831997647,1.2674065252085636,13.024118896830101,4.15837024087846
92,17,UCB,16,57,0.1119500315083366,1.7481615762207356,14.971784437862006,2.2571725046204674
92,17,UCB,17,58,1.688397241428515,1.2831991228274053,5.56753299085418,4.299280075362455
92,17,UCB,17,59,1.5180428977166258,1.3080888204074221,13.525761863619758,4.148213536870887
92,17,UCB,17,60,0.19381291564972392,1.1710866257047075,8.815389754521618,2.876809959646107
92,17,UCB,18,61,1.5524638375948943,1.221132405295367,5.150904023121536,4.295829588270515
92,17,UCB,18,62,1.5620712990615946,1.28522944512825,14.926611124777898,4.139129011373668
92,17,UCB,18,63,2.5602199623733575,1.9778523116424283,9.868013074200043,1.612907776331673
92,17,UCB,19,64,1.6842619798726526,1.2326947249815814,4.73847436715404,4.313870073675819
92,17,UCB,19,65,1.605692479968024,1.3137107505623558,12.528177108246366,4.17044311540537
92,17,UCB,19,66,0.35223641386629456,1.715505494800627,8.084621266682973,2.716437667930312
92,17,UCB,20,67,1.631756157295618,1.18890206264401,4.836265835557281,4.296253838130906
92,17,UCB,20,68,1.578727169469289,1.3461737845307842,12.619672802103022,4.167083397709177
92,17,UCB,20,69,1.6962813109817358,-0.23393822406998033,4.947665748184992,2.682194120771645
92,17,UCB,21,70,1.6534714309472691,1.2374962141073635,5.404820646235623,4.296914254907286
92,17,UCB,21,71,1.6647252395379017,1.2926540739280616,13.301439285990869,4.157437341496311
92,17,UCB,21,72,0.3444161124007996,1.376779083352445,9.519752764088082,3.083465342358151
92,17,UCB,22,73,1.6041157278648277,1.2318335712387203,5.382672942231548,4.296834153978454
92,17,UCB,22,74,1.6326855592479346,1.3463260117853548,12.931813529735521,4.164922311464871
92,17,UCB,22,75,0.1582680363897977,1.378608263395252,11.298001583176282,2.8347010467592906
92,17,UCB,23,76,1.659414773935862,1.2242646470945244,4.907070466744156,4.308017410700941
92,17,UCB,23,77,1.5383405870464135,1.3212363560053308,12.441463326851451,4.1649497946919976
92,17,UCB,23,78,-1.0395513704161803,-1.4965223852993321,0.24686307136845168,-1.751950823923649
92,17,UCB,24,79,1.616683929609902,1.2150716628967713,4.805563043114908,4.309685782063611
92,17,UCB,24,80,1.5863373661134732,1.2649098115076067,12.391936838108746,4.164045509305668
92,17,UCB,24,81,-1.0909257335989107,0.5010709046109518,2.705723705540794,1.9924206584010784
92,17,UCB,25,82,1.6172092538049037,1.254887627234396,4.664704415255122,4.328501354710854
92,17,UCB,25,83,1.6035955428224864,1.3358213269390822,12.249829295822272,4.173743151313557
92,17,UCB,25,84,-1.0983192167197782,1.33048317241174,6.572074067744386,2.7104001499858748
93,18,UCB,0,0,0.39220565956606945,1.0109513775087562,4.213069097212015,3.116703714237297
93,18,UCB,0,1,-0.7908569814410393,1.8941996175250093,8.459337253773914,1.4436570631010381
93,18,UCB,0,2,1.3078274355592079,0.5190501222591317,7.130939184979311,3.370167964312029
93,18,UCB,0,3,-0.6425837639385585,-0.4024135757187366,11.043392531692195,0.5672695443017026
93,18,UCB,0,4,2.2909128165016153,1.610106808117357,14.224864907167259,3.3386044772508843
93,18,UCB,0,5,-1.0050655458341675,1.0831350481969237,10.089328548450752,2.4215439136389563
93,18,UCB,0,6,1.2363262125074743,0.7316846576957299,1.894937102086478,3.699557492002483
93,18,UCB,0,7,1.239982756868447,1.2548213374013382,0.1120081888290711,2.795533331423009
93,18,UCB,0,8,2.3419407823001186,-1.0427908790542846,5.636215384770097,1.3670536179385886
93,18,UCB,0,9,0.9579604697088961,0.6288940533763743,8.241879704037993,3.2029537233856082
93,18,UCB,1,10,2.595338358304547,0.3068382917015595,0.16099121057735122,0.487727468440973
93,18,UCB,1,11,2.6301218759248837,0.9016983995926604,6.0574402291748894,2.5135057662951934
93,18,UCB,1,12,0.7857570692409117,0.16116076983081196,0.12224698391056876,1.106730192790917
93,18,UCB,2,13,2.633134540671248,1.9976921613853382,8.14439747165456,1.319535704025438
93,18,UCB,2,14,2.628220780549623,1.995248161369422,14.976092228069703,1.2521886519114658
93,18,UCB,2,15,2.6134746791138093,1.9606043199178038,0.48934355264816254,0.4990534030844407
93,18,UCB,3,16,-1.0838710010290238,0.7759741652274994,2.8317178760139194,2.3585884031530533
93,18,UCB,3,17,-1.084360578736829,0.771527806978646,12.631106047436148,2.131506746156378
93,18,UCB,3,18,-0.2565646736899668,1.6769666661693816,7.552763814109159,2.1948730973478194
93,18,UCB,4,19,1.1488612292266214,0.688252016234908,11.45588262772551,3.4095620559914543
93,18,UCB,4,20,1.0728739690500144,0.6901337071140023,3.7424538858585237,3.5311403771067416
93,18,UCB,4,21,-1.0119652489979436,0.8313827266228189,6.624552594368814,2.2333780992946215
93,18,UCB,5,22,0.5039882890965617,0.7228926970081067,14.582039976061878,2.7059708802470626
93,18,UCB,5,23,0.4422155789848101,0.7202400384165317,0.3426473912541135,1.4674067471314356
93,18,UCB,5,24,0.648774925870155,0.7284643133164574,7.565117312104652,2.9982714203054774
93,18,UCB,6,25,0.9840201379070588,0.8135809535396823,14.429229617138493,3.3887717063975815
93,18,UCB,6,26,0.9865607371076441,0.8268503665096985,6.910633012841498,3.527736948594
93,18,UCB,6,27,2.031919444059442,1.5324383482072435,0.041198666423410316,2.627789532835152
93,18,UCB,7,28,1.9040844486918829,1.1885143653477317,14.793190109699857,4.011465620730146
93,18,UCB,7,29,1.9645848057295194,1.2623210052642593,7.288620674004496,4.104429199741903
93,18,UCB,7,30,0.24006070505158505,1.2885521784404697,10.86499741322432,2.939326641905394
93,18,UCB,8,31,2.0197866103991595,1.1475800355815213,7.6688784256992335,3.9896912364422072
93,18,UCB,8,32,2.025881556242337,1.1346311865174665,0.04286105529520343,2.670424446721494
93,18,UCB,8,33,1.146126447733744,0.9053394512529991,14.226110662515707,3.6534699147536633
93,18,UCB,9,34,1.4954353026906682,1.968511855971903,13.704549156255256,2.8613611597568145
93,18,UCB,9,35,0.9076624015838131,-1.4981279436308674,14.813995464832363,0.6346431272808637
93,18,UCB,9,36,0.5374844828171443,-1.49411648485506,0.8355439475066926,-0.18712561652838078
93,18,UCB,10,37,-1.0728206971952792,-1.495210365684029,0.061009512815628074,-1.7126835602612769
93,18,UCB,10,38,-1.0601852930208953,-1.4868613129823849,13.901247587064525,-0.4958749911915037
93,18,UCB,10,39,0.3643214845503129,1.9825720548486534,0.33931330152537964,0.5414112915666182
93,18,UCB,11,40,1.8005295311658696,1.4168500394181485,11.268160807504591,4.128658533714533
93,18,UCB,11,41,2.612369283342273,-1.477591082441113,14.888565922910495,-0.29682263145799404
93,18,UCB,11,42,-0.5709304521942181,1.3535573366622535,0.039130960564817165,1.0845366044279001
93,18,UCB,12,43,2.622483552146538,0.9092474913886863,14.853465829243776,2.400164473103504
93,18,UCB,12,44,1.808054344902931,-1.4630320517920286,0.003120242373706736,-0.06582431267884048
93,18,UCB,12,45,1.6119352906311084,1.1165972745524484,6.841971007511792,4.190904739713351
93,18,UCB,13,46,1.7187383534681069,1.3783406779735148,14.819178933797474,4.128789430553793
93,18,UCB,13,47,1.6928724361404246,1.315392479268629,6.3051166601143835,4.279860061325602
93,18,UCB,13,48,-1.082447102197308,1.9205120827791307,14.851195988226642,1.4890703167360757
93,18,UCB,14,49,1.7720147637323316,1.5061956024824052,6.795814000026583,4.16690254782941
93,18,UCB,14,50,1.3640204509165228,-0.03221869775139763,14.880254847822716,2.6156084652049794
93,18,UCB,14,51,1.524460739797758,0.4107251812684112,0.5133308267437885,2.2662651210933764
93,18,UCB,15,52,1.6832435220543434,1.1769608667357554,5.1537744072532625,4.27463807262323
93,18,UCB,15,53,1.5254688064908115,0.9634885686374917,14.966654830654564,3.916080540998239
93,18,UCB,15,54,-0.1811526693497053,0.9523514475954054,8.616854523786287,2.321376894716851
93,18,UCB,16,55,1.6216889758723854,1.1079918513448002,4.856202851382026,4.244647728424096
93,18,UCB,16,56,1.892249473723457,1.4702296901159082,14.95105291594613,4.005307232390302
93,18,UCB,16,57,2.6005455906773807,-1.4688781784414693,0.009072134120053414,-1.43428077288566
93,18,UCB,17,58,2.6324547265180946,-0.3079275532496466,10.48967893661992,1.0049424645974168
93,18,UCB,17,59,1.155691751135151,1.5570656144249106,7.501565825984202,3.916944390473372
93,18,UCB,17,60,-1.0966391961875255,-0.16666172243183186,0.4375235262693407,-0.0575108755988592
93,18,UCB,18,61,1.0355630335698853,-1.4997595670605604,8.290191295322483,0.8522772745405687
93,18,UCB,18,62,1.3991032186869066,1.4399112040253765,3.676194641259251,4.291783262214317
93,18,UCB,18,63,1.8704345283242394,1.144454661365926,11.76209232179623,4.042044522761408
93,18,UCB,19,64,1.5361712510612415,1.2133904574768968,3.5909294809030317,4.3429619629997696
93,18,UCB,19,65,1.5399734318587983,1.3418591808763107,12.52185665081722,4.163657334692485
93,18,UCB,19,66,-1.0996736923414976,1.7402752242555346,2.935932949600631,2.352923598739581
93,18,UCB,20,67,1.509303208847713,1.2549065277737963,4.391804647067914,4.325193552953607
93,18,UCB,20,68,1.4694074252942877,1.3985773814807727,14.985681039646112,4.1095003019721155
93,18,UCB,20,69,1.3265008309557458,-0.4713523983118306,10.089218205196715,2.313129259943037
93,18,UCB,21,70,1.4779407949772376,1.3076288084788983,4.012774064903286,4.339420991359578
93,18,UCB,21,71,1.6912658709776256,1.296235272118929,12.383168597650288,4.164785214946686
93,18,UCB,21,72,1.389644176645009,-0.24972359268086364,4.693169741542471,2.63135226589945
93,18,UCB,22,73,1.4892643805777892,1.2675901652062942,4.296475629813654,4.326709223115503
93,18,UCB,22,74,1.6116560051857993,1.3012676684137197,12.603735275914087,4.168772319595421
93,18,UCB,22,75,-1.0976929023574542,1.3271462950990092,3.4459155599555396,2.809838999897555
93,18,UCB,23,76,1.546996861249664,1.3122428057866498,4.3392920066211635,4.343908035153199
93,18,UCB,23,77,1.6735205803633382,1.2930671345327096,12.480709853474115,4.165842907203363
93,18,UCB,23,78,-1.0941717305685168,1.202973436104648,3.1091132778068964,2.7843622355635356
93,18,UCB,24,79,1.5157463976500822,1.3007805649342044,4.431971521294626,4.333986474084372
93,18,UCB,24,80,1.6616010965378267,1.3043859285336197,12.558242250753693,4.1674917795531625
93,18,UCB,24,81,1.516264354864874,-0.010315734438745672,8.453444843750535,2.7807891529519777
93,18,UCB,25,82,1.5256474287842585,1.2746837902940178,4.486587219492766,4.330176633583126
93,18,UCB,25,83,1.6426370103356298,1.3146754035956212,12.48092624347683,4.17053833659903
93,18,UCB,25,84,-1.0967367480141792,1.3508260413895066,3.7233468211958147,2.7986283356620243
94,19,UCB,0,0,0.4709555596402477,1.740542706858463,4.1087759484863335,2.9183501304897512
94,19,UCB,0,1,-0.8755983663941179,-0.4130978959041083,10.773060682823283,0.6433341030043127
94,19,UCB,0,2,1.8184683790677,0.38544942627857526,4.675669601939484,3.3124351758533965
94,19,UCB,0,3,2.324398938727252,1.7482642903188008,6.548378114616708,3.1131334899239222
94,19,UCB,0,4,0.43102125522660506,0.6463582903976759,10.70448236804343,2.5567351984568867
94,19,UCB,0,5,1.2173803926185838,0.015367244006476932,6.629029413590811,2.7026816076983304
94,19,UCB,0,6,1.314083738928573,1.7125232610356371,0.720304373641153,3.083900351733059
94,19,UCB,0,7,-0.7650015731908965,1.1654008789700456,6.896000604545869,2.3833184033353136
94,19,UCB,0,8,1.8042216507412285,0.38787561311675467,6.928468359018892,3.253862744946325
94,19,UCB,0,9,2.4657511200247955,-0.21067853588243723,9.70557126016936,1.5833925335732877
94,19,UCB,1,10,2.5973880867919013,-1.4997174461325766,0.03184116051208923,-1.510240228507579
94,19,UCB,1,11,2.5976695944979062,-1.4993683961890014,13.656871204384577,-0.2991523741319553
94,19,UCB,1,12,2.5708504987124856,-1.4990435329989011,6.620690962062356,-0.09578256675304075
94,19,UCB,2,13,2.067475839304747,1.9989202832285113,14.994663874569246,2.462226374403702
94,19,UCB,2,14,-0.5856734409271911,1.998073398792323,14.766399750067002,0.862420322327619
94,19,UCB,2,15,0.7531922724120947,1.9865954210660655,10.200675521583863,2.2161317421927498
94,19,UCB,3,16,0.011454582824359294,0.7336734106454279,0.032996450919863266,0.9418959886667204
94,19,UCB,3,17,1.3613070936809413,0.9948867253823508,4.627356984632151,4.084300352457063
94,19,UCB,3,18,2.63530511098538,1.1683554285452793,9.659205566029547,2.6568228548844885
94,19,UCB,4,19,2.632970483829507,1.3956070918839671,0.26365017778737243,1.4422842092189447
94,19,UCB,4,20,1.3728758323861956,1.1241522413451341,5.387477118563777,4.17647103151478
94,19,UCB,4,21,2.462950589264369,0.9229853855737717,14.96178148041682,2.8815345842963307
94,19,UCB,5,22,1.556893276848501,1.3253171166969753,4.995104889077832,4.323076552291127
94,19,UCB,5,23,1.4811470736079517,0.8036161241880038,14.950460489457264,3.7154967627467634
94,19,UCB,5,24,-1.0921502653259525,1.9794295302912617,4.115546924796424,1.4492683791710272
94,19,UCB,6,25,-1.081052557914755,-1.4483069795785393,0.35882153961143,-1.5175904406039642
94,19,UCB,6,26,1.5075857009943432,1.9744339932692019,4.216190837925438,3.0328644109284877
94,19,UCB,6,27,0.9658971193812831,-0.11871894547055462,14.978584807132313,2.2183289973847167
94,19,UCB,7,28,1.6170562769877974,1.2851321771589017,9.522311649202294,4.21104717453227
94,19,UCB,7,29,-1.0891042192899365,0.8531171409254328,14.875944721709748,2.218173160842695
94,19,UCB,7,30,1.594608485673099,1.1207109627519483,1.809387595986389,4.256559493926555
94,19,UCB,8,31,0.8529263769676811,-1.497245227551581,2.3303196848951697,0.8148085286070406
94,19,UCB,8,32,0.6570284998763447,-1.498566070620965,10.184343127385837,0.39775989264301315
94,19,UCB,8,33,1.8013016987530786,1.1345557982063679,5.543129650355967,4.201354033813207
94,19,UCB,9,34,1.536970895083194,0.7186489123245212,0.06723985730900046,2.418054307171742
94,19,UCB,9,35,1.633400932041258,1.2645619342092917,7.332513355492738,4.2517963823048355
94,19,UCB,9,36,1.7218047814950066,1.2117622868100582,14.976924889566176,4.107606744894179
94,19,UCB,10,37,0.7393367820491321,1.2534325316776909,14.989656533157172,3.4977842676542306
94,19,UCB,10,38,2.616316903023071,-0.17003366597037495,0.09830478395357418,-0.08657554516074967
94,19,UCB,10,39,0.9309629136846929,1.2880574190555594,0.24410774490102807,2.5279119002236965
94,19,UCB,11,40,1.3506603536530117,1.2737888005806983,12.913269218914634,4.087470612770077
94,19,UCB,11,41,1.6601953659093422,1.2334815185098864,3.48529633383731,4.359313961686184
94,19,UCB,11,42,-1.0628005349532539,-1.4431892873387553,14.783674044633626,-0.3843193109085543
94,19,UCB,12,43,1.8280158592226115,1.5528348615280074,10.928747433859876,4.012144627098131
94,19,UCB,12,44,-1.0942291488936031,0.5431707270313884,0.09632224748243706,0.6100866884176985
94,19,UCB,12,45,1.7157105971715394,1.2166584223768098,2.9176720751302523,4.356445516646365
94,19,UCB,13,46,1.6384163898586248,1.2060539315210819,3.6418629468800825,4.344994707150333
94,19,UCB,13,47,1.7430576561402185,1.185599336659426,12.292365859053314,4.117794644639634
94,19,UCB,13,48,-0.06919731424751263,0.4335413258962215,14.988473461234944,1.6499605062317793
94,19,UCB,14,49,1.6602603378967222,1.1849789891369102,3.7333513732696724,4.330264391722021
94,19,UCB,14,50,1.423515875769644,1.3768483343184115,14.923729137058272,4.100008244349061
94,19,UCB,14,51,0.14346607449559157,1.3768110728101681,8.147092922371261,2.872712987459873
94,19,UCB,15,52,1.6110811971683474,1.2666433636425212,4.140220827874214,4.349688486508181
94,19,UCB,15,53,1.4057568309997888,1.1465953438587642,14.92113898821875,4.038255840303371
94,19,UCB,15,54,2.6025781412312066,1.98041559286004,10.73411395870204,1.4564613973070828
94,19,UCB,16,55,1.580108501433429,1.2646930483569219,3.3833170000641952,4.371991654638722
94,19,UCB,16,56,1.5611615984936007,1.316669321080322,11.888430951632717,4.175094129537526
94,19,UCB,16,57,-0.0058688531554531576,0.7842359569679012,5.562475531739214,2.3527194483123917
94,19,UCB,17,58,1.61622884510341,1.2410163991183865,3.4771409228529633,4.364147405301655
94,19,UCB,17,59,1.6346728308459286,1.356069061659538,11.548148364576178,4.180806060541093
94,19,UCB,17,60,-0.4254729749073404,1.9606026962999161,0.10115365182443786,-0.12071387510186118
94,19,UCB,18,61,1.5095405730836462,1.2366699116798268,3.4396468937072373,4.351030011652716
94,19,UCB,18,62,1.6804470055510055,1.2095139923969587,11.474407887046315,4.15349237041647
94,19,UCB,18,63,-1.0986910317253658,1.3024204698067123,10.800930844851628,2.624639245920471
94,19,UCB,19,64,1.5658706341353583,1.2836780315949547,3.3757894131486714,4.374691389907697
94,19,UCB,19,65,1.595266484487945,1.3882114050565018,11.362251588305174,4.1762602865628535
94,19,UCB,19,66,-1.0930257602279834,0.6865308818971583,10.512192781222488,2.0570743706128685
94,19,UCB,20,67,1.6502827295706828,1.1854943631892283,3.5500406555441453,4.337134780425559
94,19,UCB,20,68,1.6164659901011484,1.298313860013523,11.464140311817134,4.182921080128644
94,19,UCB,20,69,-1.0798749688362328,1.9688252715229444,9.053358897499022,1.3490520470539162
94,19,UCB,21,70,1.5785318806515414,1.285181818080733,3.620833503108781,4.369006459405617
94,19,UCB,21,71,1.612829857676504,1.3110387600972029,11.545064861191053,4.182869519196942
94,19,UCB,21,72,1.931293597277115,-0.11221592865673102,14.95826909739383,2.487347969715983
94,19,UCB,22,73,1.6230744178970093,1.2261449113328093,3.4958197762915564,4.358275991544363
94,19,UCB,22,74,1.5811695260628484,1.3346200248605706,11.360340139171685,4.184088474305025
94,19,UCB,22,75,1.449944989430961,-0.12990328772299353,11.032369064679807,2.606596652349648
94,19,UCB,23,76,1.6006301853658291,1.2578084905485314,3.30167884989805,4.3736561471598705
94,19,UCB,23,77,1.5364958099710244,1.2811799000093451,11.126561398624508,4.1778717703400945
94,19,UCB,23,78,-0.028470027512888185,1.368266289136392,5.594153550491338,2.7604370198106905
94,19,UCB,24,79,1.6002120296831346,1.1894177307603258,3.612801986346861,4.338042062757719
94,19,UCB,24,80,1.633822474006894,1.3269575342069868,11.266201816329026,4.186810488176279
94,19,UCB,24,81,-1.0833627658316303,-1.4811942257816932,8.057458649115258,-0.36466378255863185
94,19,UCB,25,82,1.5867290428287792,1.1986487547389677,3.5026384178668,4.345192884546675
94,19,UCB,25,83,1.5270496562721085,1.3600222178906383,11.057334596999869,4.178320168319245
94,19,UCB,25,84,-0.1266135562228864,1.2042167318804333,12.962882404058071,2.5041728217053763
95,20,UCB,0,0,-0.053356127651094765,0.11401348431029756,1.8266736689540517,1.4593241122245413
95,20,UCB,0,1,0.8529874103736508,-0.06791056929028283,1.075521568522769,2.014334072408719
95,20,UCB,0,2,-0.7301615324661468,1.9520092738836143,10.411324167481443,1.1460354407984763
95,20,UCB,0,3,0.5767487760032746,0.7406188300641672,4.058062357961005,3.0310025347639242
95,20,UCB,0,4,0.028103014611592814,-1.2433027635692682,0.7897309812662753,-0.2976651595251619
95,20,UCB,0,5,1.9175345546606501,1.3465686752638901,0.0755692152788092,2.837010815270677
95,20,UCB,0,6,0.13341682089234808,-1.1881960018616313,7.019735669933866,0.48089935426228547
95,20,UCB,0,7,1.2083055115717456,0.42866822033464436,2.011794025301106,3.2778425131229856
95,20,UCB,0,8,1.525028880318502,0.6453929209448686,7.011912939326778,3.636075606287758
95,20,UCB,0,9,0.010364123465252506,1.7143785940613525,1.2525120304366892,2.231704383695839
95,20,UCB,1,10,2.618961701182314,-0.1523993221614437,14.976203013207567,1.1178123516018228
95,20,UCB,1,11,2.636638321950022,-0.03047672373346888,9.596348965726195,1.2384399804031423
95,20,UCB,1,12,2.6345540932913547,0.027257458686330782,4.136733795121049,1.4467618656652104
95,20,UCB,2,13,1.1475504941706896,1.4862895527614803,14.972038069493216,3.8712105605650997
95,20,UCB,2,14,1.1665043801449722,1.6116457199805452,8.121734132265429,3.835694155850586
95,20,UCB,2,15,1.104035392280998,1.5733532083162411,1.2100858589703656,3.7147174136870067
95,20,UCB,3,16,1.1198543752413075,0.7337215079622781,14.914560546444788,3.407845680170068
95,20,UCB,3,17,1.2088661689646618,1.124843095176478,7.351043977057749,4.019692282812743
95,20,UCB,3,18,-1.0921536142383022,-0.7219296965039772,14.926193193678724,0.6077737394852616
95,20,UCB,4,19,1.5454614212845628,1.367642953393383,14.875619838278451,4.1364889510573075
95,20,UCB,4,20,1.304586315671199,1.218331636945086,6.785039320932263,4.151175113322445
95,20,UCB,4,21,1.6405144254679938,-1.4841038766650978,14.960054441325237,1.117039443689934
95,20,UCB,5,22,1.5487635706515648,1.6510578927998805,14.91678067334535,3.864690033069259
95,20,UCB,5,23,1.332007566508497,1.2272829544723054,6.608793150591802,4.175325496350309
95,20,UCB,5,24,2.629280302076333,-1.4233333739355956,0.013437486105546036,-1.4094409316589847
95,20,UCB,6,25,2.630496587149535,1.9759295602613562,3.45712119554032,1.571814161586672
95,20,UCB,6,26,2.607418725573323,1.995596579034177,13.509658174078556,1.3322124703794016
95,20,UCB,6,27,0.5248790123713363,1.9997369297033027,3.77868658602689,2.037379103420478
95,20,UCB,7,28,1.4087409032503215,1.2742846015250535,10.397866192706637,4.148686291778494
95,20,UCB,7,29,1.4116406892520486,1.2707279135069562,0.19622453050916108,2.8968301833157803
95,20,UCB,7,30,0.2987414486054447,0.5311050206417844,5.558706591937347,2.348232597353115
95,20,UCB,8,31,2.6306882034393415,0.9753711398456937,14.841618096893564,2.4464626738754847
95,20,UCB,8,32,2.555654208981826,0.940164617008076,6.455228329411708,2.779113757304688
95,20,UCB,8,33,-1.0967945188136414,0.9802099343032564,14.806792627733412,2.3739443460468506
95,20,UCB,9,34,1.7944814857901528,1.4415077309543811,7.476379707021036,4.188165848641799
95,20,UCB,9,35,-1.0775606279889904,-1.4891225628661682,14.584632056396565,-0.48789880687813847
95,20,UCB,9,36,-1.098483387015357,1.0774238669782692,0.6411962028907204,1.7676582695128165
95,20,UCB,10,37,1.4649027957585048,1.4466225644562414,6.747066054764013,4.215167141723017
95,20,UCB,10,38,1.9748154576621766,1.4685473693370836,14.97633521901831,3.9397456531097066
95,20,UCB,10,39,0.884435976875374,0.11936165641740315,14.915091691627348,2.370009603718988
95,20,UCB,11,40,1.5474479249071456,1.3508164267634402,8.564646440908383,4.225354366227135
95,20,UCB,11,41,1.4711255231649814,1.8633492139850998,0.17752209666072277,2.0775810152477314
95,20,UCB,11,42,0.4059167933737047,1.0335440010780714,14.901187778337961,2.947150802766906
95,20,UCB,12,43,0.7653301282186475,1.3598505217284593,5.2791643848736705,3.708812753103895
95,20,UCB,12,44,2.618035862144275,1.4197017264051786,5.684718483950779,2.8330858726657877
95,20,UCB,12,45,-1.0744975378451518,0.22966571477405928,14.678060504811464,1.3724732551797147
95,20,UCB,13,46,1.4452142617544728,1.424713094654599,6.261708859800862,4.233338250383838
95,20,UCB,13,47,1.3469053204542618,-0.78105883328818,14.988944211074262,2.068371556806139
95,20,UCB,13,48,1.662014676236789,1.2274888690683814,14.81244903832731,4.125714653145217
95,20,UCB,14,49,1.69741076202012,1.1493170768921064,9.357854823781643,4.151321651476515
95,20,UCB,14,50,0.560234694275966,1.973027968890714,14.894997359888034,1.9882719429994404
95,20,UCB,14,51,2.108325280104935,0.5592547068038098,0.26389489245197006,1.9045854315710953
95,20,UCB,15,52,1.6358403930452372,1.3224578019860607,8.17541014662094,4.2399720670695284
95,20,UCB,15,53,-1.073815388748534,-0.07463315262765313,0.11764937949077249,-0.15639998706088654
95,20,UCB,15,54,0.6960178990359689,1.520196083397677,0.23245365556792968,2.1682429537476127
95,20,UCB,16,55,1.684067375507606,1.2525174499757221,3.1447438653351565,4.371244171639198
95,20,UCB,16,56,-1.0927934384950764,0.24554572616014214,9.550287306151967,1.4806250984553706
95,20,UCB,16,57,0.6153759870545203,0.1383882782356578,10.35083140648934,2.1282203183045887
95,20,UCB,17,58,2.6263296382019785,-1.4674473824309757,6.54847231511098,-0.1809739178045311
95,20,UCB,17,59,1.2863320289881583,1.2328105106778082,2.4346815033983567,4.260636295745576
95,20,UCB,17,60,2.4361250884116954,1.9828714124665465,9.12283902016219,1.9425095509857337
95,20,UCB,18,61,1.4436811217608172,1.4958734965353742,3.1252387189480677,4.28570517457924
95,20,UCB,18,62,1.5213310752891922,1.28534289554679,13.536583871283316,4.146147737524507
95,20,UCB,18,63,-1.0949226924906759,1.5647008568618328,3.8165013239616132,2.652763722174923
95,20,UCB,19,64,1.4432510987467326,1.3284126720243363,3.09170051442911,4.3555127307066055
95,20,UCB,19,65,1.3550803695260933,0.9459914506600544,12.41247573180578,3.861983616948446
95,20,UCB,19,66,1.1453317700282342,-0.1436951846578589,4.352890915873024,2.56893672435981
95,20,UCB,20,67,1.5904712474228493,1.3685947718803644,2.6109627315214063,4.386450912702228
95,20,UCB,20,68,1.6800727477866868,1.2496465012301878,11.573261846629967,4.1670705574691915
95,20,UCB,20,69,-1.0968351162677008,1.1973397457516395,7.617244930229413,2.6503287114053466
95,20,UCB,21,70,1.5503273152411587,1.357345744731047,2.3790591204683444,4.379462459937187
95,20,UCB,21,71,1.4813469003813644,1.3204890301764745,12.122139224614834,4.155748400396808
95,20,UCB,21,72,2.58952211716437,-1.4928173080908878,11.115883530127109,-0.22398661583790003
95,20,UCB,22,73,1.4953296412889396,1.3058605896465316,3.073112567597684,4.3713042107577955
95,20,UCB,22,74,1.655979053983648,1.2500208465318323,11.57773351470471,4.1698768768075
95,20,UCB,22,75,-1.0950222412017503,0.9755663357100612,3.700459016087315,2.591344844365422
95,20,UCB,23,76,1.5204815844538793,1.3225065401355272,2.5829365467436225,4.380896337882971
95,20,UCB,23,77,1.575479844629609,1.2694552957339162,13.662663089520903,4.149907737291696
95,20,UCB,23,78,1.4925715512458093,0.18593239359235092,7.926570360721912,2.999461497119572
95,20,UCB,24,79,1.500948701378685,1.2957691351074585,2.660317325792274,4.375281786239158
95,20,UCB,24,80,1.5297114090323491,1.258590547421516,10.85494222740698,4.175527067002492
95,20,UCB,24,81,-1.094403500239713,1.2101197643684687,11.828702941002923,2.579861613206594
95,20,UCB,25,82,1.4927121682845566,1.2998808195351947,2.723636014157128,4.373754587541073
95,20,UCB,25,83,1.5232634553643516,1.3094262073219234,14.967133272402501,4.135193899200482
95,20,UCB,25,84,0.39160930852567777,1.363260722719807,8.916855455601842,3.1553794820670653
96,21,UCB,0,0,1.8190364294108887,0.6204646034983883,10.64730805493597,3.4918112135270585
96,21,UCB,0,1,-0.7670412488897053,0.707500455558665,14.712179722664567,1.7732209172743365
96,21,UCB,0,2,0.48226512910840835,-1.106589208284302,14.37403841404227,0.8957126457382201
96,21,UCB,0,3,1.4261454250524181,-0.8098254241926905,10.081216788645278,2.144376169462815
96,21,UCB,0,4,2.609875462851648,-0.7668008409772669,12.808043117889488,0.7509847376840884
96,21,UCB,0,5,1.5118296043946073,-0.724137403481252,2.772391212096663,2.4166906926035203
96,21,UCB,0,6,2.4656848292585782,-0.30846865338598195,6.621476090792783,1.5759404259358352
96,21,UCB,0,7,1.3517984334688369,0.041056662955405,0.004967295202797416,1.483969699895683
96,21,UCB,0,8,-0.12742381239624112,0.15282423149320268,11.41926539222722,1.283459334888959
96,21,UCB,0,9,1.1660657550654583,0.005682602461915431,2.8662359230463337,2.767063141356775
96,21,UCB,1,10,2.6048779378370033,-0.8375099408763393,10.61233040898942,0.745358851852209
96,21,UCB,1,11,2.6057478271157994,1.3769586426362084,10.62893727772768,2.7783848219549725
96,21,UCB,1,12,2.5952950924098768,0.13728556259827873,10.657421819160342,1.5313823765651273
96,21,UCB,2,13,1.7961157011334192,-0.5474351721952013,4.405626025454294,2.4578067028492048
96,21,UCB,2,14,1.794853778506408,-0.5329702418012092,13.96356141128077,2.274926898364248
96,21,UCB,2,15,1.7290075143063994,1.412205829947614,4.496811200865153,4.3128276051152525
96,21,UCB,3,16,1.825282814853677,1.9952352510377755,1.1250039163329388,2.598114354927729
96,21,UCB,3,17,1.8139361497265982,1.9861444675533781,9.470595459825681,2.805772932062965
96,21,UCB,3,18,1.6976541923002055,0.8226120594773692,0.6696588230019328,3.103726788877392
96,21,UCB,4,19,1.6823868774519335,1.8913014406494115,13.843294712702127,3.2003891182741615
96,21,UCB,4,20,1.6861083556380954,1.8472620394658232,3.5720579053987063,3.580316226078831
96,21,UCB,4,21,1.7813658692526264,0.7483745525897851,9.08838718803068,3.708599424494415
96,21,UCB,5,22,1.7717579180530585,1.337552596941757,0.8806181948845537,3.7848720398967033
96,21,UCB,5,23,1.7898407236733225,1.255291224394707,9.213720454754075,4.17530059759859
96,21,UCB,5,24,1.020886467246802,-0.024996603838233433,2.800544351738371,2.6070840110418967
96,21,UCB,6,25,1.6769740932028285,1.174200824905658,14.50185663616167,4.101922350853155
96,21,UCB,6,26,1.6160668549588197,1.3933863113938774,7.054434413753143,4.255880261174504
96,21,UCB,6,27,2.3952648524806377,1.9604412981753416,0.7750975605202923,1.5923087427384832
96,21,UCB,7,28,0.89336444339178,1.5291380535256383,1.898061944681227,3.7877656193218603
96,21,UCB,7,29,-0.23733261137165396,1.8856706279539894,0.37384759612762153,0.3699341538162245
96,21,UCB,7,30,0.9858189616140911,1.3337452166804922,14.978673599631824,3.782523368557815
96,21,UCB,8,31,1.123124100260489,1.5825919241964845,1.2701925415337612,3.7554148633057136
96,21,UCB,8,32,0.8122011476331119,1.9637814560309579,14.513256553064723,2.3398126963113004
96,21,UCB,8,33,1.0821528177025468,0.9324099531201773,8.727157488919607,3.7051742319059264
96,21,UCB,9,34,1.1757708053481966,1.635179243480656,14.867118115410541,3.7090245484272293
96,21,UCB,9,35,0.6272060831678048,1.0039263220486823,0.2829403700895976,2.0071033230495314
96,21,UCB,9,36,-1.0977390359854382,-1.4590257881326405,1.7053482230719128,-0.21431768913921578
96,21,UCB,10,37,1.3077048151380466,1.278891740436566,4.168500551906843,4.253637241068375
96,21,UCB,10,38,2.629253983118331,-1.4806280269468433,0.1796065070389853,-1.5588428749856167
96,21,UCB,10,39,1.4994040587544042,1.278981379421813,12.759352937271037,4.148639970696924
96,21,UCB,11,40,1.3120271538936663,1.466164758534485,5.362864431919661,4.173390749215808
96,21,UCB,11,41,2.59114442746394,1.0078382484694632,2.58528962267519,2.850905403111641
96,21,UCB,11,42,1.4398912569911846,1.1285318252582766,14.836273049002362,4.040613319421153
96,21,UCB,12,43,1.563708814089655,1.2892698062723782,4.466254664729782,4.339470747059681
96,21,UCB,12,44,1.5823537204054765,1.275810712049684,12.774491706177823,4.16162205518693
96,21,UCB,12,45,-1.0561054637977516,1.8961437874739513,14.897761925311189,1.555182781936618
96,21,UCB,13,46,1.5432294189431195,1.3250509948948155,4.823284097664373,4.3268904347458665
96,21,UCB,13,47,1.565251648016853,1.3950235223245735,14.953253597252717,4.131500333521474
96,21,UCB,13,48,0.5183712747602873,-1.4789661610241933,0.37787126624088596,-0.8989984959679717
96,21,UCB,14,49,-1.0829655457114227,-1.4824371678493409,14.01129987167161,-0.45686839904888865
96,21,UCB,14,50,1.6252039835185097,1.314353625523569,4.582988395099589,4.340996924134386
96,21,UCB,14,51,1.622663411691358,1.2952310694726212,13.255531891748376,4.160715042209286
96,21,UCB,15,52,1.5369439276718282,1.3429527382514923,4.671201579130876,4.3303393861396815
96,21,UCB,15,53,1.604038555100522,1.3537798075293415,14.757967278812423,4.145322932685927
96,21,UCB,15,54,1.1535212501237204,-0.20697701256458867,7.454812581822916,2.43045371755898
96,21,UCB,16,55,-1.0953899437602084,1.1558942101789031,8.026648302748054,2.6165741647380205
96,21,UCB,16,56,1.5059962147202035,1.3192715254082472,3.8915160772438817,4.351547410466259
96,21,UCB,16,57,1.502555676742388,1.1686605997531108,12.201258005019595,4.113399850917867
96,21,UCB,17,58,-1.0888213849174693,0.04676987123252507,5.534252132637784,1.3443616696595289
96,21,UCB,17,59,1.586465939284436,-1.4863457372672286,14.594763553318577,1.113646175268329
96,21,UCB,17,60,1.5309709998246364,1.2993043188703068,4.11997090600835,4.347767219199675
96,21,UCB,18,61,1.5187756497264693,1.3652646214729662,3.728300116809273,4.356281122624825
96,21,UCB,18,62,1.641764742049788,1.2320977472291816,11.81782381223199,4.161806211544186
96,21,UCB,18,63,-1.0913951277912257,1.9828637481788842,7.965154975338257,1.3191924873763226
96,21,UCB,19,64,1.497565418723056,1.3316996868532036,3.82396246782937,4.351683187154046
96,21,UCB,19,65,1.5108571692708974,1.2390950335086748,11.847603903826615,4.152065893320541
96,21,UCB,19,66,-1.0891382422592306,1.082123539222958,11.292111468128288,2.4988958828565453
96,21,UCB,20,67,1.5074544890472628,1.342144226276826,4.192588005998188,4.340987912531358
96,21,UCB,20,68,1.6557017834119825,1.2562839911767765,12.137051986022023,4.164466420871788
96,21,UCB,20,69,0.2265458226991517,1.3469930783019377,8.77499152742557,2.9603501103637804
96,21,UCB,21,70,1.5630849971534837,1.3271152984946966,4.109662170361018,4.35440065390266
96,21,UCB,21,71,1.5523329167242514,1.3055105343094948,14.995748956547045,4.139676015072038
96,21,UCB,21,72,0.3866910561843262,1.220619523353156,9.745936565799624,3.11596316349845
96,21,UCB,22,73,1.5427620076580189,1.3195914766385664,4.043730428969567,4.353754496760577
96,21,UCB,22,74,1.6088687931949863,1.2415438264707799,11.947771109424977,4.163931682516813
96,21,UCB,22,75,0.08414367565095571,1.1576670853672506,6.2086731036684615,2.808132420705134
96,21,UCB,23,76,1.512782977782361,1.3421120721016448,3.986938987411263,4.34929654277019
96,21,UCB,23,77,1.5823464386241324,1.2208569841250236,11.797225358454934,4.157010460737999
96,21,UCB,23,78,0.449632829335302,-1.4968930195054997,6.450559095026006,0.22377928429888128
96,21,UCB,24,79,1.5552073412923284,1.327608893878748,3.9899913767737396,4.357493011548951
96,21,UCB,24,80,1.623709268709073,1.2719766379092872,11.637834190678191,4.1762833173596965
96,21,UCB,24,81,0.24431855868331454,1.3006855290318633,14.671998900612797,2.901241132163057
96,21,UCB,25,82,1.4874872639190526,1.3687230617366772,3.9925857023238,4.339197439874689
96,21,UCB,25,83,1.6743781701385885,1.2709089491815178,11.594816746584659,4.173051536455587
96,21,UCB,25,84,0.2980498674410519,1.316624223625229,8.63231541128614,3.049403781093185
97,22,UCB,0,0,0.2690384229696683,-0.8024661721872098,1.3292870405459223,0.9533654052127152
97,22,UCB,0,1,1.340977336564638,0.10767965660381362,14.815146607584143,2.7492970729066544
97,22,UCB,0,2,2.0823098770336754,1.4293646313296557,0.7725300733614147,3.3640329894722885
97,22,UCB,0,3,0.9753248455860772,0.6261258422343352,0.7530692848011713,2.611609783012282
97,22,UCB,0,4,0.683774559266914,-0.34652666743225957,3.2480687411214846,1.958089969218917
97,22,UCB,0,5,1.878451530236839,-0.026853885911402697,1.5486434448581023,2.7331713807501767
97,22,UCB,0,6,0.2792169015221977,1.7019554934412886,5.844567723952071,2.716240753309485
97,22,UCB,0,7,-0.3999258952415624,-1.2664234573360598,7.683061204361468,-0.10226850269598842
97,22,UCB,0,8,1.3946567156105685,-0.05516645505752571,12.724942737956042,2.630575578487563
97,22,UCB,0,9,0.8600156289795298,1.291020078086563,8.477720900186016,3.734442057073772
97,22,UCB,1,10,-1.0947107116747312,1.2118022793798766,12.718182799308739,2.57006464861757
97,22,UCB,1,11,-1.0943033840399794,1.1885713153349502,3.3125877883551276,2.772826938229785
97,22,UCB,1,12,2.6180328602643783,1.1212986590263196,4.0920768700785946,2.829464906907724
97,22,UCB,2,13,0.9405472660661718,1.2612540904423284,0.2006858868156119,2.529855439679334
97,22,UCB,2,14,2.591347039975811,1.9939949657099811,14.909857520404534,1.3770304780419824
97,22,UCB,2,15,2.5827989140022964,1.996855934373483,6.359557071486187,1.5283582948872942
97,22,UCB,3,16,0.9995594361432532,1.9239449758168532,14.925040827000153,2.7141029073991643
97,22,UCB,3,17,1.5638004795094487,1.182865445327554,8.468267013757407,4.191773154334708
97,22,UCB,3,18,0.13530323307512493,0.598724626469854,14.787096648619546,2.0892831690879508
97,22,UCB,4,19,1.495388527966817,1.0201392197045474,1.489919349082421,4.075392794321404
97,22,UCB,4,20,1.4914725434666134,1.0915804667148432,14.795997884240919,4.029938049383188
97,22,UCB,4,21,0.8184944034585184,1.7622773999446073,8.156744786323685,3.1680001950325973
97,22,UCB,5,22,1.8140585244908114,0.8035102705362895,6.5338494065596535,3.8244594688822158
97,22,UCB,5,23,2.5939245990626265,-1.495958351984951,14.55887877572775,-0.2866343727462719
97,22,UCB,5,24,2.6148299732611915,-1.4676441577291985,5.036950799677352,-0.09806449879362034
97,22,UCB,6,25,-1.098891722374106,1.981848674044437,1.2947406471941638,1.2569745648020845
97,22,UCB,6,26,1.080730358082798,1.070413189441473,14.957391886932795,3.757311214467617
97,22,UCB,6,27,-1.0203410999834683,1.9968176737592649,10.08588474335312,1.1276790945520316
97,22,UCB,7,28,-1.099711883208642,0.2219424715124947,0.5087807695965795,0.4592210059889592
97,22,UCB,7,29,-1.073136662747087,0.27431641071540747,8.82301316310598,1.5050498331097313
97,22,UCB,7,30,1.355408250980843,0.9685197957192053,9.069410204948232,3.9367276059758627
97,22,UCB,8,31,1.9773601558184049,0.9410239307069759,0.012546899184657349,2.5429560605324486
97,22,UCB,8,32,1.319445245438796,1.3716697848111088,13.18867447537105,4.067650706711763
97,22,UCB,8,33,2.606117035925315,0.18124969670133106,14.840471414395038,1.4986530609814188
97,22,UCB,9,34,1.2220588331785005,1.0851940251782835,7.511858416932736,3.995647447559796
97,22,UCB,9,35,-0.9809438519195857,0.7903452543793876,0.04647476622074743,0.8199421107029576
97,22,UCB,9,36,-0.9698274323464888,0.7047771322422949,8.919640931861377,1.9740123381542105
97,22,UCB,10,37,1.0955434700499485,1.169517363429259,3.329574163336627,4.078196252146035
97,22,UCB,10,38,2.6117989007944398,1.4417467433675561,10.57684739389593,2.734464173690328
97,22,UCB,10,39,-1.074447429709822,-1.4856917534335312,13.8031695747492,-0.4743903007990371
97,22,UCB,11,40,0.14486995239755052,1.3390618880863867,14.10773087776182,2.7925258801186823
97,22,UCB,11,41,0.13850593430747593,1.3407812506164927,3.210887353642055,3.016995891324794
97,22,UCB,11,42,1.8061122463211885,1.3234562826347793,8.292097647702914,4.196105400723062
97,22,UCB,12,43,1.7422792044101838,0.7458532677670928,2.8944580368052097,3.8874283898757644
97,22,UCB,12,44,1.1254368804217676,0.8628463843335061,12.868965353553063,3.5997084746479375
97,22,UCB,12,45,-1.0891047664515627,0.7639489597009779,5.420675834960644,2.271083918858085
97,22,UCB,13,46,-0.49125205975554,0.9928766805560945,9.409971629730906,2.1807616532342498
97,22,UCB,13,47,-0.4469012137032672,0.9920473334668434,0.7019542289076164,1.5287170119002036
97,22,UCB,13,48,2.625717861130119,1.3851141364875739,3.628913586691659,2.8892985262284716
97,22,UCB,14,49,2.621895545075754,0.5490499251416949,8.206595770691843,2.0205823942762158
97,22,UCB,14,50,1.4954324522753617,1.8641847315214206,2.528593805632529,3.5245963953670953
97,22,UCB,14,51,2.565607453964943,-1.4536327873329045,0.059917652922833756,-1.2858085459512458
97,22,UCB,15,52,1.6723860017085141,1.3513804746868896,3.8929041337670385,4.360231681229801
97,22,UCB,15,53,1.7276227136991889,1.1485421780014424,11.945399863446145,4.105010876285301
97,22,UCB,15,54,0.7747660269866865,-1.0505858654632496,14.950117446346972,1.31491519044666
97,22,UCB,16,55,1.5094973594742291,1.1108276372241344,3.9545703524649785,4.265189872515827
97,22,UCB,16,56,1.5730423346255793,-0.42815455502534583,6.0607043749781555,2.51411224562066
97,22,UCB,16,57,-1.0678673009583701,-1.4829854273350276,0.21323363360817738,-1.6836071491056896
97,22,UCB,17,58,1.5942476125630844,1.2797672445242827,2.5861878705817682,4.38645521398184
97,22,UCB,17,59,1.6102776886389538,1.508912066805062,10.519099459726592,4.117012833316527
97,22,UCB,17,60,-1.0771579168364538,1.9374515528702383,14.929427070367527,1.4097886325544613
97,22,UCB,18,61,1.614825998725062,1.2878473319204788,3.086993032474192,4.385163580889579
97,22,UCB,18,62,1.576606172320655,1.2891010428888467,11.206201732058208,4.183396994308832
97,22,UCB,18,63,1.4452460917332055,-1.4920681231140538,9.810688839512881,1.1274376459938473
97,22,UCB,19,64,1.6427699642005487,1.2403099119399337,3.17111165710773,4.37117124279744
97,22,UCB,19,65,1.580772121578328,1.3373649717101879,11.11180257633741,4.18738780059601
97,22,UCB,19,66,-1.080336739164704,0.9981588706767552,14.894402977968836,2.3705048619684668
97,22,UCB,20,67,1.5754604501141696,1.2733475121885118,3.1231665382945333,4.379839183162099
97,22,UCB,20,68,1.5566039133684688,1.2897653097966262,11.155342388259722,4.181961055899441
97,22,UCB,20,69,1.7389376206152196,-0.25513778730520187,3.350963647356353,2.7090174855762426
97,22,UCB,21,70,1.5418463040526862,1.262581944929948,3.111918456004522,4.373256647593118
97,22,UCB,21,71,1.5516626085030887,1.3554136690683163,11.020321543338818,4.183694538846718
97,22,UCB,21,72,1.4162461249948861,-0.07536547176994035,8.465423800923581,2.686716050331845
97,22,UCB,22,73,1.556621198745742,1.2715577555825535,3.197936584980012,4.375697762227865
97,22,UCB,22,74,1.6073605167596727,1.2886607610751128,11.04206567196017,4.187421156259058
97,22,UCB,22,75,-1.0933274682769956,1.4180723786398657,4.89161479373628,2.735968186466017
97,22,UCB,23,76,1.5635183432968702,1.2619632158691734,3.3816161189122766,4.36968501677702
97,22,UCB,23,77,1.5361096761645907,1.3044407414406907,11.142392013517902,4.180647998029266
97,22,UCB,23,78,1.4952664679766188,-0.22978470620092106,2.719968248041246,2.739380817563977
97,22,UCB,24,79,1.6391966698494032,1.3006716086498766,3.163523831110672,4.384716459459157
97,22,UCB,24,80,1.6424698924516785,1.3419668385837107,10.879616539665014,4.191290736449587
97,22,UCB,24,81,1.6477058330488927,0.04503492640052009,7.1728459664365865,2.8762046595323945
97,22,UCB,25,82,1.6026032677700521,1.3299850185590638,3.161323841231244,4.386158543917849
97,22,UCB,25,83,1.5970834935473142,1.293492417155527,10.950184254442096,4.189052773255943
97,22,UCB,25,84,1.703324792821574,0.05890561669257233,6.894983692584037,2.8904938331328944
98,23,UCB,0,0,1.4932279224165703,0.745103773073807,1.9305347205402257,3.849876599270708
98,23,UCB,0,1,-0.6750730166592223,0.7867093246710555,12.802003132371444,1.876112787488419
98,23,UCB,0,2,-0.34595137459620173,-0.736934770199924,10.749052954217818,0.43580038357201434
98,23,UCB,0,3,0.6590046692910809,-0.04672324275750994,5.237867922959576,2.106942472237986
98,23,UCB,0,4,-0.861378524502023,0.09133158069045355,4.522497740715563,1.2142282461661507
98,23,UCB,0,5,0.3539798270469787,0.39104236766678735,10.254161791391196,2.1183281898132993
98,23,UCB,0,6,1.2346996335150426,1.0994655886100015,0.27424211932542214,2.7170158871121486
98,23,UCB,0,7,1.344958968548947,0.39721892064412834,12.770263855279737,3.1290705902492393
98,23,UCB,0,8,2.409152291913421,-1.4551190853520575,12.425096141549593,0.35781079039723074
98,23,UCB,0,9,-0.1533286205186738,0.686477963837774,11.466510984413667,1.9632799754903718
98,23,UCB,1,10,2.604310392209189,0.34854112471259,0.2520606571929467,0.5174883432222542
98,23,UCB,1,11,2.6235784281806924,0.5413522874852017,7.386437418281153,2.022971759289484
98,23,UCB,1,12,2.6277054648657767,0.7981282200054323,14.366313334030401,2.251167324007193
98,23,UCB,2,13,-0.5963628849511577,0.08331333821574538,14.99493597976514,0.9368379887407248
98,23,UCB,2,14,2.291924037140311,0.09693600397129343,14.979011532622904,2.2049506194959436
98,23,UCB,2,15,1.6026942192832405,0.8940080277957883,4.152683873106601,4.057659204007379
98,23,UCB,3,16,1.1071300239765924,0.8587402770148276,2.442702690035931,3.800563435782163
98,23,UCB,3,17,1.0704684188143623,0.8551303439269575,11.403973969399308,3.559527078008178
98,23,UCB,3,18,1.8412162108584518,-0.13236506329770492,1.499777645977053,2.6422452573725472
98,23,UCB,4,19,1.394627996850926,0.5376632135391364,6.207082981447693,3.4662144712412726
98,23,UCB,4,20,-1.09183535309276,1.9968296296141101,5.359722387721562,1.3217322209714453
98,23,UCB,4,21,-0.2981380035014579,1.996472166506463,14.834032729925443,0.9720915233827312
98,23,UCB,5,22,2.0171878967921364,1.008888230365172,0.7290787801613711,3.222818484804607
98,23,UCB,5,23,2.1932010785838907,1.0628172952865182,8.632510189882233,3.6739978320789737
98,23,UCB,5,24,2.6261838874101637,-0.5082448242488711,14.7515613159597,0.8415248817632821
98,23,UCB,6,25,2.616936658137417,1.6104788208389307,14.551512735169023,2.4947982937467135
98,23,UCB,6,26,2.63600355741129,1.7523904395505698,6.202518699452689,2.2771768992123316
98,23,UCB,6,27,1.587720136948906,0.7820019624269268,7.651366516594935,3.812954765268433
98,23,UCB,7,28,1.240210227494376,1.2935745652495076,12.310857522965193,4.029840991295185
98,23,UCB,7,29,1.7278752959427046,-0.621810178341801,0.014014428586198932,1.0352369899227556
98,23,UCB,7,30,-1.032946082185647,-1.4817803784182746,0.6262314902244411,-1.2476653683761136
98,23,UCB,8,31,0.09094783129739237,1.2933194692432246,14.98174740172562,2.7230554882828018
98,23,UCB,8,32,1.1561580895803383,1.1019767330175587,8.108935349795823,3.9443290191988485
98,23,UCB,8,33,-1.011346365162821,1.3096788444906444,8.203588114475913,2.569107504814888
98,23,UCB,9,34,1.5127405726363992,1.1720003165204913,14.842280857289948,4.089436932153888
98,23,UCB,9,35,1.11782706023742,1.9805091524452454,0.0112376646420702,1.3723864443058267
98,23,UCB,9,36,-1.0921694886159543,0.9393924793467621,0.763229504861374,1.8263078837750912
98,23,UCB,10,37,1.721878437110981,1.2485009924779553,11.516785701026935,4.159436913353958
98,23,UCB,10,38,1.485497163989872,0.8562884815209584,3.5610107945123253,4.013201674636557
98,23,UCB,10,39,-1.0789316065049956,1.5370671763407122,0.3821910311144012,1.3254192709449604
98,23,UCB,11,40,0.30288859709698035,1.3635846607879536,4.513992827867321,3.1648463644786524
98,23,UCB,11,41,1.7802235851625485,1.967486990681452,8.873170865897917,2.919948279940874
98,23,UCB,11,42,0.9033302557364213,-1.485860867846881,14.940395213070897,0.6634837261241835
98,23,UCB,12,43,1.4086572011103473,1.439954008356322,8.547176860242665,4.156294828166939
98,23,UCB,12,44,0.6245972820955881,0.5449613130944972,0.04984240858005463,1.4098381952418264
98,23,UCB,12,45,2.6293010633912157,1.1263237037381888,14.724461654887072,2.58561846775278
98,23,UCB,13,46,0.7883064823412884,1.981295705002351,6.718099087809043,2.3551518995972494
98,23,UCB,13,47,0.90696841931649,0.8917913337275616,14.987390431984899,3.398865806178096
98,23,UCB,13,48,2.535476234048279,1.9645249900627237,0.010329050158444646,0.48711733649313027
98,23,UCB,14,49,2.4342152543998408,-1.4994516315263529,5.185760775848087,0.3235052956564113
98,23,UCB,14,50,1.3205991418020906,1.7449963545413927,14.944860713903925,3.572730192773827
98,23,UCB,14,51,1.4243815642252828,1.3776982758854395,4.913431444588707,4.284248214861351
98,23,UCB,15,52,2.4559480046636475,1.4569795217655748,0.20563905433567117,1.9262293277586648
98,23,UCB,15,53,0.7997054447099214,1.5736825813070454,3.563370674296563,3.656146170864522
98,23,UCB,15,54,2.438056434135602,1.9978306729461375,14.943792989000123,1.7886100973297958
98,23,UCB,16,55,1.5109514085615743,1.276495351079019,3.6420115176757664,4.356096695561046
98,23,UCB,16,56,1.2890533719614554,1.3313654581257692,14.940279955408428,4.036461838548662
98,23,UCB,16,57,-1.071162623479987,-1.423981470065817,14.721785445967438,-0.32539662060372
98,23,UCB,17,58,1.5475417225415522,1.2960985668664757,3.3337505945303603,4.375159391469513
98,23,UCB,17,59,1.5335373659509464,1.3301880365124985,11.904973276196884,4.17072869734169
98,23,UCB,17,60,1.6517193181232193,-0.5473338251631051,8.800551869525888,2.374100040448676
98,23,UCB,18,61,1.5127104192720715,1.3700168911067276,3.7462703599005986,4.353469347150756
98,23,UCB,18,62,1.6369311768096262,1.2387851932745737,12.31047653535768,4.158175571885871
98,23,UCB,18,63,-1.0944000453028504,1.1018669247635131,5.434563176267482,2.647236773118628
98,23,UCB,19,64,1.5663395311487056,1.3133104256464554,3.2032942877574606,4.382326090448235
98,23,UCB,19,65,1.547693784705432,1.3345050078942275,11.558578237260097,4.177493059373893
98,23,UCB,19,66,1.5819699988212568,-0.17929052265775036,3.855597231677924,2.769205694828173
98,23,UCB,20,67,1.538574187913191,1.3578867696590176,3.9545621573522243,4.353760187427179
98,23,UCB,20,68,1.6169967237515794,1.2872927142594146,12.241456117828529,4.171424168054449
98,23,UCB,20,69,1.8344256774470025,-0.11198880945511602,10.16491021527676,2.609792230699809
98,23,UCB,21,70,1.5439416281954021,1.300869497789614,3.5142706488236737,4.370035242806037
98,23,UCB,21,71,1.6989306275563605,1.2654250204023074,11.659947289476982,4.167048934513504
98,23,UCB,21,72,0.80728764599445,-1.497989174773187,8.671033011887332,0.6057907366362203
98,23,UCB,22,73,1.5301041406537816,1.2979413374130822,3.4314309953513096,4.369718266912452
98,23,UCB,22,74,1.5124964868703148,1.2923408571952741,11.60950916868296,4.168182939294126
98,23,UCB,22,75,1.4320144938956045,-0.13878723917075964,14.975035079482714,2.5473246549184414
98,23,UCB,23,76,1.5197194994926773,1.2829375335069901,3.550523264079733,4.362028074354161
98,23,UCB,23,77,1.6222537327138062,1.3413809373376746,11.612709458926748,4.181773825466882
98,23,UCB,23,78,1.3677210488248033,-0.15343859404547433,2.196526803285421,2.7392034229203444
98,23,UCB,24,79,1.5384453497842676,1.2912849380690665,3.56963052750256,4.366315038022096
98,23,UCB,24,80,1.687238823213269,1.3062148627695787,11.649429624863805,4.175717944994602
98,23,UCB,24,81,0.17028846210728665,1.2822357572084027,8.101911700578283,2.906279393574585
98,23,UCB,25,82,1.4997748429133249,1.3013448671680097,3.584920169549892,4.358862014847086
98,23,UCB,25,83,1.6832977860238212,1.2821846569774737,11.490705264707932,4.175415683934666
98,23,UCB,25,84,1.4686481274785512,0.04272393559358023,7.701383794122206,2.8383463757558323
99,24,UCB,0,0,0.13421464263323157,-0.08187939526299659,8.621492552088553,1.3477363977329846
99,24,UCB,0,1,0.7924159302885432,0.4747437760058777,8.54573997031552,2.8006321777167464
99,24,UCB,0,2,2.16657347724665,-1.1974933865315942,11.137386585027752,1.370637511109022
99,24,UCB,0,3,1.9657124671926556,0.9925602450950795,6.14947418219028,3.9519987751424406
99,24,UCB,0,4,2.423818255886791,-1.3916780229355776,12.044296591935739,0.4831601931399827
99,24,UCB,0,5,1.1498557126040572,-1.3560581894107295,4.986658780157507,1.4023570305247772
99,24,UCB,0,6,0.31360487338931065,-0.8838413526689186,9.639370104349135,0.9716736892937028
99,24,UCB,0,7,0.5414432158864451,1.005316921036683,5.572184810976208,3.2514827221488787
99,24,UCB,0,8,-0.89752685164652,1.0049496647938359,10.995946436722052,2.244811146843368
99,24,UCB,0,9,-0.7930248735339938,0.12911848465686582,6.828635425442691,1.1499411055045028
99,24,UCB,1,10,2.6246360022301363,1.0330524515977295,12.576053559666372,2.547142062950201
99,24,UCB,1,11,2.609567890575404,1.030415354211422,7.153083759752102,2.686980849696236
99,24,UCB,1,12,2.5248340652885743,1.0333026427035197,1.9341079668566963,3.035727912292012
99,24,UCB,2,13,1.2849904262574308,1.988208671536567,0.608995899229747,1.904448311221748
99,24,UCB,2,14,1.3968758222804887,1.996113685799617,5.481000354624578,2.847265430783117
99,24,UCB,2,15,1.231834936151964,1.9983782831831456,10.412669582832828,2.627911979903526
99,24,UCB,3,16,1.894172633646582,1.9263726525437215,14.89703826189958,2.960670116500922
99,24,UCB,3,17,1.96141350803692,1.9495539993335624,9.304890815794952,2.879083728884629
99,24,UCB,3,18,2.0325242012017966,1.9661103805951354,3.7760932943243213,2.8841419403121042
99,24,UCB,4,19,1.5901199337105956,0.940625529625561,14.829713707331473,3.9008929033793134
99,24,UCB,4,20,1.606413884362353,0.892154741102031,8.751008564154537,3.927924131694502
99,24,UCB,4,21,1.6270290956380915,0.703160259330577,2.897084663898764,3.847833252800889
99,24,UCB,5,22,0.24416435422098215,1.9582588694178265,14.80232382188684,1.6680638820381923
99,24,UCB,5,23,0.13186436983707517,1.9952040373952449,2.4679466770419474,1.6056719053055784
99,24,UCB,5,24,0.21400555508277375,1.9826061287693952,8.61132412825612,1.6030158158598828
99,24,UCB,6,25,2.0580376927950215,0.28040907451141717,0.09553784787665985,1.5883559750110257
99,24,UCB,6,26,1.8690409993089556,0.2912877252077417,13.557313854372667,2.9832488646924067
99,24,UCB,6,27,1.9198629064854966,0.24199455885931465,6.634417462888138,3.0044819980579334
99,24,UCB,7,28,1.7708989532101849,1.5519959163161996,14.741633430963477,3.9938456708699928
99,24,UCB,7,29,1.7260026954155694,-1.0814488106883386,14.74025745064796,1.8631952192167955
99,24,UCB,7,30,1.344515765290494,0.9189615467101229,8.675748379370498,3.883904278079614
99,24,UCB,8,31,1.4145150557314654,1.1255850958506581,1.8622121797998152,4.225682792747981
99,24,UCB,8,32,1.2139469472439886,1.324049245167676,14.846634118559832,3.985985197886989
99,24,UCB,8,33,-1.0820811990493882,1.1546067555294646,0.021801962659121196,1.3025699146908867
99,24,UCB,9,34,1.5129740257523445,1.1790481229195313,4.746029471934226,4.282435057911017
99,24,UCB,9,35,-1.0945453689601021,-1.490802209750738,0.15863399770104192,-1.672845651627589
99,24,UCB,9,36,1.6044321610381616,1.2912661475273581,14.999998949599206,4.142603431113154
99,24,UCB,10,37,-1.0472012147548007,0.2645969084515216,14.858474554779407,1.3814451486028945
99,24,UCB,10,38,1.5016266401151426,1.1028243868312928,4.045607395118235,4.254192664935705
99,24,UCB,10,39,1.7710198231599192,1.2981635944499992,14.984097691699986,4.116451361317486
99,24,UCB,11,40,1.580385705257429,1.138985270734917,3.8479331542278055,4.299699422804864
99,24,UCB,11,41,1.5329485203299917,1.2983235341795183,14.916485462698684,4.136558943737651
99,24,UCB,11,42,0.2889176946235421,0.4723701039700636,0.014750963291581726,0.8941051478327295
99,24,UCB,12,43,2.6209659401194787,-1.4421136322391623,0.06557991597615319,-1.4293923970764972
99,24,UCB,12,44,1.5362503067585678,1.0282500240446106,3.918950318099413,4.202127597017764
99,24,UCB,12,45,1.4784602681432042,1.354936651460132,14.98384660857572,4.122435460337636
99,24,UCB,13,46,1.6415519095820703,1.164231650748793,3.784055334188987,4.318514676740657
99,24,UCB,13,47,1.543634219110912,1.28149607623611,14.949149585954792,4.135681106276451
99,24,UCB,13,48,-1.0953337037562898,1.9995985535661212,3.6843855962249377,1.369284913225317
99,24,UCB,14,49,1.553597499378193,1.1766461773863077,3.829180217208999,4.320133416847003
99,24,UCB,14,50,1.6344841361565239,1.3496681737365583,14.94459469174162,4.143999413531304
99,24,UCB,14,51,1.5034853163419757,0.0873088314229824,9.702271832788497,2.8558735987031705
99,24,UCB,15,52,1.6034173470505193,1.2069030337400037,3.9695300327985583,4.334821139765356
99,24,UCB,15,53,1.6185603224885892,1.3232684832314194,14.976320538475916,4.145357066900778
99,24,UCB,15,54,0.4565586978612326,1.1545283254280125,9.484840718049533,3.1735558288424217
99,24,UCB,16,55,1.6204476974955564,1.1742132908282445,3.52035897638032,4.333131752466497
99,24,UCB,16,56,1.6642419240400699,1.3241619135640361,14.993631686331751,4.14278345219036
99,24,UCB,16,57,0.5718205307131632,1.1668070296787723,9.395073781129478,3.3264038677628243
99,24,UCB,17,58,1.6725482412972066,1.1946685474422698,3.6121041636888656,4.337656266794214
99,24,UCB,17,59,1.5891285154769927,1.2988134740471917,13.492686664045666,4.157660503997519
99,24,UCB,17,60,-1.034646745341257,-1.4688722877726919,14.964545612737687,-0.48589592912331026
99,24,UCB,18,61,1.6027887716795859,1.1933712083629056,3.604667948750151,4.340367109920926
99,24,UCB,18,62,1.5842914370654877,1.2724004984642474,12.791427105567836,4.160872493761559
99,24,UCB,18,63,0.06294505446571064,1.095726946036344,14.8569542092607,2.599678435072952
99,24,UCB,19,64,1.61844911669152,1.2101846884726948,3.9290933471948715,4.337884951516591
99,24,UCB,19,65,1.5846956048711327,1.288896448597613,13.34119461558276,4.1577190724369
99,24,UCB,19,66,0.3420317690155019,1.2157887204116475,8.353139385623754,3.0851376410366806
99,24,UCB,20,67,1.6517569115644108,1.187875557029622,3.2456090945077336,4.346637490075557
99,24,UCB,20,68,1.5881091939454421,1.276478638662939,13.348443407022625,4.155739503621969
99,24,UCB,20,69,0.44330465738486047,1.1113245606796713,8.153157869320248,3.1535661822539427
99,24,UCB,21,70,1.642741561421837,1.2020689532117257,3.3949818050763785,4.350283931064311
99,24,UCB,21,71,1.5637671192866365,1.311426035712639,13.483212876058442,4.156482876201692
99,24,UCB,21,72,0.43820519191222407,1.2380161255338806,8.14010992565367,3.2170536628315376
99,24,UCB,22,73,1.5744836013344883,1.2050477480315296,3.8924210024993826,4.334734574496594
99,24,UCB,22,74,1.5951341915276238,1.2796718579020046,13.592330503720481,4.154147927082394
99,24,UCB,22,75,0.4397840399567352,1.3600170689361795,8.780942448879573,3.218395802294668
99,24,UCB,23,76,1.5981290818620075,1.2285185155532967,4.1339811348708295,4.337877614518277
99,24,UCB,23,77,1.553596003493877,1.306292088260871,13.346533095751372,4.156298235952635
99,24,UCB,23,78,0.3870160122760491,1.232755185719351,8.484583538712126,3.1444377049748358
99,24,UCB,24,79,1.6124497376193232,1.2314074131272115,3.839731746425263,4.349363615455958
99,24,UCB,24,80,1.565749938751412,1.3082684204698474,13.467153075220752,4.156687710320422
99,24,UCB,24,81,0.4568682956567742,1.1574257443635654,8.647235823465902,3.1913804305795934
99,24,UCB,25,82,1.6157044730387722,1.245152597063064,4.0528317944355505,4.346842624820493
99,24,UCB,25,83,1.583929974924152,1.2935434480566914,13.439531028775864,4.157243994936271
99,24,UCB,25,84,0.4545466487368153,1.3238786908010964,8.651549284717417,3.242065795330732
100,0,RANDOM,0,0,1.2803258255202747,-0.5557465018264539,0.6155618855189842,1.4298285623381422
100,0,RANDOM,0,1,-1.038236226029887,1.3464458372009536,13.691420903588549,2.5156292474185618
100,0,RANDOM,0,2,1.166997894041951,1.0532379634439946,8.154831246989877,3.911910942489584
100,0,RANDOM,0,3,2.39436564769489,1.3554874394253624,0.04207476405205128,2.1154370892183443
100,0,RANDOM,0,4,2.104119781607747,-1.3824504864308746,10.94510204100273,1.1169347515592012
100,0,RANDOM,0,5,-0.4435749458082371,1.521126228224603,8.122376842516127,2.317676406183738
100,0,RANDOM,0,6,0.02002333493820685,-0.020594725808195324,0.425766747510799,0.13443507222537385
100,0,RANDOM,0,7,-0.6355533957211297,0.847185451427706,9.708195484102177,1.9930562497833715
100,0,RANDOM,0,8,1.1996941616054455,-0.15712856008340803,14.958151826902377,2.397072649740676
100,0,RANDOM,0,9,2.565381661006772,0.8993969456824313,9.757238684740976,2.6314662209934747
100,0,RANDOM,1,10,0.8762963808949884,1.671127918979916,7.359118345002577,3.465219154801215
100,0,RANDOM,1,11,1.2348579186414934,0.17691612551355984,13.776618890093495,2.77167323940024
100,0,RANDOM,1,12,-0.6947271269046094,0.8879771066552786,5.6281077496514715,2.144486692149928
100,0,RANDOM,2,13,-0.7839498085530724,-1.3825851761344343,4.788166179851875,-0.26945187682593685
100,0,RANDOM,2,14,1.067057635754165,-0.44449795291717953,11.116107617936528,2.1178268451716233
100,0,RANDOM,2,15,0.7696879378378252,0.5702559286609024,6.102888272861962,2.9652979232460774
100,0,RANDOM,3,16,-0.5132363237526844,0.670445124131628,3.7106827671710825,1.9320623028794626
100,0,RANDOM,3,17,2.0333762237739705,0.40784828635437687,13.442165641189389,2.995623933772988
100,0,RANDOM,3,18,0.2074367472346963,-0.9691288924484511,12.239822319119584,0.7330006625220726
100,0,RANDOM,4,19,-0.42834956260809265,1.4272394645248951,8.571440793513203,2.382842122156231
100,0,RANDOM,4,20,0.5320529312192435,-1.0471815522895167,7.7728243492851625,1.1257696184876356
100,0,RANDOM,4,21,-0.9596231757490128,-1.4241694563598881,12.458715652291806,-0.4187044712943193
100,0,RANDOM,5,22,2.5030911608469077,-1.3615427828883542,0.8696286959089071,-0.03403237493664568
100,0,RANDOM,5,23,1.4147126280921887,1.3944316275574131,10.172603221996132,4.149178995991316
100,0,RANDOM,5,24,-0.6994010584427788,1.6808132719813051,12.493964553340676,1.981246893273563
100,0,RANDOM,6,25,2.474262761282461,-0.5211355366022119,11.567941893061812,1.3180440860810063
100,0,RANDOM,6,26,-0.42834176533921053,0.3746653248426044,13.939938544815998,1.3375700820456164
100,0,RANDOM,6,27,2.629028182627743,1.0227289109901263,14.60133597452729,2.5015875248778734
100,0,RANDOM,7,28,0.8797643244062712,1.9037089053651441,1.2403806599969667,2.661670080559026
100,0,RANDOM,7,29,2.348196869921241,1.6304350124043379,12.239143745753866,3.2092183808311514
100,0,RANDOM,7,30,1.5332316841016267,0.31857807865987087,8.543674355117673,3.1593600071346017
100,0,RANDOM,8,31,-0.8092083306551054,0.19266047570915146,4.514877623280995,1.3020642249747485
100,0,RANDOM,8,32,0.3700040898564403,-0.700238441861633,12.683870199625787,1.1281377165728377
100,0,RANDOM,8,33,1.2058830105816147,0.2541353577564296,7.307724226663698,2.9466398545915533
100,0,RANDOM,9,34,-0.8180718714923754,1.4659363397705962,0.9453933544700541,2.0272804545518865
100,0,RANDOM,9,35,0.40200258079272233,0.27497127239571606,0.6890412892893405,1.3549308528676316
100,0,RANDOM,9,36,2.4603340121644495,-0.22892043224471603,7.262811502626235,1.6331212133556265
100,0,RANDOM,10,37,0.21688611368635446,1.8453341715738412,3.375889943836795,2.3199204424952855
100,0,RANDOM,10,38,0.6769284237341293,0.7917821203489592,10.771646379861693,3.0565371628654283
100,0,RANDOM,10,39,-0.9960320920911322,0.8274168053880668,0.0901235851731415,0.8819394648081897
100,0,RANDOM,11,40,2.347342329152648,-1.3423464451613687,14.148334426263935,0.7439035771016183
100,0,RANDOM,11,41,1.1041634841224361,0.6630210779235104,7.2575641569657305,3.413568865161093
100,0,RANDOM,11,42,-0.2922298368907138,-1.3740167685883082,3.2071858482703535,-0.12416290873985725
100,0,RANDOM,12,43,1.8632057824362351,-1.020706104633685,5.013991977047837,2.051027422099563
100,0,RANDOM,12,44,1.806458512532255,0.8391542747440117,10.838156461355196,3.786305634341269
100,0,RANDOM,12,45,-0.4287964742677449,-0.8336268988923538,13.026528225937184,0.3003391750881369
100,0,RANDOM,13,46,-0.9788320758071996,0.6717111161352056,5.192664904687159,2.032561545500443
100,0,RANDOM,13,47,-0.9986020464968306,-0.0690299717797882,12.618316668424562,0.9878003062177381
100,0,RANDOM,13,48,-0.17505612785401137,-1.491880115778915,0.9414086322554741,-0.8375370706666428
100,0,RANDOM,14,49,0.5319465217098678,-0.31224387995616953,7.313849109237543,1.6700427584528819
100,0,RANDOM,14,50,2.355135442886859,0.8070455074890863,5.999394156439435,3.1487616983483036
100,0,RANDOM,14,51,0.07628657137313044,1.5208475777201387,13.570307502621478,2.6308020960756946
100,0,RANDOM,15,52,-0.6571647681622985,0.9780431214259973,0.9290932827388064,1.80483478919757
100,0,RANDOM,15,53,2.244181983940403,-0.10188285161891697,3.9829164177167082,2.3129374900310036
100,0,RANDOM,15,54,-0.29307584580082113,0.47064959719108335,11.056843347648138,1.570161848531198
100,0,RANDOM,16,55,1.3016911177448844,-1.2240078013247258,11.185992665360342,1.6185731921934194
100,0,RANDOM,16,56,2.4127946016113153,1.2865182039250067,13.969874223146237,3.278459391466251
100,0,RANDOM,16,57,-0.21614995531745873,1.2831661566679573,8.779438659075547,2.5199939250872045
100,0,RANDOM,17,58,1.1207761538863812,1.389329248671936,7.32899044732837,4.014848690533247
100,0,RANDOM,17,59,-0.9122901275918356,1.6692569741427494,5.171192778775385,2.2523932261681
100,0,RANDOM,17,60,-0.33573528494089677,0.7779639793917599,11.120925948092179,1.9640923164775517
100,0,RANDOM,18,61,1.1821659845811614,-0.2365321347886291,10.562912161578604,2.370920354194585
100,0,RANDOM,18,62,-0.7753904086412411,0.7953240453444774,10.734002214951651,1.9396513076310762
100,0,RANDOM,18,63,-0.1680412239825002,-1.4173891198350472,0.0824892744440898,-1.5742458817038374
100,0,RANDOM,19,64,0.7416852916676375,1.854586645604721,12.196626580545603,2.7251517010570594
100,0,RANDOM,19,65,0.8966335785444968,-0.2679772988354956,12.461588174374361,2.0493449157826786
100,0,RANDOM,19,66,2.35101366114192,0.5929264373188237,1.565560897097896,2.8524083052804086
100,0,RANDOM,20,67,2.528985825819096,0.04088258527921562,13.749612874416572,1.5869895492764796
100,0,RANDOM,20,68,0.4915898051717382,0.08262647992417516,6.252202414149957,1.9995146374368824
100,0,RANDOM,20,69,0.14929688635146965,0.24374140120907994,13.223369401053505,1.6475225068552768
100,0,RANDOM,21,70,0.2748057022809829,-0.8943500268491507,6.104165454710054,0.9962245835944553
100,0,RANDOM,21,71,1.9730567225052904,1.1982616995311792,5.514669615530449,4.122865893360659
100,0,RANDOM,21,72,-0.43466127033066226,0.7052687369065196,9.126289016820591,1.8534523160761207
100,0,RANDOM,22,73,2.0625607065124005,-1.3584971147313145,4.86839116520256,1.361782623212572
100,0,RANDOM,22,74,-0.15868915924428684,1.3974896946518145,8.750790370761672,2.5569880956582627
100,0,RANDOM,22,75,1.7435842823785657,0.6543273203069839,10.458345408371141,3.5709548595288547
100,0,RANDOM,23,76,1.6658141844874241,0.5013481006891736,4.9222035005217935,3.5060242812700517
100,0,RANDOM,23,77,-0.5171716028969191,0.3294854009408339,6.521864616804096,1.376605668599511
100,0,RANDOM,23,78,0.9411704075883871,0.5323792093108026,13.471681828278783,2.9731174828073543
100,0,RANDOM,24,79,1.5327360332724997,1.3261968785011962,11.709066411222024,4.173185727051981
100,0,RANDOM,24,80,-1.0082639006155436,-0.49576528363725125,3.9510499934705123,0.8696034097812577
100,0,RANDOM,24,81,-0.545423053768427,1.3774769981184258,8.60040568258372,2.3678119005655103
100,0,RANDOM,25,82,-0.20150187761722982,0.6551475435594307,10.557125194507897,1.8953503541264505
100,0,RANDOM,25,83,2.3358422537091865,1.0554253316873408,5.400419514190347,3.484406019745861
100,0,RANDOM,25,84,1.3957631775471957,-1.355035599998966,6.27646850681677,1.5236161185510058
101,1,RANDOM,0,0,0.8126774115048594,1.8266229371407734,2.163250031181786,3.104339427457295
101,1,RANDOM,0,1,2.4451029839518803,-0.408589917963301,6.3504734081396625,1.567455147783362
101,1,RANDOM,0,2,1.993124593106991,-0.06780302270793559,8.244355721408219,2.56622020147804
101,1,RANDOM,0,3,-0.9970115938106536,1.137295880361823,8.072611554975953,2.4913871583888287
101,1,RANDOM,0,4,0.13220742455710743,1.2595004619994152,4.5486192445453835,2.95891619975078
101,1,RANDOM,0,5,0.5947216129891946,-1.0308540596349234,6.047291683720492,1.2662253247393567
101,1,RANDOM,0,6,-0.339687765593229,-0.5819033084535268,11.255719724778158,0.5297700606735617
101,1,RANDOM,0,7,-0.052112471406168925,0.19816841051072265,14.711077259818778,1.3672373770746002
101,1,RANDOM,0,8,2.493712932721571,1.036764792707368,8.118861606355965,3.0135030029043834
101,1,RANDOM,0,9,-0.0652575704824494,-0.937717969287056,14.548911272828773,0.44766364750641396
101,1,RANDOM,1,10,0.9936418987976516,0.6979223480251093,4.936989564873609,3.4242983397505267
101,1,RANDOM,1,11,0.8954548425545159,-1.2021710333402527,10.63114679330958,1.3043152539910383
101,1,RANDOM,1,12,2.6129393137871797,-0.8229078208287233,13.183305998625325,0.6971990957792553
101,1,RANDOM,2,13,2.3632780802383277,0.9643665650152831,12.40624982356603,3.1943057237009187
101,1,RANDOM,2,14,0.19434392393775846,-1.0062099336757762,5.2272622684127885,0.8267074701473617
101,1,RANDOM,2,15,-0.3673086842588097,1.8892113026524004,10.030751926984658,1.4642076436822544
101,1,RANDOM,3,16,1.7966463753322075,-0.2169194121839444,10.00298612256143,2.5423915232284227
101,1,RANDOM,3,17,1.8368949873275184,-1.2928560974401486,2.4920327172762073,1.744945978141963
101,1,RANDOM,3,18,-0.5079023998909408,-1.350068530741164,1.7759585970262333,-0.22270319204101163
101,1,RANDOM,4,19,1.8325799046592905,-0.8390592927413731,1.501670930798944,2.160261368359408
101,1,RANDOM,4,20,0.755242018972746,0.5712171487180209,8.602455165458021,2.8888279667264953
101,1,RANDOM,4,21,-1.0050479199436841,1.7893224231710882,4.663935739011177,2.0570941031816767
101,1,RANDOM,5,22,-0.9906548014327399,-1.3226684258086423,0.5364436866695831,-1.0757860217042938
101,1,RANDOM,5,23,1.9347879038990556,0.8122583882308012,0.15395460814140638,2.425582414908641
101,1,RANDOM,5,24,1.0538493553843757,-0.0849098531603596,8.692401699267919,2.4201491014805767
101,1,RANDOM,6,25,1.0936514174380285,1.879748821475279,3.213419589425013,3.2188310686243393
101,1,RANDOM,6,26,2.5610293579828487,0.6614547909332416,13.30727975312336,2.288378157258454
101,1,RANDOM,6,27,1.5880781584901826,-1.4191094880151907,12.774710406150572,1.3086288626049127
101,1,RANDOM,7,28,1.9820519496135316,-0.7130134689652405,14.575040025180973,2.0291760248524513
101,1,RANDOM,7,29,-0.7239118962227148,-0.6407487411680495,14.003665305287768,0.39436338147021077
101,1,RANDOM,7,30,-0.05904530676980091,0.500090633592793,4.81883171912956,1.9381393602013954
101,1,RANDOM,8,31,-0.8742134994272923,-0.08415548489772351,12.583933136705472,0.8729110056441151
101,1,RANDOM,8,32,1.9199653589285535,1.415940112644444,13.486060388665196,4.03020058502108
101,1,RANDOM,8,33,-0.8180285955003251,0.8464880652252789,4.437221955522022,2.1744868403221442
101,1,RANDOM,9,34,-0.0794380475838008,1.5703859496951158,12.18241248857037,2.4346860258643335
101,1,RANDOM,9,35,1.7042863710840148,0.9161687649515158,0.6135656858223322,3.117293388469945
101,1,RANDOM,9,36,-0.018735440922960978,0.310452632497372,6.721300647604304,1.6654909733223402
101,1,RANDOM,10,37,1.3109124313226923,-1.3987918079060027,11.50026580784398,1.2782676509632958
101,1,RANDOM,10,38,1.835921924185036,1.214997850570715,3.4754506098634566,4.2978913553512434
101,1,RANDOM,10,39,-1.0585171249307268,-0.2193964844416061,14.207258796387176,0.9065176763453531
101,1,RANDOM,11,40,0.9977160892058148,-1.3301162872342627,9.334746483051076,1.2066943699276258
101,1,RANDOM,11,41,2.5908662146997927,-0.13047585946659668,7.5886611490818225,1.3341083314446975
101,1,RANDOM,11,42,0.24119992530676249,1.1009051254177167,8.433154794482078,2.892947989646922
101,1,RANDOM,12,43,1.4269541595969653,1.2237659579632654,6.576959246784666,4.220007611011731
101,1,RANDOM,12,44,-0.8077117225333661,1.9182592058920127,1.2296651464430974,1.2502626045172756
101,1,RANDOM,12,45,0.2640500228278069,-0.0028025084873384287,8.641029294456699,1.5734463512444568
101,1,RANDOM,13,46,2.5298751910221196,0.5283430785765675,14.125846323079989,2.1873314225890015
101,1,RANDOM,13,47,-0.8763455386149783,-0.7513495009961058,0.8011953169214465,-0.058454600816053026
101,1,RANDOM,13,48,0.9957236002851939,1.2744756320319377,5.223981711287282,3.961704869912121
101,1,RANDOM,14,49,1.2994668014721298,1.3431887879326738,11.669396779105417,4.07821768002799
101,1,RANDOM,14,50,-0.7945050865576002,-0.558535540022741,10.38731174812018,0.5141409798469742
101,1,RANDOM,14,51,1.2906822162789693,-1.4603697898769672,3.699123732254211,1.3000213258312363
101,1,RANDOM,15,52,2.5040102179636445,0.3215642867163997,13.702196985416053,1.9866974070146666
101,1,RANDOM,15,53,1.440133122372806,1.4294182329573961,2.0554190363718354,4.308668905538571
101,1,RANDOM,15,54,-0.1897139777707052,-0.13622810523180995,10.473561477215204,0.9549252849740268
101,1,RANDOM,16,55,0.45670921201238435,1.7056749606172255,4.417522317914809,2.9732875727483092
101,1,RANDOM,16,56,-0.09872653073079674,-1.476556633089605,0.6961079118496074,-1.0740322726697058
101,1,RANDOM,16,57,2.039568187180833,-1.4011495567609304,6.595060528176082,1.239417677477863
101,1,RANDOM,17,58,1.1202996818238264,0.6269234042697187,7.656929202567172,3.368513326453361
101,1,RANDOM,17,59,0.6843316095554124,-1.1896001828070957,8.323894044190215,1.118897715848916
101,1,RANDOM,17,60,-0.6545970030728891,1.1663725002391097,4.501161066654914,2.4338824475675898
101,1,RANDOM,18,61,0.9615898313238032,-1.4834915980905623,2.336110235767312,0.971528397548554
101,1,RANDOM,18,62,1.4256165285800728,1.5398636241716037,3.9134855269318836,4.2129884955070755
101,1,RANDOM,18,63,-0.24581201132047625,-1.036836738463989,11.380741198679619,0.23934226772486933
101,1,RANDOM,19,64,2.42985248774825,-0.6039294583651478,3.9219914514123495,1.561887895790859
101,1,RANDOM,19,65,-0.9083833267531835,-1.0385346012836807,9.010123816352571,0.2403005958016886
101,1,RANDOM,19,66,1.3203189416366294,1.5218640796426666,4.71748188891233,4.152931157289176
101,1,RANDOM,20,67,1.4323693822865868,0.2944838038006481,14.771934307368175,3.0145439220563586
101,1,RANDOM,20,68,-0.19322799039602112,-0.3281782212033102,10.73982392835767,0.7979943485337083
101,1,RANDOM,20,69,-0.7955070156344988,0.3877206854173558,2.6219579624778144,1.5902643165326382
101,1,RANDOM,21,70,-0.5046133805806452,1.6055122115548972,1.6943156747575971,2.263855179472894
101,1,RANDOM,21,71,1.777269304307373,1.9734349945953942,14.081655667465958,2.82093591485959
101,1,RANDOM,21,72,0.8933348052078829,-1.4424062441363343,9.562450598988152,0.8367423575083508
101,1,RANDOM,22,73,1.2478755322028987,-0.5888939945268543,5.7125150386927315,2.2898878599789727
101,1,RANDOM,22,74,2.1894277101232102,-0.9840356392520597,12.27368496971701,1.5801896248287073
101,1,RANDOM,22,75,2.082006626875305,1.3504857811628312,2.244445668179836,4.105496547157465
101,1,RANDOM,23,76,0.42958781123565126,1.2539112150749996,1.0898253978374344,2.9995919288292523
101,1,RANDOM,23,77,1.0632417291732357,1.9638722079506281,11.320153840893902,2.6404467282359194
101,1,RANDOM,23,78,2.2660149669492182,0.3213047094508117,3.2501794854430806,2.762303480542921
101,1,RANDOM,24,79,-0.08778866283203857,-1.0987467289409614,2.997222803371502,0.4990992921660913
101,1,RANDOM,24,80,-0.09227413783724248,1.6597125492876206,12.170961403364425,2.280191281194149
101,1,RANDOM,24,81,2.3983498471696456,1.436139652389623,1.8066326268688726,3.4671395187434904
101,1,RANDOM,25,82,-0.7514925471321425,-1.3417897324605015,2.945227365147602,-0.13655662431359938
101,1,RANDOM,25,83,1.871679266087709,-1.1430472036560264,0.3631491683169677,0.5825801767696092
101,1,RANDOM,25,84,0.6881751774165954,0.02380378987068177,12.160797826034504,2.068473754425628
102,2,RANDOM,0,0,-0.1223554543103047,-0.45528099805056854,12.21357188317361,0.7507596298390671
102,2,RANDOM,0,1,-0.756510124241143,0.6003518408797888,10.928679341650108,1.6666540168363224
102,2,RANDOM,0,2,-0.39781368882900303,-1.3069868043342614,4.125265549222666,-0.07017086983794907
102,2,RANDOM,0,3,1.3568271765900897,0.46792981973149805,2.2517838873167366,3.444127279905535
102,2,RANDOM,0,4,0.5167412652374896,0.842540545010821,6.342347314378648,3.013863270461253
102,2,RANDOM,0,5,1.2662101000873731,1.8860258337278681,10.24628926982207,3.1474517080865465
102,2,RANDOM,0,6,0.3635020012200576,-0.8446160059796568,5.190064022910425,1.1718025759627784
102,2,RANDOM,0,7,0.8098535432295095,1.619232933252027,11.633683573147868,3.407141790005367
102,2,RANDOM,0,8,0.08891384649965395,1.7347591377738847,7.064177371350947,2.386821585242486
102,2,RANDOM,0,9,1.4925767933097336,-1.1247744204124417,1.5690488329356895,1.9382967795716612
102,2,RANDOM,1,10,1.2741119539108574,-0.5971065627891758,14.79078185690163,2.145509680679575
102,2,RANDOM,1,11,0.8954285675684011,-0.6107818216808318,0.5016573802906313,0.850771662980067
102,2,RANDOM,1,12,2.3293567124282872,-0.14287100175305234,6.390057598969131,2.0333523852709137
102,2,RANDOM,2,13,0.20406691685192957,-0.20766735910149725,3.062361483036211,1.476670639849811
102,2,RANDOM,2,14,1.8355537554508818,1.667332996487176,14.62512941947099,3.785266961711176
102,2,RANDOM,2,15,0.24609763539825247,0.745535408060209,13.673104774834474,2.4284254571700963
102,2,RANDOM,3,16,1.0724243879024389,0.5783790611034183,13.834010257972947,3.163138893180748
102,2,RANDOM,3,17,2.609124041106565,0.18061097546920823,12.352757158441037,1.5146758116137544
102,2,RANDOM,3,18,-0.6898657086684616,1.913003141245695,1.2483759007928146,1.2466647119768195
102,2,RANDOM,4,19,0.966940680500679,-0.5259409856046298,7.549736252330462,2.0333426829738217
102,2,RANDOM,4,20,2.369508389029938,0.23589359616895456,1.937148439166572,2.4119703026344252
102,2,RANDOM,4,21,0.04016090582639231,-1.072404820652738,14.367578049110655,0.4167145062284656
102,2,RANDOM,5,22,1.0294331283043623,1.7701045025556303,9.488393482555834,3.345669934520497
102,2,RANDOM,5,23,0.6304258439524599,-1.47426369451861,5.409984044416322,0.5433524575317014
102,2,RANDOM,5,24,1.8671909367918156,-1.4193938388280947,14.95857291060003,1.2119162906882641
102,2,RANDOM,6,25,-0.5354543597389729,1.987647591523348,0.9793347861555809,0.6989049048207279
102,2,RANDOM,6,26,0.9782008093152483,0.3721133610354137,12.408348104683062,2.8062081111858914
102,2,RANDOM,6,27,1.7943229181650526,1.2384421515963044,4.197239432062848,4.3030941708757275
102,2,RANDOM,7,28,1.4515814542277257,1.3847373237319696,1.3861060468438293,4.175481466088935
102,2,RANDOM,7,29,-0.8017769343554135,0.3127470534996213,0.3549331899267413,0.1047350761255755
102,2,RANDOM,7,30,2.006444948628572,-1.1195485576206996,10.690376662466248,1.68933960813884
102,2,RANDOM,8,31,-0.2943563085619667,0.6142334511631229,0.956391705668251,1.4792066118401839
102,2,RANDOM,8,32,-0.1622675033194001,-0.8517441570919333,5.149249357817037,0.6064831998500102
102,2,RANDOM,8,33,1.5308940736386507,0.8179328799315333,1.0839688184435512,3.6245238094952663
102,2,RANDOM,9,34,2.0285327542652674,0.3273536266007113,7.522616420945117,2.9893038229042506
102,2,RANDOM,9,35,0.9269623606741959,-1.3190688134681963,0.38870147900184154,-0.026909400072248957
102,2,RANDOM,9,36,-0.8545603268514573,1.6369138889131092,12.978837089996693,2.118694948845599
102,2,RANDOM,10,37,2.2563592026934765,-0.4524565656408792,14.616374601539544,1.8136208047871991
102,2,RANDOM,10,38,-0.8597817201556375,0.605689180289195,13.899811476571818,1.6856194147315646
102,2,RANDOM,10,39,-0.7890249923427262,-0.5798367791729072,7.69385583360626,0.5496966042482972
102,2,RANDOM,11,40,0.3469248660770108,-0.3889866634133048,10.542413214586432,1.3244779987375703
102,2,RANDOM,11,41,-0.7817936262776795,0.4965643952687002,1.9525514649716174,1.6964816276640264
102,2,RANDOM,11,42,1.0821560452591887,0.7861610605188951,3.1944307089857067,3.683412444028619
102,2,RANDOM,12,43,1.4550792440073868,0.6396300809382871,3.029727156853681,3.730890678709332
102,2,RANDOM,12,44,-0.7727605912582624,-0.8495649390871673,4.55074121531001,0.45583452578953176
102,2,RANDOM,12,45,-0.9890362669026306,0.6274871322246591,10.250498144439085,1.8630354076846833
102,2,RANDOM,13,46,0.2033920483753926,-1.4483789556021538,13.634339976868413,-0.06719115701859524
102,2,RANDOM,13,47,1.325576106093651,0.978421723260515,14.091234047003693,3.8622306119953915
102,2,RANDOM,13,48,-0.40878331856079475,0.9418363865553872,11.063611719643282,2.1288506622916974
102,2,RANDOM,14,49,1.0412811809197873,0.7025643346006736,6.412235445743201,3.431673743748177
102,2,RANDOM,14,50,0.4781127977203119,-1.3430904330918565,3.3414345641176064,0.7361514251437641
102,2,RANDOM,14,51,-0.7524016304187195,1.4118575815388752,1.5688571234287718,2.420305063739877
102,2,RANDOM,15,52,1.2872161368198198,-0.9259957065177552,13.766223127913992,1.9334965399333126
102,2,RANDOM,15,53,0.7948702854032044,1.6254018981848608,3.3817154517892027,3.578531007320275
102,2,RANDOM,15,54,1.7270387304892854,1.103876237659815,12.524803606202953,4.066871427225553
102,2,RANDOM,16,55,0.7537102128367135,1.882116560251125,14.955348823176474,2.6095089091306463
102,2,RANDOM,16,56,2.2442786245035196,-1.1264746796291862,6.011560170432134,1.447793926109432
102,2,RANDOM,16,57,0.7211727815177724,-1.030030594892303,10.856942647844795,1.3208827422623277
102,2,RANDOM,17,58,0.8438141384575639,-0.7572956417858485,0.29719212433343073,0.4636420484457897
102,2,RANDOM,17,59,1.9290869584586199,1.5159402604669636,14.218336016049971,3.9467759467244137
102,2,RANDOM,17,60,0.6384037101831659,1.6601115483491968,3.8348336871806024,3.3144913162094376
102,2,RANDOM,18,61,0.06272964797206315,1.3625007632408472,14.600282815438664,2.6953272441934546
102,2,RANDOM,18,62,-0.8240823737367327,1.0767752066478562,1.7190730125445708,2.3929213405941256
102,2,RANDOM,18,63,1.6893455670667699,0.5629241020192541,12.313104411430803,3.431661668596822
102,2,RANDOM,19,64,2.4242673545905395,-0.21039301534952948,13.175480423732004,1.6410093556283405
102,2,RANDOM,19,65,2.0154411079284364,0.4890900451771898,1.8215374981903762,3.3018019768717517
102,2,RANDOM,19,66,0.6179251563019625,0.8874609929027057,12.809590739923399,3.076659696983498
102,2,RANDOM,20,67,1.522686850370564,0.344549342832595,4.238700542450298,3.311511333114502
102,2,RANDOM,20,68,0.1837807231123998,-0.5418786286155907,1.0585541683407036,0.8372093469492662
102,2,RANDOM,20,69,0.8658831482129674,1.4733698191846893,10.425467460476456,3.6571711617179776
102,2,RANDOM,21,70,-1.0750664463856732,0.04260981219074034,4.749148697755014,1.348770495602141
102,2,RANDOM,21,71,2.6351018871565923,-1.337907078751517,6.555403735937253,0.09607759316785258
102,2,RANDOM,21,72,1.5680568631094265,0.11604359042348866,12.376612309080516,2.8604134474992136
102,2,RANDOM,22,73,1.8546603172783604,0.9577015345653752,6.597216111992424,3.985059170981879
102,2,RANDOM,22,74,-0.45893713452589047,0.7527393910215592,8.576066121730388,1.919147628847329
102,2,RANDOM,22,75,0.6531788631768847,0.11201380198037869,1.5814923935439935,2.2280614026420533
102,2,RANDOM,23,76,1.3000291370027468,-1.3129467400132242,11.723047348446736,1.4524038025798183
102,2,RANDOM,23,77,1.2484876765664472,0.31158182844817284,3.5990747613512317,3.164306080402592
102,2,RANDOM,23,78,-0.8259037329587128,1.7899510599146207,7.936415375339783,1.8268093776377492
102,2,RANDOM,24,79,0.468441094914136,0.5280549378720059,14.412152556573766,2.3953035998534693
102,2,RANDOM,24,80,0.5050707831119552,1.3509768765117087,5.278345860679466,3.3909370024461185
102,2,RANDOM,24,81,1.7596010165251843,-0.8832399206280495,6.344651750681352,2.184390938091453
102,2,RANDOM,25,82,0.13731313344106333,0.877533536400112,1.316330565503781,2.4923904162300072
102,2,RANDOM,25,83,-0.7152756023748787,1.3755379837845547,11.768313813084621,2.3221481851852053
102,2,RANDOM,25,84,1.74810486246677,0.4990825889071018,13.743369301363709,3.3135626728337586
103,3,RANDOM,0,0,-0.7799290623842758,-0.671163226913651,12.019315703630747,0.4155254796193949
103,3,RANDOM,0,1,1.0755395287725422,-1.1705497521586028,6.497470976606871,1.618186424861741
103,3,RANDOM,0,2,0.6902147011522968,-0.940913798770225,11.01892269398681,1.3679095707167146
103,3,RANDOM,0,3,-0.6752076615537155,-0.13070133326518274,7.751585999137834,0.8354990575388201
103,3,RANDOM,0,4,0.5092569122877824,0.5537950000334924,11.06782897159511,2.521134102916817
103,3,RANDOM,0,5,2.4735707313225004,-0.5052959268792299,9.728559558990296,1.357485212962346
103,3,RANDOM,0,6,1.501759179556371,-0.4754773784562951,0.023349762549033728,1.1252207897384325
103,3,RANDOM,0,7,2.5378210468020845,-0.45559571944093524,4.710476044513018,1.3367871894460186
103,3,RANDOM,0,8,2.232324270253552,0.5480702896181784,7.0701736680622895,3.0102610659693836
103,3,RANDOM,0,9,1.789736185057627,-1.3937889731813509,10.604769469738697,1.3638454560205804
103,3,RANDOM,1,10,0.7155944043334661,-0.5879117885385772,6.3549731575932356,1.742279599634477
103,3,RANDOM,1,11,-0.7943353748925785,1.7451967879400043,0.6230262823653145,1.1050952083853491
103,3,RANDOM,1,12,2.022975529974295,0.19188298183906283,12.485898786070296,2.7436035737960656
103,3,RANDOM,2,13,-0.7393528500297877,-0.25516901903439426,12.975148383694885,0.663410555048647
103,3,RANDOM,2,14,0.615339068983106,1.792750405321832,12.053865452563379,2.7737424969384636
103,3,RANDOM,2,15,2.2305035532754576,0.27329525579746305,10.093949156417239,2.5856899094968187
103,3,RANDOM,3,16,-0.6414532763987307,0.3182143514913882,14.933047295070763,1.2170079140045096
103,3,RANDOM,3,17,-0.9190612895168722,-0.16717402250077829,3.240428056441564,1.046031804377579
103,3,RANDOM,3,18,-0.11242406676469874,1.8409038064449508,12.12820726553601,1.7869919123712767
103,3,RANDOM,4,19,0.6159381699621524,1.0647370067417983,6.580466773915153,3.3695227375434267
103,3,RANDOM,4,20,0.481377622231012,-1.0569776443439634,11.639057573410025,0.984401708541522
103,3,RANDOM,4,21,2.5568987971170953,-0.8284844328502283,12.496953627085928,0.8745415932956441
103,3,RANDOM,5,22,-0.1424469404090073,1.8667386027873145,4.710717096327356,1.831533061384966
103,3,RANDOM,5,23,-0.2718497691305144,-0.07173036264843735,1.3381672689111301,0.9458310765929174
103,3,RANDOM,5,24,-0.6735203925784283,-0.263522890513205,7.7272471977268,0.728061519942819
103,3,RANDOM,6,25,0.5626815586535328,-0.7592313180185831,4.999494823681278,1.4872661038004558
103,3,RANDOM,6,26,0.4565171892483946,1.1043723072256073,5.968546743155651,3.220260075426589
103,3,RANDOM,6,27,2.051553890631787,0.31411150780960195,6.45850300537281,2.973620174446166
103,3,RANDOM,7,28,1.8245403440275232,0.1690594740988831,7.327794364359843,2.9598811710093456
103,3,RANDOM,7,29,0.8337713214456695,1.2553268941420055,10.16876512338193,3.666769806726832
103,3,RANDOM,7,30,-0.039175278807780156,-0.460029755326157,4.591068864133389,0.9899153222232473
103,3,RANDOM,8,31,0.7264953909865852,-0.7731810931338671,3.8248105576613924,1.7190751435059335
103,3,RANDOM,8,32,0.9026866750672462,0.09007261528680921,9.401975351270867,2.428186062241433
103,3,RANDOM,8,33,-1.0902048071938382,1.0279382933885453,14.110410034445538,2.4194577213112782
103,3,RANDOM,9,34,0.19283282793161938,-1.2364274188920437,0.3387633976252904,-0.8063334286889525
103,3,RANDOM,9,35,2.1810832731431002,-0.6624435322208426,2.044854002719811,2.02872201439903
103,3,RANDOM,9,36,0.5407790784806834,1.9994651208716987,1.0142247881117878,1.6509812886258834
103,3,RANDOM,10,37,1.2222289866872744,0.5743180584451464,6.333430189419604,3.4109433982510016
103,3,RANDOM,10,38,0.922631194218066,-1.3915860928493535,11.079241564139844,0.9680521007057465
103,3,RANDOM,10,39,2.531127946286015,1.1127816927720344,11.905800968153361,2.9089810467899486
103,3,RANDOM,11,40,1.7921379955123036,-1.0356261077902982,4.336178779170928,2.0950201211599593
103,3,RANDOM,11,41,1.251980606559202,1.6919007615687298,5.495904838228469,3.8197077826287384
103,3,RANDOM,11,42,0.17777832549873573,-0.6385042945848245,1.746879044796097,1.0917005646618247
103,3,RANDOM,12,43,-0.019701859369238628,1.895025090834498,2.4772501356399323,1.8892761195458294
103,3,RANDOM,12,44,0.7511962815068509,-0.5443303146954186,12.336348177478817,1.6998090412512294
103,3,RANDOM,12,45,2.1490502938831604,-1.2712398760544334,7.486479539466443,1.3422572986528216
103,3,RANDOM,13,46,-0.10830665324183153,1.3044097206779068,11.518107519714205,2.5657428248649987
103,3,RANDOM,13,47,1.111149838251075,0.5482915577386303,4.491637786908183,3.34435971930189
103,3,RANDOM,13,48,1.010443148577794,-1.4796100028177628,10.35738540049665,0.8470727736803321
103,3,RANDOM,14,49,0.3958596306169162,1.6419629668475566,1.0060996310589057,2.6324199101541135
103,3,RANDOM,14,50,1.9293075995601203,1.7431429661747906,4.531912393027816,3.7466398867902213
103,3,RANDOM,14,51,-0.45090932992443156,-0.23032421636691036,11.095695033361327,0.7190154283376218
103,3,RANDOM,15,52,1.7391806415658277,-0.9752117828783236,10.435354009417889,2.0242078297000057
103,3,RANDOM,15,53,-0.009261823121383905,-1.0019428463216504,10.467885984954892,0.4903247698528628
103,3,RANDOM,15,54,1.5451054372168378,1.6111269725149007,1.8663147642565008,4.130754232642198
103,3,RANDOM,16,55,0.2847152081358302,0.7834287075633455,3.4058314276571044,2.7467594212556437
103,3,RANDOM,16,56,2.1428835184107338,-0.2523276708577442,11.275523313191073,2.177033041198596
103,3,RANDOM,16,57,1.1764793080090112,1.48317883490917,14.367824786109102,3.902828584554748
103,3,RANDOM,17,58,0.5587939777476962,0.3432870205378449,2.294878792381608,2.491653730405452
103,3,RANDOM,17,59,2.0659619820972397,0.5649870247965549,10.728165473498619,3.207417531847858
103,3,RANDOM,17,60,1.145892063040002,-0.8157517621743078,10.163404614772428,1.963424197141213
103,3,RANDOM,18,61,0.1696165073261522,-0.5678876204332131,13.653513914570635,0.9607414500459835
103,3,RANDOM,18,62,1.1552525475409232,-0.17205358527318237,2.188002144811499,2.5814078304461052
103,3,RANDOM,18,63,1.6661455765176498,-0.48702881168657197,11.008156629906164,2.3733654736705905
103,3,RANDOM,19,64,-0.7830102591407453,-0.7493890128082892,5.002945325541146,0.5157542203368408
103,3,RANDOM,19,65,-0.8322921327392264,1.0584688190330338,3.5716033225201578,2.439306224859539
103,3,RANDOM,19,66,2.381612674729432,-0.32225500867401036,4.49251387672333,1.838864682880378
103,3,RANDOM,20,67,0.5334642563380676,1.2537118785494785,7.604536132434409,3.3528804093398534
103,3,RANDOM,20,68,0.0014958796690729415,-1.380015692462829,9.018330878497029,-0.05685051782444628
103,3,RANDOM,20,69,2.212090886260384,-1.4758638218008289,11.203827550135843,0.7183858600766733
103,3,RANDOM,21,70,1.385782978752729,1.6731699809417098,2.444441524748071,4.013973362809652
103,3,RANDOM,21,71,0.06263527705737193,-0.9919916858769557,8.145519642942686,0.6161509416273584
103,3,RANDOM,21,72,1.709086980388518,-1.0629448810646465,5.779191076078848,2.0430042555865247
103,3,RANDOM,22,73,1.4067296847704638,1.7673448076531661,11.881831716329923,3.589862309729683
103,3,RANDOM,22,74,0.5274120665938449,1.3072442930515322,6.300437792726815,3.3884978876596437
103,3,RANDOM,22,75,1.5254970261112462,0.15189436699718906,9.455026953782827,2.9372219939590636
103,3,RANDOM,23,76,-0.656102144190628,-0.56915605838879,6.6965214733758245,0.5482446802503
103,3,RANDOM,23,77,2.2419528790039736,-1.270270655882406,11.093463074963784,1.1266946490367424
103,3,RANDOM,23,78,-0.6194828735077023,0.6510147989270267,11.260420126321913,1.709555045812954
103,3,RANDOM,24,79,0.5459699711627679,-0.7171554284585715,0.3145688028092061,0.13994292755933424
103,3,RANDOM,24,80,2.0636671434267617,-1.0966103854681046,4.261379276739546,1.8118187416043512
103,3,RANDOM,24,81,-0.014259795085624694,-0.7098709783279475,14.848839669342448,0.66369251243719
103,3,RANDOM,25,82,1.168853295137751,0.33298436030272094,9.123250117875445,2.979222697186945
103,3,RANDOM,25,83,0.3934262630824552,0.3174238098185522,0.3848436023975742,0.8994175234120921
103,3,RANDOM,25,84,-0.9313100109811566,-0.9178744293557556,10.357848227662366,0.3507332840829013
104,4,RANDOM,0,0,2.4242006665239377,0.28964643485026564,14.643679341909854,2.144763429957022
104,4,RANDOM,0,1,-0.7979157787021347,0.6257454119826038,5.647922279074711,1.831659516477525
104,4,RANDOM,0,2,1.8967048105059616,-0.8891526434959004,13.074657477540658,1.9881510235312032
104,4,RANDOM,0,3,0.9327090146531924,1.6577527790059592,7.157825704064256,3.557458546444625
104,4,RANDOM,0,4,0.5087645898748168,1.2613135114051532,14.762310845966889,3.2183561270813117
104,4,RANDOM,0,5,0.28166528714212635,1.8912650426068223,13.935466790093527,2.003163141883807
104,4,RANDOM,0,6,-0.4359628070074767,0.6309806589559166,10.573266318725572,1.7269885026245202
104,4,RANDOM,0,7,2.4232573489056977,0.8298009593801368,2.001802936019945,3.08604319725342
104,4,RANDOM,0,8,0.7605312166609444,0.22766941884640213,7.50389261404184,2.4641273578241396
104,4,RANDOM,0,9,2.482222003190257,-0.2752191006221083,3.3573434305264613,1.6605450926386305
104,4,RANDOM,1,10,1.0734575988045867,1.619402939313379,12.528754729093,3.6721744628874626
104,4,RANDOM,1,11,2.103551798954806,-0.31090665238142123,1.983492248874202,2.3608003464955023
104,4,RANDOM,1,12,-1.0659512434425507,-0.6535342070580672,9.42212279215982,0.6891080691068305
104,4,RANDOM,2,13,1.8750878357073484,-0.23590515273616885,9.651638837342734,2.4914135469679675
104,4,RANDOM,2,14,-1.0108608277886009,-0.09504956294585054,9.849939702473362,1.0152303577737518
104,4,RANDOM,2,15,0.004660554843474385,-1.1296730098858356,1.7996424897751577,0.49204404452696815
104,4,RANDOM,3,16,-0.17299963680607777,-0.8092142431615954,7.517759680812637,0.5624739298663922
104,4,RANDOM,3,17,1.2695950256046915,1.724138719448836,14.678540303296911,3.5955187719268444
104,4,RANDOM,3,18,2.5737871160959633,-0.22030342255897972,2.243640214700877,1.4396816579732878
104,4,RANDOM,4,19,0.9899249494910323,1.3408091127575874,13.158510494980987,3.8045835201332743
104,4,RANDOM,4,20,1.833186621380393,-1.227833555962246,1.930920259518378,1.8237398737132855
104,4,RANDOM,4,21,2.13204787425594,-0.4296016150656017,12.705245907344635,2.050020400355126
104,4,RANDOM,5,22,2.355946299011059,1.7610812983191186,12.73390373651779,2.9005727136178803
104,4,RANDOM,5,23,-1.0381366598653232,0.6468447323753801,0.9425161332975621,1.6250716353418926
104,4,RANDOM,5,24,0.3263409363809122,-1.087905080912949,10.88336066086992,0.7669422304686271
104,4,RANDOM,6,25,0.5544524148376895,-1.3328303489795186,5.9056927677066415,0.7686223641533105
104,4,RANDOM,6,26,1.2356655052781926,1.305789378592792,1.5266196689118607,4.121026975233455
104,4,RANDOM,6,27,0.9131489180589414,0.8198046138996524,14.466628982328666,3.322029809226702
104,4,RANDOM,7,28,0.33675615059493613,1.7532480746297132,5.346498109940981,2.677019317355137
104,4,RANDOM,7,29,0.6660755702341468,-1.286044996723031,5.434857017298206,1.0118962564431024
104,4,RANDOM,7,30,-0.626155285211396,1.7766520668950907,13.722136902183403,1.7260395726541298
104,4,RANDOM,8,31,-0.3293885221473999,1.6330225319188205,4.5215560141586275,2.3213987998356567
104,4,RANDOM,8,32,1.7641077431724357,-0.9409974223456214,5.37210877407457,2.163314939926925
104,4,RANDOM,8,33,0.6334749833565345,-0.03908909062539756,11.460578079571627,1.948206946998274
104,4,RANDOM,9,34,-0.11748187577284097,-1.2085233409146554,11.668089911358592,0.11278634157599199
104,4,RANDOM,9,35,1.6982556153183141,0.2637029950962235,14.375337727862735,3.0086519794040463
104,4,RANDOM,9,36,1.7605191783652812,-0.13493913802777135,0.9049353290403108,2.2609367781970913
104,4,RANDOM,10,37,1.1018959012671399,1.7653017430013986,8.038512382254265,3.454648794025139
104,4,RANDOM,10,38,-0.24675502659523263,-1.4574502443004596,1.774472596490449,-0.35315098287152424
104,4,RANDOM,10,39,2.3566801080494737,-0.4427868416703371,0.8195273920910446,1.2007139898282806
104,4,RANDOM,11,40,1.6869773676275739,1.1713157409041095,1.1082970252638045,3.993545398335245
104,4,RANDOM,11,41,-0.7145964962031226,-0.1388145190018828,4.836489389050018,0.9183610749575125
104,4,RANDOM,11,42,1.9560627238250379,-0.29579700029239575,14.01890689853615,2.327691520592235
104,4,RANDOM,12,43,1.6443846947558458,-1.4168061233349012,14.184631319396615,1.299352614852954
104,4,RANDOM,12,44,0.5229658155531012,-1.475735058327302,6.842373938980258,0.36403823983159567
104,4,RANDOM,12,45,1.6513226248126496,0.4938651570108079,9.446788335170853,3.3830734040324026
104,4,RANDOM,13,46,1.1188601008915335,0.3706715951034334,8.508555611977872,2.9986837740776986
104,4,RANDOM,13,47,-0.9065538910319819,-0.5891763095232259,11.538818378136524,0.5430699240592305
104,4,RANDOM,13,48,-0.5818457864556653,0.9503790233176335,6.575423095653672,2.1827770479628397
104,4,RANDOM,14,49,-0.037943573671156194,0.4919843659319323,12.68233583977596,1.7829195718407491
104,4,RANDOM,14,50,2.182949275618109,1.6124912164474132,13.35491766137309,3.5347161281001593
104,4,RANDOM,14,51,0.9420053397268813,-1.2098522757682817,7.923795415432964,1.3919547825955714
104,4,RANDOM,15,52,0.903069238714092,1.3568865876520966,11.538275152764415,3.7314489050031905
104,4,RANDOM,15,53,-0.9310474817161146,-0.8211966123428911,3.7929690299579475,0.5948648322460109
104,4,RANDOM,15,54,1.5515443230060253,-1.4965546047679434,6.988195137890237,1.2002004956290937
104,4,RANDOM,16,55,2.467539382340472,1.3289799657421915,12.965665750602687,3.1545585181836397
104,4,RANDOM,16,56,1.9032222450475547,-1.260782525659651,5.737183710056461,1.6746287603942311
104,4,RANDOM,16,57,0.12865907219594308,0.8460877245902845,10.324506620481806,2.465849387717859
104,4,RANDOM,17,58,2.0176580210467243,0.4699690112033408,5.628963266522403,3.242715004397409
104,4,RANDOM,17,59,2.222834965012507,-0.8589977948801992,0.8468480267928341,1.2279198741140396
104,4,RANDOM,17,60,0.4744090430097354,1.3105077500279494,0.2512018540976597,1.987269910095268
104,4,RANDOM,18,61,1.0581739729284458,0.3472840390649432,3.9994536810445274,3.0412658017746086
104,4,RANDOM,18,62,-0.07140603757479602,1.8073413796775828,13.722806788162524,1.914653294672397
104,4,RANDOM,18,63,0.291089604714327,-1.346193057290596,0.3866653143441471,-0.8502338602819499
104,4,RANDOM,19,64,1.5240501818895664,0.6717765310515582,4.946623403230091,3.733463123834814
104,4,RANDOM,19,65,-0.5377152375930662,-0.6209211655521121,13.33514661574559,0.4077721733703603
104,4,RANDOM,19,66,-0.6516008581118791,1.6449842757202626,11.673160887564901,2.0546135263078846
104,4,RANDOM,20,67,2.269725893803814,1.882942755521214,3.5142251514312584,2.890969655018065
104,4,RANDOM,20,68,0.8509341434007995,0.6469055029446857,14.364840902133741,3.0237897416474215
104,4,RANDOM,20,69,-0.293780527546295,-0.8032748525849982,0.8497803366808682,-0.0012354839313382104
104,4,RANDOM,21,70,1.9538788042804942,0.4375964650155082,13.690892270606877,3.1110871023462217
104,4,RANDOM,21,71,2.364547585358934,0.8051292865267157,0.8022270904323562,2.537296621846431
104,4,RANDOM,21,72,-0.7521381578111157,1.5819097590899212,8.775254792644363,2.220956455836734
104,4,RANDOM,22,73,-0.06531478401895363,0.9987239197836186,6.462237277516148,2.520392339643532
104,4,RANDOM,22,74,2.0037225654418456,-0.3000838872682361,14.994753495022257,2.270411760343544
104,4,RANDOM,22,75,2.1108737736943324,-1.4759331074294335,7.600061799706172,0.9363469249902585
104,4,RANDOM,23,76,2.5378400790693734,-1.200071317477863,11.695255716967425,0.5452291668255561
104,4,RANDOM,23,77,-0.23776378139510101,1.652739373580729,11.200653240800426,2.1888867877347407
104,4,RANDOM,23,78,-0.40734442448606356,-0.9613839994154273,13.18081273720554,0.20142760547291716
104,4,RANDOM,24,79,-0.23114866815890878,0.6666647906262475,14.265683626517498,1.8439836802430074
104,4,RANDOM,24,80,0.6018720554952703,1.625451541422012,6.327737012234813,3.250175211999075
104,4,RANDOM,24,81,1.9719691206378402,-0.6075721400620497,13.693095383785023,2.1137189524793882
104,4,RANDOM,25,82,2.0686044705126543,1.292626776747949,2.7886984375241215,4.132163815490043
104,4,RANDOM,25,83,1.4268529246437578,0.5168917080981394,10.36122268593395,3.362271818552834
104,4,RANDOM,25,84,-0.20038720202261529,-0.6238701030057701,10.210887617440687,0.6107536490292222
105,5,RANDOM,0,0,1.9082959260364856,1.3277927640777283,7.730368090071089,4.147777031524758
105,5,RANDOM,0,1,-0.03196024261061492,-1.3112425416642024,5.751149842901988,0.13346677509308824
105,5,RANDOM,0,2,0.42646436865453485,-1.341536821341442,0.7323169031967938,-0.10638336565326356
105,5,RANDOM,0,3,2.633921141998172,0.7832918905579569,3.5184185148456892,2.4374909028247727
105,5,RANDOM,0,4,0.5253990026653557,1.9096516764073939,13.465266444020124,2.23638250759352
105,5,RANDOM,0,5,2.054891387543865,-0.12658367482827648,7.395852257957408,2.465911149921589
105,5,RANDOM,0,6,1.4287881077926938,-1.2871905046468037,8.334386157693931,1.6218961567787782
105,5,RANDOM,0,7,-0.08558535387101074,1.5787791066722274,0.9641523452455529,2.1529882250208736
105,5,RANDOM,0,8,1.438101388900841,1.5453097581462618,3.4105505588884606,4.227399987146568
105,5,RANDOM,0,9,2.2462900706905886,1.5526841380851724,0.27873974783549105,2.306374101545779
105,5,RANDOM,1,10,0.3210476580100463,-0.4197433039165188,9.708466173799495,1.2859447707709064
105,5,RANDOM,1,11,1.590893357441899,-0.09644710263287193,13.998038692818113,2.6298555492141773
105,5,RANDOM,1,12,1.0928040293613437,1.7944348822326188,7.5910582538649365,3.3733043988343736
105,5,RANDOM,2,13,-0.33498223649499703,-0.27381616382376195,6.249068888105166,0.8366752602077279
105,5,RANDOM,2,14,1.672447791640495,-1.069073765260712,11.123155849422766,1.929303813293481
105,5,RANDOM,2,15,1.6048336330546293,1.376012786851848,8.236269064203983,4.2330637148187815
105,5,RANDOM,3,16,0.4852421235394073,0.6647544386551334,8.993523279866256,2.678412431118815
105,5,RANDOM,3,17,1.9743975932525162,-0.3595097396246507,8.19480781056981,2.3515362700052873
105,5,RANDOM,3,18,1.8643820020980204,1.364871166869495,4.94471991611338,4.252521828911306
105,5,RANDOM,4,19,0.6094209967979154,1.6498054793978323,8.036841732295887,3.174315473140098
105,5,RANDOM,4,20,2.2301913932891857,-0.8713699200944027,2.554576231350908,1.8273378166967413
105,5,RANDOM,4,21,1.1542114622224373,-0.6354926358120188,13.352370593484553,2.0476416123776326
105,5,RANDOM,5,22,1.3356072011260811,0.4030802313983495,2.769725100146881,3.355650977994297
105,5,RANDOM,5,23,-0.22999727442460527,0.1794616153659514,13.592766977932337,1.207459299840135
105,5,RANDOM,5,24,1.45906276646912,1.0432786646046037,11.5344357618493,4.015588191605316
105,5,RANDOM,6,25,0.152275154633005,1.4336116648892574,4.126740865585887,2.977776860590902
105,5,RANDOM,6,26,-0.8521896453765334,-0.5616934489959361,12.55832892897383,0.5116143383592899
105,5,RANDOM,6,27,1.7385903888690293,-1.3221060846077068,8.221752118579337,1.578295453330207
105,5,RANDOM,7,28,1.8020485459531494,-1.2715308608246871,4.157404906208558,1.7672509799017526
105,5,RANDOM,7,29,0.14541191452043867,1.1790488333535172,4.646340363947455,2.937755601172711
105,5,RANDOM,7,30,-0.7464690939637062,0.5004922597958172,12.217005985938211,1.5081976036210971
105,5,RANDOM,8,31,0.15178113100556678,0.6412144019433619,0.9805593199575865,1.9468421269789502
105,5,RANDOM,8,32,0.9229244494367781,-1.1542371927377548,5.391842119059952,1.521758297589004
105,5,RANDOM,8,33,1.1940317085286196,0.841632780887283,8.781648758529323,3.690510040757262
105,5,RANDOM,9,34,1.0204406191590967,0.7601974926189943,0.871562876995697,3.0066355771274247
105,5,RANDOM,9,35,1.8183465318833565,1.8632469200143413,14.452607129958182,3.2564036499420577
105,5,RANDOM,9,36,2.4341542709003816,0.6052484031426162,8.055837811504311,2.6396522199029016
105,5,RANDOM,10,37,1.6846003312353806,-0.0306835737582849,13.660188995536998,2.6906999833748726
105,5,RANDOM,10,38,-0.8709037389827643,0.04338009321661618,10.620736073227002,1.0219986905375071
105,5,RANDOM,10,39,2.511043553421323,-0.08853708909900693,6.549027951509261,1.6337919412030195
105,5,RANDOM,11,40,0.1752526907766634,0.7491449143439111,6.008854609232359,2.487571570589231
105,5,RANDOM,11,41,1.9472418885303533,1.9649107437785704,13.793387805669335,2.7602773802961456
105,5,RANDOM,11,42,0.6710300766831541,-0.2590489429724372,13.796309293547667,1.7783532810401237
105,5,RANDOM,12,43,0.045916698016549296,1.3273729983089746,12.186559668161815,2.706916926560872
105,5,RANDOM,12,44,2.0347691200444564,0.3384784063472974,6.409450791148852,3.025443497098142
105,5,RANDOM,12,45,0.5361372700644351,0.051537131582131135,8.15512762697231,1.9748384390410423
105,5,RANDOM,13,46,2.50806976743628,-0.1162731260691805,1.6091881134969788,1.628762670941496
105,5,RANDOM,13,47,-0.6007200776331381,0.687799982682118,5.47440016406715,1.8845347648081985
105,5,RANDOM,13,48,0.9072419486381897,0.48167632555607565,6.793024774870834,2.97992769896186
105,5,RANDOM,14,49,-0.7662513129340289,-0.34789578032449064,5.920301596542627,0.7366255169076339
105,5,RANDOM,14,50,0.8043645717234051,-0.9223796993112557,10.240080149538677,1.531496304432401
105,5,RANDOM,14,51,1.6087697792926314,0.9113690105183134,2.697420459141579,4.113779008742517
105,5,RANDOM,15,52,2.397684676834355,0.9537915826103154,7.913335481458526,3.1779555024995223
105,5,RANDOM,15,53,-1.0944313984632514,-1.4738977286230388,14.64923705471291,-0.42498414681655894
105,5,RANDOM,15,54,-0.08096364742204853,-0.9855558296406446,8.225144631038203,0.47872692442238385
105,5,RANDOM,16,55,0.16929211731458804,0.6046188466972939,1.9795000204936444,2.3479268724229567
105,5,RANDOM,16,56,2.357999160704653,-1.4690534404866833,8.942086519007407,0.4910474494602879
105,5,RANDOM,16,57,1.8940614567137213,0.7840244092236954,4.546655538605701,3.8149994388271335
105,5,RANDOM,17,58,0.38264159047208235,-1.116032353465989,7.198602708226483,0.8715541019847884
105,5,RANDOM,17,59,-0.5674331189435627,0.2689249610433184,6.422829757972443,1.2940884770393037
105,5,RANDOM,17,60,2.4053453157403006,0.7824398270139681,6.586296449382071,2.9855329921765446
105,5,RANDOM,18,61,1.1194331032200546,-0.195220096985683,4.25513509113123,2.5072754978729757
105,5,RANDOM,18,62,-0.6233308882930196,-0.8361352967129928,2.6113780192616494,0.48713115170207566
105,5,RANDOM,18,63,2.4402842786860837,1.036198960344219,8.752896270061944,3.13992937807338
105,5,RANDOM,19,64,0.15765304861182416,1.7830884660581159,4.31031095078437,2.4178946459916295
105,5,RANDOM,19,65,-0.5109502719824225,0.900327298288055,13.518443809424172,2.0178414869799717
105,5,RANDOM,19,66,0.8249950878030858,1.839171669538,14.182240857102485,2.853787414201772
105,5,RANDOM,20,67,0.6358286604859209,1.577821521145787,13.93837251362547,3.2335037100176445
105,5,RANDOM,20,68,1.7604969829434474,-0.769666587349722,3.5901800613389723,2.3578161131249855
105,5,RANDOM,20,69,2.2106429606356195,0.589938143256366,9.881712771566866,3.0475711017470513
105,5,RANDOM,21,70,-0.16289085499097145,0.9728701116293528,0.8258403738995523,1.8671481993885535
105,5,RANDOM,21,71,2.2056235739892935,1.4505272730103482,4.387368909602026,3.857995817245162
105,5,RANDOM,21,72,-0.09832185884998967,1.9280608798062477,6.557278943767665,1.5709454883604752
105,5,RANDOM,22,73,2.4241032309693784,0.9348480656876599,14.088276476771142,3.0014381039492624
105,5,RANDOM,22,74,0.9369650042463249,1.6060848337825067,5.478030562694091,3.6981629854515146
105,5,RANDOM,22,75,-0.44644337870450035,-0.011852372895893915,6.129757855879306,1.0152861307148688
105,5,RANDOM,23,76,1.526542669993753,1.6799085981083586,9.567716053219629,3.8720569241836973
105,5,RANDOM,23,77,-0.20532747045748923,-0.6404458360875348,7.514036411356297,0.6490883967214298
105,5,RANDOM,23,78,0.2593552374455852,0.7616197742642914,2.4159565762138646,2.695381668537805
105,5,RANDOM,24,79,1.0793519688049602,-0.022126694264954505,11.070074763761825,2.4633947382921364
105,5,RANDOM,24,80,1.257383052964868,0.03287963073542843,4.402921781257915,2.818919799774923
105,5,RANDOM,24,81,-0.5827760694230963,-1.48948501767341,2.3330789703072785,-0.5198878456603868
105,5,RANDOM,25,82,-0.10701343932914897,0.6713853218029642,3.2680296457962337,2.181798741313417
105,5,RANDOM,25,83,1.6723677005573618,-0.6174526713626975,11.712653500365814,2.282292719833312
105,5,RANDOM,25,84,-1.0617053141761872,0.45158235354255094,9.61062693716926,1.7094617693700669
106,6,RANDOM,0,0,0.9111201814506518,-0.2985519556533154,5.536639529690879,2.180301218433196
106,6,RANDOM,0,1,0.29949441300191637,1.9560574656526333,9.491711332834583,1.8122086039966219
106,6,RANDOM,0,2,1.4199485282952926,-0.34512790615089584,10.19908499979917,2.4403360411409847
106,6,RANDOM,0,3,-0.6404522350465709,-1.3189476880567867,12.753020010784997,-0.3325645427926973
106,6,RANDOM,0,4,-1.0667563747140807,1.9256864676485383,12.405218384259985,1.473939001710935
106,6,RANDOM,0,5,1.83433335500265,-1.3317077954910872,3.112381553838414,1.668307042049719
106,6,RANDOM,0,6,2.075947863402807,0.013731840792607697,9.412391537612404,2.53137578285416
106,6,RANDOM,0,7,-0.6430306756434283,-0.8478228846275967,7.459521423209364,0.3439118912295931
106,6,RANDOM,0,8,1.7381265975850662,0.38950021520552625,1.6040942984570679,3.300511306741468
106,6,RANDOM,0,9,2.1369373754100915,-1.0111938164904783,6.595426704926833,1.7372012220477613
106,6,RANDOM,1,10,1.1515806135540947,-0.05979725846014872,0.7342616347607774,1.9041849732159237
106,6,RANDOM,1,11,1.677216861754217,1.6108551293271285,9.117607903290656,4.010325991559462
106,6,RANDOM,1,12,-0.6706624954732741,1.3730403479294528,11.66746373138061,2.3162915934657358
106,6,RANDOM,2,13,-0.9622277817273412,1.474266303352493,11.482423137777086,2.4145493639470437
106,6,RANDOM,2,14,1.8961881250525812,1.9359661106324975,9.782919072483619,2.9820299035736353
106,6,RANDOM,2,15,-0.9571231508218369,-0.5585695334547072,12.845810163415798,0.5861509756851662
106,6,RANDOM,3,16,0.5032630439317671,0.7991885426172676,7.757053902001582,2.906219152321272
106,6,RANDOM,3,17,0.07385405569420023,-0.9479403417800881,12.954451104044585,0.5945648588336016
106,6,RANDOM,3,18,-0.3042538527523918,1.50774953862763,1.878585853636061,2.502668899825152
106,6,RANDOM,4,19,-0.797730756906202,0.6169467093036944,2.5865573723758803,1.9047049582693132
106,6,RANDOM,4,20,1.0701259509655183,-1.4701603711397329,14.794788560599967,0.876608358699734
106,6,RANDOM,4,21,0.7455210586319709,-0.6928691827566514,0.7386290060063069,1.0383906820039217
106,6,RANDOM,5,22,1.3797966182893613,-1.1017955183935952,3.9998949269737167,2.0070568562927327
106,6,RANDOM,5,23,2.470567342494178,1.6097452521163746,2.944431679734279,3.1656442462680188
106,6,RANDOM,5,24,-1.0574807445301107,-0.4092395906755377,1.0533213553188012,0.6138752655698235
106,6,RANDOM,6,25,2.3128584349140944,1.0958307577124256,12.228816887354169,3.426405500010266
106,6,RANDOM,6,26,-0.8759955195075841,-0.24588593638788137,12.25153849073595,0.7421217464794446
106,6,RANDOM,6,27,0.8275608349928822,0.2046680050588081,3.13530929862592,2.6459943681624822
106,6,RANDOM,7,28,1.0991710092004179,-0.7203644345934105,9.511136918675682,1.9995901682195667
106,6,RANDOM,7,29,1.0212832965038916,1.151272206682051,13.917082692486694,3.770799690762135
106,6,RANDOM,7,30,1.9301258224516693,-1.3140060781890217,1.4632448253511328,1.497119021140849
106,6,RANDOM,8,31,-0.8201833476428451,1.6872233701581218,5.669337378978814,2.1427502352165826
106,6,RANDOM,8,32,0.11867611847694737,0.03865976883960531,5.725220650098969,1.5208818226830312
106,6,RANDOM,8,33,2.057913500553555,0.944119065873092,8.261860861704216,3.752715920844012
106,6,RANDOM,9,34,-0.6423960220713728,0.234138055266639,6.9335337872338965,1.2352759879015451
106,6,RANDOM,9,35,1.8895647815573278,0.32602464048304647,2.4611264452131256,3.2441353001729176
106,6,RANDOM,9,36,2.4011889355467657,0.11580486380235078,12.133855045112082,2.0200479750063107
106,6,RANDOM,10,37,0.6044985540064949,1.8799211772417088,6.578662224322767,2.56964181730827
106,6,RANDOM,10,38,0.12254097390894492,-0.3424472584567231,10.259619628428082,1.0969275497833921
106,6,RANDOM,10,39,2.2463327475394714,1.4916049976865864,10.45476453449009,3.6092095730198617
106,6,RANDOM,11,40,2.2163750205296124,0.836136080059708,4.91226311287688,3.4895515156224857
106,6,RANDOM,11,41,0.6979549913405869,-1.0517074099441615,3.994064491646472,1.4380864208616182
106,6,RANDOM,11,42,2.3505664554957004,0.018401885182336875,12.376491976766808,2.0280378071617085
106,6,RANDOM,12,43,-0.10683758774629126,-0.6947836823782967,13.112022465081257,0.604457301152168
106,6,RANDOM,12,44,0.11913258388371162,1.8884566694152274,7.4459541625767525,1.9271713724226698
106,6,RANDOM,12,45,0.5194723124139613,-0.12292292756118273,3.9448446960601684,1.9083362373282957
106,6,RANDOM,13,46,2.4708044101097824,-0.7889785388827195,8.328085337635706,1.2104881323576673
106,6,RANDOM,13,47,0.9444725290735443,0.49688228042330396,14.72106663462854,2.9151770535100026
106,6,RANDOM,13,48,-0.15526096068688422,0.3186132760727629,2.9240017945127232,1.668154944646458
106,6,RANDOM,14,49,1.7548016898092444,-1.4146071154321878,8.394092044639363,1.3665681497028555
106,6,RANDOM,14,50,1.8586638199478949,0.8512244769489614,11.40417697857237,3.765822950178967
106,6,RANDOM,14,51,0.33672955156325113,-0.3633693499128159,0.5283077177065041,0.37784866656514815
106,6,RANDOM,15,52,0.6449967411716484,0.24144472695415176,12.492206357562122,2.257318567911963
106,6,RANDOM,15,53,2.22988148001702,0.7643534979809368,9.94867014011415,3.2510429407428214
106,6,RANDOM,15,54,-0.19302207054448572,-0.7658992160311944,0.9241844526630952,0.18760626183357443
106,6,RANDOM,16,55,1.6204693940987176,1.8281661267025808,2.3412941959639317,3.6598584977743256
106,6,RANDOM,16,56,0.17282020796770792,0.15167828359079372,12.750999917577333,1.5700453408122672
106,6,RANDOM,16,57,1.5804723881156666,-0.41599029185914427,2.6886642323398053,2.6211515911923753
106,6,RANDOM,17,58,-1.0371088482359443,-1.220766273430474,8.077147125904533,0.1368292138413736
106,6,RANDOM,17,59,2.484638306417092,0.3996770922469779,1.0615871562831105,1.9895219585250983
106,6,RANDOM,17,60,0.157558232528211,0.0023182761256081985,0.5846146762190283,0.5702185100365291
106,6,RANDOM,18,61,1.0286853889201293,-0.8118669441355075,3.3996074690753417,2.0372630124664477
106,6,RANDOM,18,62,2.3841155936431355,-1.389519129501225,14.428839173848548,0.5561194501392701
106,6,RANDOM,18,63,-0.6359912168835339,-0.8665174202919433,5.6849310565994,0.37752433782383066
106,6,RANDOM,19,64,-0.10701946759449821,0.3610549158548728,9.341912601315451,1.5913248828359947
106,6,RANDOM,19,65,0.036273178653115856,1.9880190549988024,8.167130229054944,1.3892634198193425
106,6,RANDOM,19,66,2.1796214645195304,-1.3809854516831073,9.465349874823055,1.034705513470353
106,6,RANDOM,20,67,0.4432744325643412,-1.1122378384059597,8.07960204863349,0.9313073236427233
106,6,RANDOM,20,68,-0.44336537174248647,-0.3129964284134499,0.7993647113844777,0.17323404287900557
106,6,RANDOM,20,69,0.8617343878576085,1.618459709229811,2.784866009998723,3.6770742339891545
106,6,RANDOM,21,70,2.316266025482986,-0.8662631118888653,14.275719849521584,1.429348283699464
106,6,RANDOM,21,71,-0.9178697718175785,1.5801303769860824,14.204271804604991,2.236557194484365
106,6,RANDOM,21,72,-0.42906999799178525,0.4482649533639682,7.812472224670557,1.5289527080977974
106,6,RANDOM,22,73,0.3380487915018058,1.850579879643198,8.023855762065748,2.309481874063642
106,6,RANDOM,22,74,-0.305280343952524,0.5044250828036665,12.368511984332157,1.5917662385609526
106,6,RANDOM,22,75,2.626616874942825,-0.8890490118391225,9.618089726062518,0.6510540442639243
106,6,RANDOM,23,76,1.1841261745631275,-0.920399125242374,2.3404248114036212,2.0936214536706075
106,6,RANDOM,23,77,-0.7119878848679242,-1.0052589520683626,9.31116519518926,0.1772734104494258
106,6,RANDOM,23,78,0.5019324741783691,0.4595428160255881,10.967420806822807,2.3837766022888456
106,6,RANDOM,24,79,2.4170330465603427,1.2149778375561864,6.703944936627031,3.367732590319747
106,6,RANDOM,24,80,0.7639192987359589,0.7065963861855447,11.891374358593865,3.032483156627548
106,6,RANDOM,24,81,1.1018821170588065,-0.8897177912391014,14.963454046891849,1.8106236275477048
106,6,RANDOM,25,82,2.2144430526070824,0.7307641044986877,3.1783282448866705,3.4119257391200675
106,6,RANDOM,25,83,0.0981297817146436,-1.4335865246709814,9.710369107524748,-0.09553263989936411
106,6,RANDOM,25,84,-0.9900944960475846,-0.08195858665259781,4.165532856042788,1.1534782248818596
107,7,RANDOM,0,0,1.2359817587016404,1.640248303393514,11.635509667987657,3.781100281171634
107,7,RANDOM,0,1,-0.25840073100515826,-0.44941800281071087,13.103428127498532,0.6390618236963885
107,7,RANDOM,0,2,-1.0803235568384473,1.374299464339682,11.956244361851942,2.5809924140624476
107,7,RANDOM,0,3,0.6486729187769844,-0.4393865061324027,4.1771057558994995,1.824018416704799
107,7,RANDOM,0,4,-0.1475523509365364,0.057767070589263,7.568719336110342,1.2304256950767942
107,7,RANDOM,0,5,0.9684196047023783,1.9842509920203746,11.890136126287082,2.4434651457882284
107,7,RANDOM,0,6,1.2250837804216248,1.961360516886597,3.230415164835749,2.9853411481940664
107,7,RANDOM,0,7,-0.501287629473235,0.6438886149556078,0.6600861774127892,1.0075302428531248
107,7,RANDOM,0,8,-0.9666627982230713,0.30211087094979594,6.993624173854012,1.4679464493264407
107,7,RANDOM,0,9,2.3274559684216887,0.7022918907185365,7.712250581346109,3.0246887496850787
107,7,RANDOM,1,10,0.10988761277879999,1.5688438367513085,3.338489080810106,2.8354011775884445
107,7,RANDOM,1,11,2.1101903614472306,-0.39193504126464607,5.151762372264479,2.258120369526142
107,7,RANDOM,1,12,1.977462439444205,-0.3673462772325373,13.037919643889209,2.268372980655297
107,7,RANDOM,2,13,2.0299804386679563,-0.935866090149867,8.903342621108221,1.8906304807419203
107,7,RANDOM,2,14,1.544723226895889,1.8841992076390675,2.440660517267417,3.4588183904851926
107,7,RANDOM,2,15,0.6531957858010713,0.0801239810276606,8.38105944918051,2.1456921314660042
107,7,RANDOM,3,16,1.3226433404183204,-0.6310399275633749,14.50587025711123,2.156957194959837
107,7,RANDOM,3,17,1.202384724564579,-0.5412285292374083,0.672179184869958,1.4833882333672963
107,7,RANDOM,3,18,0.143374086234884,-0.8521443203844243,5.464188950350149,0.8962797114151164
107,7,RANDOM,4,19,-0.8339727352747377,-1.0354230470212324,2.9896758747160135,0.36281587698593176
107,7,RANDOM,4,20,0.24682839326451433,1.3856731659019235,5.540988766182846,3.0583738143377603
107,7,RANDOM,4,21,0.4996695037605088,-0.9734088663378011,8.86397671572748,1.1379327765590714
107,7,RANDOM,5,22,0.8599834151470114,1.7786004403620908,6.458836661484068,3.211120269894476
107,7,RANDOM,5,23,1.6952614111567756,0.025368570916671995,9.054512274704713,2.809390522116244
107,7,RANDOM,5,24,1.0787802226631427,1.673230973038999,13.883416501869975,3.564306636722476
107,7,RANDOM,6,25,2.437022134599618,-0.6235710144593567,5.0662752857501,1.4925645012058342
107,7,RANDOM,6,26,-0.6243520429829872,-0.08534138974000793,6.966832299911764,0.891286860790018
107,7,RANDOM,6,27,-0.656243242784869,-1.3912477675754429,14.073035421572412,-0.5000740745360623
107,7,RANDOM,7,28,1.5340916251506953,-0.643645424528509,3.818211505043194,2.4482696477505606
107,7,RANDOM,7,29,1.5506902723953266,1.7426682397818922,9.173976976384777,3.738771206756317
107,7,RANDOM,7,30,-0.8333756157873203,-0.4615976775415167,10.59642526418754,0.5899283841364842
107,7,RANDOM,8,31,-0.7871422003619407,1.903772872805975,11.74566284790412,1.3505435392113645
107,7,RANDOM,8,32,1.2735293381283164,-0.30537812260292774,0.3566486411919133,1.1905719058555675
107,7,RANDOM,8,33,-0.5741116767896625,-1.0214659464313571,5.605477830617235,0.24186563227662283
107,7,RANDOM,9,34,-0.15669719844314756,1.5508100023161502,6.009590048984086,2.5118799159669187
107,7,RANDOM,9,35,2.5901491061667694,-0.9063912063686258,0.6703284085144636,0.03852954127945063
107,7,RANDOM,9,36,-0.5512762443327479,1.5938988327384074,12.804711592574078,2.1274668245268127
107,7,RANDOM,10,37,1.6764079967987024,-1.1821807530943746,11.257864879922183,1.7793906191228634
107,7,RANDOM,10,38,0.4028487813981827,1.4523239468928697,9.607015487944127,3.122464717233086
107,7,RANDOM,10,39,-0.956289913334537,-0.9480088983533799,1.847761137047263,0.48603163965208385
107,7,RANDOM,11,40,2.5258658641912493,1.6640174494347622,8.584844606305001,2.7605015031449343
107,7,RANDOM,11,41,0.8812444045367074,1.8536155631400217,0.33427485035778354,1.6993418495737942
107,7,RANDOM,11,42,1.6722736007222792,-1.2242386280689155,2.1697288089587463,1.9042986821842145
107,7,RANDOM,12,43,1.3148282326711693,-1.0788034150009822,14.817793053116741,1.7855549572021627
107,7,RANDOM,12,44,2.353539122528787,-1.4665181856840128,7.873374323046839,0.5296838933330874
107,7,RANDOM,12,45,-1.0151190228189262,-0.006013564529061766,6.12209468572803,1.187219293499834
107,7,RANDOM,13,46,1.1256916543883908,0.040026844336146006,6.057649508141308,2.6709286398482215
107,7,RANDOM,13,47,-0.6831940928314121,0.26655589989265494,5.664478326125051,1.3154917349139317
107,7,RANDOM,13,48,0.8245974190235401,-1.4599060915696767,14.542965982170792,0.6499144137338188
107,7,RANDOM,14,49,0.8862585937549623,-0.08464816482205872,4.406942914513291,2.365985544062204
107,7,RANDOM,14,50,2.1156475477379053,-1.1142199929330352,0.7622282606520688,1.0186391114060358
107,7,RANDOM,14,51,2.1543048107889513,0.45408593052273494,10.997951432664903,2.932247511210976
107,7,RANDOM,15,52,-0.0015092344858715911,0.5878294270561004,7.888094546392389,2.0285510647167593
107,7,RANDOM,15,53,2.039854890099666,-1.1124128914738844,3.088224315106868,1.8552627157695443
107,7,RANDOM,15,54,1.7383310602143256,0.5610377427465867,6.129656307718723,3.5361172557776412
107,7,RANDOM,16,55,2.386053184965617,0.6437574701854061,14.479193411734734,2.715303461781387
107,7,RANDOM,16,56,1.6468534629893052,0.12200132656039342,8.212522403765316,2.9357445634065966
107,7,RANDOM,16,57,-0.03414160164410318,0.8959851215042152,3.2547295207043336,2.5397529041831532
107,7,RANDOM,17,58,1.2023540570314912,0.8089335028491984,11.775829386149303,3.607812278494872
107,7,RANDOM,17,59,-0.42214551318772287,0.49048770412399056,2.5455266146246416,1.7318128694097776
107,7,RANDOM,17,60,1.9824369104086919,0.7027682675205624,0.5704545100384611,2.612981642554824
107,7,RANDOM,18,61,2.555455783861913,-1.3125949927831406,13.840512673226966,0.2737789594591693
107,7,RANDOM,18,62,2.1294188480598795,1.4030319629261405,10.324571012407693,3.850320768356653
107,7,RANDOM,18,63,0.192007350892899,0.17028630344875362,11.916795334108057,1.6237922350609677
107,7,RANDOM,19,64,1.8171306361856274,1.704591798262908,13.332085249879354,3.7292494122530906
107,7,RANDOM,19,65,-0.429688461679944,1.4612540901958928,8.263733360255662,2.3693046512889824
107,7,RANDOM,19,66,-0.586035423090392,-1.2701456649145342,4.055084243192076,-0.04907169522559962
107,7,RANDOM,20,67,0.4543783914751307,1.242095108658261,13.085707373116787,3.1619270314113077
107,7,RANDOM,20,68,1.0196769692474508,-1.0156744835695575,5.025852162967676,1.799084694782171
107,7,RANDOM,20,69,1.2654147851042867,-0.938163957767392,14.975618002937876,1.896953746856624
107,7,RANDOM,21,70,1.1938093059873673,-0.5142920945051963,7.571925462075909,2.2462485356514774
107,7,RANDOM,21,71,-0.4591756714442202,1.9009215797209023,6.753854471097086,1.4487029816182004
107,7,RANDOM,21,72,2.272695793481589,-0.1889619223537664,13.549550123726648,1.9830095824666085
107,7,RANDOM,22,73,2.2746434865809326,-1.4093512546746387,4.5153060908388625,0.9324525001834962
107,7,RANDOM,22,74,1.341083997326078,0.14805568466849395,6.382453144155584,2.9322309029178633
107,7,RANDOM,22,75,0.12936338176100248,1.035890821924212,0.6796661275762608,1.988136782351991
107,7,RANDOM,23,76,-0.5000571036789683,0.03485410896662522,10.854501691323254,0.9477988142687209
107,7,RANDOM,23,77,2.273814486959373,-0.9495104918861688,9.07363189680206,1.513417750276499
107,7,RANDOM,23,78,-0.47465673828201504,1.5865524430864832,7.139469164558038,2.2517087610494237
107,7,RANDOM,24,79,2.286321478998093,-1.2676308564339633,10.612107342940392,1.0557987366387855
107,7,RANDOM,24,80,2.374218319869353,0.7063217769065577,9.701909287835226,2.889046543462775
107,7,RANDOM,24,81,0.5899242343843933,1.820984949632109,2.1909481358275045,2.8559824543406447
107,7,RANDOM,25,82,1.2024523844380965,-0.8306108280968885,7.496651386111835,2.0494916301006314
107,7,RANDOM,25,83,-0.6143956810368529,0.2207638410950994,1.8860331651109024,1.2961009097770089
107,7,RANDOM,25,84,-0.09813041114708465,0.7116884863260013,13.153769113953205,2.02419703157755
108,8,RANDOM,0,0,0.12189539767498037,1.9554689516827395,4.781343866444266,1.7278012224560158
108,8,RANDOM,0,1,1.8468073731594483,1.5446377909367563,5.866881013281371,4.1189671343701795
108,8,RANDOM,0,2,0.5363645598598992,-0.1953788391872644,1.6051969934951427,1.7950028669198042
108,8,RANDOM,0,3,0.6898939022060733,-0.655267492203612,3.857921583018395,1.750762224058123
108,8,RANDOM,0,4,-0.4096581721097916,-0.8214740788349125,12.20760122465516,0.3267331933197166
108,8,RANDOM,0,5,0.48069191109497367,-0.6042782319462088,8.863951873629407,1.3832747704742694
108,8,RANDOM,0,6,1.1581655703704494,0.7640030947106577,13.670434350347412,3.4925118270783564
108,8,RANDOM,0,7,-0.5386797595981241,-0.20014505045161335,4.270024942024678,0.8828804169691364
108,8,RANDOM,0,8,-1.0372854704635277,-0.8645612192304467,5.920634050897744,0.5925894771816106
108,8,RANDOM,0,9,0.3698021235925937,0.6585478054245035,6.784545665878369,2.5757447559792164
108,8,RANDOM,1,10,0.6157597848413632,-0.8332331542178683,4.356265677805827,1.5227984685757332
108,8,RANDOM,1,11,1.9799775274398361,0.02870342990341168,4.940472219342202,2.7636098107345
108,8,RANDOM,1,12,0.676347643567689,0.44766635644214214,8.150839131277525,2.633345729065594
108,8,RANDOM,2,13,0.7593143157669311,0.5934793122629394,11.650482301127495,2.874842184045982
108,8,RANDOM,2,14,1.992697588996656,-1.4104087133389893,3.2914266727724573,1.371614360491748
108,8,RANDOM,2,15,1.900713472986113,1.4061884251098187,13.327307003159017,4.0500264606680325
108,8,RANDOM,3,16,-0.9631698388663505,-0.5686228664904316,7.588848123086685,0.6715475981549208
108,8,RANDOM,3,17,0.8141877469111098,-1.3599167735222084,9.110812801633967,0.9498979292706567
108,8,RANDOM,3,18,-0.5610125925236208,0.8868072408898269,11.978370399797104,2.010965877499446
108,8,RANDOM,4,19,-0.4230005733776404,-0.27784137100950534,5.502952371334608,0.8142289153176928
108,8,RANDOM,4,20,1.598593546481411,-1.2971726833122874,9.737512662307244,1.614238553957121
108,8,RANDOM,4,21,2.581367898373092,0.5936259552474148,13.225073664523567,2.13386815560035
108,8,RANDOM,5,22,1.267104874078007,1.3769101343581087,5.291658186918859,4.18807357300763
108,8,RANDOM,5,23,-0.2296013672360856,0.09196683309158682,0.03556356954939214,-0.1030304595218014
108,8,RANDOM,5,24,0.9843345128822238,1.0198823174151248,14.758476436693313,3.620442555139682
108,8,RANDOM,6,25,0.5195937836136768,1.6459406087009025,11.958028255443965,3.004099697856285
108,8,RANDOM,6,26,2.2275693266771026,-0.42381997934116455,2.8518786523843467,2.126154955786272
108,8,RANDOM,6,27,1.036151717159811,1.5792421689835168,4.685538087162137,3.863827637231335
108,8,RANDOM,7,28,-0.0019209673698434848,-1.3176358520057527,5.8699226791396395,0.14685946307457654
108,8,RANDOM,7,29,1.5139111564450904,-0.9468662565225112,0.7185018060337054,1.4349586079022802
108,8,RANDOM,7,30,1.8581757480374343,1.4082868596735123,10.213359520495516,4.117995039468164
108,8,RANDOM,8,31,-0.7456908076926121,-0.3147632313339517,4.661067517348628,0.7941663791232949
108,8,RANDOM,8,32,0.31903343877163937,1.6485336940380853,12.733077572705229,2.7412138496496716
108,8,RANDOM,8,33,1.1253737838133544,0.9089856613222262,2.629817312498856,3.8793335920501573
108,8,RANDOM,9,34,-0.4879868557863529,-0.6076837030275442,10.474254383060295,0.4640699332783268
108,8,RANDOM,9,35,1.5567543423218755,-0.2409020037600138,9.76512416089492,2.561019125264918
108,8,RANDOM,9,36,2.3373527120963966,-1.4453399334556793,14.632839566863813,0.5219108239125216
108,8,RANDOM,10,37,2.239490120385141,0.041712103052408356,4.787595736024023,2.4327543795053703
108,8,RANDOM,10,38,0.7039727933316582,1.2215840160081406,11.004778640252207,3.489979355175331
108,8,RANDOM,10,39,-0.343058353427082,1.217067476788241,1.8651473436983301,2.5352388689180057
108,8,RANDOM,11,40,1.2660847330596234,0.5252711305708457,0.597281957948249,2.4572225285128915
108,8,RANDOM,11,41,0.7958482840819414,0.5315419533361192,8.218239918006212,2.889509446405273
108,8,RANDOM,11,42,0.8196145386468838,-1.0267599125518427,11.54712283138627,1.430454532039014
108,8,RANDOM,12,43,-0.9793648354381838,-0.3188737231534906,0.9215403637711721,0.4578675050691247
108,8,RANDOM,12,44,1.630834640954975,-1.3353545887900735,0.9326026645268699,1.204062073629645
108,8,RANDOM,12,45,1.023476337770921,-1.1160295138179666,10.50621616651746,1.559664665307366
108,8,RANDOM,13,46,0.931762368464156,1.9870948657308247,9.957257766278323,2.4194491106970233
108,8,RANDOM,13,47,0.1914688576069692,-1.219190029793025,4.328060601687236,0.5819818344442328
108,8,RANDOM,13,48,-0.6183349937893539,-0.6652083066616575,13.176038108958478,0.3748772433886214
108,8,RANDOM,14,49,-0.22133446188085248,1.9939126930642281,8.831451741023594,1.1167446965378394
108,8,RANDOM,14,50,-0.3834639872624376,0.8233337250201278,3.6779888865389947,2.1811408027975436
108,8,RANDOM,14,51,0.9068716066659936,-1.4579084505328979,0.4558871389923769,-0.2765999895128214
108,8,RANDOM,15,52,1.0701994318314982,-0.6586249099618353,2.380242667588798,2.185066948128678
108,8,RANDOM,15,53,2.140931578499372,0.3753619309742746,12.156212207070075,2.830635986342806
108,8,RANDOM,15,54,1.136827043048212,-1.3193392739117782,9.960562062448234,1.3463707483713947
108,8,RANDOM,16,55,0.640127510697504,1.4602565134495138,2.8675737684623246,3.5912134098220116
108,8,RANDOM,16,56,1.964842846890035,-1.1142647496745575,7.286784050084586,1.8011132530718028
108,8,RANDOM,16,57,1.1505859144252577,0.8561940371224934,8.641304066694007,3.6766221576029086
108,8,RANDOM,17,58,-1.097646565479759,1.4322945905519364,1.4320413396180391,2.636494651100655
108,8,RANDOM,17,59,-0.29335292755790576,1.039011319871177,13.555666025398835,2.2575579970684965
108,8,RANDOM,17,60,1.3370952663373874,0.3541234551452481,11.64890170026767,3.0816960629102352
108,8,RANDOM,18,61,2.1201851223764723,0.47339783953791637,9.351268006348315,3.033852063515898
108,8,RANDOM,18,62,0.15948099894837897,-0.7627182629655416,4.215541851764955,1.0211719883779553
108,8,RANDOM,18,63,-0.1432349200728078,0.4439631273976785,12.571027746421194,1.6238790901492988
108,8,RANDOM,19,64,1.1320527925167285,1.7232050266862116,5.805815454878259,3.64661286872429
108,8,RANDOM,19,65,-0.31382934384221484,0.5668764982047314,3.979830898952289,1.8623540128202192
108,8,RANDOM,19,66,1.2073590395263238,-1.116969956464274,9.428297590794603,1.7359354089144567
108,8,RANDOM,20,67,-1.0388741079797181,0.7548765418858281,3.832447363062864,2.2529734146061755
108,8,RANDOM,20,68,0.020174653110540453,0.20930136019721868,8.551802059144178,1.5363564846870283
108,8,RANDOM,20,69,1.534514940456356,-0.5449563692870076,9.843319051977502,2.350429664723305
108,8,RANDOM,21,70,2.6152909211590445,1.5592122320918884,12.722383578001994,2.590987474071012
108,8,RANDOM,21,71,1.2693931515997185,-1.1864332809203244,9.270986838880658,1.686787284753151
108,8,RANDOM,21,72,-0.14710544982030005,0.0409571059600049,8.073118676354856,1.201819855918813
108,8,RANDOM,22,73,1.4576901015762123,1.1388847226249652,6.606238816402464,4.185297920059873
108,8,RANDOM,22,74,-0.1860578281074693,0.8082457941101389,4.795911444832529,2.2482438533219726
108,8,RANDOM,22,75,2.0000800863783508,-1.286743516890944,4.933531184247895,1.5709934944499209
108,8,RANDOM,23,76,2.1005295493583946,-0.0010595049040589277,6.877328339631603,2.539872846283763
108,8,RANDOM,23,77,-0.870151431067933,-1.3717081796302946,0.9812175953075067,-0.6070979819294219
108,8,RANDOM,23,78,0.21373538588682384,-0.5225535012173284,14.769778630576218,1.0286373536123024
108,8,RANDOM,24,79,0.763850219204137,1.2569487279501823,4.53454307318658,3.7255722368263955
108,8,RANDOM,24,80,0.4759421710193228,-0.4204762903629664,13.105713860136849,1.430303717003034
108,8,RANDOM,24,81,1.827782257409094,-1.09262826499455,11.347593505259571,1.8494342404203554
108,8,RANDOM,25,82,1.4581227151242215,1.839586566488284,13.303186420503197,3.3711823913521606
108,8,RANDOM,25,83,1.4055536454261484,-0.12046378050770645,0.6078832283211903,1.795421608624845
108,8,RANDOM,25,84,0.1323509723244365,0.7470337736745587,9.638323254569729,2.3535485325392744
109,9,RANDOM,0,0,2.1521212752362064,-0.4961397681935562,9.047619102623376,2.032739485903135
109,9,RANDOM,0,1,1.805644867872708,1.0062612036124783,13.730786427237122,3.939896854241996
109,9,RANDOM,0,2,2.11529106699644,1.7138317016706681,0.3997894292794906,2.3241584758900062
109,9,RANDOM,0,3,0.533995776483974,0.19730514442050828,0.9782478063542428,1.8199754323235795
109,9,RANDOM,0,4,-1.0789754486111087,1.4071750293993994,14.749550362048346,2.5390012433629208
109,9,RANDOM,0,5,1.8320870194378034,-0.3953877850760441,10.580300235137218,2.3869721008720877
109,9,RANDOM,0,6,0.018039670541847963,1.0926196900651206,4.196928549004557,2.758854834968738
109,9,RANDOM,0,7,1.8245422505812274,1.9570926141310183,14.793592000654296,2.8687387446482995
109,9,RANDOM,0,8,2.199257412866577,1.6948351812437128,10.623395504633484,3.3893060146398497
109,9,RANDOM,0,9,0.9721548303337322,1.731333728245772,1.346871967034834,3.36969697541259
109,9,RANDOM,1,10,-1.0429608147024345,-1.2680558684956815,13.94251036439407,-0.023348093779710144
109,9,RANDOM,1,11,2.0343359550288453,-0.45207380173500056,2.3048055423196696,2.3734933726489222
109,9,RANDOM,1,12,-0.5988574011328975,0.8571706486834372,5.12768703706209,2.117089542666737
109,9,RANDOM,2,13,1.0742535361975323,0.6999569727271768,14.208092784397289,3.3283076775216216
109,9,RANDOM,2,14,2.4943454128780456,1.7898814809931292,4.940587439531542,2.639721286166787
109,9,RANDOM,2,15,2.6119004996527133,-0.9099331283153635,13.740081247436617,0.6262025326369131
109,9,RANDOM,3,16,0.05517974000159187,0.6843649203447617,5.282013870932335,2.2907315887271977
109,9,RANDOM,3,17,0.9367191327298716,-1.0568698358487274,12.992998398454306,1.509370529583064
109,9,RANDOM,3,18,2.117813918252384,0.5068899756822516,2.227198307635932,3.245664426745101
109,9,RANDOM,4,19,2.374298118810211,-0.42149022648148593,14.238715617325047,1.595915745542085
109,9,RANDOM,4,20,-0.497976639536409,-1.275642281417824,0.20976000118929383,-1.4562464738816245
109,9,RANDOM,4,21,0.8986206275148656,1.2739001657818214,8.751585784029793,3.768709522795602
109,9,RANDOM,5,22,-0.01680126472505239,0.716072203162867,0.2002797873299596,0.8903886944792757
109,9,RANDOM,5,23,0.38947033720581503,-0.39089328286995073,7.199900385137422,1.440741372975148
109,9,RANDOM,5,24,2.2482328378200904,-0.0551688139433657,14.358631251108312,2.137812568992672
109,9,RANDOM,6,25,2.31268913655262,-1.1661074312691937,13.843764490472854,1.124351786973643
109,9,RANDOM,6,26,-0.11121281653773529,1.6012889864742528,2.8539867662721607,2.5791533893384613
109,9,RANDOM,6,27,2.4926642440658404,0.5250389002536955,13.61537275649109,2.292014242136994
109,9,RANDOM,7,28,0.48516747373545854,-0.9918244104945837,13.720188509202085,1.033213627244074
109,9,RANDOM,7,29,-0.8278389213050203,0.49858605299473213,9.156241279402478,1.5849645363534062
109,9,RANDOM,7,30,2.2365533294870468,-1.1916548814773895,5.366295359175131,1.3903136408877108
109,9,RANDOM,8,31,-0.3751159875513297,0.01127103362786741,10.003747361631458,0.9830329790836756
109,9,RANDOM,8,32,2.306475563678891,-0.3183566471482002,4.884936670229514,1.9897426411352197
109,9,RANDOM,8,33,-0.3996945844626554,-0.7604956302048467,2.5154894231685025,0.5895121761672044
109,9,RANDOM,9,34,-0.7618694052925419,0.6559465443712962,4.438727849105411,1.8995678508703955
109,9,RANDOM,9,35,0.8950937179802902,-0.3045170529975445,7.164816432431027,2.11266192086868
109,9,RANDOM,9,36,0.3153211685238264,1.5135335903738185,10.622241088704957,2.950724347109317
109,9,RANDOM,10,37,0.9485144056989925,0.27444478530890604,11.879898295719254,2.6561977184908923
109,9,RANDOM,10,38,2.149254565890915,0.2253480627377018,1.6593209846357602,2.7565323424373513
109,9,RANDOM,10,39,-0.12837235653621237,1.139078518478506,1.7477087846972679,2.6238951441845293
109,9,RANDOM,11,40,0.510656011069937,-0.2540335451132347,11.162909231620667,1.6151037466203915
109,9,RANDOM,11,41,-0.7611524249012641,-0.1576116255003277,4.77414067795243,0.9175737816843134
109,9,RANDOM,11,42,-0.5660631161761657,1.4300923013343851,8.83999513154871,2.3411838065383765
109,9,RANDOM,12,43,2.583583185542582,1.5712878310779623,5.806360140651337,2.8083110540989598
109,9,RANDOM,12,44,0.6296349160754062,-0.05636242543541359,4.683801905917402,2.080383745563727
109,9,RANDOM,12,45,-0.24061096162457618,1.3353685818391492,10.739493969584704,2.4723750175997368
109,9,RANDOM,13,46,0.1782067439001518,-0.7848884599566723,9.696777475217381,0.884458819110004
109,9,RANDOM,13,47,1.7288307615883594,1.1881184240372984,12.56128801757919,4.1197991151628
109,9,RANDOM,13,48,2.0184367056998056,-1.0157430468701447,10.667333801755149,1.7968486534911392
109,9,RANDOM,14,49,2.281371934144419,0.8227120487513875,8.618116768508047,3.256313823183554
109,9,RANDOM,14,50,1.5760059145618324,0.19731962954159332,1.6612151114771867,3.086829180026389
109,9,RANDOM,14,51,1.5503789682496136,-0.6354975557723372,11.794435291702028,2.2683857050625056
109,9,RANDOM,15,52,-0.27890648835361553,0.6703106677397983,7.284637058718605,1.925087803884768
109,9,RANDOM,15,53,0.30251402348466905,-1.2725522673117706,11.775787470788147,0.45353874869017985
109,9,RANDOM,15,54,1.2533588043897161,0.41215543791404197,0.6931155498408181,2.4616649117797085
109,9,RANDOM,16,55,-0.05519616423621865,1.225293990153408,3.362123497853152,2.7931115575882393
109,9,RANDOM,16,56,1.5923667322568753,-0.8920490797855409,5.432324388917147,2.2273405263954817
109,9,RANDOM,16,57,-0.14406239593494818,1.4511960789078744,13.323334795500044,2.4772477060464126
109,9,RANDOM,17,58,1.0478417881235371,1.713530934234992,8.414147415129365,3.527709268510881
109,9,RANDOM,17,59,-0.970214990486237,0.34135763528717056,12.616278821163833,1.4236349667185082
109,9,RANDOM,17,60,1.5689424387589601,-0.690411303583238,6.914795682183234,2.3261483359783837
109,9,RANDOM,18,61,1.3953082425614771,-1.1154346672191058,1.3285560034152424,1.821325885624948
109,9,RANDOM,18,62,0.6847613743606789,-0.038324336218136024,8.50573114445508,2.0607792480143003
109,9,RANDOM,18,63,-0.7377960343623085,0.00030563406163675033,1.0257045098633972,0.6936048510554413
109,9,RANDOM,19,64,2.291597405632472,-0.2829426512683546,13.437337231412025,1.8747118447338809
109,9,RANDOM,19,65,-1.0198337382674032,0.21792879805702103,9.008828445237183,1.3712226623640509
109,9,RANDOM,19,66,-0.4520363900477694,-1.4408524149369648,2.6394421871938705,-0.3549719569989649
109,9,RANDOM,20,67,-0.5056389245157717,1.8131784191700628,10.249583971413568,1.6750715624859116
109,9,RANDOM,20,68,2.285573991117069,-0.7323399408825866,7.933929124250406,1.6798701376468628
109,9,RANDOM,20,69,-0.9179122810721864,-1.4870038409285953,6.150500555152797,-0.49898167011389094
109,9,RANDOM,21,70,1.8415694840200523,0.191871995404854,0.8816819362940597,2.532287690664929
109,9,RANDOM,21,71,1.3340510102326033,-0.14010326082374736,11.536026111032378,2.5382423747589495
109,9,RANDOM,21,72,-0.6274854809530722,0.9674061082753282,1.5727280490266513,2.201760297041566
109,9,RANDOM,22,73,2.5865749119635075,-0.5694480634763642,11.140903854526947,0.9713475047741433
109,9,RANDOM,22,74,1.333787424116827,0.9893144348189455,11.417746766689273,3.9092826203707025
109,9,RANDOM,22,75,1.1192254634157068,-0.14173533137502448,1.1595709591834105,2.282613583058043
109,9,RANDOM,23,76,0.08868938071293297,0.1309518804882579,8.626549038425168,1.5156009136131794
109,9,RANDOM,23,77,2.1805306908542645,-0.5415551887923584,6.802851390180849,2.01110835774039
109,9,RANDOM,23,78,0.8413903521759118,1.007777439677744,13.88885106181636,3.463096121006984
109,9,RANDOM,24,79,0.5378042508106649,-0.13398750641713608,1.3102180489261923,1.734502823580175
109,9,RANDOM,24,80,0.43471892925107136,0.9028532842879109,14.699601129882183,2.8467692432151996
109,9,RANDOM,24,81,2.547392000411457,-0.6799910637947111,5.540780964087594,1.1416341739716176
109,9,RANDOM,25,82,-0.00403278821218378,-1.4585776984718115,13.508197994800604,-0.3178446396117325
109,9,RANDOM,25,83,1.9659221699037213,1.2356131384480333,9.219470273278707,4.054373541185025
109,9,RANDOM,25,84,0.5047716061753775,1.9197979573265544,13.873402222857724,2.164680521081829
110,10,RANDOM,0,0,2.472578388883481,-0.7731136647229859,12.426844834232687,1.1518024544923837
110,10,RANDOM,0,1,-0.5421327060424903,0.29481615752797685,2.0396581407035788,1.4126231454877674
110,10,RANDOM,0,2,1.474929324942087,1.4461170350929762,6.383209452077245,4.228476437661166
110,10,RANDOM,0,3,2.4760324749052294,1.3886651723467942,5.0738914717611685,3.2818741747031615
110,10,RANDOM,0,4,1.0516171676686472,1.1365565264796693,12.406731951434907,3.8072214151740154
110,10,RANDOM,0,5,2.3882595655723597,-0.9925185677232045,11.183957585448018,1.1978351301816406
110,10,RANDOM,0,6,-0.579243841115948,1.672850646395244,3.392490390684237,2.201007377732238
110,10,RANDOM,0,7,2.0885569453972503,-0.4278874706375666,14.54748569272662,2.090129566645263
110,10,RANDOM,0,8,0.8351464562862418,-0.3713390443187854,4.2372203239530295,2.0885983346899577
110,10,RANDOM,0,9,1.1641174893781292,-0.33182440148231596,10.180052953848636,2.2920504057764193
110,10,RANDOM,1,10,-0.16000692237202263,0.2217849757545376,1.0870867154770163,1.1797732025676655
110,10,RANDOM,1,11,-1.0539673058191361,0.3916775358830702,13.500538585825623,1.5668457518749066
110,10,RANDOM,1,12,1.6921503573112187,-0.9669441646592495,3.228530371832696,2.2284172142201704
110,10,RANDOM,2,13,-0.7620630049908758,1.376139724911945,4.967429753768282,2.483091759091069
110,10,RANDOM,2,14,2.563020194173333,0.5399581464503975,8.423657901342745,2.1876807859478404
110,10,RANDOM,2,15,1.9275216408279015,1.7117514212915519,12.866463498671717,3.648127537033578
110,10,RANDOM,3,16,-0.21413742862372165,-0.2493226669348485,12.684729579278127,0.8145905628273535
110,10,RANDOM,3,17,1.6152828569725588,1.7661025700543211,8.268029572167137,3.6995505464043483
110,10,RANDOM,3,18,1.4375699142413807,-1.474359231348809,10.323463498787902,1.1655388379425051
110,10,RANDOM,4,19,1.2949709995876195,1.6432774078521826,12.2578438875126,3.8069047210024882
110,10,RANDOM,4,20,2.4188009827312538,-0.24301876802936095,4.564854710859499,1.8072189799588103
110,10,RANDOM,4,21,0.019759387423276653,0.22589916074827743,2.602600353059229,1.7148659499086516
110,10,RANDOM,5,22,0.7822979679887367,-0.07733740899838204,6.585687214091196,2.1857248661215847
110,10,RANDOM,5,23,1.2165954225361815,1.783218164781411,3.0376830138642235,3.643305775023992
110,10,RANDOM,5,24,-0.34300242562168526,1.298856403809448,11.043338892745545,2.403083255959578
110,10,RANDOM,6,25,0.9622998540052072,-0.7895591395757746,8.90069685860984,1.8316635112220658
110,10,RANDOM,6,26,-0.6660646782372748,1.3477288083891534,13.412643480988196,2.298933544861541
110,10,RANDOM,6,27,1.3768735217749897,0.7257021270445336,9.00277779719881,3.6508316135832124
110,10,RANDOM,7,28,-0.47466952772392124,-0.017701691492509886,1.1482653722527247,0.7840396575743045
110,10,RANDOM,7,29,-0.8288995264680775,-1.0877021784765963,7.013422639709462,0.17852047213999866
110,10,RANDOM,7,30,-0.7397546800293104,1.7926010190622201,2.0363510619128764,1.9045784489646898
110,10,RANDOM,8,31,1.5575615571400498,0.4484891403992515,2.7763371447646676,3.4945101540104853
110,10,RANDOM,8,32,2.5096263341421388,-0.10179627361549981,10.043768047724624,1.5515765518645717
110,10,RANDOM,8,33,-0.932879807003836,0.7337468153910809,8.692647135741831,1.9857927681847196
110,10,RANDOM,9,34,-0.5520652481490994,1.0747879906152717,3.593163993150981,2.4027314237474777
110,10,RANDOM,9,35,-0.22817793587422552,-0.3557787947301758,1.575606239787864,0.8398098063961074
110,10,RANDOM,9,36,-0.6105751410909284,1.4857421971379887,11.777642198029765,2.2559052589112434
110,10,RANDOM,10,37,1.5950101037786606,0.49141707911669563,9.221888940633665,3.384420223671511
110,10,RANDOM,10,38,1.1965839559305307,1.4395320965216305,14.789396730192632,3.943292231616452
110,10,RANDOM,10,39,1.8238804462035998,-0.9489591323487387,12.435032652452424,1.9880124326226145
110,10,RANDOM,11,40,-0.056216917278919754,1.8851691385941414,4.180276999890074,1.8580416884209572
110,10,RANDOM,11,41,-0.7502946373486323,-1.1159532454298418,12.63591281082633,0.013272462775768545
110,10,RANDOM,11,42,1.3723717399706046,1.6979140449915682,12.217545358878533,3.7414233764135796
110,10,RANDOM,12,43,2.607594864902911,-0.8316845231431871,10.49215721228779,0.7428823117212306
110,10,RANDOM,12,44,1.8586806763789419,1.270440276050953,4.0852796489256065,4.2831103181500945
110,10,RANDOM,12,45,0.5306605164560296,0.9680907193299362,13.150345784691217,3.0551866948894446
110,10,RANDOM,13,46,1.2731990785856389,-0.8913212468525673,12.584625563875099,1.966779281664944
110,10,RANDOM,13,47,1.6938019094190788,1.922820245394397,2.9296915107070927,3.3057626920885266
110,10,RANDOM,13,48,-0.4216055554801248,1.1985750584741512,3.8663280334303187,2.5119081724961188
110,10,RANDOM,14,49,-0.13962490375942205,-0.3755455299106387,2.5241149859030227,1.004164068730998
110,10,RANDOM,14,50,0.962314023341972,-0.4820518953226025,11.409910832333434,1.9867612202582645
110,10,RANDOM,14,51,0.9635564430380241,1.9843498643666528,2.9557944798433935,2.6493916408427616
110,10,RANDOM,15,52,1.883321858524063,1.0103919539768427,8.833791635566524,3.9700950647120514
110,10,RANDOM,15,53,-0.4616803355265279,1.530533997658865,13.96963805804935,2.2153797244471263
110,10,RANDOM,15,54,1.3299718616266683,-0.36077916353445305,12.007542346063483,2.3602678849684273
110,10,RANDOM,16,55,2.488894457634122,-0.4758345295587987,1.9160688151432965,1.475595995181188
110,10,RANDOM,16,56,-0.3072659517707562,-0.7124714241532408,0.16854028914732072,-0.7734460973244743
110,10,RANDOM,16,57,1.2626200225049975,0.3768631130409381,10.575099278941218,3.081448371972642
110,10,RANDOM,17,58,-0.4073381027058992,-0.39175650083736646,10.439148507203985,0.6291781834170653
110,10,RANDOM,17,59,2.5121891449169835,-0.9736657022938743,0.17054557284712238,-0.3414609676552138
110,10,RANDOM,17,60,2.575623250219613,1.9132595668041144,2.790872198954417,2.035219139701713
110,10,RANDOM,18,61,0.947111289034698,0.13111252785309535,12.317210998846964,2.4781901291952226
110,10,RANDOM,18,62,1.058642024690565,0.7360149811900443,5.61230610625084,3.5168529490292064
110,10,RANDOM,18,63,-0.8280564843166185,1.9928409923498518,12.716517882375053,0.9609202522028065
110,10,RANDOM,19,64,2.1307510040110578,1.6410100296940442,9.028802294342462,3.6266898416839863
110,10,RANDOM,19,65,1.215579394980911,-0.7638226905233949,4.053120881608776,2.210857076698905
110,10,RANDOM,19,66,-0.17787306231197242,-1.1800868013762333,9.082103978770904,0.14617882339380883
110,10,RANDOM,20,67,-0.3796174694445372,1.9421911073551112,10.523425902093916,1.2323584314118181
110,10,RANDOM,20,68,0.9769688699832533,1.245388899503701,6.19696676243904,3.9051147086383313
110,10,RANDOM,20,69,1.382270547485704,-1.0907055999296142,10.609448689527419,1.856885389639556
110,10,RANDOM,21,70,0.71097035610565,1.4195906199382744,1.3059292293455045,3.482602810879336
110,10,RANDOM,21,71,1.6714753188775315,-0.07439707972255505,12.359039953420222,2.66576512803569
110,10,RANDOM,21,72,-0.38306792019490765,0.3995905970491833,8.718434808753296,1.4640332839354757
110,10,RANDOM,22,73,-0.6598643889522615,1.0244208073736751,0.393639571577089,1.0210536326797148
110,10,RANDOM,22,74,2.604221946972059,1.065713186999926,14.321428750622822,2.6233127120334645
110,10,RANDOM,22,75,1.4566534798725854,-0.5174735430211124,6.239890874503834,2.4268185889568965
110,10,RANDOM,23,76,0.5248543102647483,-0.1630247349746199,4.247069763087557,1.8701673224105664
110,10,RANDOM,23,77,0.5600991902152765,0.5674215966787122,12.98029425589987,2.5792110341452985
110,10,RANDOM,23,78,0.5299771190281426,1.4771135252402119,4.605613962887244,3.3919203464795435
110,10,RANDOM,24,79,0.721524669190557,0.9914877566786937,13.833013939884768,3.3071748686942413
110,10,RANDOM,24,80,0.31687045183660323,-1.1313677363669588,2.011800837075977,0.8709765036452712
110,10,RANDOM,24,81,-0.02389847730151029,1.754004729011264,4.740844796716437,2.290945212071891
110,10,RANDOM,25,82,-0.49687914116241527,-0.8473951281897809,9.375230153315885,0.31981673362633567
110,10,RANDOM,25,83,0.6091825356827325,0.9512021952060032,13.441441830866175,3.1315702182370355
110,10,RANDOM,25,84,2.310028063880981,-0.27707288574548894,11.014066082188647,1.8724078849954975
111,11,RANDOM,0,0,-0.6195331522515011,0.2474725185404023,9.022873865992738,1.2048841752296109
111,11,RANDOM,0,1,-0.9927891757140433,-0.9822587039789042,13.923237133382582,0.3018528190554698
111,11,RANDOM,0,2,-0.8368383069117665,-1.045791177102457,14.224978470923334,0.11586877006362428
111,11,RANDOM,0,3,1.2239789862800827,-0.20852406694573156,7.671338937027137,2.4787718101682117
111,11,RANDOM,0,4,1.3770441135552787,-0.5364191448360474,2.070383124931463,2.4627103696265586
111,11,RANDOM,0,5,1.8449039646614174,0.846262044358693,7.686222319933924,3.8335801296151546
111,11,RANDOM,0,6,1.952144061218612,0.4217634410450921,14.713723675820285,3.0810872558472484
111,11,RANDOM,0,7,-0.3357481430096223,0.4380562700282973,7.254886829153893,1.5721262420198152
111,11,RANDOM,0,8,0.22018813336089438,0.5705835638216521,3.5302831737820406,2.377207065959067
111,11,RANDOM,0,9,1.8978314292801928,1.5356674314484513,1.9322663087465377,4.150840781678124
111,11,RANDOM,1,10,-0.05384995351495547,0.5408659232519084,10.366952390029219,1.8664464142136037
111,11,RANDOM,1,11,0.34732421427036675,1.437309283485928,5.763154399093988,3.1521190586339536
111,11,RANDOM,1,12,0.27266944267716653,-0.9261365350672346,14.942569437401346,0.8202732470076272
111,11,RANDOM,2,13,1.0202002233235827,-1.0185066666064344,14.607029943279274,1.6193110924633125
111,11,RANDOM,2,14,-0.46060143164234113,1.505765700932423,1.3344307420632282,2.2736337479699746
111,11,RANDOM,2,15,2.573715487193948,0.135415919736815,6.100854469220219,1.6924861394658284
111,11,RANDOM,3,16,1.0462862981764984,1.3398625204944246,5.584049418214264,4.004320472611481
111,11,RANDOM,3,17,2.2024274248177362,-0.7813001969354705,0.22160430043402818,0.49854828755701797
111,11,RANDOM,3,18,-0.5666464599758616,-0.1312451492847937,8.03605653314416,0.8278918341031962
111,11,RANDOM,4,19,0.7506571846238232,1.13132597121486,13.87843011312616,3.461823121567421
111,11,RANDOM,4,20,2.037997346495479,1.7250524723852485,6.9505348511351395,3.613987069332376
111,11,RANDOM,4,21,-0.4002408232615915,0.8163458300245026,4.500557883828436,2.136612582432994
111,11,RANDOM,5,22,2.0219382678813664,1.6776263131141689,1.2144121527523968,3.5887234343293275
111,11,RANDOM,5,23,2.166110894453407,-0.8313334172549374,3.287459493231724,1.9553423637436809
111,11,RANDOM,5,24,-0.23788023452768492,-0.48387172227752906,7.465960224356382,0.7233976537424921
111,11,RANDOM,6,25,-0.8782388612683968,-1.4922838435880241,13.571226697559615,-0.6735286433065102
111,11,RANDOM,6,26,0.8099342764697293,0.7418953342977237,4.445929243139089,3.3009483730645144
111,11,RANDOM,6,27,2.131115767992297,-1.182429319743,11.98668185495731,1.4338657653183162
111,11,RANDOM,7,28,1.1590646017136903,-0.6562581870860102,8.051069852367934,2.1201747936480793
111,11,RANDOM,7,29,-0.1727464669697294,0.2422541956387103,11.847149483309419,1.3466616223865597
111,11,RANDOM,7,30,-0.5328373039187546,1.1277971278083037,3.8727318621576123,2.437378060221155
111,11,RANDOM,8,31,2.3839079599172677,0.5177613427609091,12.785053655137048,2.5638887038914073
111,11,RANDOM,8,32,1.42742575831334,1.1019632484639779,7.340820022104599,4.129202060456566
111,11,RANDOM,8,33,-0.38969754606158846,-1.3767962266469809,9.390331800329534,-0.35198969701041327
111,11,RANDOM,9,34,2.534098706189759,1.991730543130394,7.883938061279383,1.6609294453404575
111,11,RANDOM,9,35,-0.5528213719578478,1.613495794148144,13.100368724922616,2.0940869028886397
111,11,RANDOM,9,36,2.542882597035587,-0.9976427070407545,6.24086493910748,0.888376759947788
111,11,RANDOM,10,37,1.8123601524426776,0.4749182964491463,10.117090735542332,3.3023568743256995
111,11,RANDOM,10,38,0.6344619643858742,-0.8035504181163415,10.64270028872901,1.414495587515823
111,11,RANDOM,10,39,0.6651409737364553,-0.6798709960202498,1.6945124997388152,1.6511995318290595
111,11,RANDOM,11,40,0.8817162056710248,0.4333057409936889,6.114376318043867,2.904952080594348
111,11,RANDOM,11,41,-0.8245708158313729,0.4516913922715995,2.7683489002209463,1.6901454177947808
111,11,RANDOM,11,42,2.125690087504278,-1.1706910392416288,14.12120716217529,1.4344986155326493
111,11,RANDOM,12,43,1.6001774687547452,-1.2579792362260487,13.893509259389605,1.6303880001520004
111,11,RANDOM,12,44,0.3281049966564846,0.71514038499304,0.7782188026900546,2.0001699975679434
111,11,RANDOM,12,45,2.4649761896341205,1.4501506334927563,2.8806519910810757,3.350383871415605
111,11,RANDOM,13,46,-0.005023597810963176,1.7116003424735884,5.233793686032683,2.3977336502051845
111,11,RANDOM,13,47,1.4503708800195518,1.108073663828646,13.253575056619493,4.045562266384972
111,11,RANDOM,13,48,2.387743506007156,-1.1186470410584404,0.7556522994426311,0.5063986129836434
111,11,RANDOM,14,49,2.1623823948140988,0.10237595543662703,12.021966648165533,2.467357793767955
111,11,RANDOM,14,50,0.4859745194190499,1.332036273085043,9.373336864805568,3.2676046116740896
111,11,RANDOM,14,51,2.249650561719834,1.6760521337964351,7.893392619458628,3.3919939277588234
111,11,RANDOM,15,52,0.6943052974127735,-1.3346990658580973,5.623513827293056,0.9458866708055993
111,11,RANDOM,15,53,-1.0308847357104152,0.005906146312417926,5.879407535851197,1.2231948594870223
111,11,RANDOM,15,54,1.4847912846556177,1.5450123028461897,2.3620130626234843,4.2489107646725275
111,11,RANDOM,16,55,2.4074074854858774,-0.8816050263846777,1.2738349455691746,1.219654793157359
111,11,RANDOM,16,56,2.2882523010526703,1.7939464732523995,12.5995738842827,2.9489945363997334
111,11,RANDOM,16,57,-0.1389924251265119,-1.0261442597397379,9.158604394798015,0.3682756942076746
111,11,RANDOM,17,58,-0.9116294664029111,1.7199572732174908,0.8186586446927763,1.5508820767148195
111,11,RANDOM,17,59,0.3779872923420782,0.983930316397402,13.86327064492592,2.873931993057999
111,11,RANDOM,17,60,2.058117545151954,-0.6275130539217291,8.221249921464288,2.092772866142156
111,11,RANDOM,18,61,1.1524574828100929,-1.1325124246101037,9.383793372552143,1.673317527969009
111,11,RANDOM,18,62,-0.1394565189235586,-0.19045034611076428,12.57387550242749,0.9215682778699277
111,11,RANDOM,18,63,2.4323030330189748,0.19157495290860727,4.294683757640961,2.207386825507522
111,11,RANDOM,19,64,1.9719236305268337,-0.13485355449999625,11.51557888241554,2.4707965001081624
111,11,RANDOM,19,65,-0.27177078832438584,-0.2710254542034529,12.480889039574087,0.7603508784319803
111,11,RANDOM,19,66,0.6057542823826989,0.7434611676901399,1.065866618263626,2.7202548737082863
111,11,RANDOM,20,67,2.274207111160339,1.3700468934832775,1.3208387023568704,3.601731906959123
111,11,RANDOM,20,68,-0.5810081754110725,1.8633701139469494,10.91062413051878,1.4835117867817496
111,11,RANDOM,20,69,1.3136095718331728,-0.6955947714960793,5.151198285255719,2.2833052226708688
111,11,RANDOM,21,70,-0.27770650052382284,-0.7578039623232211,8.731638482930713,0.4965578737050278
111,11,RANDOM,21,71,0.6290162030207591,1.1767228049000646,5.4914614391161445,3.497250572762436
111,11,RANDOM,21,72,-0.5854477018188419,1.72914884447153,11.83319423899533,1.8741947799389371
111,11,RANDOM,22,73,-1.017939789305506,-0.1538459759271349,11.698615705034172,0.9435753460179834
111,11,RANDOM,22,74,1.0612207802112814,-1.3880759418487072,13.419512365852091,1.0866348787761393
111,11,RANDOM,22,75,1.99858678286907,1.4659664144986069,3.9507390622891583,4.136516788061218
111,11,RANDOM,23,76,-1.0036746384461586,-0.2972869724868734,4.718816027554632,0.9712815765228261
111,11,RANDOM,23,77,2.317282126973281,-1.4406768485124661,1.3623885743865083,0.629332809993429
111,11,RANDOM,23,78,2.3700799054071107,1.360303418111085,1.0687225849631208,3.2345817786847357
111,11,RANDOM,24,79,0.9528832740590998,0.05061586831214493,4.152167017879238,2.579347755928241
111,11,RANDOM,24,80,2.49375458642936,1.0890217281061365,6.126257018479447,3.108436506601091
111,11,RANDOM,24,81,-0.5837628408449383,-0.9274098528575629,8.771722776567508,0.25153146919854663
111,11,RANDOM,25,82,-0.08590787288621882,-0.06810249636477805,8.58444424903637,1.1368046678067554
111,11,RANDOM,25,83,2.0308552294434294,-1.08681910988496,13.096383508946506,1.6730477628540306
111,11,RANDOM,25,84,1.6986136746844425,0.6681553670634091,12.742604722474011,3.5702009299091686
112,12,RANDOM,0,0,-0.16266900004873697,1.8136353000079861,2.84061644771188,2.0496068522249082
112,12,RANDOM,0,1,-0.42998799926753206,-0.27538765791414876,3.458888157601999,0.8816188997973555
112,12,RANDOM,0,2,1.4054557407418962,-1.0972221625679337,13.444744296196502,1.8233127847680466
112,12,RANDOM,0,3,2.1068336377065675,-1.4901053873468297,8.122450959620195,0.8907008857233618
112,12,RANDOM,0,4,-0.7006967889732838,-0.5971576443365341,6.254023713455908,0.5494303199234877
112,12,RANDOM,0,5,0.5951634473656942,0.13851306830365218,13.912822996384023,2.0583407798906546
112,12,RANDOM,0,6,-0.1329724388294239,-0.8423842622541172,10.057986600343447,0.5211647079310249
112,12,RANDOM,0,7,2.4375140944263407,1.72983806405313,13.203869748852181,2.7840997575435598
112,12,RANDOM,0,8,-0.8595027643334516,1.778436437251968,9.738956295448075,1.8437758310573602
112,12,RANDOM,0,9,2.157004194728032,-0.07165536180405496,3.2916296276905648,2.505086172880276
112,12,RANDOM,1,10,-0.9018515050593549,1.7371335080543697,2.944857680374207,2.1617960681640476
112,12,RANDOM,1,11,1.5107059426544183,1.3141033450583537,4.543131684214083,4.329959454526468
112,12,RANDOM,1,12,0.30049203440602956,-0.47795819354892277,8.025151628903481,1.256103024893997
112,12,RANDOM,2,13,0.49903507594501284,-0.9442441865684943,8.292218504297951,1.1755316037092558
112,12,RANDOM,2,14,0.7428462924893022,1.8640025107285094,2.8504754900940865,2.909413030682058
112,12,RANDOM,2,15,1.6112963791318804,-0.19897580702260043,13.07456866053879,2.5526821641481394
112,12,RANDOM,3,16,1.7778382020829584,0.08820902082184334,7.045755439936233,2.8965076399766847
112,12,RANDOM,3,17,-0.30171181230584443,-0.7655682722073405,13.616689621764754,0.4059544540498261
112,12,RANDOM,3,18,0.582091145750836,1.189618131147741,2.401584868103119,3.5225293980580075
112,12,RANDOM,4,19,-0.6740326251157165,-0.8879785538255488,6.1623762071830095,0.3492906097635371
112,12,RANDOM,4,20,2.3485687000539093,-1.2694706435886065,9.456917050964476,0.9435993384118693
112,12,RANDOM,4,21,-0.8857587008020915,1.4003898635044263,9.318043460664564,2.4282892104059064
112,12,RANDOM,5,22,2.561410960758853,1.5051789168789584,11.128257092972783,2.836680463171302
112,12,RANDOM,5,23,1.284980257653971,1.8464377773400882,1.9210640153255791,3.453283284333165
112,12,RANDOM,5,24,-1.0955061697046062,1.5837204184787348,13.03151695104836,2.4256471625658005
112,12,RANDOM,6,25,-1.0785016010871649,-0.9828750980716952,9.848904301044291,0.44950550644810305
112,12,RANDOM,6,26,1.5223982658729667,1.8010176455761022,0.2081303206940098,2.298134782247422
112,12,RANDOM,6,27,1.796583415024819,1.3689314035035518,12.25888436325554,4.1323045638351985
112,12,RANDOM,7,28,1.385958861714026,0.8028800441752124,13.884756161846385,3.6888973190027174
112,12,RANDOM,7,29,1.1372809291177375,-1.1673004993432632,12.611055544198537,1.5660944074385312
112,12,RANDOM,7,30,-0.21171208484261117,0.4479802666695274,8.747873292792715,1.633479682248967
112,12,RANDOM,8,31,2.305823378360793,0.15912540784899432,7.207039839989985,2.3645841857435186
112,12,RANDOM,8,32,-0.3267895683308495,-1.4820523027315327,4.589629000297772,-0.4579381882753897
112,12,RANDOM,8,33,-0.7870335631313243,0.6071738405746396,6.4447020041203835,1.7779505264022006
112,12,RANDOM,9,34,-0.2342452467393742,-0.009724111268398783,3.159138035017616,1.227041870693408
112,12,RANDOM,9,35,-0.2316643695815339,0.35958200105752636,10.51652277515198,1.4701097092105475
112,12,RANDOM,9,36,-0.6522632614423204,-1.4492144518298287,11.284659516317591,-0.6093162494472697
112,12,RANDOM,10,37,-0.06828187482264281,1.692944443545664,7.5503253614596035,2.3135728783183716
112,12,RANDOM,10,38,1.5075132107930815,-0.6739170105163823,11.022249563393048,2.246676532846569
112,12,RANDOM,10,39,1.0744094821024333,0.39057648580273296,5.4880868501535645,3.0629453954499057
112,12,RANDOM,11,40,2.578284504448272,1.3630175473455801,12.596890460522689,2.8407904893608547
112,12,RANDOM,11,41,0.3180021747366635,1.5035893772349058,8.900832205350797,2.9924452219880173
112,12,RANDOM,11,42,1.0782943397937776,1.341098665295009,0.9609883618051687,3.632853133224544
112,12,RANDOM,12,43,2.1793491302239008,0.23901150035540342,11.641866766137513,2.605289607469409
112,12,RANDOM,12,44,-1.0657358920883315,-0.6419591398621405,2.029928991285866,0.8446222351943425
112,12,RANDOM,12,45,0.10180822965885072,0.3462901373135394,6.527023527027035,1.842267035468663
112,12,RANDOM,13,46,0.7385997782432261,-0.9343684706332411,5.988479190755615,1.5370053384773708
112,12,RANDOM,13,47,-1.0660353830162792,0.6176952444141168,3.6774700459661243,2.1029904657214997
112,12,RANDOM,13,48,0.4937451946349374,0.042642300628211505,0.45614821124293947,0.7979894369325238
112,12,RANDOM,14,49,1.3906148555450684,-0.6204661333098525,14.036212136718307,2.203172887081293
112,12,RANDOM,14,50,0.9791632174201452,0.6300226378195539,9.615113024398763,3.200121393830178
112,12,RANDOM,14,51,0.12500938174404608,-0.4490601029119601,1.9306965414789525,1.179771847912283
112,12,RANDOM,15,52,1.4937274518590145,-0.1052093001063179,6.653764017885982,2.728221378832905
112,12,RANDOM,15,53,1.2987782798226082,1.1625606180041181,1.7645515808267351,4.173243270681435
112,12,RANDOM,15,54,-0.08692799799447681,-1.2509420724339742,7.121792843030843,0.1537551277081124
112,12,RANDOM,16,55,1.384119353527867,1.0437555985321594,9.673107840960533,4.014284511005058
112,12,RANDOM,16,56,-0.8858121489963403,0.726182652238951,10.232176601219956,1.9137159361727143
112,12,RANDOM,16,57,-0.24442386710055486,0.2707189274156585,2.1814739001391366,1.5261674009974953
112,12,RANDOM,17,58,-1.0391237605353805,0.9967450270493545,5.3837432295105145,2.488590266792788
112,12,RANDOM,17,59,0.40513011591670245,-1.2269017571381462,5.3045127241041845,0.7939487539647129
112,12,RANDOM,17,60,0.7033529417374482,1.2921010583391408,6.765301156807425,3.5913177672522814
112,12,RANDOM,18,61,0.4688036876895405,-1.0292637010450134,7.943238450011058,1.062289187665387
112,12,RANDOM,18,62,-0.6436458754356711,1.2999028812013824,4.745952147008655,2.471712582685795
112,12,RANDOM,18,63,0.1915681610288884,0.4240148357603406,0.3322558219192131,0.7496900002844262
112,12,RANDOM,19,64,0.5781900320339399,1.402981967464728,12.934256460050046,3.318322405734645
112,12,RANDOM,19,65,0.18861613863201865,-1.1025088254466684,2.1301314121517234,0.7662177306253648
112,12,RANDOM,19,66,2.0631952024754354,-0.4861819822894955,10.576167520915874,2.131934483174331
112,12,RANDOM,20,67,0.2111053360936579,-1.4295284148319198,14.52441852979885,-0.01923415357502023
112,12,RANDOM,20,68,-1.0018193060029665,-0.1691608216000815,2.9100253460806127,1.1235882044430632
112,12,RANDOM,20,69,-0.7913715433593816,1.706945817706711,5.548950995400923,2.090197802808475
112,12,RANDOM,21,70,2.2129127516461375,-0.12484836454993786,12.722172155762017,2.1533883293762726
112,12,RANDOM,21,71,-0.7440315567849525,-0.3637176988087021,4.712717458525584,0.757619884622974
112,12,RANDOM,21,72,0.2090106938623384,1.9041374882995208,6.794853409066288,1.9841022627486709
112,12,RANDOM,22,73,1.5463990503611962,0.041310635302924004,10.71377074532291,2.7993411347782984
112,12,RANDOM,22,74,1.6597456390825482,-1.4179437775561645,1.6824596386668973,1.4521723711954737
112,12,RANDOM,22,75,1.694171457175071,0.9623525646962992,0.2231147406254243,2.7205907017486424
112,12,RANDOM,23,76,0.16566661430655416,-1.327779597402487,2.712847951528296,0.3992191905280087
112,12,RANDOM,23,77,1.70880576786341,0.9659763577771576,7.822968169289421,4.021188861380702
112,12,RANDOM,23,78,-1.0421901439447747,-0.3198960131875026,12.578615508656046,0.8298553217044002
112,12,RANDOM,24,79,-0.7751225059506164,0.43863407812569255,8.376770751254348,1.494927109137313
112,12,RANDOM,24,80,-0.9710458303629537,1.2713541801776147,1.2005913430752326,2.3964883466978844
112,12,RANDOM,24,81,0.9255352756662014,0.4780967178822424,11.11202561810368,2.9108674953558165
112,12,RANDOM,25,82,-0.951500872577688,0.35855896348063965,1.2863332531721203,1.4232524740315782
112,12,RANDOM,25,83,0.5519825913802416,-1.1480750149448897,1.608934355838378,1.0688049261287484
112,12,RANDOM,25,84,1.8117398281101034,-0.3570486399846371,7.455427645618417,2.4825427144143344
113,13,RANDOM,0,0,2.131748582680984,1.4935588022622066,12.165539958366347,3.7676746364093363
113,13,RANDOM,0,1,-0.12297494738662706,-1.2298018979855252,14.197040240910503,0.04523611932395344
113,13,RANDOM,0,2,1.1937395494430194,-1.490792362307951,13.656197263809501,0.9357980483608388
113,13,RANDOM,0,3,2.5802105869627447,-0.4979618854184036,12.205103184461654,1.021203158399827
113,13,RANDOM,0,4,-0.7920415137155512,0.03398016556197492,12.265738917397368,0.9485623160742864
113,13,RANDOM,0,5,0.4274364642616839,0.3121239751544198,1.7564812122425197,2.2293173362159475
113,13,RANDOM,0,6,1.941942362437668,0.24253592916379274,3.7249396441051923,3.0808701768556968
113,13,RANDOM,0,7,1.8024761649752454,1.927299012163469,8.075610167910273,3.1052942392047873
113,13,RANDOM,0,8,1.6547303819338683,1.9746624109692692,0.45288231813348423,1.8106312826020137
113,13,RANDOM,0,9,1.1383794868946242,1.885533472270553,1.7609312710759095,3.176776273195227
113,13,RANDOM,1,10,1.113147834245983,0.26795258851630677,5.7490806074906065,2.931073685744267
113,13,RANDOM,1,11,-0.6541423050166525,-1.2876968862961968,8.026399943119934,-0.19661660697793004
113,13,RANDOM,1,12,-0.5565592698313127,0.8644221137013215,2.7327430023516763,2.198894905015659
113,13,RANDOM,2,13,2.4351698920406935,0.9753309320736916,1.0716020655105178,2.8780335552977547
113,13,RANDOM,2,14,-0.04633395234077797,0.8958806950407294,8.518228204649791,2.376845720363554
113,13,RANDOM,2,15,2.2911174854127365,-0.9742767813924463,2.4311536436291474,1.6230497779605484
113,13,RANDOM,3,16,0.8648841727015959,1.6616431080336107,5.537577507590343,3.5217288799025734
113,13,RANDOM,3,17,-0.2358331709893806,-0.21061537045345657,8.612045453214742,0.8914675799593555
113,13,RANDOM,3,18,2.33530375304579,0.8736255009068254,10.457958651588742,3.178073287054197
113,13,RANDOM,4,19,0.8914753236372717,-0.569307038720716,9.829633907217406,1.8809175119213022
113,13,RANDOM,4,20,0.13873428654223252,1.5668237492053123,5.211302188595136,2.807780203878997
113,13,RANDOM,4,21,2.0165736204852114,-1.2604690746929097,14.90156102941558,1.417970658762766
113,13,RANDOM,5,22,-0.1688000194574102,-0.24074974892903178,0.8649623627255307,0.48003327468872925
113,13,RANDOM,5,23,-0.8677098068473482,-0.8179329939011493,8.968910468406204,0.4083075064665538
113,13,RANDOM,5,24,1.3703528233449132,0.6203289370531988,11.2522085292583,3.467229349855714
113,13,RANDOM,6,25,-0.9188078088661057,-0.816456245101866,0.04494073307851483,-0.8323940126235853
113,13,RANDOM,6,26,-0.45948022966672064,1.7616024036974203,11.650809280265763,1.8187111104048526
113,13,RANDOM,6,27,-0.8056928643329784,-1.2191651605146516,12.01101420966759,-0.10515295978249539
113,13,RANDOM,7,28,-0.7677525896201514,1.1906460183222727,4.8160245139003965,2.4608283326136373
113,13,RANDOM,7,29,0.3263504137205484,1.8735982400179587,14.573116136200268,2.117953368558919
113,13,RANDOM,7,30,0.9940194183875852,0.5936623324163244,6.171797804058103,3.242471654682998
113,13,RANDOM,8,31,1.4564675276486736,1.399172395098704,2.335152705037774,4.345024849518721
113,13,RANDOM,8,32,-0.7825889739059961,-1.1842535911629677,7.9737479193942145,0.006066632313317166
113,13,RANDOM,8,33,-0.15377779018403925,1.0759763396379785,7.9603014360702256,2.476725697980986
113,13,RANDOM,9,34,0.6757069389561081,0.5889780971301466,1.0220872082220487,2.555105224804601
113,13,RANDOM,9,35,2.2401956236316862,1.5287701241441698,9.70134692156776,3.597687593146735
113,13,RANDOM,9,36,1.3173497533615564,-0.9611808474039911,7.687581340717245,2.0142150980153053
113,13,RANDOM,10,37,1.8171099427137878,0.5351946128426865,14.610285301056374,3.327465311165824
113,13,RANDOM,10,38,-0.1998405543124272,-1.2305806950958769,9.367434945816033,0.045838294632145615
113,13,RANDOM,10,39,1.006383551272568,-1.3476518605392573,2.2517022950245673,1.342859381986855
113,13,RANDOM,11,40,-0.21708815516704305,-1.3750505208275494,11.6220975516421,-0.2785489198346549
113,13,RANDOM,11,41,1.038192323854965,-1.0100720238911824,1.6643730317557328,1.8020415823235414
113,13,RANDOM,11,42,1.61825746497369,1.113551441998653,1.3097855669745653,4.092977959589735
113,13,RANDOM,12,43,-0.3645186749912721,0.29991183559504053,8.09297138624164,1.3557462309769337
113,13,RANDOM,12,44,-0.20035321074678625,1.7249172809594984,1.3626535382097904,2.076756555111258
113,13,RANDOM,12,45,-0.005690964080096617,-1.2754837839571818,4.758586128270051,0.2585399550625582
113,13,RANDOM,13,46,1.695231264575952,1.3192337122470068,2.9263113823658204,4.383698693667439
113,13,RANDOM,13,47,1.6752013058692619,1.462802735205761,12.38252230446817,4.124666661147948
113,13,RANDOM,13,48,-0.41841549587525073,1.5809410971499949,5.849290951867246,2.3149707259829473
113,13,RANDOM,14,49,2.6036134777831004,1.8470059963167231,9.165643875269462,2.026572874317099
113,13,RANDOM,14,50,-0.7643531914060334,0.946803353580282,12.906443910839785,2.089915877621805
113,13,RANDOM,14,51,2.5360749412651242,-1.2476563463117465,12.105619434999808,0.46846627542490604
113,13,RANDOM,15,52,-0.8172305039116416,0.4393333974921676,13.175808984272123,1.4413130994897227
113,13,RANDOM,15,53,-0.5297010477653649,-0.41170424324496446,6.559766576078652,0.6580750059072795
113,13,RANDOM,15,54,0.5070045731551307,-1.4200890829551034,14.779235391278533,0.3634944097396855
113,13,RANDOM,16,55,0.6290828606658236,0.37217567064100754,6.292410986719409,2.5201266768018815
113,13,RANDOM,16,56,2.5728883529128934,-0.9646033615665472,9.618407632569584,0.7550066537948502
113,13,RANDOM,16,57,2.4384489303947494,0.7729898933477668,1.9854662507147935,2.973531076758598
113,13,RANDOM,17,58,0.7120434914188989,1.4988230108063023,11.635629459434595,3.44041193958135
113,13,RANDOM,17,59,2.3403617997016526,0.6018822859621236,5.196425221877379,2.929452669635052
113,13,RANDOM,17,60,0.08352477162030869,0.04361068916705135,6.6026235802094355,1.4622938637285143
113,13,RANDOM,18,61,0.15332756983523121,-0.9926759114009909,13.570968001572284,0.6330280447841501
113,13,RANDOM,18,62,0.4815834266558354,0.697428934541565,6.222639918565579,2.783311050995532
113,13,RANDOM,18,63,-1.0975305134657816,-0.20485343364557163,1.9170018773092843,1.1653317247415504
113,13,RANDOM,19,64,0.5522670330598896,1.5739030823171256,0.8386544199672966,2.7377538876371554
113,13,RANDOM,19,65,0.8782784410697133,-1.2012905299718377,12.80616143153922,1.2580884129100165
113,13,RANDOM,19,66,-0.7565312120251927,-0.9198449183653832,8.4938941192416,0.28463167076612383
113,13,RANDOM,20,67,0.7562065947965775,-0.5129507027749476,2.1316744325189094,1.9255762611304044
113,13,RANDOM,20,68,-0.23361970875796567,0.9577155847590415,5.783211143471833,2.3584560619981145
113,13,RANDOM,20,69,0.33796429745960643,1.094309938796469,14.741482811370627,2.91700601760627
113,13,RANDOM,21,70,2.379930100272787,-0.8036467988713671,3.90771615224037,1.5509442040921644
113,13,RANDOM,21,71,-0.8603506574375313,-1.4878086271505597,13.58119194028057,-0.6722019174003104
113,13,RANDOM,21,72,-0.36194877172977935,1.2825545495880784,10.694917769374937,2.3959720516133465
113,13,RANDOM,22,73,-0.8403748267478695,-0.6628753446987807,11.505463694280415,0.4556718809544982
113,13,RANDOM,22,74,1.28233433143546,0.5991924061196996,8.364152859104262,3.437213662181251
113,13,RANDOM,22,75,-0.8555024803894801,0.6740626208492468,3.0447412434616217,2.0102823803725407
113,13,RANDOM,23,76,-0.8469542869414608,-0.05474021943020313,1.8827528061142889,1.0604186234389157
113,13,RANDOM,23,77,1.6403649826006852,0.45211536253833584,8.815907011666331,3.3383789747770987
113,13,RANDOM,23,78,-0.047061089991913274,-0.6803152427318804,10.033533159657933,0.7100043358468513
113,13,RANDOM,24,79,-0.18515861752096485,1.9729032174373775,11.404016385856227,1.2035020220217911
113,13,RANDOM,24,80,1.1035755497425948,0.3980813806565191,12.0648728537457,2.964801419572745
113,13,RANDOM,24,81,-0.22542059730428388,-0.4828316253034435,6.1364281156987825,0.7679508161169041
113,13,RANDOM,25,82,2.456517633977258,0.6377575622500951,9.53041137847213,2.5991358601142567
113,13,RANDOM,25,83,0.007493667573633012,1.0058020760865944,7.441394933698426,2.5728814231111015
113,13,RANDOM,25,84,-0.2238153477479381,-0.9176273739076009,14.742580275668924,0.33133529198660006
114,14,RANDOM,0,0,2.0053846626886096,-0.23668666608010192,10.541386844425242,2.3688078663683063
114,14,RANDOM,0,1,2.1142639057207453,0.7446111827585762,8.225899768990896,3.4359509332077574
114,14,RANDOM,0,2,1.748765259999069,1.0071003392401416,7.0080641399088694,4.0724889982510835
114,14,RANDOM,0,3,1.0392790519885517,1.112128260319591,0.9543952231688143,3.505529213419063
114,14,RANDOM,0,4,1.317375771603062,1.0762000001351049,5.981983918073993,4.091506261911437
114,14,RANDOM,0,5,0.7953411158137753,-0.699477802827316,9.753262518526983,1.6922739348051359
114,14,RANDOM,0,6,2.529689295317916,-0.45450420346361553,6.942999008477219,1.2932927319567322
114,14,RANDOM,0,7,2.231961144388981,0.4299030705412634,6.322549636949335,2.8689414023263904
114,14,RANDOM,0,8,1.3974025170573365,-1.3921291900890354,2.307792471870808,1.5388238891684112
114,14,RANDOM,0,9,2.156135487318751,-0.9461605456555318,0.4429731154750614,0.5995696155814277
114,14,RANDOM,1,10,0.9417352667417886,-0.5052575010025278,12.828284174377728,1.9329330228934813
114,14,RANDOM,1,11,1.9959647310982436,-0.3456494974833484,7.830427626248077,2.348459605014342
114,14,RANDOM,1,12,0.780171801346264,0.06768572166800713,3.292464880223926,2.4322845155327024
114,14,RANDOM,2,13,-0.810675025812886,1.3949588932882846,13.935397377693823,2.3248811535058644
114,14,RANDOM,2,14,1.9088001326986976,0.9064951539450279,10.91501894084254,3.8056631714627827
114,14,RANDOM,2,15,2.6060346406109436,-0.38378813438693493,14.970987587758737,0.9847462895291956
114,14,RANDOM,3,16,-0.9926002546393679,-0.23997625022106872,13.557871859527431,0.8260196971351199
114,14,RANDOM,3,17,-0.07440405511487724,0.6628161771164498,14.609153988134326,1.9642147644725292
114,14,RANDOM,3,18,1.7600698398538341,1.0887231120619911,11.26372365804396,4.061504592860296
114,14,RANDOM,4,19,1.8877309695258573,0.1303693649938631,8.396169110507351,2.8543899063592164
114,14,RANDOM,4,20,0.10577272184262232,-1.278109415145562,10.76398872095665,0.2295301393526552
114,14,RANDOM,4,21,-1.0489066498027106,1.2634555438583797,0.3958941560588131,1.406698032404086
114,14,RANDOM,5,22,1.5445371883859704,0.0451746655507419,4.910658364931993,2.9380624709203236
114,14,RANDOM,5,23,0.1185498522882773,0.39368022782687717,11.250427586797482,1.830223079326431
114,14,RANDOM,5,24,0.5700843862626184,-1.4664258318194334,14.86280032265066,0.32265692888412767
114,14,RANDOM,6,25,2.4694956111239974,0.46946938711316255,1.159464913983774,2.20233724367495
114,14,RANDOM,6,26,2.367245276833682,0.41010396971190755,14.273596473931162,2.4391189641519038
114,14,RANDOM,6,27,-0.979453473370655,1.380283826310154,14.33242360886579,2.44300615260961
114,14,RANDOM,7,28,1.3317539255440138,-0.35266028934886795,13.081847270417155,2.354071767894222
114,14,RANDOM,7,29,2.485604103357162,-0.4651097255276695,3.293047679580891,1.523277635705854
114,14,RANDOM,7,30,1.626075157171866,0.6685238724725324,5.461420514216013,3.721597615216541
114,14,RANDOM,8,31,1.511969995474225,0.9106573280744565,4.669786652957326,4.047214163211672
114,14,RANDOM,8,32,1.8508883152791031,-0.8546579487200221,13.388250596901857,2.0412045581304414
114,14,RANDOM,8,33,2.4401353466944324,-1.2357781990141046,5.57869211992308,0.8798249651951211
114,14,RANDOM,9,34,-0.06544248600310842,0.49765932623628695,9.84015120599048,1.8045251122230823
114,14,RANDOM,9,35,-0.2774718397478364,1.533329506534249,3.7517891352851747,2.517622709237143
114,14,RANDOM,9,36,-0.8021820669206945,1.531822677535673,13.949334284903749,2.2281580798717435
114,14,RANDOM,10,37,-0.6821264533389786,0.6622847544900674,13.096960251491556,1.7068433582022076
114,14,RANDOM,10,38,-0.5663881225696249,0.25753536199688787,5.404021592814594,1.3106023536133617
114,14,RANDOM,10,39,-1.0368294802418345,-1.1110729150888357,2.5276327049397027,0.4405890771986032
114,14,RANDOM,11,40,-0.8398205118265515,1.8287800412918616,3.7495200220356857,1.8375446742066788
114,14,RANDOM,11,41,2.0958285219748007,1.0546870509399042,10.883603785793268,3.7702274647667453
114,14,RANDOM,11,42,0.053004230610129044,-0.8717016765921504,14.52698667522318,0.6205088923893127
114,14,RANDOM,12,43,1.5161427977095627,-1.0437824579093775,14.121965732962408,1.9142080363334846
114,14,RANDOM,12,44,-0.9313417191285075,1.18234149589017,12.068463689246512,2.393602917022571
114,14,RANDOM,12,45,0.841848409466055,0.19925490801664347,6.9240601322986075,2.5384561368865843
114,14,RANDOM,13,46,2.117352071710045,0.255233786444073,8.477254521960356,2.7682960817536797
114,14,RANDOM,13,47,2.101348897347217,-0.879943536242966,2.640580299336321,2.0179914544162414
114,14,RANDOM,13,48,-0.36399986488318625,1.1607635432615098,6.638021110368883,2.4288789012872094
114,14,RANDOM,14,49,-0.1650971310558037,1.1501238984243543,3.5953121489566535,2.6515960916915353
114,14,RANDOM,14,50,1.1833458355693014,-0.49687818403490525,11.796164511541631,2.175170860330499
114,14,RANDOM,14,51,0.14539713564265022,-1.306468017596659,5.762632881328316,0.3287265875881029
114,14,RANDOM,15,52,0.020855066113688814,-1.467439600858552,13.505605309490042,-0.3163702834027766
114,14,RANDOM,15,53,-0.2255843645609935,1.357747922139834,10.793241308891137,2.4801554893466085
114,14,RANDOM,15,54,0.4180325343257649,-0.4961960261564511,1.2347001876643717,1.2790090531592426
114,14,RANDOM,16,55,-0.30623978096005156,-1.1319294429662141,9.826042614007012,0.11033038209584545
114,14,RANDOM,16,56,2.4016988454959467,-0.03462291283704122,7.690210516391002,1.9377385282988029
114,14,RANDOM,16,57,0.7329488552099825,1.73987305800622,1.6319852030830821,3.1828617304627755
114,14,RANDOM,17,58,1.7543273424185242,-0.2381328800546867,14.533961135152026,2.485033792221264
114,14,RANDOM,17,59,0.0005231931578779658,-1.185824319265842,7.312906440306911,0.3361357787017226
114,14,RANDOM,17,60,2.1081463917465246,0.6934413691495576,5.740571678357093,3.4391285792646675
114,14,RANDOM,18,61,-0.44936450650654014,0.30008524365208933,1.7762138684205795,1.4067916532977929
114,14,RANDOM,18,62,-0.7098614956313454,-0.5708379810966264,14.016466938196183,0.4341444254091742
114,14,RANDOM,18,63,1.4780560761274333,1.0355232686412932,14.766575378366035,3.97826037010499
114,14,RANDOM,19,64,-0.48274139142533967,0.00767657099945418,14.13284272253425,0.8850936983916409
114,14,RANDOM,19,65,1.7804038973200238,0.2565264990321823,10.752696369009195,3.0196578756858066
114,14,RANDOM,19,66,1.884557308454819,-1.0961493165501965,4.965903014356199,1.9538724483235435
114,14,RANDOM,20,67,0.8718461160608721,1.901303635987908,7.333871816322667,2.784981910426736
114,14,RANDOM,20,68,1.0416076866702482,-0.6376039814882082,13.357618670184316,1.9458924403011877
114,14,RANDOM,20,69,1.332674209297231,-1.1754312778799108,5.944070787748006,1.8195599332990477
114,14,RANDOM,21,70,-0.8723132014932916,-0.5274273749145537,9.801191774371341,0.5839552642572797
114,14,RANDOM,21,71,1.0590885545353284,-0.9127871604927502,13.146049602829207,1.770676596590788
114,14,RANDOM,21,72,0.963376366909297,-1.466935369085535,3.355504905780547,1.015184562319555
114,14,RANDOM,22,73,0.3523588074438626,-0.4210837670872307,3.8786004120059494,1.4778896698164348
114,14,RANDOM,22,74,1.8347449445748714,1.2689114260462562,12.65235803223962,4.107088372155264
114,14,RANDOM,22,75,2.411120342771464,-0.9784336447200677,4.470418743094579,1.3145383507386434
114,14,RANDOM,23,76,0.3348196069662057,1.6874689523475173,7.013918371113706,2.782582320291379
114,14,RANDOM,23,77,1.5502297498707356,1.3150971704204868,12.211179963441726,4.169484440200671
114,14,RANDOM,23,78,-0.2657574591583517,-1.0653789316209399,10.08313621209759,0.21344502399217635
114,14,RANDOM,24,79,2.244007625288882,1.9452323983418784,8.832011831088776,2.532566886670187
114,14,RANDOM,24,80,0.6940921186329454,0.195707299737242,11.425872310943223,2.2756220647989913
114,14,RANDOM,24,81,2.6125725555415347,-0.6839656535938193,2.4245480535209687,1.0174200932144921
114,14,RANDOM,25,82,-0.8973992842426239,-1.3675202020835544,10.253442120837754,-0.3057908378511216
114,14,RANDOM,25,83,0.9063527469060677,0.41490204965677524,9.311607604211554,2.8332419305197565
114,14,RANDOM,25,84,2.515032557523639,-0.2841919393634851,3.7348341501303994,1.5525009391269935
115,15,RANDOM,0,0,1.4887819660857744,1.3553598896762011,5.166756960135058,4.301455439918212
115,15,RANDOM,0,1,-0.9324397374449049,0.5005903996180585,2.194535155427239,1.8133822729887699
115,15,RANDOM,0,2,1.5860486353836358,-0.2912522357345608,6.855688124457461,2.5874471903925
115,15,RANDOM,0,3,2.547079885177085,1.2351310972021072,12.657006888914376,2.9208699326498766
115,15,RANDOM,0,4,0.9744624532877526,1.7956747690506258,0.27586896480727185,1.9588298183015238
115,15,RANDOM,0,5,2.2228802563178856,-0.1358453082753024,3.4768701781293267,2.3365926980307057
115,15,RANDOM,0,6,0.8970312272458099,1.806415975284648,4.965643663750206,3.2156144361433094
115,15,RANDOM,0,7,2.295517353728442,0.13566064376779963,14.509349184066178,2.2454316961533296
115,15,RANDOM,0,8,1.755916236962754,1.2417384668235592,5.423550716478223,4.277022494795997
115,15,RANDOM,0,9,1.0965637194278455,-0.6300779417761381,12.002279611544562,2.0173338358465847
115,15,RANDOM,1,10,1.6260432618852745,0.9138046531898762,4.12426558887193,4.081900877100965
115,15,RANDOM,1,11,-1.0449975100575177,-0.489588379750169,3.925024525802149,0.914055365465483
115,15,RANDOM,1,12,-0.6389892029121071,1.1202845733731306,9.520858901154389,2.27320323738946
115,15,RANDOM,2,13,0.4071628623570167,1.6193895356557912,1.3879780786574487,2.9453140405448073
115,15,RANDOM,2,14,0.9928168710882384,-0.8605850865477567,6.2068617329044935,1.8740166399079528
115,15,RANDOM,2,15,1.1913455163797533,0.026518831951994892,1.1876666349662992,2.5200650980452988
115,15,RANDOM,3,16,2.432055903885723,1.3331381927357437,4.977611205050212,3.406974093848654
115,15,RANDOM,3,17,1.9201544231951932,-1.3170076808976343,14.104928992378216,1.4082904618591354
115,15,RANDOM,3,18,-0.6537105208266057,0.9207754807370065,5.880572241903899,2.169640344789136
115,15,RANDOM,4,19,-0.2866211376503387,-1.4953161172072094,12.148881435550125,-0.6367143742922405
115,15,RANDOM,4,20,2.5265565003248867,-1.1610158596354063,14.303674094951026,0.6053600740317928
115,15,RANDOM,4,21,1.8578282234761172,1.5686922140596788,9.203685301521599,4.004085933773422
115,15,RANDOM,5,22,-1.0286803023610185,-0.08049357157335058,0.6075337293187011,0.22629936399991796
115,15,RANDOM,5,23,2.2389921818443206,-0.2094705928988687,1.1259505031549566,1.9272101151991397
115,15,RANDOM,5,24,2.414750025361332,1.9709660589131572,11.598655326409595,2.0126504651252723
115,15,RANDOM,6,25,-0.10817262630684987,1.774814273691418,11.749409657957015,2.000629044105727
115,15,RANDOM,6,26,0.8867476814722899,0.8037221036736701,7.240102445468687,3.384333803681801
115,15,RANDOM,6,27,-0.6374859227631922,-0.7279974681965757,5.820811362311464,0.4722241963733007
115,15,RANDOM,7,28,-0.3865487279782046,0.8903294169809479,10.631977883454077,2.0859889751528815
115,15,RANDOM,7,29,-0.783203063190616,0.6375819842676202,3.8996901549521334,1.9007805779046618
115,15,RANDOM,7,30,2.5537642509393708,1.7094527405258164,6.20032161641411,2.640847231395192
115,15,RANDOM,8,31,0.4947381677440137,1.9956572522802736,5.604975096319862,1.9584173508720721
115,15,RANDOM,8,32,-0.715863892703231,-0.1942839405311938,8.715117451101273,0.7688893550166741
115,15,RANDOM,8,33,2.2894455837764935,0.38488507668111516,7.4497053048996635,2.6729975341234704
115,15,RANDOM,9,34,1.7527530364557338,1.9649157878083008,12.22925292344906,2.889866270309554
115,15,RANDOM,9,35,0.3600669298878174,-1.4821833027294629,11.144040829272987,0.06054896103593088
115,15,RANDOM,9,36,-0.2580997724014862,1.2350501116870927,6.587846736060384,2.5283066116972273
115,15,RANDOM,10,37,0.7739705524770288,0.01818822575301904,4.520242469537642,2.3334692829835864
115,15,RANDOM,10,38,-0.030594162212906673,1.6818988541910755,10.586458925174036,2.315348099262292
115,15,RANDOM,10,39,1.6233229902938704,1.6943329823654443,4.778739684544007,3.9716355160922863
115,15,RANDOM,11,40,1.1013031150815067,-1.1145272922083274,6.9184684200185655,1.7058637305132793
115,15,RANDOM,11,41,1.6036204779093834,-0.8900830262975445,13.038766663348909,2.081601507145553
115,15,RANDOM,11,42,2.6248787701245178,0.8432833801632533,0.9650586221643646,2.077649624257978
115,15,RANDOM,12,43,1.3126357563160336,-1.4583952360608574,4.620522175876288,1.2870613420530734
115,15,RANDOM,12,44,-0.44803724517914423,0.47995496983040775,12.510089310798715,1.4879768527420882
115,15,RANDOM,12,45,-0.593126733429895,1.8230555904795147,5.3236362002875195,1.7447097636637072
115,15,RANDOM,13,46,2.577082804960633,-1.135893068598324,8.413798183959047,0.5737622123452744
115,15,RANDOM,13,47,-0.6843077431414011,0.2581548695696194,13.769593288451272,1.1568102220591667
115,15,RANDOM,13,48,-0.27333776106248797,1.712496361580237,9.701884070454026,2.0634600413993858
115,15,RANDOM,14,49,-0.7015515620806517,1.5225312151554462,10.21138929334227,2.253322647709642
115,15,RANDOM,14,50,1.832415744309492,1.5794882831347783,2.635143435323257,4.175659871710677
115,15,RANDOM,14,51,0.33685825912447176,0.12989759927663114,1.9975550578388093,1.9330641077304693
115,15,RANDOM,15,52,2.5798924240957253,0.5369202827195423,6.723772332454183,2.1719743008753616
115,15,RANDOM,15,53,0.5776197781605987,0.26976100845290296,0.15235192030919165,0.9850291079678627
115,15,RANDOM,15,54,-0.7573640195032387,-0.5087884989971649,7.220301064401743,0.5930834960449006
115,15,RANDOM,16,55,2.4278522855323263,0.38368889529485317,12.842564592472343,2.2765726936214112
115,15,RANDOM,16,56,-0.7042355114135556,-0.8102821418433162,1.4255105677001199,0.3527515174186713
115,15,RANDOM,16,57,-0.08303059818218061,0.8782120832376523,2.740838788909444,2.4803882432795232
115,15,RANDOM,17,58,1.8379396085666477,0.439374486263749,14.377543451198811,3.1877052805202943
115,15,RANDOM,17,59,1.1438357468850806,1.7723756153749508,5.339807526061172,3.543736620809126
115,15,RANDOM,17,60,-0.9264949294938352,-0.8400519002087978,12.975184191653272,0.37448782373883505
115,15,RANDOM,18,61,2.399209615392762,1.7484453369160358,12.944936818883523,2.833171469620879
115,15,RANDOM,18,62,-1.0992898474481099,0.29897829291033795,9.524772807883192,1.556390701570368
115,15,RANDOM,18,63,0.023749373276736208,0.4049392811663637,1.0393129000702537,1.5420302055043282
115,15,RANDOM,19,64,0.4724661835399908,-0.9384945999040946,13.57081049700087,1.0687527731772248
115,15,RANDOM,19,65,-0.42092146808745223,-0.04213481305003475,7.15119842652438,0.9679365691705137
115,15,RANDOM,19,66,1.8813622391471134,0.08338130134847677,4.82660626970159,2.9038684404913893
115,15,RANDOM,20,67,2.070407010270821,-1.0716544491704654,13.799406091090015,1.6377005524228223
115,15,RANDOM,20,68,0.07392219695322,-0.7456719326252659,0.8332143927910813,0.3349008009538367
115,15,RANDOM,20,69,1.5800751355256404,1.2917082306456216,8.102142581412187,4.238039914609525
115,15,RANDOM,21,70,0.009860346626476613,1.9008084550894786,11.431392690887725,1.6912242562803836
115,15,RANDOM,21,71,1.9196407797957886,1.7336412821645313,14.728917546911298,3.582660351774819
115,15,RANDOM,21,72,0.08018439075997752,-1.1409923651524552,3.58864656644253,0.5971483968906127
115,15,RANDOM,22,73,0.0846416170140385,1.0004201939760224,8.645512640162321,2.6218229457661666
115,15,RANDOM,22,74,-0.8802608726057531,-0.8595177366940838,12.837198313453216,0.3279178328116299
115,15,RANDOM,22,75,1.0932989413993646,-0.0714718047416445,2.5962857736133174,2.630508567463372
115,15,RANDOM,23,76,2.42455476721772,0.0007335267297203796,5.619531573027108,1.973229525295093
115,15,RANDOM,23,77,-0.400282928278648,-0.05143647276999008,1.0461112409769284,0.6951281731076266
115,15,RANDOM,23,78,-0.400492005842764,0.6443870667936915,10.836696102345934,1.7559627487219145
115,15,RANDOM,24,79,-0.15558521080395793,1.2079654838725387,3.3491969906948498,2.697645377684158
115,15,RANDOM,24,80,1.6369247978074766,0.5120318797123047,12.986694254221021,3.3588273900801857
115,15,RANDOM,24,81,0.13753448376994903,-0.6558015306775515,14.706448803617928,0.859690152732154
115,15,RANDOM,25,82,-0.3497374856675862,1.653451492055798,1.7391226518797285,2.252172588201044
115,15,RANDOM,25,83,0.8655160021694448,1.9136552524886543,13.484012741286598,2.628743949145873
115,15,RANDOM,25,84,0.03236206215629567,-1.0943363959067476,3.0969428754319774,0.6193079017858237
116,16,RANDOM,0,0,1.0185682268921874,0.007604509215649591,1.4120133080974064,2.4694768852675693
116,16,RANDOM,0,1,0.20077327997931493,0.6752816343323778,0.3258033927374751,1.1015257022382525
116,16,RANDOM,0,2,2.1685011963824743,1.4891733603442976,0.6655189326084838,3.031516033515698
116,16,RANDOM,0,3,1.898647138229884,-0.8532169347960299,10.434663099564013,2.0499116670766213
116,16,RANDOM,0,4,-0.5207640475670036,0.9206691459414329,14.37954883213524,2.0304612191520075
116,16,RANDOM,0,5,2.5808888992215544,0.8215334344762009,2.454658846671232,2.667783569512534
116,16,RANDOM,0,6,0.37578108886917816,-0.5270167557428449,14.3350897595026,1.2253878377562897
116,16,RANDOM,0,7,0.01865250229852089,0.4637694815421538,6.111072062696367,1.9233094297057094
116,16,RANDOM,0,8,-0.5815751426575689,-0.1534047084706731,11.541456392376888,0.7473892424215305
116,16,RANDOM,0,9,0.4456207988443526,0.8776010554036517,8.728226293567289,2.9115581251711253
116,16,RANDOM,1,10,0.06843630596616546,1.7437977275195342,14.947208413631957,2.2215630647662845
116,16,RANDOM,1,11,-0.811898520167462,-0.8287780708558341,8.58443449053611,0.377396654062622
116,16,RANDOM,1,12,1.0386057482685604,1.5529559662575214,2.330942673475792,3.9469819402959665
116,16,RANDOM,2,13,2.6002787225071318,0.5448013729542778,5.449617879729471,2.156602349701948
116,16,RANDOM,2,14,-0.9184875683435736,0.2806215033899302,4.571843652168552,1.4744345267357377
116,16,RANDOM,2,15,2.0574598872662477,1.365099209515467,13.614184950660684,3.9109710286853354
116,16,RANDOM,3,16,0.735144493316447,0.4609933970550979,1.361466240884044,2.6832679892845825
116,16,RANDOM,3,17,-0.7356823538275357,1.6891248231735077,14.668618541893082,1.9491715789541102
116,16,RANDOM,3,18,1.1377607743014728,-1.1065279685616263,10.106166690581729,1.6821466110007894
116,16,RANDOM,4,19,1.9825687241867462,0.013004954795723611,9.948287146090237,2.6231765392531154
116,16,RANDOM,4,20,-1.0834347015274666,-0.23266770818865434,14.452362698255993,0.9240533800231245
116,16,RANDOM,4,21,-0.6961178387007405,0.01817182628282854,0.08958172912615764,-0.3230493047452783
116,16,RANDOM,5,22,2.20331141127648,1.8932382780573325,4.432779283735075,2.937954663341152
116,16,RANDOM,5,23,0.2546004730722278,-0.7596470717289898,7.145156334079969,1.0439542952636236
116,16,RANDOM,5,24,1.115804319271378,0.4302176526701633,11.321737979051852,3.0284913474032047
116,16,RANDOM,6,25,1.8843921479968073,0.21574719232353967,7.8184902088872335,2.968752171500131
116,16,RANDOM,6,26,-0.34237712003931453,-1.1410887770045746,1.8460344660859702,0.20958048630115167
116,16,RANDOM,6,27,0.9082443055838278,1.5517406839816776,14.520413815489407,3.579484978478065
116,16,RANDOM,7,28,1.5910755774930387,1.945313415563993,0.26105257259453196,1.7773619790218234
116,16,RANDOM,7,29,2.1728224018326374,-0.29301371014638633,2.5707322612106154,2.305869912762793
116,16,RANDOM,7,30,-0.8819698747602338,-0.06791619127905113,2.4106712384995728,1.1105566915816016
116,16,RANDOM,8,31,0.8943273509637581,1.8023305532096017,0.8152122824778653,2.622633828376484
116,16,RANDOM,8,32,-0.9631236657400075,-0.9687249497673955,12.974924532486467,0.29720464741632036
116,16,RANDOM,8,33,0.18529616931364767,0.7804500858036638,7.658299750412471,2.4971032265584956
116,16,RANDOM,9,34,2.5425250374416732,-1.3726071083636247,12.525338049980418,0.2017040727618009
116,16,RANDOM,9,35,-0.5167766150530138,-0.4200604141351012,9.642874062539898,0.5880644181140758
116,16,RANDOM,9,36,-0.5137139254189235,1.5453328086135176,14.15912354690411,2.18293575726244
116,16,RANDOM,10,37,1.1337978301037008,0.5135621002197994,1.8302626188786402,3.310087275227748
116,16,RANDOM,10,38,0.6985112958308155,1.6675318465119355,8.334178295136299,3.2434178240922256
116,16,RANDOM,10,39,-0.7949155288057204,0.9016073414764953,5.321231124041854,2.2004237686638706
116,16,RANDOM,11,40,0.9415677894494148,0.5820427328540587,8.274221023733398,3.1202951574545232
116,16,RANDOM,11,41,-0.48061793649436235,1.22177101511013,4.625202650315622,2.475495933834628
116,16,RANDOM,11,42,0.6792327227457213,-1.2536833095225164,3.353761533616898,1.1545511712258392
116,16,RANDOM,12,43,1.5243520020727068,-0.01385286640469352,6.499548624954176,2.825462377305043
116,16,RANDOM,12,44,0.14638915344473036,1.8442596674077163,1.1987035155941648,1.9719911124437883
116,16,RANDOM,12,45,-0.37383995669895076,-0.8575340894256018,5.665847333409116,0.44656346121626034
116,16,RANDOM,13,46,0.22386010084557784,-1.2774757370163428,14.477093599402927,0.3206084289225629
116,16,RANDOM,13,47,-0.22799743721732124,1.9872016203753722,0.6400728512922761,0.3630840462466005
116,16,RANDOM,13,48,1.4585411986176395,-1.4602193544694648,0.5890176051216883,0.3643624292145676
116,16,RANDOM,14,49,2.2286731585325743,-1.3865126098985492,13.756074384514017,0.8829489657567313
116,16,RANDOM,14,50,1.6735777528946172,0.28349027228703383,3.6915276498044642,3.258042614544004
116,16,RANDOM,14,51,0.8158834875547214,1.9527349445925126,7.281289189008132,2.5053815293435893
116,16,RANDOM,15,52,-0.48917560977331764,0.7834083288892666,12.853247653361025,1.885379780542637
116,16,RANDOM,15,53,2.6067922225792293,0.7367344639382565,3.4921671499173623,2.464843757888002
116,16,RANDOM,15,54,1.669809865016858,0.10475054891033087,10.042574343769939,2.8804209584765452
116,16,RANDOM,16,55,0.9672679798060111,0.49119895418379533,14.984635627878129,2.9286941085208333
116,16,RANDOM,16,56,2.1246028533744137,1.3374647553913954,5.708475075326252,3.973536559776919
116,16,RANDOM,16,57,-0.2542381075163256,1.523280633086232,6.320954595081371,2.459696828976461
116,16,RANDOM,17,58,1.8315585286581997,0.1587871037222317,3.5686003374873816,3.0603523923698974
116,16,RANDOM,17,59,-0.9985390995294786,-0.8412182666619892,9.124725272310451,0.49347569323583584
116,16,RANDOM,17,60,1.1785960328853493,1.1482178055689891,12.821048133058692,3.920441450650283
116,16,RANDOM,18,61,0.6727574195996173,1.4808923908449265,3.5530905149614083,3.6013966656126826
116,16,RANDOM,18,62,-0.01037319702303674,-0.31882834407577265,0.6186442628873898,0.17922171249492214
116,16,RANDOM,18,63,0.6688813704741516,1.2453803203247809,12.057369918052208,3.44166756005821
116,16,RANDOM,19,64,2.3579271389452674,0.04068025144426035,5.072184556391586,2.186770922882146
116,16,RANDOM,19,65,2.347468125029049,1.4269676285263437,10.181111081746804,3.4552930263386994
116,16,RANDOM,19,66,0.9110097451032524,1.6909241813806855,2.5972139076249188,3.5947961853122643
116,16,RANDOM,20,67,0.04942906520759882,0.7815054570141284,11.91849207425708,2.275351642486676
116,16,RANDOM,20,68,0.3756865430513574,0.42478167108218523,1.3888299036237777,2.2022542781122856
116,16,RANDOM,20,69,2.3284964411771543,-0.6247425742487303,10.240088339844126,1.6185326317308584
116,16,RANDOM,21,70,2.267703479827702,-0.21755985914177867,13.233384984450161,1.9727993712094314
116,16,RANDOM,21,71,2.145714263516313,1.9267863478325538,12.938214790869804,2.7109168801557586
116,16,RANDOM,21,72,0.01647502542305035,0.19833796269421144,1.297662646194078,1.4566039564438003
116,16,RANDOM,22,73,-0.8385778615470603,0.7395486466584464,2.652538835612434,2.0923317944885604
116,16,RANDOM,22,74,-0.319762252001472,-0.19426201919879604,12.122547701959986,0.7950433429264265
116,16,RANDOM,22,75,1.9481721878713745,1.0111495058006357,12.472215614558266,3.8664541199774964
116,16,RANDOM,23,76,0.5513094744639144,0.9879861385264062,13.002302316913049,3.1033567613063537
116,16,RANDOM,23,77,1.9015470729552093,-0.33313229249942067,2.139410687027409,2.5637160375985157
116,16,RANDOM,23,78,1.9187473916958786,1.311149690017929,4.60724066871119,4.229885981204573
116,16,RANDOM,24,79,-0.8754037850602641,-0.8393134675831282,8.20578070124102,0.4126349480418806
116,16,RANDOM,24,80,2.384478909667352,0.6175483951616529,12.594619776858625,2.7028394728616716
116,16,RANDOM,24,81,2.2027964264122093,1.845108031902459,0.7303452130731353,2.3662022997841423
116,16,RANDOM,25,82,0.7734677425679137,0.6684030226733122,1.5341175704109509,3.0819887382320896
116,16,RANDOM,25,83,1.4390662706669177,1.0381686789861866,11.634851629906636,4.00259642707875
116,16,RANDOM,25,84,2.492314526517598,-0.6418577246360397,0.02155331653109343,-0.04061547409667593
117,17,RANDOM,0,0,2.058044500685758,-0.9365941809081256,8.366610465938017,1.8688440135969002
117,17,RANDOM,0,1,0.27551474199938175,-0.7477031275338105,5.787974739800388,1.114575970190988
117,17,RANDOM,0,2,0.5000507331128146,0.6397008797464321,11.046051671828785,2.628757115164677
117,17,RANDOM,0,3,-1.042862553298089,-0.6108568017257625,9.062583672604388,0.6952271643656339
117,17,RANDOM,0,4,-0.787075971954146,1.9921728832304177,12.485359521386057,0.9480905769916965
117,17,RANDOM,0,5,-0.9625630143972073,0.4863893460195561,9.140492715539507,1.6625597537865675
117,17,RANDOM,0,6,-1.0741153723551797,-0.8732064413036791,2.4746682806824087,0.7206901736129379
117,17,RANDOM,0,7,0.6263367079280504,0.484512656795524,6.779186448333439,2.654888455699917
117,17,RANDOM,0,8,2.337201716564578,1.3522347240420514,6.018089651444624,3.590879773810102
117,17,RANDOM,0,9,-0.34078526350213856,-0.2458606151962397,12.930663508524269,0.7328232341664278
117,17,RANDOM,1,10,0.5336139605238117,1.4132019614060214,10.130465696208704,3.2967729643941044
117,17,RANDOM,1,11,0.9333949713046983,0.16804560707067195,2.8550518912253553,2.723956121832451
117,17,RANDOM,1,12,1.6832152942847634,-0.6645483993280735,14.554070352708605,2.2197011151193573
117,17,RANDOM,2,13,-0.8918507867782799,1.0148243210732018,4.224014746861522,2.413393570611987
117,17,RANDOM,2,14,0.8452771607800396,1.8383909218068037,7.066399530196391,2.9926644850875137
117,17,RANDOM,2,15,-0.043291796695765106,-1.43387824271325,8.765625110768584,-0.22397750499778146
117,17,RANDOM,3,16,1.771398164148973,-0.9522498731833602,3.015514744750527,2.2251060550724953
117,17,RANDOM,3,17,1.2923760355928389,0.8822889599416808,14.217765923339813,3.7332544144537083
117,17,RANDOM,3,18,0.48830470182328245,-0.7514998904108133,11.933996683013559,1.2507707343144416
117,17,RANDOM,4,19,0.4668671827789479,0.4981590618521947,6.623232756573059,2.4791304712521756
117,17,RANDOM,4,20,0.4836239850561359,-0.2547004854875565,13.399598050270804,1.5532553358906447
117,17,RANDOM,4,21,2.401699633217747,-1.3453119869211598,13.190923714030971,0.6246849600939264
117,17,RANDOM,5,22,-0.11807469853103503,0.913929960250444,11.124425214436,2.288392429019509
117,17,RANDOM,5,23,1.7602051263927638,-0.4496920774943747,0.7228888631738906,1.771002269023802
117,17,RANDOM,5,24,1.455181074567824,0.25372448964869365,10.513135997544856,3.0224883513613676
117,17,RANDOM,6,25,-0.18157876425589237,0.7986922472650111,2.6389615847072156,2.2972472672420303
117,17,RANDOM,6,26,2.240100415090815,0.8524873256551935,1.0560940152699978,3.13900264781555
117,17,RANDOM,6,27,-1.0435757727639703,-1.287381858018042,0.7220071599127591,-0.6287177885571659
117,17,RANDOM,7,28,2.5924902507149943,-0.7716863879486398,13.960226788804762,0.790198865670938
117,17,RANDOM,7,29,0.6929107011705593,0.8426601065788564,1.1335345454341383,3.010645013954022
117,17,RANDOM,7,30,1.1599810662117505,1.427575696124972,8.062081708147224,4.016202943661607
117,17,RANDOM,8,31,-0.07019706869020204,-0.04662672516204669,3.2064058208773445,1.3250265170860707
117,17,RANDOM,8,32,-0.19687080233748588,-1.0368768430405897,14.637485148055244,0.237982929649033
117,17,RANDOM,8,33,1.0952276193611397,1.0247545611874838,9.48293331010855,3.7989123971442114
117,17,RANDOM,9,34,0.3587835704319302,-0.48217919393013897,3.8276877559486726,1.4483277522832616
117,17,RANDOM,9,35,1.4705720319846125,-1.053858507338973,11.690163957732766,1.9189484738546034
117,17,RANDOM,9,36,-1.0655625082650961,-0.7954589904884175,11.290075450499995,0.5657451730638106
117,17,RANDOM,10,37,0.2560759517459079,-1.1379590649911684,0.3684059629092526,-0.5599394825628372
117,17,RANDOM,10,38,1.080597937497084,-0.49322230885019214,6.889492366370225,2.180769286740888
117,17,RANDOM,10,39,2.385254738641423,-0.9396730658469572,0.6266423553882566,0.4876229969755148
117,17,RANDOM,11,40,0.13032999858552152,-0.5447661300598567,8.166556552759614,1.012927680161126
117,17,RANDOM,11,41,2.1395197215730475,0.07341332853998783,9.807594178709687,2.5019329975169526
117,17,RANDOM,11,42,0.2710395619978312,1.7520068707568575,11.322077416684689,2.4714456891947902
117,17,RANDOM,12,43,-0.16508220363366355,-0.41626192635105363,13.616534610704484,0.7243081783725219
117,17,RANDOM,12,44,-0.15270514836480098,0.5061606148686795,6.4410540261612494,1.8133379292798697
117,17,RANDOM,12,45,0.6069064176946266,1.6762799382014233,13.409240632106073,3.037494510453117
117,17,RANDOM,13,46,2.46170233850647,-1.0395627006858306,8.804360935805553,1.0081420899350004
117,17,RANDOM,13,47,-0.33144004610622857,1.3287396093163464,1.1532313837695267,2.2994371450754025
117,17,RANDOM,13,48,-0.82566499304214,-0.39442392170302276,10.874462796067414,0.6255253128545184
117,17,RANDOM,14,49,0.6812352686704186,1.2195233999514539,13.551806292660217,3.4301459311852054
117,17,RANDOM,14,50,1.200593903066813,-0.2095777982199052,14.506463794615785,2.3588162115188074
117,17,RANDOM,14,51,2.021095103599217,0.6670516565560032,3.552654937695867,3.580394812580055
117,17,RANDOM,15,52,2.2286024223222256,-1.4510918252671308,11.937074665515018,0.7465198738396499
117,17,RANDOM,15,53,-0.014901016261904543,-0.7819693862872156,8.465991990334716,0.7024993823372001
117,17,RANDOM,15,54,2.305331541004865,1.7566063450802267,8.825816703265223,3.0776243678319952
117,17,RANDOM,16,55,2.509672573174514,0.5586186187776345,12.925097669612168,2.2991436756794545
117,17,RANDOM,16,56,2.218968996063462,1.1287101780049338,5.17201927654829,3.7728804839489096
117,17,RANDOM,16,57,0.9213548703724515,-0.4534638796716268,9.473865037463575,1.99174458062605
117,17,RANDOM,17,58,-0.15175100641796058,1.5053673744791873,14.308842486513804,2.4198980620570305
117,17,RANDOM,17,59,1.984553872955816,0.684522118028585,1.4010861590111447,3.484485691511731
117,17,RANDOM,17,60,0.17532648273219986,-0.3831114424573443,10.43891353565616,1.1257268398355211
117,17,RANDOM,18,61,1.0715897666387435,0.8349005645126972,6.574595246762848,3.6292042493359915
117,17,RANDOM,18,62,0.3518005990076283,0.7174039435154276,13.925350980757823,2.515885130504482
117,17,RANDOM,18,63,1.289243049138424,-0.12381238075544632,0.7049802679355552,1.8988412459774964
117,17,RANDOM,19,64,2.182236836319431,-1.0440530149672511,1.8666829660546251,1.7002437583283183
117,17,RANDOM,19,65,-0.5133257283733131,0.18855905387655425,14.400538942305639,1.073016873984979
117,17,RANDOM,19,66,-0.7717246280712864,-0.7814746065620515,7.024327958249998,0.42974485350990843
117,17,RANDOM,20,67,2.2720442529817744,1.7749757183897437,6.923423623203556,3.1347700315492615
117,17,RANDOM,20,68,-0.1135894202672586,-0.967472462899547,12.380376669311792,0.40021311284412875
117,17,RANDOM,20,69,0.03409073734099444,1.5594110385001616,8.923927687338248,2.609544712573177
117,17,RANDOM,21,70,2.172474406492926,1.3948531061065812,13.057500093343181,3.7533012296188333
117,17,RANDOM,21,71,-0.5720420945429927,0.45800894585934415,7.887474460239392,1.5051866667510096
117,17,RANDOM,21,72,1.6233097073518192,-0.3159521845424098,10.925140909550134,2.491122474073213
117,17,RANDOM,22,73,2.615487333644094,1.7292683450293413,13.034686738606638,2.2784881226078895
117,17,RANDOM,22,74,0.8986562140832943,0.4098152606874801,8.126099363869857,2.8413798728568582
117,17,RANDOM,22,75,-0.08733721577759979,-0.32173382458150357,14.365165709644828,0.8478684244725505
117,17,RANDOM,23,76,0.023940964650678964,-0.6889856901211147,8.820492138218752,0.7962018515947664
117,17,RANDOM,23,77,2.297034661344152,1.546268623392768,10.137272822980092,3.4644992105678356
117,17,RANDOM,23,78,0.9578859239668347,0.6823320867621376,5.337953622305745,3.3531836017136225
117,17,RANDOM,24,79,-0.07777986076974952,-1.1788062519782598,5.614579023617392,0.3184020311701119
117,17,RANDOM,24,80,0.5982656187238242,0.8422397248789544,10.280584499561622,3.0313826164844078
117,17,RANDOM,24,81,2.1719184498738437,-0.2767146148176298,0.011135707061041712,0.8754923109900391
117,17,RANDOM,25,82,0.4151736673733335,1.3890267494482522,13.354075484850611,3.1147858229651786
117,17,RANDOM,25,83,1.9521296813062765,1.9260786148252973,0.9431395429228112,2.6579728945514125
117,17,RANDOM,25,84,0.5884582305177737,-0.10927052190623066,2.4360826259278383,2.031575517940044
118,18,RANDOM,0,0,0.39220565956606945,1.0109513775087562,4.213069097212015,3.116703714237297
118,18,RANDOM,0,1,-0.7908569814410393,1.8941996175250093,8.459337253773914,1.4436570631010381
118,18,RANDOM,0,2,1.3078274355592079,0.5190501222591317,7.130939184979311,3.370167964312029
118,18,RANDOM,0,3,-0.6425837639385585,-0.4024135757187366,11.043392531692195,0.5672695443017026
118,18,RANDOM,0,4,2.2909128165016153,1.610106808117357,14.224864907167259,3.3386044772508843
118,18,RANDOM,0,5,-1.0050655458341675,1.0831350481969237,10.089328548450752,2.4215439136389563
118,18,RANDOM,0,6,1.2363262125074743,0.7316846576957299,1.894937102086478,3.699557492002483
118,18,RANDOM,0,7,1.239982756868447,1.2548213374013382,0.1120081888290711,2.795533331423009
118,18,RANDOM,0,8,2.3419407823001186,-1.0427908790542846,5.636215384770097,1.3670536179385886
118,18,RANDOM,0,9,0.9579604697088961,0.6288940533763743,8.241879704037993,3.2029537233856082
118,18,RANDOM,1,10,0.7231050493655238,-0.23085441283171937,10.316550718397654,1.9074394203604026
118,18,RANDOM,1,11,2.3350703964228994,0.7428832231708076,2.625275946510029,3.204332569544519
118,18,RANDOM,1,12,0.900745779387687,-0.7500611138356303,1.0154091124781561,1.5300935621427654
118,18,RANDOM,2,13,2.076425911977334,-0.31309248733422246,7.936211967200766,2.2797574191238494
118,18,RANDOM,2,14,-0.7706828794306906,0.07380104385886721,0.09197088650825817,-0.24460699949507042
118,18,RANDOM,2,15,-0.47439485863665154,-1.4585372701978376,7.37616218162061,-0.5413850292727098
118,18,RANDOM,3,16,0.350430666481492,-0.31047956076438266,8.350570193189647,1.4222532985903928
118,18,RANDOM,3,17,0.36564744169070873,0.8596201871619695,14.312016773214445,2.7131275475680905
118,18,RANDOM,3,18,0.938803002370364,0.019626934013882824,2.410794912489237,2.56401683489872
118,18,RANDOM,4,19,0.9465492964449602,-1.0509464215623643,0.9286360387037551,1.2315298681579372
118,18,RANDOM,4,20,1.7469873701644767,1.8004552365387,10.165308989167409,3.5461853810337773
118,18,RANDOM,4,21,0.20177985235988483,-0.021432372735361582,7.768598503831607,1.5001868797112752
118,18,RANDOM,5,22,2.568889761031664,-0.7520404676918556,7.474424883747138,0.9772022348767666
118,18,RANDOM,5,23,0.9244911054355942,0.7353667333220839,10.296115855429921,3.275258481119566
118,18,RANDOM,5,24,0.28309840330755853,0.2974508784041723,4.367827272962055,2.0568195466881614
118,18,RANDOM,6,25,0.5100857502697358,-1.3683357475742772,4.682654911749328,0.6779080703472372
118,18,RANDOM,6,26,2.074006172029991,0.5849636466490336,13.110300036344368,3.194637003471449
118,18,RANDOM,6,27,0.35592312990484354,1.625868174752136,4.379122645495568,3.005958431888959
118,18,RANDOM,7,28,-0.5441842481756013,0.3302108994269992,8.056904520592628,1.3349599560996874
118,18,RANDOM,7,29,-0.7119186038147107,-0.8864873744941789,0.8212639707680219,-0.19937006479029473
118,18,RANDOM,7,30,0.5485417822669418,-0.7835990481981054,5.877238163855094,1.424807718708381
118,18,RANDOM,8,31,-1.0131723706297038,0.2564108562995824,12.942039869351921,1.3537401899365364
118,18,RANDOM,8,32,1.4691543014692563,0.10877004385708311,9.391757487255342,2.8753273716816388
118,18,RANDOM,8,33,0.7810353833595691,0.6976431365210352,3.858933736082799,3.2279849983391484
118,18,RANDOM,9,34,0.858766461582904,1.0035934531624764,5.623166125701199,3.6294611021263843
118,18,RANDOM,9,35,-0.9230879411020326,-1.3836530447769133,8.13481701097162,-0.2836653512937093
118,18,RANDOM,9,36,-0.108606688974896,-1.1467611020805708,2.4566288460879107,0.41789902969239634
118,18,RANDOM,10,37,2.4867798448794067,-0.16296250553847957,14.907728723167448,1.5015159635339375
118,18,RANDOM,10,38,-0.11256263300774527,-1.323216899421737,12.05186381470267,-0.09051306981804985
118,18,RANDOM,10,39,-0.6066477771037719,1.3160656080363067,0.4605466577378856,1.2696003562497387
118,18,RANDOM,11,40,0.9749088331487501,1.8727902556376557,11.486193938557724,2.9291651802612533
118,18,RANDOM,11,41,0.6397168657353967,0.29672768728926013,13.402570033739815,2.3095584885974656
118,18,RANDOM,11,42,2.4530091922550343,0.26130384323194256,9.855968127539926,2.0970985911223097
118,18,RANDOM,12,43,0.8102486417131696,1.3513041270396413,0.45384760112315964,2.567320388003126
118,18,RANDOM,12,44,2.6343456801659215,0.4403976780492096,11.831845079124546,1.7705091762104255
118,18,RANDOM,12,45,-0.9013888908829633,1.2033730587232618,6.4270486974183,2.4878974734757957
118,18,RANDOM,13,46,0.36847955139593824,1.144809948916309,13.057592802472211,3.007851075953014
118,18,RANDOM,13,47,1.462365701876518,-1.0426553091908033,12.410667701275354,1.9196322296575608
118,18,RANDOM,13,48,-0.7940754127437548,-0.5555970042730118,4.950851039415836,0.644416954658667
118,18,RANDOM,14,49,-1.0322752408617208,-0.6110677477990163,6.779685436072914,0.7341403708510413
118,18,RANDOM,14,50,-0.6284333674052447,0.6298730357261082,11.20890834023705,1.6812656079588058
118,18,RANDOM,14,51,-0.010779096438069402,0.5257667322914061,2.997139495390612,2.076452597890028
118,18,RANDOM,15,52,2.4218363581439837,0.7818789497462464,11.779960431771448,2.846574698424705
118,18,RANDOM,15,53,0.8488764031859501,0.198557399529933,12.750715471853402,2.444122146955225
118,18,RANDOM,15,54,0.13766157301177628,-0.984216029580202,6.866654992670604,0.7357095187561543
118,18,RANDOM,16,55,0.4763069844925114,-1.1264471871743802,3.728578023067755,1.082469401595088
118,18,RANDOM,16,56,1.6533358657439217,0.3228456536578945,12.643003734479734,3.108089222363012
118,18,RANDOM,16,57,0.249126999423124,-1.2904689840748558,11.908925076243817,0.35511389523259274
118,18,RANDOM,17,58,1.3185157002599124,-1.0961950185258629,5.847052770275766,1.9199156069615315
118,18,RANDOM,17,59,1.6072227324042663,0.5786969909382362,12.52164750322046,3.4566632631094985
118,18,RANDOM,17,60,1.6313873964109535,0.8293452531085856,4.014969954712788,3.9835102949128567
118,18,RANDOM,18,61,2.4975042146610344,-1.161376930292045,14.46942473258677,0.684544842114141
118,18,RANDOM,18,62,1.3162437798155096,0.02518395479078772,2.937974390320207,2.8910081430139867
118,18,RANDOM,18,63,-0.446225277715404,0.7139584019514627,10.04441267282833,1.8450183902667212
118,18,RANDOM,19,64,-0.7363441933302819,-0.37437360691369737,12.099201362428586,0.587457805371032
118,18,RANDOM,19,65,-0.13410564700325356,1.1002306523145946,8.143434174389665,2.5085786749345047
118,18,RANDOM,19,66,1.278232531922403,-0.07051190858410594,8.771735218527594,2.6118775466358253
118,18,RANDOM,20,67,0.12807819463979087,1.1179469223299323,9.23570199115916,2.7600714023306088
118,18,RANDOM,20,68,0.5188636547503853,-0.46199737309686073,7.876991667336026,1.539800040764518
118,18,RANDOM,20,69,1.5321898714467688,1.5072524974123094,4.098760537046468,4.270700776372489
118,18,RANDOM,21,70,-1.0481489264647827,1.4327364336390755,13.63811191404934,2.501840040563361
118,18,RANDOM,21,71,0.9531375243760158,0.0584159008906322,8.168418213919,2.4720617848411113
118,18,RANDOM,21,72,0.5366444051164458,1.4263608823319993,3.4701079246434174,3.4691767064585353
118,18,RANDOM,22,73,-0.35110388126160186,1.971331243197112,12.109015940601795,1.0925324680209134
118,18,RANDOM,22,74,2.147054871814098,1.209419481156949,1.7163381815017955,3.9285757608781875
118,18,RANDOM,22,75,1.0757902057379756,0.4411547837685821,13.677251738536443,2.9791927646948744
118,18,RANDOM,23,76,0.49303268104569087,0.1769499439648179,10.510954547389657,2.017813512676216
118,18,RANDOM,23,77,2.2087431377104383,-0.6177753400912356,9.759709547486151,1.8557634644217103
118,18,RANDOM,23,78,1.8996945036811579,1.750184985165704,13.680731699476288,3.565646183714371
118,18,RANDOM,24,79,-0.8910725959000254,1.1676358380218863,13.398946489067189,2.3401126612993317
118,18,RANDOM,24,80,0.21236100408736935,-0.18099794028034166,13.808061003145596,1.2762315065313314
118,18,RANDOM,24,81,1.3225169633431748,-0.027162728949957415,8.220754219101067,2.691289071921839
118,18,RANDOM,25,82,-0.45079988609459065,-1.1403659232911836,14.819850776588964,-0.03207009247335346
118,18,RANDOM,25,83,-0.2491041970881278,1.0615365388535847,9.865131614758154,2.355745546619265
118,18,RANDOM,25,84,0.4176227518443516,-0.36123497832109264,5.355593433566454,1.5482931737159635
119,19,RANDOM,0,0,0.4709555596402477,1.740542706858463,4.1087759484863335,2.9183501304897512
119,19,RANDOM,0,1,-0.8755983663941179,-0.4130978959041083,10.773060682823283,0.6433341030043127
119,19,RANDOM,0,2,1.8184683790677,0.38544942627857526,4.675669601939484,3.3124351758533965
119,19,RANDOM,0,3,2.324398938727252,1.7482642903188008,6.548378114616708,3.1131334899239222
119,19,RANDOM,0,4,0.43102125522660506,0.6463582903976759,10.70448236804343,2.5567351984568867
119,19,RANDOM,0,5,1.2173803926185838,0.015367244006476932,6.629029413590811,2.7026816076983304
119,19,RANDOM,0,6,1.314083738928573,1.7125232610356371,0.720304373641153,3.083900351733059
119,19,RANDOM,0,7,-0.7650015731908965,1.1654008789700456,6.896000604545869,2.3833184033353136
119,19,RANDOM,0,8,1.8042216507412285,0.38787561311675467,6.928468359018892,3.253862744946325
119,19,RANDOM,0,9,2.4657511200247955,-0.21067853588243723,9.70557126016936,1.5833925335732877
119,19,RANDOM,1,10,1.361614660863284,-0.6374736650219901,10.508174771225313,2.2224358304772105
119,19,RANDOM,1,11,1.0172697916023323,-1.115098712843377,4.649970379754022,1.6955479672967468
119,19,RANDOM,1,12,-0.7261038228663232,1.8105751409951396,2.8115793360628287,1.872535120532992
119,19,RANDOM,2,13,0.6915021998469639,1.2406260482483358,3.6860466389506987,3.6629615666764854
119,19,RANDOM,2,14,2.0600198409233883,0.08660066501875763,8.344539073214543,2.647669704630708
119,19,RANDOM,2,15,-0.37788555237272337,1.2022406295778976,14.156289735721407,2.3200265473835042
119,19,RANDOM,3,16,-0.5006950450079346,0.15793915362026478,1.4172509765275116,1.1157169152662192
119,19,RANDOM,3,17,2.4048236493215054,0.8600606063420848,6.330478866277141,3.0921364424874076
119,19,RANDOM,3,18,2.446946037824771,-1.3000453567091046,14.460143972011714,0.5907824194534979
119,19,RANDOM,4,19,-0.8202938703784768,-0.7647321300096998,14.796549742829514,0.3420369054209733
119,19,RANDOM,4,20,1.010364504664122,-1.2825713696595669,8.722294472895173,1.3222674188396322
119,19,RANDOM,4,21,0.006147935594265075,1.7015613423341298,5.425817450557913,2.425407276038582
119,19,RANDOM,5,22,1.0262694728564004,-1.4978945435386102,9.309530754630773,0.8288061180094224
119,19,RANDOM,5,23,0.23553639327404685,1.099766477695932,7.753872852137797,2.900039484596946
119,19,RANDOM,5,24,1.173786214018735,-0.3105122139672314,4.504063233567253,2.4557113843264213
119,19,RANDOM,6,25,-0.2782224129382592,-1.433970626432864,1.1893815298705301,-0.5382520318657746
119,19,RANDOM,6,26,0.7059720182719975,0.8395586279656349,8.691472133615367,3.188138488820294
119,19,RANDOM,6,27,0.20856131870752792,-1.4256372471789476,10.783823609674606,0.03188977729195952
119,19,RANDOM,7,28,-1.0779831317432806,1.6955179036657362,5.411441538278569,2.35360508033214
119,19,RANDOM,7,29,1.1643582133066968,-1.3679555623626611,0.5196595335459038,0.2920480900020936
119,19,RANDOM,7,30,1.465027585744909,1.6948830983344512,6.824904919773438,3.883239835424829
119,19,RANDOM,8,31,-0.6364220397596212,1.4817793053648822,5.798274963972735,2.380465106231053
119,19,RANDOM,8,32,0.9651521610352072,-0.6568981095115942,0.764811550315658,1.3478150389857346
119,19,RANDOM,8,33,-0.22002103367794124,-1.3116480583908499,13.85623073121497,-0.17476055642288224
119,19,RANDOM,9,34,2.1870715846348823,1.765387323877781,9.789237485176276,3.249414249056377
119,19,RANDOM,9,35,-0.7366992005489466,0.5785741830843563,3.652049929824377,1.8115893825488598
119,19,RANDOM,9,36,0.34224674127742927,1.8922013790815773,0.05208948594607276,0.8650020981540706
119,19,RANDOM,10,37,1.1176297924009284,0.24813586094302353,5.999214269766933,2.9028387910800237
119,19,RANDOM,10,38,0.12595332579403684,1.0869699660133794,0.4378072450388754,1.613536535417259
119,19,RANDOM,10,39,2.5531544027473267,1.5804677507025833,9.253725459983672,2.806166043796746
119,19,RANDOM,11,40,2.0289656094272437,1.0495590830325199,2.1659065379625297,4.028859679749734
119,19,RANDOM,11,41,-0.033496955717843724,-0.3450652514271648,0.7990227237061238,0.433181001028409
119,19,RANDOM,11,42,-0.020724476158496596,0.9544327369276586,10.636782964120993,2.430861111495427
119,19,RANDOM,12,43,-0.8216783673664786,1.6562663259294172,6.0212239848738065,2.194761325689432
119,19,RANDOM,12,44,1.2502255886346103,-1.2558761982312303,7.317138364046901,1.603769416885341
119,19,RANDOM,12,45,1.990907270980519,0.14981242161647979,12.288909513075238,2.7296844279041568
119,19,RANDOM,13,46,-0.47404246620587775,0.9112973676121476,6.582355486645771,2.1594000634547905
119,19,RANDOM,13,47,1.9595657817943755,-0.4917094449063899,12.181065584511083,2.2137063344808245
119,19,RANDOM,13,48,-0.15887434916188992,1.3702788495075748,14.20450652262192,2.4881877148823968
119,19,RANDOM,14,49,1.1354834540345817,1.168079281635308,2.3362169566204725,4.114959104845093
119,19,RANDOM,14,50,2.375640475350872,-1.1284573517975602,13.104052818877635,1.0481666990369412
119,19,RANDOM,14,51,-0.7609766621340808,0.20084044411349344,8.405162386642406,1.1843002510676572
119,19,RANDOM,15,52,0.251027162281785,-0.6339894790467622,5.542718391535785,1.1658636183524602
119,19,RANDOM,15,53,0.5003914056354151,1.1068342544541223,13.91012392416659,3.136345303207719
119,19,RANDOM,15,54,1.8756164734053389,1.2239639180158433,5.078227566500145,4.224201149066039
119,19,RANDOM,16,55,-0.43701768397004614,-0.07328107554298846,3.023002166201745,1.0575674497982646
119,19,RANDOM,16,56,2.5652567257180734,-0.9913851676475294,11.582611490005991,0.7226491939677088
119,19,RANDOM,16,57,0.6771804386928069,1.6985579331343237,4.4482252887675084,3.261792165163557
119,19,RANDOM,17,58,2.5607836277846867,-0.7814845023950296,14.55290561437987,0.8746983691900025
119,19,RANDOM,17,59,0.1403176338466181,1.5996173671584981,11.426254834418833,2.629027591022367
119,19,RANDOM,17,60,0.5127026248090771,0.9443581055872534,1.1999490892819826,2.9546933729116276
119,19,RANDOM,18,61,-0.8487350095609439,0.9338075806394954,6.47219547155792,2.22943117032206
119,19,RANDOM,18,62,2.3214265682370874,1.748273788251172,4.425809695187877,3.186339941448168
119,19,RANDOM,18,63,-0.16423871095837073,-0.0206205882582422,1.4039693775610582,1.1036967284050536
119,19,RANDOM,19,64,0.6129288317225394,-0.0011722212234415164,7.421886954973304,2.0328996955796352
119,19,RANDOM,19,65,0.9537559119844543,1.5045601069533996,10.607870667569205,3.7240654856878272
119,19,RANDOM,19,66,1.5607838220635943,-1.304431908532314,9.601900885537573,1.5995894244005378
119,19,RANDOM,20,67,0.4300635550729659,-0.30698873429050266,14.59896146592446,1.4355216514455291
119,19,RANDOM,20,68,2.228695327771323,-0.4365652364525403,3.764626746493625,2.09394436762441
119,19,RANDOM,20,69,1.359104792603124,1.889911850217028,8.764121464034751,3.213318145755066
119,19,RANDOM,21,70,2.3927825566359404,1.026662941936109,2.355382375741195,3.403540675007415
119,19,RANDOM,21,71,2.514082697906658,-1.2073209678188654,2.4591138509414834,0.8096834729050288
119,19,RANDOM,21,72,0.9036678954002202,0.2649336217903211,8.55390408423961,2.650003090784911
119,19,RANDOM,22,73,1.601082077474031,-0.8408888733675444,12.11521192240495,2.1309955419237463
119,19,RANDOM,22,74,-0.6667577155995188,-0.667263583219081,6.5612125981697,0.4921679884917106
119,19,RANDOM,22,75,1.7868518970847536,0.9397734612390845,6.893774712052698,3.9911218486077598
119,19,RANDOM,23,76,1.7122248022731124,-0.9698319233964645,9.915028667443018,2.0444428216686856
119,19,RANDOM,23,77,2.1757953668751435,1.9832293291822878,13.976349686135453,2.399368021512155
119,19,RANDOM,23,78,1.6475952307389479,0.7088352678249121,7.2199988362117375,3.725943595705588
119,19,RANDOM,24,79,1.8049975115619996,0.6865819729162981,13.63335613729871,3.551713371390092
119,19,RANDOM,24,80,0.9127952260855086,0.49938573588743584,7.37246026505779,2.9956531654317127
119,19,RANDOM,24,81,-0.9640074680120261,1.133177695157324,3.0377238526209536,2.6038928749246666
119,19,RANDOM,25,82,1.060492018727008,1.5873377657728258,5.550163222102798,3.8470402035634077
119,19,RANDOM,25,83,0.08715055910401559,-1.229817679984896,2.790352334561387,0.4897472585660422
119,19,RANDOM,25,84,0.7180105509579044,-1.1031888741039813,9.473175403039273,1.2553142983596697
120,20,RANDOM,0,0,-0.053356127651094765,0.11401348431029756,1.8266736689540517,1.4593241122245413
120,20,RANDOM,0,1,0.8529874103736508,-0.06791056929028283,1.075521568522769,2.014334072408719
120,20,RANDOM,0,2,-0.7301615324661468,1.9520092738836143,10.411324167481443,1.1460354407984763
120,20,RANDOM,0,3,0.5767487760032746,0.7406188300641672,4.058062357961005,3.0310025347639242
120,20,RANDOM,0,4,0.028103014611592814,-1.2433027635692682,0.7897309812662753,-0.2976651595251619
120,20,RANDOM,0,5,1.9175345546606501,1.3465686752638901,0.0755692152788092,2.837010815270677
120,20,RANDOM,0,6,0.13341682089234808,-1.1881960018616313,7.019735669933866,0.48089935426228547
120,20,RANDOM,0,7,1.2083055115717456,0.42866822033464436,2.011794025301106,3.2778425131229856
120,20,RANDOM,0,8,1.525028880318502,0.6453929209448686,7.011912939326778,3.636075606287758
120,20,RANDOM,0,9,0.010364123465252506,1.7143785940613525,1.2525120304366892,2.231704383695839
120,20,RANDOM,1,10,-0.5121117652166133,0.6529397727355173,8.389572090808985,1.77301473190819
120,20,RANDOM,1,11,2.1431787638940585,-0.13202281910351887,12.77195378050309,2.25576240300878
120,20,RANDOM,1,12,0.46020358684010865,0.038216840699976995,2.4760137837765126,2.0147604261741416
120,20,RANDOM,2,13,1.1024107120152187,1.9666720545958967,9.884122953015495,2.6849204416921855
120,20,RANDOM,2,14,1.4084828883901377,-0.4056729658067013,14.011397572787258,2.346169295668705
120,20,RANDOM,2,15,1.9522432289378373,1.328612369738873,14.962874935313083,4.008129103039602
120,20,RANDOM,3,16,2.6314109478777854,0.8876971809233809,7.309222235005728,2.459225992621747
120,20,RANDOM,3,17,-0.8349110146490772,-1.3886716020043175,13.601694995950966,-0.43497927453830343
120,20,RANDOM,3,18,0.5205550647632178,0.7123152297957365,5.148086287124292,2.885459829776239
120,20,RANDOM,4,19,2.164375019980376,0.4629486378971479,11.554245925132047,2.9214612072245183
120,20,RANDOM,4,20,-0.9053930990690454,0.3076291383991032,1.734279547941488,1.478234110783793
120,20,RANDOM,4,21,2.219923186897713,1.8819683487780066,0.6060432969179206,1.9917343682325173
120,20,RANDOM,5,22,0.9736018098362038,0.8901070233468631,5.045808933628229,3.647439736670564
120,20,RANDOM,5,23,1.122039005219499,-0.11292372487947056,13.486466443307837,2.3868393151604748
120,20,RANDOM,5,24,-0.9917690622315595,-0.17430463357385273,5.398512440840683,1.0324666134481948
120,20,RANDOM,6,25,0.8807021699870439,1.4889226827150437,13.368212114141206,3.6235817196633917
120,20,RANDOM,6,26,2.6367019454708562,-0.3567783823772088,8.487262088814193,0.9918883682526611
120,20,RANDOM,6,27,1.7420233356307535,0.46838839335766025,1.3659639708287687,3.3197266586201017
120,20,RANDOM,7,28,0.7580795059123651,-1.072760002661304,4.567850349951625,1.466277566013444
120,20,RANDOM,7,29,0.21049607458759234,-1.2691739145880492,13.907672541712637,0.3254765687978842
120,20,RANDOM,7,30,1.6429390886660409,1.2665849388042383,11.854314563071101,4.171578770009453
120,20,RANDOM,8,31,0.8619631550107714,0.4784288616853911,3.3181732600885407,3.035192777043873
120,20,RANDOM,8,32,-0.44383374375296136,1.145022204374643,11.009570940025654,2.298071784090309
120,20,RANDOM,8,33,-0.3359478842333522,-0.7264609626369304,2.0793278221067295,0.6228955067984965
120,20,RANDOM,9,34,-0.6252296750034251,1.8069465016311979,0.2679252067829871,0.4333539526334341
120,20,RANDOM,9,35,-0.6040250114516978,0.4913210324628863,5.356534921241978,1.6172691961428491
120,20,RANDOM,9,36,1.553413817818119,-0.39025663619915596,8.275296226225073,2.4814853673462425
120,20,RANDOM,10,37,0.9326128577072939,0.8572186599674128,6.896827238670489,3.5098702659191563
120,20,RANDOM,10,38,1.960636903729696,-0.5075728132832293,5.503133978332762,2.338304666876856
120,20,RANDOM,10,39,-0.9149726044589583,1.190351803865425,3.1310743819605165,2.595677845663702
120,20,RANDOM,11,40,0.21972669929895172,-0.9998264694024519,13.042941673426757,0.70813484108491
120,20,RANDOM,11,41,0.34899423832693244,1.6351568115793271,4.457723324102338,2.9788795629630207
120,20,RANDOM,11,42,2.073069846408036,-0.9437692960014268,13.434631316042607,1.7686986863510903
120,20,RANDOM,12,43,2.298391458094757,-0.23484987490432263,12.957668535530459,1.9030892176443883
120,20,RANDOM,12,44,-0.2645076113712095,0.9096189078323182,8.846729988452724,2.208257136139954
120,20,RANDOM,12,45,2.379973583629531,-0.1528162404510376,4.29610564406503,1.981204476259029
120,20,RANDOM,13,46,-0.8429963883235398,-0.17272156016149043,7.137935842504276,0.8709774300684634
120,20,RANDOM,13,47,1.8979042358821356,-0.29069397885747694,14.805796064830922,2.3695645144172532
120,20,RANDOM,13,48,0.7029672177879305,-1.0860827162859144,1.6331016626720674,1.3404246222011467
120,20,RANDOM,14,49,-0.24736069039135755,-0.1883402941765775,6.396806688402048,0.9539382075408606
120,20,RANDOM,14,50,1.4921779134296815,0.15084051897672568,1.854349572233012,3.0552450566980474
120,20,RANDOM,14,51,1.0066157985433297,1.8972384847309431,2.5186986162143437,3.074173512815605
120,20,RANDOM,15,52,1.2049765596520485,1.0825251290446825,8.426111140881188,3.960717240903577
120,20,RANDOM,15,53,2.521819330259879,1.9906131044630504,1.908538323220976,1.8052197862157422
120,20,RANDOM,15,54,2.617689652508085,-0.1364980840637473,7.40834721928035,1.2478867304209942
120,20,RANDOM,16,55,2.451549298979225,-0.6804665954245503,4.903041282087784,1.425705137949354
120,20,RANDOM,16,56,0.36387428036171765,1.1246234971107185,11.615447650088077,3.0061829810827847
120,20,RANDOM,16,57,2.0139063112751034,1.8243348823385324,11.744280181479953,3.27171477687366
120,20,RANDOM,17,58,-0.9757208625732724,1.7819061778428962,0.36142712472973976,0.7188360832463015
120,20,RANDOM,17,59,2.4701243059577354,1.7855970241120658,2.8400098785336296,2.7795919584104047
120,20,RANDOM,17,60,0.24295000677512424,1.981248258269249,7.608821955416645,1.6651750460276675
120,20,RANDOM,18,61,2.4411204381893836,-0.31248288658803713,0.6398787865624145,0.8033791526866625
120,20,RANDOM,18,62,1.9537977223378111,-1.468252424311283,9.048766005903541,1.0997669298083304
120,20,RANDOM,18,63,2.040548343350461,1.0188724690366127,11.392922001896649,3.7968751325884487
120,20,RANDOM,19,64,1.7789768259559362,0.6321559328515605,5.483491656847184,3.640608540560811
120,20,RANDOM,19,65,-0.40301606112017463,1.13001193201181,1.881388119548572,2.460091729405279
120,20,RANDOM,19,66,0.7938964470598873,-1.127777274082265,3.8411556827940814,1.465558261038729
120,20,RANDOM,20,67,-0.612423444711963,1.8938022432520194,8.144627566547584,1.4167074347935966
120,20,RANDOM,20,68,0.14560816990979464,-0.30445379849744914,3.9779040180731835,1.3098912456528893
120,20,RANDOM,20,69,0.6983842788353651,0.19080785235591957,11.957130814693715,2.268012100863704
120,20,RANDOM,21,70,-0.20016088100495577,1.7878329053126585,8.009236584708507,1.9510305015381761
120,20,RANDOM,21,71,-0.7064299856098645,-1.298277489295324,10.321893995294685,-0.25139850934340435
120,20,RANDOM,21,72,2.3737771267271226,1.6090870273642603,7.204894817980914,3.2756421692050663
120,20,RANDOM,22,73,2.1464106922052513,0.7470381133766804,11.520069055085939,3.3382789446994505
120,20,RANDOM,22,74,1.3074536312406764,-0.07880323110955434,2.649601527571637,2.785951751261499
120,20,RANDOM,22,75,-0.7314074069743592,1.6575006747272587,8.138043642381009,2.1045750731635318
120,20,RANDOM,23,76,0.8632810334653696,0.34164337709239856,14.945615608603006,2.616407059536802
120,20,RANDOM,23,77,0.19368206780696084,-0.09022937481109139,1.3745836660770285,1.3842708356558742
120,20,RANDOM,23,78,-1.001866759784556,-1.078812190590218,12.831900633210928,0.21971110271673977
120,20,RANDOM,24,79,-0.7607231852979264,1.768952141879054,3.4367492549512546,1.993160236351305
120,20,RANDOM,24,80,1.288274000390365,-0.7187152929274193,14.506867840038693,2.0807183825068143
120,20,RANDOM,24,81,-0.48392257247484183,-1.49650912336866,11.016616835914535,-0.7163438285797483
120,20,RANDOM,25,82,0.8104508325880062,-0.2604318471591567,11.501042410341293,1.970354813203259
120,20,RANDOM,25,83,-0.4248158525550968,0.5566555488939859,7.365793165305825,1.6899604847787337
120,20,RANDOM,25,84,2.225088482909634,1.2041779255285698,6.121820190840468,3.776415560154237
121,21,RANDOM,0,0,1.8190364294108887,0.6204646034983883,10.64730805493597,3.4918112135270585
121,21,RANDOM,0,1,-0.7670412488897053,0.707500455558665,14.712179722664567,1.7732209172743365
121,21,RANDOM,0,2,0.48226512910840835,-1.106589208284302,14.37403841404227,0.8957126457382201
121,21,RANDOM,0,3,1.4261454250524181,-0.8098254241926905,10.081216788645278,2.144376169462815
121,21,RANDOM,0,4,2.609875462851648,-0.7668008409772669,12.808043117889488,0.7509847376840884
121,21,RANDOM,0,5,1.5118296043946073,-0.724137403481252,2.772391212096663,2.4166906926035203
121,21,RANDOM,0,6,2.4656848292585782,-0.30846865338598195,6.621476090792783,1.5759404259358352
121,21,RANDOM,0,7,1.3517984334688369,0.041056662955405,0.004967295202797416,1.483969699895683
121,21,RANDOM,0,8,-0.12742381239624112,0.15282423149320268,11.41926539222722,1.283459334888959
121,21,RANDOM,0,9,1.1660657550654583,0.005682602461915431,2.8662359230463337,2.767063141356775
121,21,RANDOM,1,10,1.0320946685969417,-0.8729793247462541,11.10098915261551,1.803239685530524
121,21,RANDOM,1,11,2.568769021424298,0.1766482930215154,10.595698590279095,1.6595306430566428
121,21,RANDOM,1,12,1.4504458716525752,1.6222518418220933,13.354690569112869,3.906028634932314
121,21,RANDOM,2,13,1.1036053465674924,0.359957362755186,13.467289910318218,2.8980590177972987
121,21,RANDOM,2,14,1.6602852691770464,0.44034270082471316,5.129237276467428,3.4163121870178825
121,21,RANDOM,2,15,-0.5243341041401589,-1.163194826029386,3.648631875083815,0.1426532943755865
121,21,RANDOM,3,16,-0.377869968674968,0.6039959924679623,10.68973349495319,1.7127607635168793
121,21,RANDOM,3,17,2.0312492238358115,0.8541066980364485,12.777395636164718,3.607080300768434
121,21,RANDOM,3,18,0.9577571538502583,-0.9965754398797247,9.630201456957664,1.6421157021385093
121,21,RANDOM,4,19,1.0111319100969935,-0.23363550713108516,1.2791228538730868,2.1828714144369057
121,21,RANDOM,4,20,0.07361243559760511,0.8103722839195666,11.722846489498453,2.3407488798189258
121,21,RANDOM,4,21,0.2626560099245323,1.8391677426495594,5.4346346447905916,2.326603542554323
121,21,RANDOM,5,22,0.7382498495336378,0.13495100054144027,9.321791492744875,2.2911961741333684
121,21,RANDOM,5,23,-0.23718894696834947,0.8681712451617565,5.210254701169887,2.2711295526974533
121,21,RANDOM,5,24,1.2658357812005776,-1.3354618099564235,11.210221803809327,1.3925877288530029
121,21,RANDOM,6,25,1.6877509431325035,1.8464499633211449,1.9247001677440259,3.5598755021337714
121,21,RANDOM,6,26,-0.5655506575050101,0.2685487162946547,10.039181966815436,1.2162620295518718
121,21,RANDOM,6,27,0.33386316769735,-0.5723702975673189,0.6184169887706406,0.4015148048070639
121,21,RANDOM,7,28,-0.23079837795483005,-1.4007631340943316,7.551251393312075,-0.2752594875551915
121,21,RANDOM,7,29,0.46698690841461277,0.6779391580640719,6.107393834373426,2.741857476613567
121,21,RANDOM,7,30,1.6900501578698788,-0.16308492676223696,3.904661581189368,2.776589328034506
121,21,RANDOM,8,31,0.17319547898344756,-0.8655689584542103,7.2149381548135,0.8702491586279442
121,21,RANDOM,8,32,-0.37522286307281283,-1.0509889136880397,14.047633009063622,0.11602197525934765
121,21,RANDOM,8,33,-0.14108336999378823,1.7417025824852774,10.095671801368905,2.0850653140711017
121,21,RANDOM,9,34,1.8947696846482889,1.1930288392975692,3.973324121478027,4.235694124831057
121,21,RANDOM,9,35,2.5375042837514084,-1.1127099920211414,14.248775265385982,0.638776720937249
121,21,RANDOM,9,36,0.11234006501884042,1.8953778461547994,7.105288278933833,1.9011539287064623
121,21,RANDOM,10,37,2.3558707969836417,0.26122010472275936,14.202970564121422,2.272062290410906
121,21,RANDOM,10,38,-0.29327507514598583,-0.29436155143267473,7.300780485867832,0.818201103854868
121,21,RANDOM,10,39,-0.8419679084032328,-1.4057425078727932,14.080241886352345,-0.47585899699121725
121,21,RANDOM,11,40,-0.545204206968108,1.275192118663715,0.6103363116933845,1.5299424663233583
121,21,RANDOM,11,41,1.958309601360245,0.13819960610191062,7.079545422965942,2.8385526768989333
121,21,RANDOM,11,42,0.6169509912617792,-0.4388205763206048,0.48464032721871086,0.6015159589421536
121,21,RANDOM,12,43,0.7593219819992298,0.761231495321224,13.020301848000983,3.0865790038298764
121,21,RANDOM,12,44,-0.04856672155769681,1.6944999708691264,3.7444813298200166,2.4444356072426383
121,21,RANDOM,12,45,-1.0685449331558503,0.10177362190115113,1.3287319368658854,1.2544664272825798
121,21,RANDOM,13,46,-0.05860123555981578,1.6923592629847097,10.92715315548591,2.2614704374541112
121,21,RANDOM,13,47,-0.8238581897646879,0.6995772647964222,6.51147300001227,1.9197113266095909
121,21,RANDOM,13,48,2.057251500423225,0.019068515272975706,10.590021462275597,2.539977337348284
121,21,RANDOM,14,49,-0.6025325350603405,-0.4209868809262227,10.676413758295697,0.5600039134917638
121,21,RANDOM,14,50,0.4533582402252989,0.9934137514389274,5.791242846627132,3.122724267998035
121,21,RANDOM,14,51,1.198380081176679,-0.9679320108966835,3.326557030991138,2.0590561021106915
121,21,RANDOM,15,52,-0.2659503062289502,0.9041587481130562,1.1285655332711713,2.034639624162655
121,21,RANDOM,15,53,1.445422597500253,-0.27691189139416506,7.075987335795606,2.5619329555245205
121,21,RANDOM,15,54,-0.030901028208329517,-1.1282535274499859,4.836866155780882,0.4579639264011871
121,21,RANDOM,16,55,1.0836264668498679,-0.49925253058637376,3.805538021011289,2.2771974256755034
121,21,RANDOM,16,56,2.5729443740935545,0.43234864985225263,1.0516597476406315,1.7714354354586423
121,21,RANDOM,16,57,-0.10161852881112965,1.4417545662375644,4.995509037493432,2.684654911691405
121,21,RANDOM,17,58,-0.10238273024722322,-0.5180172375172514,1.510257269461781,0.8152506206744493
121,21,RANDOM,17,59,0.609159439820044,0.13702810130036225,7.88191132732911,2.165123070663468
121,21,RANDOM,17,60,-1.0859241283364518,1.7388717691272575,0.5023538529789695,1.149592763565314
121,21,RANDOM,18,61,2.021086696531002,1.2412543452000397,12.451858025839151,3.954234754427015
121,21,RANDOM,18,62,2.2010440564091938,-0.1924876784560947,0.9524369090704787,1.8447693423883962
121,21,RANDOM,18,63,-0.8681393138781699,-0.7682991659443539,10.288923270908697,0.4208022467622867
121,21,RANDOM,19,64,-0.8288066061230253,1.0117573890887677,9.918746360142354,2.226311101771353
121,21,RANDOM,19,65,-0.4068964606789418,-1.451581001428454,1.0748996763952234,-0.7401463631936591
121,21,RANDOM,19,66,0.8390954124990877,-1.0781448948164793,5.559500639042866,1.5209475513198225
121,21,RANDOM,20,67,-0.04158930398596694,0.6992799703931967,6.054483243009233,2.1896945632133766
121,21,RANDOM,20,68,-0.4331552491577123,-0.7231521115492021,9.16575235703498,0.4311276047273753
121,21,RANDOM,20,69,2.474264871185438,1.1224090385403631,9.863169508495366,3.1028444622187594
121,21,RANDOM,21,70,0.03818609797243244,0.9098224760690066,2.8687252844189453,2.6352280147754437
121,21,RANDOM,21,71,-0.18231235291332737,1.4398238524163207,13.776989438925156,2.4479894708326326
121,21,RANDOM,21,72,-0.44204679076439,-1.3009266485835085,12.307212585832426,-0.26008619718033943
121,21,RANDOM,22,73,1.9516604347958717,1.4815912251690402,9.337281414657523,4.023028869034145
121,21,RANDOM,22,74,2.535069334218431,-0.7107886057140899,10.223793814068962,1.0510722566506174
121,21,RANDOM,22,75,0.12944607550518472,0.7774352393369801,2.895614671975105,2.569063286621062
121,21,RANDOM,23,76,0.35584446351190446,-1.1223811454864427,10.465161206429482,0.7664222132277354
121,21,RANDOM,23,77,-0.9268847927703107,-0.40506789722165104,5.840627197081453,0.791133723112037
121,21,RANDOM,23,78,1.6260716699268842,1.7587234422344498,6.20178019898558,3.770515223715176
121,21,RANDOM,24,79,-0.30474699937022265,1.564231321293656,13.428573430709536,2.2554269885548863
121,21,RANDOM,24,80,1.3979603737970465,-0.9141370818971927,7.8827431279537326,2.092969244661269
121,21,RANDOM,24,81,1.4282924314256609,1.3618734930331353,11.562217911563362,4.14207912028871
121,21,RANDOM,25,82,0.3991295328836306,1.8553711691994557,2.2579742931432536,2.5059701745750127
121,21,RANDOM,25,83,2.4692331750843897,1.5661205590406566,6.663289718185955,3.117182093664539
121,21,RANDOM,25,84,0.034166387769065665,0.24796782524381955,9.847938652360064,1.5739485072768675
122,22,RANDOM,0,0,0.2690384229696683,-0.8024661721872098,1.3292870405459223,0.9533654052127152
122,22,RANDOM,0,1,1.340977336564638,0.10767965660381362,14.815146607584143,2.7492970729066544
122,22,RANDOM,0,2,2.0823098770336754,1.4293646313296557,0.7725300733614147,3.3640329894722885
122,22,RANDOM,0,3,0.9753248455860772,0.6261258422343352,0.7530692848011713,2.611609783012282
122,22,RANDOM,0,4,0.683774559266914,-0.34652666743225957,3.2480687411214846,1.958089969218917
122,22,RANDOM,0,5,1.878451530236839,-0.026853885911402697,1.5486434448581023,2.7331713807501767
122,22,RANDOM,0,6,0.2792169015221977,1.7019554934412886,5.844567723952071,2.716240753309485
122,22,RANDOM,0,7,-0.3999258952415624,-1.2664234573360598,7.683061204361468,-0.10226850269598842
122,22,RANDOM,0,8,1.3946567156105685,-0.05516645505752571,12.724942737956042,2.630575578487563
122,22,RANDOM,0,9,0.8600156289795298,1.291020078086563,8.477720900186016,3.734442057073772
122,22,RANDOM,1,10,0.6988209516599226,0.9357753375726086,0.32090678014801155,2.040110550570036
122,22,RANDOM,1,11,-0.4160007480198826,-1.0291204759514643,5.028526829142045,0.2933029455742573
122,22,RANDOM,1,12,-0.06809589600366306,1.459793817206657,9.256352697875919,2.5961017311648646
122,22,RANDOM,2,13,-0.473443122245071,-0.0463880218051953,14.70100539442204,0.8293126467693088
122,22,RANDOM,2,14,1.9157068242670974,-0.9183368516823269,6.814353649741003,2.0579656624709566
122,22,RANDOM,2,15,-0.7486155724324082,-0.9394212985850655,5.851537621284193,0.3310275554493807
122,22,RANDOM,3,16,-0.45412332159829827,-0.3573553271818013,3.090325737221132,0.8232848079344632
122,22,RANDOM,3,17,1.6453218532160307,0.8063011167050016,8.432530966632815,3.8275660552491075
122,22,RANDOM,3,18,2.3814156689439394,-1.023614432713249,0.9011760332891766,0.8319710085057964
122,22,RANDOM,4,19,-0.3888572884664534,-1.071301855673215,10.646552542652723,0.1283635751797947
122,22,RANDOM,4,20,1.792474390041919,1.9918717607086163,5.473683056482554,2.8837166653891
122,22,RANDOM,4,21,2.5135697647645614,-0.317098798466136,13.251492763327452,1.324947396138513
122,22,RANDOM,5,22,0.16700491051022648,0.02409926733559642,13.500229875645319,1.4164150572336571
122,22,RANDOM,5,23,0.7846403364516994,1.4311289058550352,8.707110492029303,3.620094480471842
122,22,RANDOM,5,24,-0.9947605297703216,-0.9606577887573978,1.4675612201652353,0.414720366552203
122,22,RANDOM,6,25,1.2168409562114784,0.02855862476769455,8.071751898683356,2.680843861560086
122,22,RANDOM,6,26,0.010991531543524502,-0.7308902500176602,2.1747535216184986,0.9053020429512058
122,22,RANDOM,6,27,2.5726626043786753,1.2747112072587852,3.8563405301859586,3.0523140253921053
122,22,RANDOM,7,28,-0.11818674082634961,0.05794203151255872,3.9673561315091206,1.3642912715705693
122,22,RANDOM,7,29,1.5899965320898595,-1.2600056956290335,10.163362149787822,1.6741044388605941
122,22,RANDOM,7,30,2.3653242163316595,1.2192554522982761,7.978574566090151,3.458937607676356
122,22,RANDOM,8,31,-1.0096939282073263,-0.553733699287039,14.600378678149625,0.620810725921783
122,22,RANDOM,8,32,2.110716219684863,-0.7562859526411705,1.940266198437458,2.0589081383131784
122,22,RANDOM,8,33,0.6938146828627823,1.8063433328109335,5.3442380188342655,2.9677251496629853
122,22,RANDOM,9,34,-0.14596630823785572,0.8104341001606796,5.0132282748452806,2.2759965836385376
122,22,RANDOM,9,35,1.9314649337122347,1.9094346314621102,0.7491249363935542,2.4841686755487884
122,22,RANDOM,9,36,-0.9933129869228748,-0.48769322783313585,1.321751028638226,0.6787757069360767
122,22,RANDOM,10,37,1.4218125102021952,0.7327878629506035,0.3816468611517714,2.4838317119949878
122,22,RANDOM,10,38,0.19683921587516617,-0.039848797753391896,5.330440186644846,1.5434207985361414
122,22,RANDOM,10,39,2.4743231191117716,-0.6440568042810815,7.871708709377402,1.3059693078111736
122,22,RANDOM,11,40,1.5276330271583296,1.2037202668874456,7.766039015131518,4.211519284156341
122,22,RANDOM,11,41,2.5102976463850633,-1.3505112788978355,5.838278653624715,0.4707863917728261
122,22,RANDOM,11,42,-0.9819871096922779,1.8142143585201538,13.784009195632557,1.7770697485885927
122,22,RANDOM,12,43,0.3372075128658678,1.1112191166695409,4.133006844784209,3.138356895810194
122,22,RANDOM,12,44,2.0183152749344333,0.6595979546474267,14.144840588156391,3.3503150058091746
122,22,RANDOM,12,45,2.467532913984917,1.9323478375023142,7.001410572860653,2.1379899885387896
122,22,RANDOM,13,46,-1.0048067967396936,-1.1096607913489884,9.339421824032069,0.2354008588444334
122,22,RANDOM,13,47,-0.5904426831676074,1.7211628334508902,6.104189646081259,2.0058309313591587
122,22,RANDOM,13,48,0.8485530468956954,-0.4228870710798347,4.848003679557404,2.0483214074925593
122,22,RANDOM,14,49,-0.013453071909326209,1.6298869596362109,14.209666854743734,2.3858496205164554
122,22,RANDOM,14,50,2.1830759537225863,1.5599251620913206,13.641730628124908,3.605357788503622
122,22,RANDOM,14,51,0.6810066654199556,-0.0911654520424594,12.673585944927208,1.9424534250111687
122,22,RANDOM,15,52,1.2074532710032817,-0.21232250537963515,0.08852702352365506,1.1593353091670167
122,22,RANDOM,15,53,0.3923423083575175,-0.648295409521194,11.051194545232818,1.2097070570580855
122,22,RANDOM,15,54,2.5694598623660556,1.8239943225458455,14.614018410970452,2.1376454433960115
122,22,RANDOM,16,55,2.2602134371262164,-0.13376746773478354,1.2654414178307076,2.045248401202615
122,22,RANDOM,16,56,2.435230500162868,-0.29683871772117976,12.987735683153707,1.5500125750060945
122,22,RANDOM,16,57,0.05612274845091747,-1.2961267642871752,9.683418051907195,0.1601620022590804
122,22,RANDOM,17,58,0.2317323430609346,-0.08238185925370622,7.479909447629312,1.484111312468561
122,22,RANDOM,17,59,2.31502564182372,-0.9769211351563257,3.9472153325370316,1.5475928479993974
122,22,RANDOM,17,60,-0.945891327632133,-0.7290307056824953,0.8610413050158565,0.09015666291582658
122,22,RANDOM,18,61,1.0464305361461967,-1.329376380962487,4.638923184437011,1.3775039411236072
122,22,RANDOM,18,62,1.214177486498563,1.0606651921819856,2.6534045903453873,4.10590180189099
122,22,RANDOM,18,63,1.8277658445712475,1.9558714969433426,14.736904920200047,2.873161801303171
122,22,RANDOM,19,64,-0.7382667429389458,-0.06584153005571336,12.0928602612249,0.8336054363901413
122,22,RANDOM,19,65,1.5595185048368099,-0.5627328286198698,10.602614973999788,2.331232190477077
122,22,RANDOM,19,66,2.5040293932175977,0.2880351624691744,4.460588886458078,2.1315985163195066
122,22,RANDOM,20,67,2.172322374906604,1.5048623238730912,4.335046851540122,3.8724364858682456
122,22,RANDOM,20,68,0.49178717166617814,-1.4835100055577872,8.014684257583225,0.27559487826293894
122,22,RANDOM,20,69,1.5464632886365108,0.9351540166949635,11.361903331928316,3.9291346957801054
122,22,RANDOM,21,70,0.1005308252819006,1.291467518817849,14.919615896066128,2.73378821057124
122,22,RANDOM,21,71,1.6145492228404303,0.8936491180322195,3.415144708404459,4.081336613851905
122,22,RANDOM,21,72,2.403930293347185,-0.9878347213656407,5.094984836746422,1.3012640975288283
122,22,RANDOM,22,73,2.4085126083336426,0.6356882925413987,5.11794892932841,2.8244720750970087
122,22,RANDOM,22,74,-0.23717517905731078,0.5892180185606946,1.0025136650585442,1.5305792424397238
122,22,RANDOM,22,75,-1.0986959819541688,-0.5698169154011932,7.0011084316382135,0.8335747487667535
122,22,RANDOM,23,76,1.3480737630624846,1.1081826394368615,11.74525517214647,4.018641853295663
122,22,RANDOM,23,77,-0.4254635043979792,1.8305298493454276,0.3578052188204482,0.44619860756610763
122,22,RANDOM,23,78,-0.7870466671719706,-1.094771295040093,4.963512712938016,0.21151936283205686
122,22,RANDOM,24,79,2.056538179625204,-0.8777674975035274,7.539338492406933,1.9382785693316036
122,22,RANDOM,24,80,2.419758699125878,1.8736469107206513,5.475695751268522,2.536689114284256
122,22,RANDOM,24,81,-0.31468561974893206,0.42184199704061376,13.91870563277689,1.4563825704140336
122,22,RANDOM,25,82,1.599486054746003,1.054407497986567,1.587497998323944,4.153860728144793
122,22,RANDOM,25,83,-0.3589764020135494,1.859271366266713,9.445483038279313,1.5894445845463623
122,22,RANDOM,25,84,0.8354333908280864,-0.8454047438993488,11.454845137753662,1.611518075600971
123,23,RANDOM,0,0,1.4932279224165703,0.745103773073807,1.9305347205402257,3.849876599270708
123,23,RANDOM,0,1,-0.6750730166592223,0.7867093246710555,12.802003132371444,1.876112787488419
123,23,RANDOM,0,2,-0.34595137459620173,-0.736934770199924,10.749052954217818,0.43580038357201434
123,23,RANDOM,0,3,0.6590046692910809,-0.04672324275750994,5.237867922959576,2.106942472237986
123,23,RANDOM,0,4,-0.861378524502023,0.09133158069045355,4.522497740715563,1.2142282461661507
123,23,RANDOM,0,5,0.3539798270469787,0.39104236766678735,10.254161791391196,2.1183281898132993
123,23,RANDOM,0,6,1.2346996335150426,1.0994655886100015,0.27424211932542214,2.7170158871121486
123,23,RANDOM,0,7,1.344958968548947,0.39721892064412834,12.770263855279737,3.1290705902492393
123,23,RANDOM,0,8,2.409152291913421,-1.4551190853520575,12.425096141549593,0.35781079039723074
123,23,RANDOM,0,9,-0.1533286205186738,0.686477963837774,11.466510984413667,1.9632799754903718
123,23,RANDOM,1,10,0.05512629727530349,-1.025179190058774,14.945411701944732,0.47911849832477305
123,23,RANDOM,1,11,-0.7591221914311601,1.3633547281787965,7.134874930644911,2.4208944081122246
123,23,RANDOM,1,12,-0.6459751880962854,0.19864456363406058,7.988855592132813,1.167587123729819
123,23,RANDOM,2,13,1.2266357198939306,-0.23934022382252707,12.556434072126034,2.3754686388459856
123,23,RANDOM,2,14,0.1231587632285358,-0.3267323254404948,5.0183504264779835,1.233028689524227
123,23,RANDOM,2,15,1.7480209434843825,1.3581388497338098,10.693149166368048,4.173303860565671
123,23,RANDOM,3,16,1.2732866298945744,0.6393005762175417,10.697982951408886,3.4457001560642415
123,23,RANDOM,3,17,1.8965876234569379,-0.786597930181981,12.164154687889916,2.0761484953166205
123,23,RANDOM,3,18,2.0813461005239335,1.0230324691106585,4.595282202892496,3.9079415204889516
123,23,RANDOM,4,19,1.8862786582489304,-0.9924012593870712,0.9180664727445804,1.596776528782148
123,23,RANDOM,4,20,2.3335278053584414,1.7734274266916183,8.350063774789492,2.9830808289497055
123,23,RANDOM,4,21,-0.4425203646749484,1.6605510293688064,12.5986406678449,2.0454356669854405
123,23,RANDOM,5,22,1.998701775597131,1.1955135452001633,9.929930929332407,3.9941580739152927
123,23,RANDOM,5,23,-0.7474537689250884,-0.4371437103888063,0.16581761679410714,-0.6796186157836324
123,23,RANDOM,5,24,1.1108260634125813,-0.906599071243602,2.2536508564601467,2.040487250012106
123,23,RANDOM,6,25,1.0033095060124837,-0.843844061787645,6.763892355186264,1.8819995631525397
123,23,RANDOM,6,26,0.30443480580822024,1.1697092034170251,8.194542389490616,3.0198289255897763
123,23,RANDOM,6,27,2.511841284306126,0.5147175043973546,3.400137845904952,2.446690110197575
123,23,RANDOM,7,28,-0.9095454408830616,-0.3492515681934041,13.720417346901865,0.6732304866326165
123,23,RANDOM,7,29,1.887252995779431,0.2532893470418518,4.669793251640544,3.102821220621613
123,23,RANDOM,7,30,-0.8103740254496519,-1.2281666684525212,5.195255763739602,0.025816064494088575
123,23,RANDOM,8,31,1.8916007679331006,0.4634451679932208,13.21350104992813,3.1995694024170396
123,23,RANDOM,8,32,-0.9660472204911092,0.34554281952723587,14.694464746645526,1.403457696525295
123,23,RANDOM,8,33,0.42051661041972,-0.9869365391062658,2.2021140219670787,1.178196504600323
123,23,RANDOM,9,34,1.7804835990241377,0.6126549499670775,3.1085647542146533,3.689499897980225
123,23,RANDOM,9,35,-0.7284888327557177,-0.3632734430724174,3.696087923680839,0.7884000884432283
123,23,RANDOM,9,36,2.305133270589973,-1.3503699249724854,13.147836165388291,0.8256235090314348
123,23,RANDOM,10,37,-0.23778281882102803,1.2331907421636732,7.83823306238119,2.510783667271886
123,23,RANDOM,10,38,1.7992685754847542,0.5699447577859575,0.9215169025600596,3.097429056790774
123,23,RANDOM,10,39,1.789759681418082,-1.1756353843224563,9.871458640201258,1.7792826642827373
123,23,RANDOM,11,40,0.2869564177139523,0.9411579877421987,6.821530197481967,2.833230000338336
123,23,RANDOM,11,41,2.487697898361425,-0.8229463225207125,14.200910836535515,1.0566407341529074
123,23,RANDOM,11,42,2.0606814300849887,1.2975943673828367,3.9094774386728073,4.115054730664614
123,23,RANDOM,12,43,0.41659020244379374,-1.0204406362669831,12.99324595549701,0.9265877362757131
123,23,RANDOM,12,44,0.9954150042716514,0.9501629263919442,2.4886007905068466,3.802345229943901
123,23,RANDOM,12,45,2.183020804278655,-0.45494845975967513,3.5892890453704056,2.1635287583515743
123,23,RANDOM,13,46,0.12248310125565398,0.8682377137458972,9.020180303153133,2.508598084805379
123,23,RANDOM,13,47,1.0140001781086458,1.732517213227228,14.564392595600893,3.363379726599393
123,23,RANDOM,13,48,1.9913193170683874,-0.7200442909287726,8.63734874394682,2.097431254916688
123,23,RANDOM,14,49,-0.3302586543190783,0.31328809141657876,11.021990512501926,1.3394981414465443
123,23,RANDOM,14,50,1.2630403755744672,0.12740787839054324,0.08522435167483668,1.524503700260251
123,23,RANDOM,14,51,1.2707859725810886,1.1016019817598228,14.238599707171147,3.9394385581083995
123,23,RANDOM,15,52,-0.37052578262108693,0.8965022045403561,8.896532058131502,2.1304305481646053
123,23,RANDOM,15,53,0.3676095154210748,-0.4887490637015446,2.755630696978477,1.479660898221773
123,23,RANDOM,15,54,0.3232459089837809,-1.1633849547442834,11.334586263962436,0.6584815402344171
123,23,RANDOM,16,55,2.5473263261041557,-1.4525947596124307,0.8338084081740096,-0.42448950494005255
123,23,RANDOM,16,56,2.5743261401094006,1.394206297917894,12.009380372751322,2.852552153724173
123,23,RANDOM,16,57,-0.6466802953567876,-1.3108591869024009,8.445908052499522,-0.24989719018622014
123,23,RANDOM,17,58,0.3802452147006037,0.28528363259580125,3.150919219810946,2.197954576071772
123,23,RANDOM,17,59,2.579260798184161,-1.1406109076248923,1.1514617203045976,0.40300646080066294
123,23,RANDOM,17,60,-0.957256240789087,0.8092670047483947,11.88730538241873,2.054314611540983
123,23,RANDOM,18,61,1.3866214667926577,0.02124875753253619,0.8821579164294231,2.3482663853048775
123,23,RANDOM,18,62,0.4586346038050402,-0.2636154774005175,9.897322843723146,1.5621949687360517
123,23,RANDOM,18,63,1.2120345774001722,1.2556710306113774,13.746629698212578,3.985602570031462
123,23,RANDOM,19,64,-1.085531535908576,-1.1732185508915574,9.672792439182416,0.23581461069171716
123,23,RANDOM,19,65,0.6810882760266908,-1.0551377228097845,9.34805373876334,1.269478507356812
123,23,RANDOM,19,66,2.117521558565392,0.7224013603594952,9.367884004368245,3.379558171160399
123,23,RANDOM,20,67,1.6348271837253732,-1.2579155223205576,1.8901121397889749,1.8225059364890521
123,23,RANDOM,20,68,-0.32070213305968576,-1.154288338436174,9.10535174596161,0.0843550661007686
123,23,RANDOM,20,69,2.0621440658986185,1.8998774864954227,14.550441515003246,2.914820318596273
123,23,RANDOM,21,70,2.1553135709890636,0.5060856646672032,5.7615141187472885,3.1135332624678185
123,23,RANDOM,21,71,-0.3761436740040949,1.1177826405189855,9.836889542463119,2.3261958427643767
123,23,RANDOM,21,72,-0.13931202946645183,1.4512547374566038,2.084971308314097,2.6891463249904364
123,23,RANDOM,22,73,0.6048033570041798,1.9164830411941094,5.461788406007724,2.4589079323783745
123,23,RANDOM,22,74,-0.23057948893777103,-0.8685155371801545,1.484321885013522,0.47133299561337627
123,23,RANDOM,22,75,2.3060966408624366,-0.03564583005017852,4.417466204136996,2.2418732580090523
123,23,RANDOM,23,76,1.8723319808577847,-0.3338065037012705,14.28691094814954,2.3606382516211197
123,23,RANDOM,23,77,0.3473332602059922,-0.40100811486075694,4.990845964949756,1.446654545840573
123,23,RANDOM,23,78,2.4390006291481545,0.4457522368175417,3.48315238597521,2.5431422848677823
123,23,RANDOM,24,79,0.8974626421518255,-0.1150803020416511,10.935565964425399,2.1952340832562545
123,23,RANDOM,24,80,2.2105108892729377,1.0328017666978377,5.112344544719225,3.71090289804585
123,23,RANDOM,24,81,2.2753720338110486,-0.4903177604114748,3.0302418282077213,1.9944472727768543
123,23,RANDOM,25,82,2.018970309410852,0.8464907395077566,3.1733365019532958,3.829158435898996
123,23,RANDOM,25,83,-0.8206514203522939,1.9887291282460695,2.1588007088656753,1.184251281938652
123,23,RANDOM,25,84,1.1991503307000682,-1.4051803085750505,11.282872582594448,1.190329148494557
124,24,RANDOM,0,0,0.13421464263323157,-0.08187939526299659,8.621492552088553,1.3477363977329846
124,24,RANDOM,0,1,0.7924159302885432,0.4747437760058777,8.54573997031552,2.8006321777167464
124,24,RANDOM,0,2,2.16657347724665,-1.1974933865315942,11.137386585027752,1.370637511109022
124,24,RANDOM,0,3,1.9657124671926556,0.9925602450950795,6.14947418219028,3.9519987751424406
124,24,RANDOM,0,4,2.423818255886791,-1.3916780229355776,12.044296591935739,0.4831601931399827
124,24,RANDOM,0,5,1.1498557126040572,-1.3560581894107295,4.986658780157507,1.4023570305247772
124,24,RANDOM,0,6,0.31360487338931065,-0.8838413526689186,9.639370104349135,0.9716736892937028
124,24,RANDOM,0,7,0.5414432158864451,1.005316921036683,5.572184810976208,3.2514827221488787
124,24,RANDOM,0,8,-0.89752685164652,1.0049496647938359,10.995946436722052,2.244811146843368
124,24,RANDOM,0,9,-0.7930248735339938,0.12911848465686582,6.828635425442691,1.1499411055045028
124,24,RANDOM,1,10,0.0992305332540322,1.730792371486118,13.536134267782133,2.3012193500282203
124,24,RANDOM,1,11,0.5491010776902534,0.6036368685379627,3.987571048276945,2.8119406951703683
124,24,RANDOM,1,12,1.2522620225086771,0.8922360427092788,8.520577730303492,3.799486680917371
124,24,RANDOM,2,13,2.4778227784830777,1.5571015060360436,1.3736810416396246,3.0364476422318223
124,24,RANDOM,2,14,0.6450115690610787,1.7457345293490576,7.473121353500905,3.019998465730117
124,24,RANDOM,2,15,-0.17739725706534915,1.921023486386868,0.014180588370713072,0.20175146850871317
124,24,RANDOM,3,16,-0.4248890333758846,0.7206282703241396,12.419426339097143,1.8286930623890751
124,24,RANDOM,3,17,0.876098126940823,-0.7570815791843006,11.117536931386889,1.7249952220683074
124,24,RANDOM,3,18,-0.9786022780155137,-0.41783470639975895,1.2445604295577921,0.6666460466693245
124,24,RANDOM,4,19,0.3155111550996612,0.4949404556655592,1.5872158438275,2.2950870074532825
124,24,RANDOM,4,20,1.016584492661237,0.8524165740960807,10.340223822274245,3.5203164505504434
124,24,RANDOM,4,21,-0.6657940101692899,-0.3029848008469047,7.96216856583117,0.6927026137841878
124,24,RANDOM,5,22,0.2817651601798268,1.506572732211188,6.551107462658993,2.9998192607599443
124,24,RANDOM,5,23,1.2647837191352806,-0.7040395039650356,4.275540890339287,2.2772743739999495
124,24,RANDOM,5,24,-0.7156526525478307,-1.0797321837314664,4.958759638263875,0.20711571299870157
124,24,RANDOM,6,25,0.6577872294739449,-0.10015402240625093,13.170400123905774,1.9003045854072083
124,24,RANDOM,6,26,-0.5461015357309664,1.538583229555024,2.0633672134443057,2.399101675032325
124,24,RANDOM,6,27,1.2465169027781586,0.6807534585668065,1.0122248400425398,3.248656278145533
124,24,RANDOM,7,28,2.129960240047226,1.1100494638442218,1.0137683288069883,3.537456122890667
124,24,RANDOM,7,29,0.4680126501449977,-1.269354158570363,9.470987117316126,0.6985204110089505
124,24,RANDOM,7,30,1.870672986821282,-0.7191545029369841,14.207981123790734,2.1162258592499024
124,24,RANDOM,8,31,2.235338400005472,1.4603305492413323,2.366374569476131,3.839301955962648
124,24,RANDOM,8,32,-0.0011491018126039698,1.0729084398761364,8.09762992225919,2.6107695000114863
124,24,RANDOM,8,33,-0.616932772409376,-0.24857701903408325,4.201642227214687,0.8402658675091578
124,24,RANDOM,9,34,1.6710107957946883,1.7297455095976577,0.42159612042149214,2.6284584227040493
124,24,RANDOM,9,35,0.5128164477492179,-0.09435238463595108,12.95423800489655,1.7280637591074404
124,24,RANDOM,9,36,-1.005830849694488,0.4652092773043881,1.2157147751482857,1.5752255692916217
124,24,RANDOM,10,37,0.0013050657083342188,-1.229064506069824,13.28133744451173,0.17205410636625418
124,24,RANDOM,10,38,1.4442622376887604,-0.17597645243297322,3.7148155099818743,2.745998250797598
124,24,RANDOM,10,39,-0.07676876989424364,-1.0188067393962894,1.7476449028020715,0.533519557147847
124,24,RANDOM,11,40,0.6585508575230046,0.16434166344290269,5.676018535126722,2.3156927075562113
124,24,RANDOM,11,41,0.2998503999590618,1.2364929589452203,12.377219760538626,2.977771583655841
124,24,RANDOM,11,42,2.612173027892679,-1.1567120357827314,0.4634967348023548,-0.6623922234142856
124,24,RANDOM,12,43,0.9908331783106301,-1.0500192858455644,5.722864484485466,1.7111971359100584
124,24,RANDOM,12,44,1.1546961381713299,1.5011819341871595,0.5374981120764531,2.9815461232346294
124,24,RANDOM,12,45,-0.8045143751798441,-0.540202353437791,0.5634690540005899,-0.3616063292416587
124,24,RANDOM,13,46,-0.015889582454542195,-0.2834541830547783,2.4039969823581773,1.179661661913714
124,24,RANDOM,13,47,0.20130514065278793,0.02454478371949831,11.276401481674124,1.4833671611694994
124,24,RANDOM,13,48,0.9352327062222203,1.7228762993739801,7.612864778354261,3.409775884304435
124,24,RANDOM,14,49,-0.4944851369776525,1.0404431603867446,4.198638116395448,2.3641831470400385
124,24,RANDOM,14,50,0.03545290987247651,-0.9119863280649074,8.178044672684779,0.6599975630499393
124,24,RANDOM,14,51,1.1485234684873258,1.6054527353223893,9.53202049894144,3.8032634899001714
124,24,RANDOM,15,52,1.3466510090464756,-0.14971241571670513,1.8543951893151343,2.695898935199738
124,24,RANDOM,15,53,2.089981247959554,1.6619137863747437,0.35775424675632295,2.4232708680044515
124,24,RANDOM,15,54,-0.8890950435414303,-1.147450059352954,5.629169232839655,0.17720233539449715
124,24,RANDOM,16,55,0.9181395458132231,0.881803008001965,14.70889867495068,3.4016204642218764
124,24,RANDOM,16,56,1.7601770834279797,1.9696031879652018,5.2699419617760075,3.0092159351572008
124,24,RANDOM,16,57,2.1870067935123902,-1.3811725810391144,4.500355418509335,1.1514303151539838
124,24,RANDOM,17,58,1.5362358127464928,0.09130336624296254,1.843048294005781,2.9965808038547506
124,24,RANDOM,17,59,1.2863105620724729,-0.16714615274268319,9.834782268928086,2.5124602528865685
124,24,RANDOM,17,60,-0.6477248636264179,1.1343966964297447,5.598573456204271,2.3767095158054383
124,24,RANDOM,18,61,0.09243149885561275,-0.9407607843708703,7.744011082384677,0.7049235715027327
124,24,RANDOM,18,62,1.069396972702683,0.1461904223070536,12.549368549527067,2.613637363519325
124,24,RANDOM,18,63,1.8901249658556316,-1.4755779382864032,1.540658501493107,1.1772761554756477
124,24,RANDOM,19,64,0.6683573846711244,0.24367838428842958,4.329564331499932,2.4674882943852428
124,24,RANDOM,19,65,1.6547188268853437,-1.3488835913230686,10.03496024818099,1.5050874147744682
124,24,RANDOM,19,66,-0.9541836874425368,-0.08473575357715757,10.032491836497933,0.9678688650210809
124,24,RANDOM,20,67,-1.0926896545421823,1.607333647980023,7.525957034884244,2.47721470670216
124,24,RANDOM,20,68,2.060999515362544,0.5161626856969308,6.406650953081261,3.2346099455427657
124,24,RANDOM,20,69,0.914659255704843,-0.8402999931409578,1.8274357508783177,1.8568594227718311
124,24,RANDOM,21,70,0.9765016850658692,-0.7831319559433536,13.082220881692137,1.7895705063431493
124,24,RANDOM,21,71,-0.8921963887025754,0.706718981226635,5.447716600920885,2.0016552840614485
124,24,RANDOM,21,72,1.8686672546236092,-1.2961085402818764,0.27171957888411263,0.28614337113091826
124,24,RANDOM,22,73,-0.3936729029291992,1.522962083190209,13.632507022205322,2.2531298819272525
124,24,RANDOM,22,74,-0.06328001454911125,1.7516399357857324,4.030146351469266,2.2842222508561196
124,24,RANDOM,22,75,1.6282471919986188,-0.3477109094236288,11.849982605797692,2.455993286714567
124,24,RANDOM,23,76,2.338800356387876,1.8818101571840349,4.540240248436863,2.722244261896533
124,24,RANDOM,23,77,0.1427036658127101,-0.7975379819522785,5.682900171599113,0.9288898655008666
124,24,RANDOM,23,78,2.1745249561920037,-0.08992546350733366,14.46116852411291,2.2283476899648473
124,24,RANDOM,24,79,-0.2198022299823832,-1.1631488167847714,1.4406262562153358,0.15202725895304714
124,24,RANDOM,24,80,1.3738772499862817,-0.3899023228374805,0.6694431559449073,1.6826671623506995
124,24,RANDOM,24,81,1.7270269175601762,-0.7996130729563514,14.960549402972058,2.117410035557926
124,24,RANDOM,25,82,0.09526251920019857,1.5000543080884907,11.557067623162016,2.694687604666794
124,24,RANDOM,25,83,2.260235856509722,1.0707357901512755,12.235072561331007,3.5081463761530722
124,24,RANDOM,25,84,0.8519923641117244,1.4714984267328877,1.9708141407954913,3.80172662905174
