run_id,seed,acq,iteration,best_value,best_x1,best_x2,best_x3
0,0,TEI,0,3.1416117937407844,9.099536636507699,10.942448414759976,8.154374871981343
0,0,TEI,1,3.1416117937407844,9.099536636507699,10.942448414759976,8.154374871981343
0,0,TEI,2,3.1416117937407844,9.099536636507699,10.942448414759976,8.154374871981343
0,0,TEI,3,3.1416117937407844,9.099536636507699,10.942448414759976,8.154374871981343
0,0,TEI,4,3.1691352417386445,9.34624142472565,11.521822602156188,8.726548072644093
0,0,TEI,5,3.4763073533118116,10.926236891963983,5.0990440135881325,3.6407399777096976
0,0,TEI,6,3.4763073533118116,10.926236891963983,5.0990440135881325,3.6407399777096976
0,0,TEI,7,3.5409405556585822,8.248846598025514,4.814591905753819,3.6046878865192755
0,0,TEI,8,3.642031522369778,9.790222903564075,4.600194155005497,3.754810222924052
0,0,TEI,9,3.80681780833945,10.59518817372418,4.244210018371154,4.4895665601914985
0,0,TEI,10,3.80681780833945,10.59518817372418,4.244210018371154,4.4895665601914985
0,0,TEI,11,3.80681780833945,10.59518817372418,4.244210018371154,4.4895665601914985
0,0,TEI,12,3.9004321291559787,11.454650561300745,4.064058437957537,4.564225290429322
0,0,TEI,13,3.9004321291559787,11.454650561300745,4.064058437957537,4.564225290429322
0,0,TEI,14,3.923927835983099,11.44126408490807,4.156861719579931,4.496250240925817
0,0,TEI,15,4.094823514750331,4.2762194487695115,4.674435290385189,4.08304399836873
0,0,TEI,16,4.135670231273823,3.9381016408618894,3.6073686874434108,4.121935542133005
0,0,TEI,17,4.203327377560155,4.102888501178294,4.176005201137815,3.748899976021362
0,0,TEI,18,4.203327377560155,4.102888501178294,4.176005201137815,3.748899976021362
0,0,TEI,19,4.231871402039447,3.910378972798037,4.279741945211162,4.0488125029190245
0,0,TEI,20,4.231871402039447,3.910378972798037,4.279741945211162,4.0488125029190245
0,0,TEI,21,4.242388915625752,4.000812754270459,4.062275168395129,4.293351440680674
0,0,TEI,22,4.242388915625752,4.000812754270459,4.062275168395129,4.293351440680674
0,0,TEI,23,4.2649169321667095,4.134180250577934,4.0932063869376325,4.022478204107997
0,0,TEI,24,4.2649169321667095,4.134180250577934,4.0932063869376325,4.022478204107997
0,0,TEI,25,4.2649169321667095,4.134180250577934,4.0932063869376325,4.022478204107997
1,1,TEI,0,3.616167873236414,4.945975747486383,11.826430551426064,4.547922439374675
1,1,TEI,1,3.616167873236414,4.945975747486383,11.826430551426064,4.547922439374675
1,1,TEI,2,3.616167873236414,4.945975747486383,11.826430551426064,4.547922439374675
1,1,TEI,3,3.616167873236414,4.945975747486383,11.826430551426064,4.547922439374675
1,1,TEI,4,3.616167873236414,4.945975747486383,11.826430551426064,4.547922439374675
1,1,TEI,5,3.616167873236414,4.945975747486383,11.826430551426064,4.547922439374675
1,1,TEI,6,4.00003829090943,4.088589905655188,4.034621686885873,11.365011440714747
1,1,TEI,7,4.00003829090943,4.088589905655188,4.034621686885873,11.365011440714747
1,1,TEI,8,4.00003829090943,4.088589905655188,4.034621686885873,11.365011440714747
1,1,TEI,9,4.001316518364829,4.092351043712503,3.9558953526171,11.512991177074795
1,1,TEI,10,4.001316518364829,4.092351043712503,3.9558953526171,11.512991177074795
1,1,TEI,11,4.001316518364829,4.092351043712503,3.9558953526171,11.512991177074795
1,1,TEI,12,4.001316518364829,4.092351043712503,3.9558953526171,11.512991177074795
1,1,TEI,13,4.012593747204452,4.101853797934288,4.060332308803319,11.65280128107588
1,1,TEI,14,4.012593747204452,4.101853797934288,4.060332308803319,11.65280128107588
1,1,TEI,15,4.012593747204452,4.101853797934288,4.060332308803319,11.65280128107588
1,1,TEI,16,4.012593747204452,4.101853797934288,4.060332308803319,11.65280128107588
1,1,TEI,17,4.012593747204452,4.101853797934288,4.060332308803319,11.65280128107588
1,1,TEI,18,4.012593747204452,4.101853797934288,4.060332308803319,11.65280128107588
1,1,TEI,19,4.012593747204452,4.101853797934288,4.060332308803319,11.65280128107588
1,1,TEI,20,4.012593747204452,4.101853797934288,4.060332308803319,11.65280128107588
1,1,TEI,21,4.012593747204452,4.101853797934288,4.060332308803319,11.65280128107588
1,1,TEI,22,4.012593747204452,4.101853797934288,4.060332308803319,11.65280128107588
1,1,TEI,23,4.012593747204452,4.101853797934288,4.060332308803319,11.65280128107588
1,1,TEI,24,4.012593747204452,4.101853797934288,4.060332308803319,11.65280128107588
1,1,TEI,25,4.012593747204452,4.101853797934288,4.060332308803319,11.65280128107588
2,2,TEI,0,3.862697100551329,3.924182013739746,4.477367151211849,12.213386108914206
2,2,TEI,1,3.862697100551329,3.924182013739746,4.477367151211849,12.213386108914206
2,2,TEI,2,3.9261552823303685,4.312147071219851,3.9812200713750627,12.180450684039668
2,2,TEI,3,3.9261552823303685,4.312147071219851,3.9812200713750627,12.180450684039668
2,2,TEI,4,3.9261552823303685,4.312147071219851,3.9812200713750627,12.180450684039668
2,2,TEI,5,3.9261552823303685,4.312147071219851,3.9812200713750627,12.180450684039668
2,2,TEI,6,3.9261552823303685,4.312147071219851,3.9812200713750627,12.180450684039668
2,2,TEI,7,3.9261552823303685,4.312147071219851,3.9812200713750627,12.180450684039668
2,2,TEI,8,3.9492979511677735,4.337638943416977,4.04256682108243,11.173493264226957
2,2,TEI,9,3.9998278715164846,4.133256765417364,3.9637228063192724,11.47992556885138
2,2,TEI,10,4.005648850862716,4.15483131965357,4.0532798524660905,11.470401549957417
2,2,TEI,11,4.252143637470331,4.114463583128304,4.236815972723767,4.179282565180581
2,2,TEI,12,4.252143637470331,4.114463583128304,4.236815972723767,4.179282565180581
2,2,TEI,13,4.263186265778912,4.059741052950478,3.9987350640060795,4.118597250846449
2,2,TEI,14,4.263186265778912,4.059741052950478,3.9987350640060795,4.118597250846449
2,2,TEI,15,4.263186265778912,4.059741052950478,3.9987350640060795,4.118597250846449
2,2,TEI,16,4.263186265778912,4.059741052950478,3.9987350640060795,4.118597250846449
2,2,TEI,17,4.263186265778912,4.059741052950478,3.9987350640060795,4.118597250846449
2,2,TEI,18,4.263186265778912,4.059741052950478,3.9987350640060795,4.118597250846449
2,2,TEI,19,4.263186265778912,4.059741052950478,3.9987350640060795,4.118597250846449
2,2,TEI,20,4.263186265778912,4.059741052950478,3.9987350640060795,4.118597250846449
2,2,TEI,21,4.263433005375109,4.136771479473194,4.056232086246369,4.165039136211621
2,2,TEI,22,4.263433005375109,4.136771479473194,4.056232086246369,4.165039136211621
2,2,TEI,23,4.265052023738072,4.088415669905483,4.017046635424697,4.053963988183076
2,2,TEI,24,4.265052023738072,4.088415669905483,4.017046635424697,4.053963988183076
2,2,TEI,25,4.265052023738072,4.088415669905483,4.017046635424697,4.053963988183076
3,3,TEI,0,2.971168020912234,6.459420306212667,8.80197857157211,11.067566809382402
3,3,TEI,1,3.052507496232127,6.525334783207878,12.284830097980425,11.065024058508524
3,3,TEI,2,3.052507496232127,6.525334783207878,12.284830097980425,11.065024058508524
3,3,TEI,3,3.052507496232127,6.525334783207878,12.284830097980425,11.065024058508524
3,3,TEI,4,3.2608609067562186,7.274853118224263,11.4867704351013,11.104203620154678
3,3,TEI,5,3.2608609067562186,7.274853118224263,11.4867704351013,11.104203620154678
3,3,TEI,6,3.2608609067562186,7.274853118224263,11.4867704351013,11.104203620154678
3,3,TEI,7,3.584627676612685,12.234125867655365,3.5735571719290187,4.817150822359717
3,3,TEI,8,3.795265249434891,11.037265534169357,3.830579807946709,4.626313303211678
3,3,TEI,9,3.795265249434891,11.037265534169357,3.830579807946709,4.626313303211678
3,3,TEI,10,3.915308088807584,11.448823805824603,4.044951676213914,4.524319287824568
3,3,TEI,11,3.995337350328521,11.761280239246215,4.112245999002321,3.9213610137335104
3,3,TEI,12,4.0021500911052375,11.47778400443001,4.15302300887567,3.994495518762365
3,3,TEI,13,4.0021500911052375,11.47778400443001,4.15302300887567,3.994495518762365
3,3,TEI,14,4.0021500911052375,11.47778400443001,4.15302300887567,3.994495518762365
3,3,TEI,15,4.0021500911052375,11.47778400443001,4.15302300887567,3.994495518762365
3,3,TEI,16,4.0021500911052375,11.47778400443001,4.15302300887567,3.994495518762365
3,3,TEI,17,4.0021500911052375,11.47778400443001,4.15302300887567,3.994495518762365
3,3,TEI,18,4.004232142863887,11.442362682944427,4.024533463161268,4.0521766483431385
3,3,TEI,19,4.004232142863887,11.442362682944427,4.024533463161268,4.0521766483431385
3,3,TEI,20,4.00884821512102,11.54809825007624,4.162127750256764,4.101268284443442
3,3,TEI,21,4.00884821512102,11.54809825007624,4.162127750256764,4.101268284443442
3,3,TEI,22,4.00884821512102,11.54809825007624,4.162127750256764,4.101268284443442
3,3,TEI,23,4.010850736526689,11.535092506186329,4.111042916371149,4.064699881128878
3,3,TEI,24,4.010850736526689,11.535092506186329,4.111042916371149,4.064699881128878
3,3,TEI,25,4.010850736526689,11.535092506186329,4.111042916371149,4.064699881128878
4,4,TEI,0,2.985138117558773,7.468013981780617,7.404297509341723,7.503392840231188
4,4,TEI,1,3.4022654558143337,7.468467749234882,4.566602036535034,10.85201619587927
4,4,TEI,2,3.4022654558143337,7.468467749234882,4.566602036535034,10.85201619587927
4,4,TEI,3,3.4022654558143337,7.468467749234882,4.566602036535034,10.85201619587927
4,4,TEI,4,3.4022654558143337,7.468467749234882,4.566602036535034,10.85201619587927
4,4,TEI,5,3.4117608289111043,7.7748437685204745,4.477400380779782,10.483785314891703
4,4,TEI,6,3.5919934491711327,8.115563553098136,4.10100650893316,11.115590842640222
4,4,TEI,7,3.5919934491711327,8.115563553098136,4.10100650893316,11.115590842640222
4,4,TEI,8,3.6571432568544706,11.298935407199348,4.460781291832625,11.928194420864402
4,4,TEI,9,3.6571432568544706,11.298935407199348,4.460781291832625,11.928194420864402
4,4,TEI,10,3.6571432568544706,11.298935407199348,4.460781291832625,11.928194420864402
4,4,TEI,11,3.725031068536365,11.409567089574821,4.276240482953702,11.828007935340187
4,4,TEI,12,3.756779438231516,11.66887692585712,4.054903024182743,11.586902135641592
4,4,TEI,13,3.9170594720995338,3.794517581629857,4.047541543754324,11.034586583245016
4,4,TEI,14,3.9170594720995338,3.794517581629857,4.047541543754324,11.034586583245016
4,4,TEI,15,3.9170594720995338,3.794517581629857,4.047541543754324,11.034586583245016
4,4,TEI,16,3.960397051187156,3.9090732473200083,4.019416816870025,11.157251093785586
4,4,TEI,17,3.9840398408626587,3.8747940305187454,3.9989985044769987,11.57226290814533
4,4,TEI,18,3.992634171073526,4.011024972407363,4.264466238984202,11.547098319218362
4,4,TEI,19,3.992634171073526,4.011024972407363,4.264466238984202,11.547098319218362
4,4,TEI,20,3.992634171073526,4.011024972407363,4.264466238984202,11.547098319218362
4,4,TEI,21,3.992634171073526,4.011024972407363,4.264466238984202,11.547098319218362
4,4,TEI,22,3.992634171073526,4.011024972407363,4.264466238984202,11.547098319218362
4,4,TEI,23,3.992634171073526,4.011024972407363,4.264466238984202,11.547098319218362
4,4,TEI,24,4.008588100116191,4.000237128434694,4.110153987607418,11.60206627061331
4,4,TEI,25,4.008588100116191,4.000237128434694,4.110153987607418,11.60206627061331
5,5,TEI,0,3.2795456276400468,12.075043856180702,12.119111846047407,7.72988341563213
5,5,TEI,1,3.2795456276400468,12.075043856180702,12.119111846047407,7.72988341563213
5,5,TEI,2,3.2795456276400468,12.075043856180702,12.119111846047407,7.72988341563213
5,5,TEI,3,3.2795456276400468,12.075043856180702,12.119111846047407,7.72988341563213
5,5,TEI,4,3.456652028072611,12.118240448665654,11.690031136277502,11.75597303127397
5,5,TEI,5,3.456652028072611,12.118240448665654,11.690031136277502,11.75597303127397
5,5,TEI,6,3.456652028072611,12.118240448665654,11.690031136277502,11.75597303127397
5,5,TEI,7,3.575340205415441,3.818740045377676,11.865453734720392,10.460057817330156
5,5,TEI,8,3.575340205415441,3.818740045377676,11.865453734720392,10.460057817330156
5,5,TEI,9,3.6651690194246647,4.77943448273542,11.54854513458764,4.6428294498547364
5,5,TEI,10,3.6651690194246647,4.77943448273542,11.54854513458764,4.6428294498547364
5,5,TEI,11,3.6651690194246647,4.77943448273542,11.54854513458764,4.6428294498547364
5,5,TEI,12,3.6651690194246647,4.77943448273542,11.54854513458764,4.6428294498547364
5,5,TEI,13,3.747973073249344,4.701875212502596,11.35531379417439,4.507173315925814
5,5,TEI,14,3.9901422796089236,3.998487231649754,11.31567201184636,4.014571903798979
5,5,TEI,15,3.9901422796089236,3.998487231649754,11.31567201184636,4.014571903798979
5,5,TEI,16,4.002587379875875,3.9578905856273283,11.581233731442062,4.04384046672122
5,5,TEI,17,4.002587379875875,3.9578905856273283,11.581233731442062,4.04384046672122
5,5,TEI,18,4.002587379875875,3.9578905856273283,11.581233731442062,4.04384046672122
5,5,TEI,19,4.002587379875875,3.9578905856273283,11.581233731442062,4.04384046672122
5,5,TEI,20,4.008606092029056,4.074797214122489,11.750493859047934,4.152536211983151
5,5,TEI,21,4.008606092029056,4.074797214122489,11.750493859047934,4.152536211983151
5,5,TEI,22,4.008606092029056,4.074797214122489,11.750493859047934,4.152536211983151
5,5,TEI,23,4.008606092029056,4.074797214122489,11.750493859047934,4.152536211983151
5,5,TEI,24,4.008606092029056,4.074797214122489,11.750493859047934,4.152536211983151
5,5,TEI,25,4.008606092029056,4.074797214122489,11.750493859047934,4.152536211983151
6,6,TEI,0,3.1277159513464596,10.114858957567403,4.949451830781875,10.198764917460334
6,6,TEI,1,3.1277159513464596,10.114858957567403,4.949451830781875,10.198764917460334
6,6,TEI,2,3.5092072239399865,3.786019727059289,4.9415102374078,10.174492290027889
6,6,TEI,3,3.5092072239399865,3.786019727059289,4.9415102374078,10.174492290027889
6,6,TEI,4,3.5092072239399865,3.786019727059289,4.9415102374078,10.174492290027889
6,6,TEI,5,3.5092072239399865,3.786019727059289,4.9415102374078,10.174492290027889
6,6,TEI,6,3.6710309789014373,4.657373349261373,4.914231456981969,3.5003992014791074
6,6,TEI,7,3.6710309789014373,4.657373349261373,4.914231456981969,3.5003992014791074
6,6,TEI,8,3.9208668569155822,4.404913233666813,4.907885258056119,3.863422309827191
6,6,TEI,9,3.9208668569155822,4.404913233666813,4.907885258056119,3.863422309827191
6,6,TEI,10,3.9208668569155822,4.404913233666813,4.907885258056119,3.863422309827191
6,6,TEI,11,3.9304018906416958,4.483002045820635,4.101705373322723,11.833637891903525
6,6,TEI,12,4.213186465548995,3.9536445848876767,3.7978276429559275,4.047971069049819
6,6,TEI,13,4.264434895841211,4.077088386570685,4.063243741333922,4.006630226248938
6,6,TEI,14,4.264434895841211,4.077088386570685,4.063243741333922,4.006630226248938
6,6,TEI,15,4.264434895841211,4.077088386570685,4.063243741333922,4.006630226248938
6,6,TEI,16,4.264434895841211,4.077088386570685,4.063243741333922,4.006630226248938
6,6,TEI,17,4.264434895841211,4.077088386570685,4.063243741333922,4.006630226248938
6,6,TEI,18,4.264434895841211,4.077088386570685,4.063243741333922,4.006630226248938
6,6,TEI,19,4.264434895841211,4.077088386570685,4.063243741333922,4.006630226248938
6,6,TEI,20,4.264434895841211,4.077088386570685,4.063243741333922,4.006630226248938
6,6,TEI,21,4.264434895841211,4.077088386570685,4.063243741333922,4.006630226248938
6,6,TEI,22,4.264434895841211,4.077088386570685,4.063243741333922,4.006630226248938
6,6,TEI,23,4.264434895841211,4.077088386570685,4.063243741333922,4.006630226248938
6,6,TEI,24,4.264434895841211,4.077088386570685,4.063243741333922,4.006630226248938
6,6,TEI,25,4.264434895841211,4.077088386570685,4.063243741333922,4.006630226248938
7,7,TEI,0,3.6687845282119675,7.0190242926558115,4.545486402289703,4.1763841815116
7,7,TEI,1,3.6687845282119675,7.0190242926558115,4.545486402289703,4.1763841815116
7,7,TEI,2,3.6687845282119675,7.0190242926558115,4.545486402289703,4.1763841815116
7,7,TEI,3,3.6687845282119675,7.0190242926558115,4.545486402289703,4.1763841815116
7,7,TEI,4,3.6687845282119675,7.0190242926558115,4.545486402289703,4.1763841815116
7,7,TEI,5,3.6687845282119675,7.0190242926558115,4.545486402289703,4.1763841815116
7,7,TEI,6,3.6687845282119675,7.0190242926558115,4.545486402289703,4.1763841815116
7,7,TEI,7,3.6687845282119675,7.0190242926558115,4.545486402289703,4.1763841815116
7,7,TEI,8,3.730642491845832,7.01902586442445,3.826729595683192,3.987230323078059
7,7,TEI,9,3.730642491845832,7.01902586442445,3.826729595683192,3.987230323078059
7,7,TEI,10,3.730642491845832,7.01902586442445,3.826729595683192,3.987230323078059
7,7,TEI,11,3.8689968402989923,8.019210011726225,3.9337492159466194,4.020888251747666
7,7,TEI,12,3.8689968402989923,8.019210011726225,3.9337492159466194,4.020888251747666
7,7,TEI,13,3.8689968402989923,8.019210011726225,3.9337492159466194,4.020888251747666
7,7,TEI,14,3.8689968402989923,8.019210011726225,3.9337492159466194,4.020888251747666
7,7,TEI,15,3.8689968402989923,8.019210011726225,3.9337492159466194,4.020888251747666
7,7,TEI,16,3.8774378269310388,8.22146264689962,4.192042032127886,4.014975096368331
7,7,TEI,17,3.8774378269310388,8.22146264689962,4.192042032127886,4.014975096368331
7,7,TEI,18,3.8774378269310388,8.22146264689962,4.192042032127886,4.014975096368331
7,7,TEI,19,3.8780228671443187,8.256052204201177,3.970788409495185,4.1094589433619095
7,7,TEI,20,3.8780228671443187,8.256052204201177,3.970788409495185,4.1094589433619095
7,7,TEI,21,3.8780228671443187,8.256052204201177,3.970788409495185,4.1094589433619095
7,7,TEI,22,3.8780228671443187,8.256052204201177,3.970788409495185,4.1094589433619095
7,7,TEI,23,3.8794728971460968,7.999395991008809,4.001042738728956,4.087848391983535
7,7,TEI,24,3.8794728971460968,7.999395991008809,4.001042738728956,4.087848391983535
7,7,TEI,25,3.8794728971460968,7.999395991008809,4.001042738728956,4.087848391983535
8,8,TEI,0,3.6582849562760646,7.184481812440755,3.6202821762702344,3.857178728266946
8,8,TEI,1,3.6582849562760646,7.184481812440755,3.6202821762702344,3.857178728266946
8,8,TEI,2,3.6582849562760646,7.184481812440755,3.6202821762702344,3.857178728266946
8,8,TEI,3,3.6582849562760646,7.184481812440755,3.6202821762702344,3.857178728266946
8,8,TEI,4,3.6744848222434614,8.422295510695411,3.5705171592808957,3.727208415349273
8,8,TEI,5,3.6744848222434614,8.422295510695411,3.5705171592808957,3.727208415349273
8,8,TEI,6,3.754468600881976,8.02876239475048,3.861681703982595,3.6451060812541094
8,8,TEI,7,3.7975718886090677,7.931298864811877,3.8532816472562077,3.7683283942468555
8,8,TEI,8,3.884719238960934,8.233104785311202,4.0560993689062546,4.120533152028831
8,8,TEI,9,3.884719238960934,8.233104785311202,4.0560993689062546,4.120533152028831
8,8,TEI,10,4.001910718689382,3.957144726453354,4.15008067086932,11.612752316316143
8,8,TEI,11,4.001910718689382,3.957144726453354,4.15008067086932,11.612752316316143
8,8,TEI,12,4.001910718689382,3.957144726453354,4.15008067086932,11.612752316316143
8,8,TEI,13,4.001910718689382,3.957144726453354,4.15008067086932,11.612752316316143
8,8,TEI,14,4.001910718689382,3.957144726453354,4.15008067086932,11.612752316316143
8,8,TEI,15,4.002972443731611,4.201512328629152,4.168638772531652,11.654534620371376
8,8,TEI,16,4.002972443731611,4.201512328629152,4.168638772531652,11.654534620371376
8,8,TEI,17,4.002972443731611,4.201512328629152,4.168638772531652,11.654534620371376
8,8,TEI,18,4.007311582581815,4.184443579190103,4.079186206768147,11.562438314363268
8,8,TEI,19,4.007311582581815,4.184443579190103,4.079186206768147,11.562438314363268
8,8,TEI,20,4.007311582581815,4.184443579190103,4.079186206768147,11.562438314363268
8,8,TEI,21,4.00838613628592,4.026265601607607,4.14343303139958,11.555052613580662
8,8,TEI,22,4.00838613628592,4.026265601607607,4.14343303139958,11.555052613580662
8,8,TEI,23,4.00838613628592,4.026265601607607,4.14343303139958,11.555052613580662
8,8,TEI,24,4.00838613628592,4.026265601607607,4.14343303139958,11.555052613580662
8,8,TEI,25,4.00838613628592,4.026265601607607,4.14343303139958,11.555052613580662
9,9,TEI,0,3.8905142734359295,4.487716097973701,11.11122724313623,4.196208296224305
9,9,TEI,1,3.8905142734359295,4.487716097973701,11.11122724313623,4.196208296224305
9,9,TEI,2,3.8905142734359295,4.487716097973701,11.11122724313623,4.196208296224305
9,9,TEI,3,3.8905142734359295,4.487716097973701,11.11122724313623,4.196208296224305
9,9,TEI,4,3.8905142734359295,4.487716097973701,11.11122724313623,4.196208296224305
9,9,TEI,5,3.8905142734359295,4.487716097973701,11.11122724313623,4.196208296224305
9,9,TEI,6,3.951559574089937,4.293807220215459,11.201384819439971,3.9376723272731655
9,9,TEI,7,3.951559574089937,4.293807220215459,11.201384819439971,3.9376723272731655
9,9,TEI,8,3.9944443444496516,4.066561130111909,3.343019320774415,4.152644367549194
9,9,TEI,9,3.9944443444496516,4.066561130111909,3.343019320774415,4.152644367549194
9,9,TEI,10,4.232177055784977,4.0226654312706955,4.346943493663042,4.079000355652736
9,9,TEI,11,4.232177055784977,4.0226654312706955,4.346943493663042,4.079000355652736
9,9,TEI,12,4.232177055784977,4.0226654312706955,4.346943493663042,4.079000355652736
9,9,TEI,13,4.232177055784977,4.0226654312706955,4.346943493663042,4.079000355652736
9,9,TEI,14,4.232177055784977,4.0226654312706955,4.346943493663042,4.079000355652736
9,9,TEI,15,4.232177055784977,4.0226654312706955,4.346943493663042,4.079000355652736
9,9,TEI,16,4.251468736486338,4.108372953338247,3.926370160671342,4.016127991795496
9,9,TEI,17,4.251468736486338,4.108372953338247,3.926370160671342,4.016127991795496
9,9,TEI,18,4.251468736486338,4.108372953338247,3.926370160671342,4.016127991795496
9,9,TEI,19,4.263577227719605,4.16004297341406,4.147568442182301,4.070373461520295
9,9,TEI,20,4.263577227719605,4.16004297341406,4.147568442182301,4.070373461520295
9,9,TEI,21,4.263577227719605,4.16004297341406,4.147568442182301,4.070373461520295
9,9,TEI,22,4.263577227719605,4.16004297341406,4.147568442182301,4.070373461520295
9,9,TEI,23,4.263577227719605,4.16004297341406,4.147568442182301,4.070373461520295
9,9,TEI,24,4.263577227719605,4.16004297341406,4.147568442182301,4.070373461520295
9,9,TEI,25,4.263577227719605,4.16004297341406,4.147568442182301,4.070373461520295
10,10,TEI,0,3.625563274933772,7.767513204253045,4.83711838149092,4.236502757470194
10,10,TEI,1,3.625563274933772,7.767513204253045,4.83711838149092,4.236502757470194
10,10,TEI,2,3.625563274933772,7.767513204253045,4.83711838149092,4.236502757470194
10,10,TEI,3,3.625563274933772,7.767513204253045,4.83711838149092,4.236502757470194
10,10,TEI,4,3.625563274933772,7.767513204253045,4.83711838149092,4.236502757470194
10,10,TEI,5,3.625563274933772,7.767513204253045,4.83711838149092,4.236502757470194
10,10,TEI,6,3.625563274933772,7.767513204253045,4.83711838149092,4.236502757470194
10,10,TEI,7,4.216470201294165,4.361016371434724,4.024661832368865,4.241896718018757
10,10,TEI,8,4.216470201294165,4.361016371434724,4.024661832368865,4.241896718018757
10,10,TEI,9,4.216470201294165,4.361016371434724,4.024661832368865,4.241896718018757
10,10,TEI,10,4.216470201294165,4.361016371434724,4.024661832368865,4.241896718018757
10,10,TEI,11,4.216470201294165,4.361016371434724,4.024661832368865,4.241896718018757
10,10,TEI,12,4.222685189805743,4.185669924652981,3.8114508835849845,4.095796479367982
10,10,TEI,13,4.222685189805743,4.185669924652981,3.8114508835849845,4.095796479367982
10,10,TEI,14,4.258584744138986,4.009776475776955,4.199336312982335,4.096935438141439
10,10,TEI,15,4.258584744138986,4.009776475776955,4.199336312982335,4.096935438141439
10,10,TEI,16,4.26128543597001,4.1641077525864825,4.022731748193144,4.1457075567863475
10,10,TEI,17,4.26128543597001,4.1641077525864825,4.022731748193144,4.1457075567863475
10,10,TEI,18,4.26128543597001,4.1641077525864825,4.022731748193144,4.1457075567863475
10,10,TEI,19,4.26128543597001,4.1641077525864825,4.022731748193144,4.1457075567863475
10,10,TEI,20,4.26128543597001,4.1641077525864825,4.022731748193144,4.1457075567863475
10,10,TEI,21,4.26128543597001,4.1641077525864825,4.022731748193144,4.1457075567863475
10,10,TEI,22,4.26128543597001,4.1641077525864825,4.022731748193144,4.1457075567863475
10,10,TEI,23,4.26128543597001,4.1641077525864825,4.022731748193144,4.1457075567863475
10,10,TEI,24,4.26128543597001,4.1641077525864825,4.022731748193144,4.1457075567863475
10,10,TEI,25,4.26128543597001,4.1641077525864825,4.022731748193144,4.1457075567863475
11,11,TEI,0,3.238547029203167,5.299122825906721,8.873929559235652,3.5295184750137083
11,11,TEI,1,3.293275586543987,3.076942945286339,10.574972296209769,4.65703551638324
11,11,TEI,2,3.293275586543987,3.076942945286339,10.574972296209769,4.65703551638324
11,11,TEI,3,3.5362282155423057,4.248447558084976,8.542845916566211,3.2593501242888707
11,11,TEI,4,3.5362282155423057,4.248447558084976,8.542845916566211,3.2593501242888707
11,11,TEI,5,3.8216163401590997,4.15658790957931,7.525338639162477,4.308334944226696
11,11,TEI,6,3.8216163401590997,4.15658790957931,7.525338639162477,4.308334944226696
11,11,TEI,7,3.8265622489931426,4.1984717333304005,7.415837247037342,4.1535356732363375
11,11,TEI,8,3.8265622489931426,4.1984717333304005,7.415837247037342,4.1535356732363375
11,11,TEI,9,3.8827949867642406,4.128056001438894,8.216495718126078,4.154196637340901
11,11,TEI,10,3.8827949867642406,4.128056001438894,8.216495718126078,4.154196637340901
11,11,TEI,11,3.8827949867642406,4.128056001438894,8.216495718126078,4.154196637340901
11,11,TEI,12,3.8827949867642406,4.128056001438894,8.216495718126078,4.154196637340901
11,11,TEI,13,4.08747534004183,3.7379577932849033,4.199898370459004,3.6297035792634436
11,11,TEI,14,4.11120304518338,4.096561273048385,4.151102489029679,3.53859312308274
11,11,TEI,15,4.11120304518338,4.096561273048385,4.151102489029679,3.53859312308274
11,11,TEI,16,4.251701748635298,4.024868827686092,4.241283130948857,4.021045934917104
11,11,TEI,17,4.251701748635298,4.024868827686092,4.241283130948857,4.021045934917104
11,11,TEI,18,4.256912525486337,4.198285016252557,4.064282896957817,3.9930630516192274
11,11,TEI,19,4.256912525486337,4.198285016252557,4.064282896957817,3.9930630516192274
11,11,TEI,20,4.256912525486337,4.198285016252557,4.064282896957817,3.9930630516192274
11,11,TEI,21,4.256912525486337,4.198285016252557,4.064282896957817,3.9930630516192274
11,11,TEI,22,4.258042308476702,4.1603936568778295,4.085414325027317,4.208350659654183
11,11,TEI,23,4.258042308476702,4.1603936568778295,4.085414325027317,4.208350659654183
11,11,TEI,24,4.258042308476702,4.1603936568778295,4.085414325027317,4.208350659654183
11,11,TEI,25,4.258042308476702,4.1603936568778295,4.085414325027317,4.208350659654183
12,12,TEI,0,3.1807365710642643,3.8815663413322565,2.8183531617680693,10.057657110817502
12,12,TEI,1,3.1807365710642643,3.8815663413322565,2.8183531617680693,10.057657110817502
12,12,TEI,2,3.515422578638364,3.8886106477552547,4.5821048154946915,5.98149324397452
12,12,TEI,3,3.6550882651407406,4.395699626534675,11.252095698137081,11.155446305838773
12,12,TEI,4,3.6599525176338514,4.3981090007763814,11.32663295953785,12.072894034953856
12,12,TEI,5,3.6599525176338514,4.3981090007763814,11.32663295953785,12.072894034953856
12,12,TEI,6,3.6599525176338514,4.3981090007763814,11.32663295953785,12.072894034953856
12,12,TEI,7,3.6599525176338514,4.3981090007763814,11.32663295953785,12.072894034953856
12,12,TEI,8,4.140719830898938,4.066463870183879,4.533998593203173,4.3413928399856845
12,12,TEI,9,4.140719830898938,4.066463870183879,4.533998593203173,4.3413928399856845
12,12,TEI,10,4.140719830898938,4.066463870183879,4.533998593203173,4.3413928399856845
12,12,TEI,11,4.231500667157234,4.17649768630612,4.097119843671685,3.8400956987856194
12,12,TEI,12,4.231500667157234,4.17649768630612,4.097119843671685,3.8400956987856194
12,12,TEI,13,4.2598385316509315,4.017979177165722,4.12324813175123,4.1881591174868795
12,12,TEI,14,4.266063296824566,4.108930560206286,4.05695367877731,4.141826604908415
12,12,TEI,15,4.266063296824566,4.108930560206286,4.05695367877731,4.141826604908415
12,12,TEI,16,4.266063296824566,4.108930560206286,4.05695367877731,4.141826604908415
12,12,TEI,17,4.266063296824566,4.108930560206286,4.05695367877731,4.141826604908415
12,12,TEI,18,4.266063296824566,4.108930560206286,4.05695367877731,4.141826604908415
12,12,TEI,19,4.266063296824566,4.108930560206286,4.05695367877731,4.141826604908415
12,12,TEI,20,4.266063296824566,4.108930560206286,4.05695367877731,4.141826604908415
12,12,TEI,21,4.266063296824566,4.108930560206286,4.05695367877731,4.141826604908415
12,12,TEI,22,4.266063296824566,4.108930560206286,4.05695367877731,4.141826604908415
12,12,TEI,23,4.266063296824566,4.108930560206286,4.05695367877731,4.141826604908415
12,12,TEI,24,4.266063296824566,4.108930560206286,4.05695367877731,4.141826604908415
12,12,TEI,25,4.266063296824566,4.108930560206286,4.05695367877731,4.141826604908415
13,13,TEI,0,3.4551661666808915,12.210097788751677,7.468011124987683,3.724187923300079
13,13,TEI,1,3.4551661666808915,12.210097788751677,7.468011124987683,3.724187923300079
13,13,TEI,2,3.764192878113925,3.848837959506206,7.43203630998458,3.804456064118023
13,13,TEI,3,3.764192878113925,3.848837959506206,7.43203630998458,3.804456064118023
13,13,TEI,4,3.764192878113925,3.848837959506206,7.43203630998458,3.804456064118023
13,13,TEI,5,3.934113125572011,4.043111781857261,11.215634015968373,3.7757056708653822
13,13,TEI,6,3.934113125572011,4.043111781857261,11.215634015968373,3.7757056708653822
13,13,TEI,7,4.021118429874071,4.26159180775738,3.65350594978373,3.581328730087213
13,13,TEI,8,4.021118429874071,4.26159180775738,3.65350594978373,3.581328730087213
13,13,TEI,9,4.021118429874071,4.26159180775738,3.65350594978373,3.581328730087213
13,13,TEI,10,4.021118429874071,4.26159180775738,3.65350594978373,3.581328730087213
13,13,TEI,11,4.021118429874071,4.26159180775738,3.65350594978373,3.581328730087213
13,13,TEI,12,4.021118429874071,4.26159180775738,3.65350594978373,3.581328730087213
13,13,TEI,13,4.148139392608139,3.852359394077349,4.358089993815061,3.7689866135623045
13,13,TEI,14,4.148139392608139,3.852359394077349,4.358089993815061,3.7689866135623045
13,13,TEI,15,4.148139392608139,3.852359394077349,4.358089993815061,3.7689866135623045
13,13,TEI,16,4.226981574431653,3.8989177137092574,4.265070770912838,3.9800797861041466
13,13,TEI,17,4.226981574431653,3.8989177137092574,4.265070770912838,3.9800797861041466
13,13,TEI,18,4.247865631466279,3.965312978783358,4.243240771228334,4.092337365274092
13,13,TEI,19,4.251657531085242,4.076512583439336,4.267698171069397,4.0890582956557235
13,13,TEI,20,4.251657531085242,4.076512583439336,4.267698171069397,4.0890582956557235
13,13,TEI,21,4.252268712324307,3.9413922122309986,4.125782692202675,4.002562560057983
13,13,TEI,22,4.252268712324307,3.9413922122309986,4.125782692202675,4.002562560057983
13,13,TEI,23,4.26604599832284,4.051187259766813,4.040980333613487,4.115507943298724
13,13,TEI,24,4.26604599832284,4.051187259766813,4.040980333613487,4.115507943298724
13,13,TEI,25,4.26604599832284,4.051187259766813,4.040980333613487,4.115507943298724
14,14,TEI,0,3.1951801958958317,7.607737954831852,3.43080941645436,9.75291271270783
14,14,TEI,1,3.2024418438062625,10.583407729621173,11.461050133255984,9.21336965284031
14,14,TEI,2,3.300678777900467,12.445771238759807,11.720059750353718,10.849977040535519
14,14,TEI,3,3.300678777900467,12.445771238759807,11.720059750353718,10.849977040535519
14,14,TEI,4,3.360272931153424,12.028849117252717,11.210360160219023,10.78166748374313
14,14,TEI,5,3.626736873677093,7.343423111024566,3.745811990531357,4.6329535274761415
14,14,TEI,6,3.626736873677093,7.343423111024566,3.745811990531357,4.6329535274761415
14,14,TEI,7,3.626736873677093,7.343423111024566,3.745811990531357,4.6329535274761415
14,14,TEI,8,3.626736873677093,7.343423111024566,3.745811990531357,4.6329535274761415
14,14,TEI,9,3.626736873677093,7.343423111024566,3.745811990531357,4.6329535274761415
14,14,TEI,10,3.626736873677093,7.343423111024566,3.745811990531357,4.6329535274761415
14,14,TEI,11,3.626736873677093,7.343423111024566,3.745811990531357,4.6329535274761415
14,14,TEI,12,3.8757231384297754,7.939873269082277,4.139678843036171,3.9984538404627603
14,14,TEI,13,3.8757231384297754,7.939873269082277,4.139678843036171,3.9984538404627603
14,14,TEI,14,3.8757231384297754,7.939873269082277,4.139678843036171,3.9984538404627603
14,14,TEI,15,3.8757231384297754,7.939873269082277,4.139678843036171,3.9984538404627603
14,14,TEI,16,3.8757231384297754,7.939873269082277,4.139678843036171,3.9984538404627603
14,14,TEI,17,3.8757231384297754,7.939873269082277,4.139678843036171,3.9984538404627603
14,14,TEI,18,3.8757231384297754,7.939873269082277,4.139678843036171,3.9984538404627603
14,14,TEI,19,3.8757231384297754,7.939873269082277,4.139678843036171,3.9984538404627603
14,14,TEI,20,3.8757231384297754,7.939873269082277,4.139678843036171,3.9984538404627603
14,14,TEI,21,3.8757231384297754,7.939873269082277,4.139678843036171,3.9984538404627603
14,14,TEI,22,3.8757231384297754,7.939873269082277,4.139678843036171,3.9984538404627603
14,14,TEI,23,3.878107967522228,8.423162589988,4.00779804610662,4.085026494960304
14,14,TEI,24,3.878107967522228,8.423162589988,4.00779804610662,4.085026494960304
14,14,TEI,25,3.882837196674921,8.320551072610371,4.058749394447043,4.04089312961432
15,15,TEI,0,3.51255012632752,8.816819853202484,3.72823739238798,12.002079750194575
15,15,TEI,1,3.51255012632752,8.816819853202484,3.72823739238798,12.002079750194575
15,15,TEI,2,3.51255012632752,8.816819853202484,3.72823739238798,12.002079750194575
15,15,TEI,3,3.5215924294022565,7.604102403652876,3.727344011464056,11.894225625245788
15,15,TEI,4,3.5376682939129056,8.647828062470435,3.741130375795499,11.920000968082288
15,15,TEI,5,3.5376682939129056,8.647828062470435,3.741130375795499,11.920000968082288
15,15,TEI,6,3.6519608295346258,11.6698814324893,3.671181161360322,11.921255784555722
15,15,TEI,7,3.720517656343632,11.869600378932207,3.9471413526107195,11.302204717098526
15,15,TEI,8,3.720517656343632,11.869600378932207,3.9471413526107195,11.302204717098526
15,15,TEI,9,3.727132440058374,11.66765166638745,4.281844324556562,11.367444076656414
15,15,TEI,10,3.743678934513799,11.557875628605721,4.12395857679157,11.353518272349328
15,15,TEI,11,3.743678934513799,11.557875628605721,4.12395857679157,11.353518272349328
15,15,TEI,12,3.7548603896939023,11.725129976563021,4.137344959987567,11.584862853916547
15,15,TEI,13,3.7548603896939023,11.725129976563021,4.137344959987567,11.584862853916547
15,15,TEI,14,3.7548603896939023,11.725129976563021,4.137344959987567,11.584862853916547
15,15,TEI,15,3.7548603896939023,11.725129976563021,4.137344959987567,11.584862853916547
15,15,TEI,16,3.7569975227931556,11.612640238801974,11.589480026219618,4.05799598060188
15,15,TEI,17,3.7856992447512616,4.3758535212366585,4.424434515287608,8.371626808827678
15,15,TEI,18,3.7856992447512616,4.3758535212366585,4.424434515287608,8.371626808827678
15,15,TEI,19,3.8704850946859333,4.075250009920982,4.250011022433189,8.021932753279657
15,15,TEI,20,3.8704850946859333,4.075250009920982,4.250011022433189,8.021932753279657
15,15,TEI,21,3.8704850946859333,4.075250009920982,4.250011022433189,8.021932753279657
15,15,TEI,22,3.8704850946859333,4.075250009920982,4.250011022433189,8.021932753279657
15,15,TEI,23,3.880164705856302,3.991482660639006,4.046448995905781,8.202286208404885
15,15,TEI,24,3.8848318817257788,4.055066651859791,4.117037678046557,8.12273295680442
15,15,TEI,25,3.8848318817257788,4.055066651859791,4.117037678046557,8.12273295680442
16,16,TEI,0,3.1845850965477833,4.49017595249607,8.416154920894945,6.110479427991566
16,16,TEI,1,3.1845850965477833,4.49017595249607,8.416154920894945,6.110479427991566
16,16,TEI,2,3.1845850965477833,4.49017595249607,8.416154920894945,6.110479427991566
16,16,TEI,3,3.1845850965477833,4.49017595249607,8.416154920894945,6.110479427991566
16,16,TEI,4,3.353682785628297,4.315699223554373,8.65370315536009,7.049837398871336
16,16,TEI,5,3.388725256939955,4.56968719065452,8.058899612317767,7.939767542765798
16,16,TEI,6,3.388725256939955,4.56968719065452,8.058899612317767,7.939767542765798
16,16,TEI,7,3.388725256939955,4.56968719065452,8.058899612317767,7.939767542765798
16,16,TEI,8,3.4939628938901857,4.22050581213656,8.091334205088387,8.129986587984742
16,16,TEI,9,3.4939628938901857,4.22050581213656,8.091334205088387,8.129986587984742
16,16,TEI,10,3.4939628938901857,4.22050581213656,8.091334205088387,8.129986587984742
16,16,TEI,11,3.4961500799234964,4.143661149174288,8.009453116453864,8.399054920619664
16,16,TEI,12,3.4961500799234964,4.143661149174288,8.009453116453864,8.399054920619664
16,16,TEI,13,3.5033631313697855,4.10668283966266,8.170210921293238,8.234378818781245
16,16,TEI,14,3.5033631313697855,4.10668283966266,8.170210921293238,8.234378818781245
16,16,TEI,15,3.5033631313697855,4.10668283966266,8.170210921293238,8.234378818781245
16,16,TEI,16,3.5033631313697855,4.10668283966266,8.170210921293238,8.234378818781245
16,16,TEI,17,3.5033631313697855,4.10668283966266,8.170210921293238,8.234378818781245
16,16,TEI,18,3.5033631313697855,4.10668283966266,8.170210921293238,8.234378818781245
16,16,TEI,19,3.5033631313697855,4.10668283966266,8.170210921293238,8.234378818781245
16,16,TEI,20,3.5033631313697855,4.10668283966266,8.170210921293238,8.234378818781245
16,16,TEI,21,3.5033631313697855,4.10668283966266,8.170210921293238,8.234378818781245
16,16,TEI,22,3.5033631313697855,4.10668283966266,8.170210921293238,8.234378818781245
16,16,TEI,23,3.5245584681853157,8.846221119443076,4.366240005654779,12.100719685872757
16,16,TEI,24,3.5906388015535935,8.235763329471702,4.33756988023714,11.854171648123252
16,16,TEI,25,3.5906388015535935,8.235763329471702,4.33756988023714,11.854171648123252
17,17,TEI,0,2.9394920817633023,6.422467486404127,9.170146627484709,11.045788057699298
17,17,TEI,1,2.9394920817633023,6.422467486404127,9.170146627484709,11.045788057699298
17,17,TEI,2,3.029845835425051,8.804601187212958,10.418508614450253,10.005750123780063
17,17,TEI,3,3.4759096744507483,5.02516867231012,4.404598404871647,10.278822823948635
17,17,TEI,4,3.4759096744507483,5.02516867231012,4.404598404871647,10.278822823948635
17,17,TEI,5,3.4759096744507483,5.02516867231012,4.404598404871647,10.278822823948635
17,17,TEI,6,3.4759096744507483,5.02516867231012,4.404598404871647,10.278822823948635
17,17,TEI,7,3.4759096744507483,5.02516867231012,4.404598404871647,10.278822823948635
17,17,TEI,8,3.51750801011052,12.301931875132444,4.3518359887147975,10.552590045539315
17,17,TEI,9,3.5866393720934275,3.8050872642384457,4.755140377095495,9.514224412135777
17,17,TEI,10,3.787493703603294,4.067979950963584,4.541865372469361,10.513036721429852
17,17,TEI,11,3.8760658266402315,3.739570974920159,4.152305257765969,10.890015955239317
17,17,TEI,12,3.934393540237442,3.873013392341159,4.177704616391241,11.031500648060794
17,17,TEI,13,3.934393540237442,3.873013392341159,4.177704616391241,11.031500648060794
17,17,TEI,14,4.0042947275968475,4.096944670367508,3.983991982620945,11.768874296275587
17,17,TEI,15,4.010084261765619,4.070460138470999,4.029554267430968,11.716197703433501
17,17,TEI,16,4.010084261765619,4.070460138470999,4.029554267430968,11.716197703433501
17,17,TEI,17,4.010084261765619,4.070460138470999,4.029554267430968,11.716197703433501
17,17,TEI,18,4.010084261765619,4.070460138470999,4.029554267430968,11.716197703433501
17,17,TEI,19,4.010084261765619,4.070460138470999,4.029554267430968,11.716197703433501
17,17,TEI,20,4.010084261765619,4.070460138470999,4.029554267430968,11.716197703433501
17,17,TEI,21,4.010084261765619,4.070460138470999,4.029554267430968,11.716197703433501
17,17,TEI,22,4.012361062873562,4.116389553697193,4.062788511875008,11.626444093055028
17,17,TEI,23,4.012361062873562,4.116389553697193,4.062788511875008,11.626444093055028
17,17,TEI,24,4.012361062873562,4.116389553697193,4.062788511875008,11.626444093055028
17,17,TEI,25,4.012361062873562,4.116389553697193,4.062788511875008,11.626444093055028
18,18,TEI,0,3.2970055466536135,5.989586538263591,10.761220189323241,4.212349920540051
18,18,TEI,1,3.2970055466536135,5.989586538263591,10.761220189323241,4.212349920540051
18,18,TEI,2,3.2970055466536135,5.989586538263591,10.761220189323241,4.212349920540051
18,18,TEI,3,3.9351399815900896,4.3875467723149155,11.821120080160648,4.319123594015743
18,18,TEI,4,3.9351399815900896,4.3875467723149155,11.821120080160648,4.319123594015743
18,18,TEI,5,3.9351399815900896,4.3875467723149155,11.821120080160648,4.319123594015743
18,18,TEI,6,3.9351399815900896,4.3875467723149155,11.821120080160648,4.319123594015743
18,18,TEI,7,3.9351399815900896,4.3875467723149155,11.821120080160648,4.319123594015743
18,18,TEI,8,3.9351399815900896,4.3875467723149155,11.821120080160648,4.319123594015743
18,18,TEI,9,3.9351399815900896,4.3875467723149155,11.821120080160648,4.319123594015743
18,18,TEI,10,3.936536824492683,4.193865995120788,10.890283983937273,4.076431256430877
18,18,TEI,11,4.002027349767907,4.024017284717387,11.41417820556523,4.132138232493213
18,18,TEI,12,4.002027349767907,4.024017284717387,11.41417820556523,4.132138232493213
18,18,TEI,13,4.002027349767907,4.024017284717387,11.41417820556523,4.132138232493213
18,18,TEI,14,4.0102158967405845,4.1198467590248065,11.752385728052655,4.077660819379639
18,18,TEI,15,4.0102158967405845,4.1198467590248065,11.752385728052655,4.077660819379639
18,18,TEI,16,4.042124452490967,3.996080500106705,3.5587564119581936,4.4874236221985155
18,18,TEI,17,4.042124452490967,3.996080500106705,3.5587564119581936,4.4874236221985155
18,18,TEI,18,4.042124452490967,3.996080500106705,3.5587564119581936,4.4874236221985155
18,18,TEI,19,4.245469691180203,4.105104392563822,4.113030055859634,3.8830010868078393
18,18,TEI,20,4.245469691180203,4.105104392563822,4.113030055859634,3.8830010868078393
18,18,TEI,21,4.245469691180203,4.105104392563822,4.113030055859634,3.8830010868078393
18,18,TEI,22,4.245469691180203,4.105104392563822,4.113030055859634,3.8830010868078393
18,18,TEI,23,4.245469691180203,4.105104392563822,4.113030055859634,3.8830010868078393
18,18,TEI,24,4.250066490363144,3.994033245701127,3.9388016646266393,4.030746850587806
18,18,TEI,25,4.250066490363144,3.994033245701127,3.9388016646266393,4.030746850587806
19,19,TEI,0,3.4735398894929705,11.714483726522747,8.080497541193894,4.674981267357308
19,19,TEI,1,3.5517725997507994,11.735640060758245,4.246008502185944,9.702265294178178
19,19,TEI,2,3.5517725997507994,11.735640060758245,4.246008502185944,9.702265294178178
19,19,TEI,3,3.628686745379035,11.734658228255405,4.124651187817513,10.516845849923365
19,19,TEI,4,3.628686745379035,11.734658228255405,4.124651187817513,10.516845849923365
19,19,TEI,5,3.7368894931179866,11.737200844443668,3.985256476364925,11.91216603994911
19,19,TEI,6,3.7368894931179866,11.737200844443668,3.985256476364925,11.91216603994911
19,19,TEI,7,3.7368894931179866,11.737200844443668,3.985256476364925,11.91216603994911
19,19,TEI,8,3.7368894931179866,11.737200844443668,3.985256476364925,11.91216603994911
19,19,TEI,9,3.7368894931179866,11.737200844443668,3.985256476364925,11.91216603994911
19,19,TEI,10,3.7368894931179866,11.737200844443668,3.985256476364925,11.91216603994911
19,19,TEI,11,3.752198639698067,11.535112332771096,4.159616955836927,11.724779719219482
19,19,TEI,12,3.752198639698067,11.535112332771096,4.159616955836927,11.724779719219482
19,19,TEI,13,3.752198639698067,11.535112332771096,4.159616955836927,11.724779719219482
19,19,TEI,14,3.752198639698067,11.535112332771096,4.159616955836927,11.724779719219482
19,19,TEI,15,3.7567821513730824,11.609506188737969,4.06169474435636,11.573411622443526
19,19,TEI,16,3.7567821513730824,11.609506188737969,4.06169474435636,11.573411622443526
19,19,TEI,17,3.7567821513730824,11.609506188737969,4.06169474435636,11.573411622443526
19,19,TEI,18,3.7567821513730824,11.609506188737969,4.06169474435636,11.573411622443526
19,19,TEI,19,3.7567821513730824,11.609506188737969,4.06169474435636,11.573411622443526
19,19,TEI,20,3.7567821513730824,11.609506188737969,4.06169474435636,11.573411622443526
19,19,TEI,21,3.7567821513730824,11.609506188737969,4.06169474435636,11.573411622443526
19,19,TEI,22,3.7567821513730824,11.609506188737969,4.06169474435636,11.573411622443526
19,19,TEI,23,3.7567821513730824,11.609506188737969,4.06169474435636,11.573411622443526
19,19,TEI,24,3.7567821513730824,11.609506188737969,4.06169474435636,11.573411622443526
19,19,TEI,25,3.7567821513730824,11.609506188737969,4.06169474435636,11.573411622443526
20,20,TEI,0,3.273563445017652,6.73032690394678,9.60265212884643,4.057332846817459
20,20,TEI,1,3.483012147935752,3.684280785394,4.7967544746889805,3.0325662980923966
20,20,TEI,2,3.5912235503380097,3.7422861197566863,4.809799139880489,7.822265591943281
20,20,TEI,3,3.5912235503380097,3.7422861197566863,4.809799139880489,7.822265591943281
20,20,TEI,4,3.6608313216387978,4.428118581150514,4.778466076754312,12.326341201011047
20,20,TEI,5,3.886939802927534,4.030590921300381,4.260115560384166,10.63827013236527
20,20,TEI,6,3.886939802927534,4.030590921300381,4.260115560384166,10.63827013236527
20,20,TEI,7,3.972748408924815,4.032206909142785,4.1466111321555275,12.083156402914067
20,20,TEI,8,4.090624996063244,3.9799437553069166,4.360759018967372,4.627576832161394
20,20,TEI,9,4.090624996063244,3.9799437553069166,4.360759018967372,4.627576832161394
20,20,TEI,10,4.144151835017921,4.112846715254687,4.484440848988205,4.397074301310413
20,20,TEI,11,4.144151835017921,4.112846715254687,4.484440848988205,4.397074301310413
20,20,TEI,12,4.253841444646404,3.9587640382129323,4.066282144178096,3.9875212487977585
20,20,TEI,13,4.253841444646404,3.9587640382129323,4.066282144178096,3.9875212487977585
20,20,TEI,14,4.253841444646404,3.9587640382129323,4.066282144178096,3.9875212487977585
20,20,TEI,15,4.253841444646404,3.9587640382129323,4.066282144178096,3.9875212487977585
20,20,TEI,16,4.253841444646404,3.9587640382129323,4.066282144178096,3.9875212487977585
20,20,TEI,17,4.253841444646404,3.9587640382129323,4.066282144178096,3.9875212487977585
20,20,TEI,18,4.259788288219195,4.035769568079544,4.051864573503407,4.198923693259732
20,20,TEI,19,4.259788288219195,4.035769568079544,4.051864573503407,4.198923693259732
20,20,TEI,20,4.259788288219195,4.035769568079544,4.051864573503407,4.198923693259732
20,20,TEI,21,4.259788288219195,4.035769568079544,4.051864573503407,4.198923693259732
20,20,TEI,22,4.259788288219195,4.035769568079544,4.051864573503407,4.198923693259732
20,20,TEI,23,4.259788288219195,4.035769568079544,4.051864573503407,4.198923693259732
20,20,TEI,24,4.263326721527601,4.003825736467216,4.136502487748237,4.0910338508021935
20,20,TEI,25,4.263326721527601,4.003825736467216,4.136502487748237,4.0910338508021935
21,21,TEI,0,3.5027617269498394,3.9038380556747083,7.083532420685154,11.419026660671266
21,21,TEI,1,3.5027617269498394,3.9038380556747083,7.083532420685154,11.419026660671266
21,21,TEI,2,3.5027617269498394,3.9038380556747083,7.083532420685154,11.419026660671266
21,21,TEI,3,3.7472931495044195,4.674006397415387,4.554696749611232,11.419136550473267
21,21,TEI,4,3.7472931495044195,4.674006397415387,4.554696749611232,11.419136550473267
21,21,TEI,5,3.7472931495044195,4.674006397415387,4.554696749611232,11.419136550473267
21,21,TEI,6,3.7472931495044195,4.674006397415387,4.554696749611232,11.419136550473267
21,21,TEI,7,3.7472931495044195,4.674006397415387,4.554696749611232,11.419136550473267
21,21,TEI,8,4.13756092195851,4.1675133677322815,4.564406017820743,3.8924818699759673
21,21,TEI,9,4.13756092195851,4.1675133677322815,4.564406017820743,3.8924818699759673
21,21,TEI,10,4.13756092195851,4.1675133677322815,4.564406017820743,3.8924818699759673
21,21,TEI,11,4.13756092195851,4.1675133677322815,4.564406017820743,3.8924818699759673
21,21,TEI,12,4.252154672452713,3.976945477220086,4.142107316502799,4.212698671372804
21,21,TEI,13,4.252154672452713,3.976945477220086,4.142107316502799,4.212698671372804
21,21,TEI,14,4.252154672452713,3.976945477220086,4.142107316502799,4.212698671372804
21,21,TEI,15,4.252154672452713,3.976945477220086,4.142107316502799,4.212698671372804
21,21,TEI,16,4.252154672452713,3.976945477220086,4.142107316502799,4.212698671372804
21,21,TEI,17,4.252154672452713,3.976945477220086,4.142107316502799,4.212698671372804
21,21,TEI,18,4.2540263137314795,4.0200791134189915,3.9694372810152982,3.9970386284590376
21,21,TEI,19,4.2575539430096425,4.129548041048076,4.220312231032064,4.1263810877334155
21,21,TEI,20,4.2575539430096425,4.129548041048076,4.220312231032064,4.1263810877334155
21,21,TEI,21,4.25829488673964,4.164581575739671,4.072591004431652,3.974572492901369
21,21,TEI,22,4.25829488673964,4.164581575739671,4.072591004431652,3.974572492901369
21,21,TEI,23,4.25829488673964,4.164581575739671,4.072591004431652,3.974572492901369
21,21,TEI,24,4.25829488673964,4.164581575739671,4.072591004431652,3.974572492901369
21,21,TEI,25,4.261609065226169,4.163309530773735,4.00577162476279,4.10539223188571
22,22,TEI,0,3.2146682124643995,7.8673359472017514,11.961514620370984,8.477286052589523
22,22,TEI,1,3.3170190814282656,7.899948246088032,3.5062496557208966,8.5029002974829
22,22,TEI,2,3.3170190814282656,7.899948246088032,3.5062496557208966,8.5029002974829
22,22,TEI,3,3.3170190814282656,7.899948246088032,3.5062496557208966,8.5029002974829
22,22,TEI,4,3.600118168450586,11.969868791538147,4.163252585951421,8.499052178457289
22,22,TEI,5,3.600118168450586,11.969868791538147,4.163252585951421,8.499052178457289
22,22,TEI,6,3.600118168450586,11.969868791538147,4.163252585951421,8.499052178457289
22,22,TEI,7,3.7118162005449618,10.531450211038209,4.620045528013547,4.39074912258951
22,22,TEI,8,3.842017667825494,12.013999289945183,4.548534531723346,4.385773956073323
22,22,TEI,9,3.842017667825494,12.013999289945183,4.548534531723346,4.385773956073323
22,22,TEI,10,3.859919998395163,12.01974185333149,3.861374064816678,4.54416380582826
22,22,TEI,11,3.859919998395163,12.01974185333149,3.861374064816678,4.54416380582826
22,22,TEI,12,3.859919998395163,12.01974185333149,3.861374064816678,4.54416380582826
22,22,TEI,13,3.859919998395163,12.01974185333149,3.861374064816678,4.54416380582826
22,22,TEI,14,3.9753647919789175,11.726443546678023,3.8264123663159557,4.0841631631033435
22,22,TEI,15,3.9753647919789175,11.726443546678023,3.8264123663159557,4.0841631631033435
22,22,TEI,16,3.9753647919789175,11.726443546678023,3.8264123663159557,4.0841631631033435
22,22,TEI,17,4.005772047581132,11.81948302058361,4.065170672035868,4.040868007147062
22,22,TEI,18,4.0064022436869715,11.829111971632248,4.102506172434111,4.097581480137942
22,22,TEI,19,4.0064022436869715,11.829111971632248,4.102506172434111,4.097581480137942
22,22,TEI,20,4.010771078296731,11.522176302091335,4.106262361248004,4.082898142990054
22,22,TEI,21,4.010771078296731,11.522176302091335,4.106262361248004,4.082898142990054
22,22,TEI,22,4.010771078296731,11.522176302091335,4.106262361248004,4.082898142990054
22,22,TEI,23,4.010771078296731,11.522176302091335,4.106262361248004,4.082898142990054
22,22,TEI,24,4.010771078296731,11.522176302091335,4.106262361248004,4.082898142990054
22,22,TEI,25,4.010771078296731,11.522176302091335,4.106262361248004,4.082898142990054
23,23,TEI,0,3.523516515253408,3.7998583602408065,9.370619845019032,11.466275402773853
23,23,TEI,1,3.523516515253408,3.7998583602408065,9.370619845019032,11.466275402773853
23,23,TEI,2,3.571223567092357,3.8879071885777354,7.913704741122828,11.162744048793492
23,23,TEI,3,3.571223567092357,3.8879071885777354,7.913704741122828,11.162744048793492
23,23,TEI,4,3.657225211306152,3.577979099869796,4.372368772492504,10.007553058164051
23,23,TEI,5,3.6977679565980472,3.614511502841919,4.2090615162362495,9.746819207309443
23,23,TEI,6,3.6977679565980472,3.614511502841919,4.2090615162362495,9.746819207309443
23,23,TEI,7,3.7990481738780666,3.790973562949537,3.8846903006552624,8.700939051809163
23,23,TEI,8,3.7990481738780666,3.790973562949537,3.8846903006552624,8.700939051809163
23,23,TEI,9,3.8360301539854613,4.222974878642452,4.007476717507832,7.526152500914444
23,23,TEI,10,3.8720681377699284,4.0245200832667845,3.9618385923812327,7.9739116228626115
23,23,TEI,11,3.8720681377699284,4.0245200832667845,3.9618385923812327,7.9739116228626115
23,23,TEI,12,3.8720681377699284,4.0245200832667845,3.9618385923812327,7.9739116228626115
23,23,TEI,13,3.8720681377699284,4.0245200832667845,3.9618385923812327,7.9739116228626115
23,23,TEI,14,3.8813456907458126,4.1454312953519885,4.1062365139213135,8.368479207182117
23,23,TEI,15,3.926202567098379,4.509757510490942,11.546904761266086,4.086517711073144
23,23,TEI,16,3.926202567098379,4.509757510490942,11.546904761266086,4.086517711073144
23,23,TEI,17,3.926202567098379,4.509757510490942,11.546904761266086,4.086517711073144
23,23,TEI,18,4.003412485395374,4.09051151658855,11.431959535631568,4.013028434126734
23,23,TEI,19,4.006243444649895,4.1296888716856515,11.465355897878583,4.040348550658043
23,23,TEI,20,4.006243444649895,4.1296888716856515,11.465355897878583,4.040348550658043
23,23,TEI,21,4.006243444649895,4.1296888716856515,11.465355897878583,4.040348550658043
23,23,TEI,22,4.006243444649895,4.1296888716856515,11.465355897878583,4.040348550658043
23,23,TEI,23,4.006243444649895,4.1296888716856515,11.465355897878583,4.040348550658043
23,23,TEI,24,4.006243444649895,4.1296888716856515,11.465355897878583,4.040348550658043
23,23,TEI,25,4.006243444649895,4.1296888716856515,11.465355897878583,4.040348550658043
24,24,TEI,0,3.076321404214511,7.59599650905222,8.463187611453762,8.54530965762603
24,24,TEI,1,3.076321404214511,7.59599650905222,8.463187611453762,8.54530965762603
24,24,TEI,2,3.076321404214511,7.59599650905222,8.463187611453762,8.54530965762603
24,24,TEI,3,3.1463127793173244,7.874200243052961,9.277824414441506,4.956299158900262
24,24,TEI,4,3.1463127793173244,7.874200243052961,9.277824414441506,4.956299158900262
24,24,TEI,5,3.2512173470427737,11.560268101355506,8.41493827837431,10.570409611247705
24,24,TEI,6,3.2512173470427737,11.560268101355506,8.41493827837431,10.570409611247705
24,24,TEI,7,3.3345080974786088,8.571583372872567,9.000552057148099,3.606323471533313
24,24,TEI,8,3.3345080974786088,8.571583372872567,9.000552057148099,3.606323471533313
24,24,TEI,9,3.3345080974786088,8.571583372872567,9.000552057148099,3.606323471533313
24,24,TEI,10,3.5685078578329907,4.874091326237732,8.746345631366127,4.381555685859559
24,24,TEI,11,3.6479971791602512,3.4570536313594507,8.727245660848398,4.27246133094156
24,24,TEI,12,3.6664309140284637,3.4508643338423117,8.279947751415742,4.254882130145267
24,24,TEI,13,3.9755907734393108,4.019121634988995,12.029889366769607,3.9766751421230095
24,24,TEI,14,3.9755907734393108,4.019121634988995,12.029889366769607,3.9766751421230095
24,24,TEI,15,3.9755907734393108,4.019121634988995,12.029889366769607,3.9766751421230095
24,24,TEI,16,3.9755907734393108,4.019121634988995,12.029889366769607,3.9766751421230095
24,24,TEI,17,4.003111156558139,4.126122387978763,11.813109287992699,4.00386420569287
24,24,TEI,18,4.003111156558139,4.126122387978763,11.813109287992699,4.00386420569287
24,24,TEI,19,4.0120064059517215,4.0996949713310995,11.647281289506438,4.132481556080358
24,24,TEI,20,4.074262239517271,3.485401233465155,4.033288215363861,3.96442535331461
24,24,TEI,21,4.074262239517271,3.485401233465155,4.033288215363861,3.96442535331461
24,24,TEI,22,4.099117067955033,4.500174881702345,4.478522105836876,4.247079826743567
24,24,TEI,23,4.260100792165968,4.037388556321087,4.001945139685169,4.162970974760397
24,24,TEI,24,4.260100792165968,4.037388556321087,4.001945139685169,4.162970974760397
24,24,TEI,25,4.260100792165968,4.037388556321087,4.001945139685169,4.162970974760397
25,0,PI,0,3.1416117937407844,9.099536636507699,10.942448414759976,8.154374871981343
25,0,PI,1,3.1416117937407844,9.099536636507699,10.942448414759976,8.154374871981343
25,0,PI,2,3.1416117937407844,9.099536636507699,10.942448414759976,8.154374871981343
25,0,PI,3,3.4848698165976297,8.696374892574626,4.131660460527201,8.188935070348741
25,0,PI,4,3.4848698165976297,8.696374892574626,4.131660460527201,8.188935070348741
25,0,PI,5,3.4848698165976297,8.696374892574626,4.131660460527201,8.188935070348741
25,0,PI,6,3.4848698165976297,8.696374892574626,4.131660460527201,8.188935070348741
25,0,PI,7,3.4848698165976297,8.696374892574626,4.131660460527201,8.188935070348741
25,0,PI,8,3.501816946615423,8.076879731690845,4.126373934655938,8.249435722143682
25,0,PI,9,3.501816946615423,8.076879731690845,4.126373934655938,8.249435722143682
25,0,PI,10,3.501816946615423,8.076879731690845,4.126373934655938,8.249435722143682
25,0,PI,11,3.501816946615423,8.076879731690845,4.126373934655938,8.249435722143682
25,0,PI,12,3.501816946615423,8.076879731690845,4.126373934655938,8.249435722143682
25,0,PI,13,3.501816946615423,8.076879731690845,4.126373934655938,8.249435722143682
25,0,PI,14,3.501816946615423,8.076879731690845,4.126373934655938,8.249435722143682
25,0,PI,15,3.501816946615423,8.076879731690845,4.126373934655938,8.249435722143682
25,0,PI,16,3.501816946615423,8.076879731690845,4.126373934655938,8.249435722143682
25,0,PI,17,3.501816946615423,8.076879731690845,4.126373934655938,8.249435722143682
25,0,PI,18,3.501816946615423,8.076879731690845,4.126373934655938,8.249435722143682
25,0,PI,19,3.501816946615423,8.076879731690845,4.126373934655938,8.249435722143682
25,0,PI,20,3.501816946615423,8.076879731690845,4.126373934655938,8.249435722143682
25,0,PI,21,3.501816946615423,8.076879731690845,4.126373934655938,8.249435722143682
25,0,PI,22,3.501816946615423,8.076879731690845,4.126373934655938,8.249435722143682
25,0,PI,23,3.501816946615423,8.076879731690845,4.126373934655938,8.249435722143682
25,0,PI,24,3.501816946615423,8.076879731690845,4.126373934655938,8.249435722143682
25,0,PI,25,3.501816946615423,8.076879731690845,4.126373934655938,8.249435722143682
26,1,PI,0,3.616167873236414,4.945975747486383,11.826430551426064,4.547922439374675
26,1,PI,1,3.616167873236414,4.945975747486383,11.826430551426064,4.547922439374675
26,1,PI,2,3.654221142878164,4.804059772513243,11.760284143623108,4.6368541130845475
26,1,PI,3,3.666330221370611,4.47405059975574,11.371194088229679,4.8931172161266705
26,1,PI,4,3.666330221370611,4.47405059975574,11.371194088229679,4.8931172161266705
26,1,PI,5,3.9590127135539186,4.031811277521006,11.20935396970974,4.311691383860728
26,1,PI,6,3.9590127135539186,4.031811277521006,11.20935396970974,4.311691383860728
26,1,PI,7,3.9590127135539186,4.031811277521006,11.20935396970974,4.311691383860728
26,1,PI,8,3.9590127135539186,4.031811277521006,11.20935396970974,4.311691383860728
26,1,PI,9,3.9590127135539186,4.031811277521006,11.20935396970974,4.311691383860728
26,1,PI,10,3.9590127135539186,4.031811277521006,11.20935396970974,4.311691383860728
26,1,PI,11,3.9590127135539186,4.031811277521006,11.20935396970974,4.311691383860728
26,1,PI,12,3.9590127135539186,4.031811277521006,11.20935396970974,4.311691383860728
26,1,PI,13,3.9590127135539186,4.031811277521006,11.20935396970974,4.311691383860728
26,1,PI,14,3.9590127135539186,4.031811277521006,11.20935396970974,4.311691383860728
26,1,PI,15,3.9590127135539186,4.031811277521006,11.20935396970974,4.311691383860728
26,1,PI,16,3.9590127135539186,4.031811277521006,11.20935396970974,4.311691383860728
26,1,PI,17,3.9590127135539186,4.031811277521006,11.20935396970974,4.311691383860728
26,1,PI,18,3.9590127135539186,4.031811277521006,11.20935396970974,4.311691383860728
26,1,PI,19,3.9590127135539186,4.031811277521006,11.20935396970974,4.311691383860728
26,1,PI,20,3.9590127135539186,4.031811277521006,11.20935396970974,4.311691383860728
26,1,PI,21,3.9590127135539186,4.031811277521006,11.20935396970974,4.311691383860728
26,1,PI,22,3.9590127135539186,4.031811277521006,11.20935396970974,4.311691383860728
26,1,PI,23,3.9590127135539186,4.031811277521006,11.20935396970974,4.311691383860728
26,1,PI,24,3.9590127135539186,4.031811277521006,11.20935396970974,4.311691383860728
26,1,PI,25,3.9590127135539186,4.031811277521006,11.20935396970974,4.311691383860728
27,2,PI,0,3.862697100551329,3.924182013739746,4.477367151211849,12.213386108914206
27,2,PI,1,3.862697100551329,3.924182013739746,4.477367151211849,12.213386108914206
27,2,PI,2,3.862697100551329,3.924182013739746,4.477367151211849,12.213386108914206
27,2,PI,3,4.038714905742534,4.496459379447419,4.321813608702927,3.6050467713469962
27,2,PI,4,4.038714905742534,4.496459379447419,4.321813608702927,3.6050467713469962
27,2,PI,5,4.038714905742534,4.496459379447419,4.321813608702927,3.6050467713469962
27,2,PI,6,4.200034316397294,4.035558230313641,4.413785240573671,3.924573411983115
27,2,PI,7,4.200034316397294,4.035558230313641,4.413785240573671,3.924573411983115
27,2,PI,8,4.200034316397294,4.035558230313641,4.413785240573671,3.924573411983115
27,2,PI,9,4.200034316397294,4.035558230313641,4.413785240573671,3.924573411983115
27,2,PI,10,4.200034316397294,4.035558230313641,4.413785240573671,3.924573411983115
27,2,PI,11,4.200034316397294,4.035558230313641,4.413785240573671,3.924573411983115
27,2,PI,12,4.200034316397294,4.035558230313641,4.413785240573671,3.924573411983115
27,2,PI,13,4.200034316397294,4.035558230313641,4.413785240573671,3.924573411983115
27,2,PI,14,4.200034316397294,4.035558230313641,4.413785240573671,3.924573411983115
27,2,PI,15,4.200034316397294,4.035558230313641,4.413785240573671,3.924573411983115
27,2,PI,16,4.200034316397294,4.035558230313641,4.413785240573671,3.924573411983115
27,2,PI,17,4.200034316397294,4.035558230313641,4.413785240573671,3.924573411983115
27,2,PI,18,4.200034316397294,4.035558230313641,4.413785240573671,3.924573411983115
27,2,PI,19,4.200034316397294,4.035558230313641,4.413785240573671,3.924573411983115
27,2,PI,20,4.200034316397294,4.035558230313641,4.413785240573671,3.924573411983115
27,2,PI,21,4.200034316397294,4.035558230313641,4.413785240573671,3.924573411983115
27,2,PI,22,4.200034316397294,4.035558230313641,4.413785240573671,3.924573411983115
27,2,PI,23,4.200034316397294,4.035558230313641,4.413785240573671,3.924573411983115
27,2,PI,24,4.200034316397294,4.035558230313641,4.413785240573671,3.924573411983115
27,2,PI,25,4.200034316397294,4.035558230313641,4.413785240573671,3.924573411983115
28,3,PI,0,2.971168020912234,6.459420306212667,8.80197857157211,11.067566809382402
28,3,PI,1,3.1858185773001058,11.358965394432854,8.67168439481446,8.94824804804226
28,3,PI,2,3.1858185773001058,11.358965394432854,8.67168439481446,8.94824804804226
28,3,PI,3,3.1858185773001058,11.358965394432854,8.67168439481446,8.94824804804226
28,3,PI,4,3.1858185773001058,11.358965394432854,8.67168439481446,8.94824804804226
28,3,PI,5,3.3183362675963206,4.562664618504207,8.97302174121896,7.475777855592549
28,3,PI,6,3.3183362675963206,4.562664618504207,8.97302174121896,7.475777855592549
28,3,PI,7,3.3183362675963206,4.562664618504207,8.97302174121896,7.475777855592549
28,3,PI,8,3.636406912742238,8.350112918443097,3.4635872546400566,4.406450592607126
28,3,PI,9,3.7511637998416103,8.624727316989068,3.6458343853467716,4.279867694107083
28,3,PI,10,3.7511637998416103,8.624727316989068,3.6458343853467716,4.279867694107083
28,3,PI,11,3.7511637998416103,8.624727316989068,3.6458343853467716,4.279867694107083
28,3,PI,12,3.7511637998416103,8.624727316989068,3.6458343853467716,4.279867694107083
28,3,PI,13,3.7511637998416103,8.624727316989068,3.6458343853467716,4.279867694107083
28,3,PI,14,3.7511637998416103,8.624727316989068,3.6458343853467716,4.279867694107083
28,3,PI,15,3.7511637998416103,8.624727316989068,3.6458343853467716,4.279867694107083
28,3,PI,16,3.7511637998416103,8.624727316989068,3.6458343853467716,4.279867694107083
28,3,PI,17,3.7511637998416103,8.624727316989068,3.6458343853467716,4.279867694107083
28,3,PI,18,3.7511637998416103,8.624727316989068,3.6458343853467716,4.279867694107083
28,3,PI,19,3.7511637998416103,8.624727316989068,3.6458343853467716,4.279867694107083
28,3,PI,20,3.7511637998416103,8.624727316989068,3.6458343853467716,4.279867694107083
28,3,PI,21,3.7511637998416103,8.624727316989068,3.6458343853467716,4.279867694107083
28,3,PI,22,3.7511637998416103,8.624727316989068,3.6458343853467716,4.279867694107083
28,3,PI,23,3.7511637998416103,8.624727316989068,3.6458343853467716,4.279867694107083
28,3,PI,24,3.7511637998416103,8.624727316989068,3.6458343853467716,4.279867694107083
28,3,PI,25,3.7511637998416103,8.624727316989068,3.6458343853467716,4.279867694107083
29,4,PI,0,2.985138117558773,7.468013981780617,7.404297509341723,7.503392840231188
29,4,PI,1,3.2951151398409126,7.472928902011894,11.887665580641242,11.220435955730338
29,4,PI,2,3.2951151398409126,7.472928902011894,11.887665580641242,11.220435955730338
29,4,PI,3,3.2951151398409126,7.472928902011894,11.887665580641242,11.220435955730338
29,4,PI,4,3.2951151398409126,7.472928902011894,11.887665580641242,11.220435955730338
29,4,PI,5,3.2951151398409126,7.472928902011894,11.887665580641242,11.220435955730338
29,4,PI,6,3.2951151398409126,7.472928902011894,11.887665580641242,11.220435955730338
29,4,PI,7,3.2951151398409126,7.472928902011894,11.887665580641242,11.220435955730338
29,4,PI,8,3.331379270680559,10.230845796624033,5.269332653166882,3.7136948447615623
29,4,PI,9,3.331379270680559,10.230845796624033,5.269332653166882,3.7136948447615623
29,4,PI,10,3.331379270680559,10.230845796624033,5.269332653166882,3.7136948447615623
29,4,PI,11,3.331379270680559,10.230845796624033,5.269332653166882,3.7136948447615623
29,4,PI,12,3.331379270680559,10.230845796624033,5.269332653166882,3.7136948447615623
29,4,PI,13,3.331379270680559,10.230845796624033,5.269332653166882,3.7136948447615623
29,4,PI,14,3.331379270680559,10.230845796624033,5.269332653166882,3.7136948447615623
29,4,PI,15,3.331379270680559,10.230845796624033,5.269332653166882,3.7136948447615623
29,4,PI,16,3.3567638250135037,3.698832387987095,12.643709119749978,10.493192059173737
29,4,PI,17,3.3567638250135037,3.698832387987095,12.643709119749978,10.493192059173737
29,4,PI,18,3.6559467792135347,9.413382081599822,4.575261106072171,3.75598777080429
29,4,PI,19,3.6559467792135347,9.413382081599822,4.575261106072171,3.75598777080429
29,4,PI,20,3.6559467792135347,9.413382081599822,4.575261106072171,3.75598777080429
29,4,PI,21,3.6559467792135347,9.413382081599822,4.575261106072171,3.75598777080429
29,4,PI,22,3.6559467792135347,9.413382081599822,4.575261106072171,3.75598777080429
29,4,PI,23,3.6559467792135347,9.413382081599822,4.575261106072171,3.75598777080429
29,4,PI,24,3.6559467792135347,9.413382081599822,4.575261106072171,3.75598777080429
29,4,PI,25,3.6559467792135347,9.413382081599822,4.575261106072171,3.75598777080429
30,5,PI,0,3.2795456276400468,12.075043856180702,12.119111846047407,7.72988341563213
30,5,PI,1,3.2795456276400468,12.075043856180702,12.119111846047407,7.72988341563213
30,5,PI,2,3.2795456276400468,12.075043856180702,12.119111846047407,7.72988341563213
30,5,PI,3,3.2795456276400468,12.075043856180702,12.119111846047407,7.72988341563213
30,5,PI,4,3.331127762279624,12.175000743742789,4.738990039794654,7.3529009687957405
30,5,PI,5,3.331127762279624,12.175000743742789,4.738990039794654,7.3529009687957405
30,5,PI,6,3.331127762279624,12.175000743742789,4.738990039794654,7.3529009687957405
30,5,PI,7,3.331127762279624,12.175000743742789,4.738990039794654,7.3529009687957405
30,5,PI,8,3.34627189659916,11.704651275524602,11.471390629266383,8.796146849623705
30,5,PI,9,3.4860536782059164,12.025006920964831,3.876526698203306,7.137396033426863
30,5,PI,10,3.4860536782059164,12.025006920964831,3.876526698203306,7.137396033426863
30,5,PI,11,3.4860536782059164,12.025006920964831,3.876526698203306,7.137396033426863
30,5,PI,12,3.4860536782059164,12.025006920964831,3.876526698203306,7.137396033426863
30,5,PI,13,3.4860536782059164,12.025006920964831,3.876526698203306,7.137396033426863
30,5,PI,14,3.4860536782059164,12.025006920964831,3.876526698203306,7.137396033426863
30,5,PI,15,3.4860536782059164,12.025006920964831,3.876526698203306,7.137396033426863
30,5,PI,16,3.4860536782059164,12.025006920964831,3.876526698203306,7.137396033426863
30,5,PI,17,3.532989299005073,4.148359319657589,2.787340810705245,4.496968517075244
30,5,PI,18,3.532989299005073,4.148359319657589,2.787340810705245,4.496968517075244
30,5,PI,19,3.532989299005073,4.148359319657589,2.787340810705245,4.496968517075244
30,5,PI,20,3.532989299005073,4.148359319657589,2.787340810705245,4.496968517075244
30,5,PI,21,3.532989299005073,4.148359319657589,2.787340810705245,4.496968517075244
30,5,PI,22,3.532989299005073,4.148359319657589,2.787340810705245,4.496968517075244
30,5,PI,23,3.578680778795808,11.397206479422389,3.8332858538226864,8.522191487686555
30,5,PI,24,3.5943444118251766,11.958237248699648,12.269076512362552,3.725343027944499
30,5,PI,25,3.5943444118251766,11.958237248699648,12.269076512362552,3.725343027944499
31,6,PI,0,3.1277159513464596,10.114858957567403,4.949451830781875,10.198764917460334
31,6,PI,1,3.1277159513464596,10.114858957567403,4.949451830781875,10.198764917460334
31,6,PI,2,3.1277159513464596,10.114858957567403,4.949451830781875,10.198764917460334
31,6,PI,3,3.1277159513464596,10.114858957567403,4.949451830781875,10.198764917460334
31,6,PI,4,3.1277159513464596,10.114858957567403,4.949451830781875,10.198764917460334
31,6,PI,5,3.1277159513464596,10.114858957567403,4.949451830781875,10.198764917460334
31,6,PI,6,3.344381296834338,13.157026097397623,4.165758525210565,11.559259218633041
31,6,PI,7,3.418419239739671,8.60993313637293,4.336090979381716,7.491552476791235
31,6,PI,8,3.418419239739671,8.60993313637293,4.336090979381716,7.491552476791235
31,6,PI,9,3.699777894172613,4.430200565769672,4.38605198793062,7.192811141910681
31,6,PI,10,3.716672048361815,3.646739402374168,4.352603784869928,8.918697279274367
31,6,PI,11,3.716672048361815,3.646739402374168,4.352603784869928,8.918697279274367
31,6,PI,12,3.716672048361815,3.646739402374168,4.352603784869928,8.918697279274367
31,6,PI,13,3.716672048361815,3.646739402374168,4.352603784869928,8.918697279274367
31,6,PI,14,3.716672048361815,3.646739402374168,4.352603784869928,8.918697279274367
31,6,PI,15,3.716672048361815,3.646739402374168,4.352603784869928,8.918697279274367
31,6,PI,16,3.716672048361815,3.646739402374168,4.352603784869928,8.918697279274367
31,6,PI,17,3.716672048361815,3.646739402374168,4.352603784869928,8.918697279274367
31,6,PI,18,3.716672048361815,3.646739402374168,4.352603784869928,8.918697279274367
31,6,PI,19,3.7834153496667007,3.9140546469863944,4.381301544174562,9.089681070233905
31,6,PI,20,3.7834153496667007,3.9140546469863944,4.381301544174562,9.089681070233905
31,6,PI,21,3.7834153496667007,3.9140546469863944,4.381301544174562,9.089681070233905
31,6,PI,22,3.7834153496667007,3.9140546469863944,4.381301544174562,9.089681070233905
31,6,PI,23,3.7834153496667007,3.9140546469863944,4.381301544174562,9.089681070233905
31,6,PI,24,3.7834153496667007,3.9140546469863944,4.381301544174562,9.089681070233905
31,6,PI,25,3.7834153496667007,3.9140546469863944,4.381301544174562,9.089681070233905
32,7,PI,0,3.6687845282119675,7.0190242926558115,4.545486402289703,4.1763841815116
32,7,PI,1,3.6687845282119675,7.0190242926558115,4.545486402289703,4.1763841815116
32,7,PI,2,3.6687845282119675,7.0190242926558115,4.545486402289703,4.1763841815116
32,7,PI,3,3.6687845282119675,7.0190242926558115,4.545486402289703,4.1763841815116
32,7,PI,4,3.747005405914007,4.187483964985725,4.546037462565004,12.559872283158628
32,7,PI,5,3.793076713951889,11.632454584147712,4.58192444864612,4.560939192441352
32,7,PI,6,3.793076713951889,11.632454584147712,4.58192444864612,4.560939192441352
32,7,PI,7,3.793076713951889,11.632454584147712,4.58192444864612,4.560939192441352
32,7,PI,8,3.793076713951889,11.632454584147712,4.58192444864612,4.560939192441352
32,7,PI,9,3.8958822094549754,11.010085080821739,4.165958006793558,4.4403981541606505
32,7,PI,10,3.8958822094549754,11.010085080821739,4.165958006793558,4.4403981541606505
32,7,PI,11,3.8958822094549754,11.010085080821739,4.165958006793558,4.4403981541606505
32,7,PI,12,3.8958822094549754,11.010085080821739,4.165958006793558,4.4403981541606505
32,7,PI,13,3.8958822094549754,11.010085080821739,4.165958006793558,4.4403981541606505
32,7,PI,14,3.8958822094549754,11.010085080821739,4.165958006793558,4.4403981541606505
32,7,PI,15,3.8958822094549754,11.010085080821739,4.165958006793558,4.4403981541606505
32,7,PI,16,3.8958822094549754,11.010085080821739,4.165958006793558,4.4403981541606505
32,7,PI,17,3.8958822094549754,11.010085080821739,4.165958006793558,4.4403981541606505
32,7,PI,18,3.8958822094549754,11.010085080821739,4.165958006793558,4.4403981541606505
32,7,PI,19,3.8958822094549754,11.010085080821739,4.165958006793558,4.4403981541606505
32,7,PI,20,3.8958822094549754,11.010085080821739,4.165958006793558,4.4403981541606505
32,7,PI,21,3.8958822094549754,11.010085080821739,4.165958006793558,4.4403981541606505
32,7,PI,22,3.8958822094549754,11.010085080821739,4.165958006793558,4.4403981541606505
32,7,PI,23,3.8958822094549754,11.010085080821739,4.165958006793558,4.4403981541606505
32,7,PI,24,3.8958822094549754,11.010085080821739,4.165958006793558,4.4403981541606505
32,7,PI,25,3.8958822094549754,11.010085080821739,4.165958006793558,4.4403981541606505
33,8,PI,0,3.6582849562760646,7.184481812440755,3.6202821762702344,3.857178728266946
33,8,PI,1,3.6582849562760646,7.184481812440755,3.6202821762702344,3.857178728266946
33,8,PI,2,3.6582849562760646,7.184481812440755,3.6202821762702344,3.857178728266946
33,8,PI,3,3.6582849562760646,7.184481812440755,3.6202821762702344,3.857178728266946
33,8,PI,4,3.77309313191433,7.208660675461918,4.224238970300473,3.885621810134554
33,8,PI,5,3.77309313191433,7.208660675461918,4.224238970300473,3.885621810134554
33,8,PI,6,3.77309313191433,7.208660675461918,4.224238970300473,3.885621810134554
33,8,PI,7,3.77309313191433,7.208660675461918,4.224238970300473,3.885621810134554
33,8,PI,8,3.77309313191433,7.208660675461918,4.224238970300473,3.885621810134554
33,8,PI,9,3.77309313191433,7.208660675461918,4.224238970300473,3.885621810134554
33,8,PI,10,3.77309313191433,7.208660675461918,4.224238970300473,3.885621810134554
33,8,PI,11,3.77309313191433,7.208660675461918,4.224238970300473,3.885621810134554
33,8,PI,12,3.77309313191433,7.208660675461918,4.224238970300473,3.885621810134554
33,8,PI,13,3.794700392858453,8.275618451742186,4.302542893831981,4.458357415011566
33,8,PI,14,3.794700392858453,8.275618451742186,4.302542893831981,4.458357415011566
33,8,PI,15,3.794700392858453,8.275618451742186,4.302542893831981,4.458357415011566
33,8,PI,16,3.912383311531274,4.387241928579841,3.817299813195839,11.943425465434965
33,8,PI,17,3.912383311531274,4.387241928579841,3.817299813195839,11.943425465434965
33,8,PI,18,3.912383311531274,4.387241928579841,3.817299813195839,11.943425465434965
33,8,PI,19,3.912383311531274,4.387241928579841,3.817299813195839,11.943425465434965
33,8,PI,20,3.912383311531274,4.387241928579841,3.817299813195839,11.943425465434965
33,8,PI,21,3.912383311531274,4.387241928579841,3.817299813195839,11.943425465434965
33,8,PI,22,3.912383311531274,4.387241928579841,3.817299813195839,11.943425465434965
33,8,PI,23,3.912383311531274,4.387241928579841,3.817299813195839,11.943425465434965
33,8,PI,24,3.978321108551893,3.9980136833855773,4.297225627424304,11.8505560728208
33,8,PI,25,3.978321108551893,3.9980136833855773,4.297225627424304,11.8505560728208
34,9,PI,0,3.8905142734359295,4.487716097973701,11.11122724313623,4.196208296224305
34,9,PI,1,3.8905142734359295,4.487716097973701,11.11122724313623,4.196208296224305
34,9,PI,2,3.8905142734359295,4.487716097973701,11.11122724313623,4.196208296224305
34,9,PI,3,3.8905142734359295,4.487716097973701,11.11122724313623,4.196208296224305
34,9,PI,4,3.8905142734359295,4.487716097973701,11.11122724313623,4.196208296224305
34,9,PI,5,3.8905142734359295,4.487716097973701,11.11122724313623,4.196208296224305
34,9,PI,6,3.8905142734359295,4.487716097973701,11.11122724313623,4.196208296224305
34,9,PI,7,3.8905142734359295,4.487716097973701,11.11122724313623,4.196208296224305
34,9,PI,8,3.8905142734359295,4.487716097973701,11.11122724313623,4.196208296224305
34,9,PI,9,3.8905142734359295,4.487716097973701,11.11122724313623,4.196208296224305
34,9,PI,10,3.8905142734359295,4.487716097973701,11.11122724313623,4.196208296224305
34,9,PI,11,3.8905142734359295,4.487716097973701,11.11122724313623,4.196208296224305
34,9,PI,12,3.8905142734359295,4.487716097973701,11.11122724313623,4.196208296224305
34,9,PI,13,3.8905142734359295,4.487716097973701,11.11122724313623,4.196208296224305
34,9,PI,14,3.8905142734359295,4.487716097973701,11.11122724313623,4.196208296224305
34,9,PI,15,3.8905142734359295,4.487716097973701,11.11122724313623,4.196208296224305
34,9,PI,16,3.8905142734359295,4.487716097973701,11.11122724313623,4.196208296224305
34,9,PI,17,3.8905142734359295,4.487716097973701,11.11122724313623,4.196208296224305
34,9,PI,18,3.8905142734359295,4.487716097973701,11.11122724313623,4.196208296224305
34,9,PI,19,3.8905142734359295,4.487716097973701,11.11122724313623,4.196208296224305
34,9,PI,20,3.8905142734359295,4.487716097973701,11.11122724313623,4.196208296224305
34,9,PI,21,3.8905142734359295,4.487716097973701,11.11122724313623,4.196208296224305
34,9,PI,22,3.8905142734359295,4.487716097973701,11.11122724313623,4.196208296224305
34,9,PI,23,3.8905142734359295,4.487716097973701,11.11122724313623,4.196208296224305
34,9,PI,24,3.8905142734359295,4.487716097973701,11.11122724313623,4.196208296224305
34,9,PI,25,3.8905142734359295,4.487716097973701,11.11122724313623,4.196208296224305
35,10,PI,0,3.625563274933772,7.767513204253045,4.83711838149092,4.236502757470194
35,10,PI,1,3.625563274933772,7.767513204253045,4.83711838149092,4.236502757470194
35,10,PI,2,3.625563274933772,7.767513204253045,4.83711838149092,4.236502757470194
35,10,PI,3,3.625563274933772,7.767513204253045,4.83711838149092,4.236502757470194
35,10,PI,4,3.6490282483139556,8.278778718300169,4.632625141910001,3.651067780449141
35,10,PI,5,3.6490282483139556,8.278778718300169,4.632625141910001,3.651067780449141
35,10,PI,6,3.784851163417283,8.034596335929294,4.525004477561864,3.96400815464167
35,10,PI,7,3.8030854891653028,7.330198772479913,4.138826657729067,4.279278688370249
35,10,PI,8,3.8030854891653028,7.330198772479913,4.138826657729067,4.279278688370249
35,10,PI,9,3.8030854891653028,7.330198772479913,4.138826657729067,4.279278688370249
35,10,PI,10,3.8030854891653028,7.330198772479913,4.138826657729067,4.279278688370249
35,10,PI,11,3.8030854891653028,7.330198772479913,4.138826657729067,4.279278688370249
35,10,PI,12,3.8030854891653028,7.330198772479913,4.138826657729067,4.279278688370249
35,10,PI,13,3.8030854891653028,7.330198772479913,4.138826657729067,4.279278688370249
35,10,PI,14,3.8030854891653028,7.330198772479913,4.138826657729067,4.279278688370249
35,10,PI,15,3.8030854891653028,7.330198772479913,4.138826657729067,4.279278688370249
35,10,PI,16,3.8030854891653028,7.330198772479913,4.138826657729067,4.279278688370249
35,10,PI,17,3.8030854891653028,7.330198772479913,4.138826657729067,4.279278688370249
35,10,PI,18,3.8030854891653028,7.330198772479913,4.138826657729067,4.279278688370249
35,10,PI,19,3.8030854891653028,7.330198772479913,4.138826657729067,4.279278688370249
35,10,PI,20,3.8030854891653028,7.330198772479913,4.138826657729067,4.279278688370249
35,10,PI,21,3.8030854891653028,7.330198772479913,4.138826657729067,4.279278688370249
35,10,PI,22,3.8030854891653028,7.330198772479913,4.138826657729067,4.279278688370249
35,10,PI,23,3.8030854891653028,7.330198772479913,4.138826657729067,4.279278688370249
35,10,PI,24,3.8030854891653028,7.330198772479913,4.138826657729067,4.279278688370249
35,10,PI,25,3.8030854891653028,7.330198772479913,4.138826657729067,4.279278688370249
36,11,PI,0,3.238547029203167,5.299122825906721,8.873929559235652,3.5295184750137083
36,11,PI,1,3.247872390586114,12.411015807882736,11.628776528268446,8.63247455826618
36,11,PI,2,3.6292443979889653,10.18044637552142,4.793995880321798,4.172663518190794
36,11,PI,3,3.6292443979889653,10.18044637552142,4.793995880321798,4.172663518190794
36,11,PI,4,3.6985567693407755,7.497276956466286,4.644072073366928,4.190798084289921
36,11,PI,5,3.6985567693407755,7.497276956466286,4.644072073366928,4.190798084289921
36,11,PI,6,3.6985567693407755,7.497276956466286,4.644072073366928,4.190798084289921
36,11,PI,7,3.6985567693407755,7.497276956466286,4.644072073366928,4.190798084289921
36,11,PI,8,3.6985567693407755,7.497276956466286,4.644072073366928,4.190798084289921
36,11,PI,9,3.6985567693407755,7.497276956466286,4.644072073366928,4.190798084289921
36,11,PI,10,3.6985567693407755,7.497276956466286,4.644072073366928,4.190798084289921
36,11,PI,11,3.6985567693407755,7.497276956466286,4.644072073366928,4.190798084289921
36,11,PI,12,3.6985567693407755,7.497276956466286,4.644072073366928,4.190798084289921
36,11,PI,13,3.6985567693407755,7.497276956466286,4.644072073366928,4.190798084289921
36,11,PI,14,3.6985567693407755,7.497276956466286,4.644072073366928,4.190798084289921
36,11,PI,15,3.6985567693407755,7.497276956466286,4.644072073366928,4.190798084289921
36,11,PI,16,3.6985567693407755,7.497276956466286,4.644072073366928,4.190798084289921
36,11,PI,17,3.6985567693407755,7.497276956466286,4.644072073366928,4.190798084289921
36,11,PI,18,3.6985567693407755,7.497276956466286,4.644072073366928,4.190798084289921
36,11,PI,19,3.6985567693407755,7.497276956466286,4.644072073366928,4.190798084289921
36,11,PI,20,3.6985567693407755,7.497276956466286,4.644072073366928,4.190798084289921
36,11,PI,21,3.6985567693407755,7.497276956466286,4.644072073366928,4.190798084289921
36,11,PI,22,3.6985567693407755,7.497276956466286,4.644072073366928,4.190798084289921
36,11,PI,23,3.6985567693407755,7.497276956466286,4.644072073366928,4.190798084289921
36,11,PI,24,3.6985567693407755,7.497276956466286,4.644072073366928,4.190798084289921
36,11,PI,25,3.6985567693407755,7.497276956466286,4.644072073366928,4.190798084289921
37,12,PI,0,3.1807365710642643,3.8815663413322565,2.8183531617680693,10.057657110817502
37,12,PI,1,3.1807365710642643,3.8815663413322565,2.8183531617680693,10.057657110817502
37,12,PI,2,3.1807365710642643,3.8815663413322565,2.8183531617680693,10.057657110817502
37,12,PI,3,3.1807365710642643,3.8815663413322565,2.8183531617680693,10.057657110817502
37,12,PI,4,3.1807365710642643,3.8815663413322565,2.8183531617680693,10.057657110817502
37,12,PI,5,3.1807365710642643,3.8815663413322565,2.8183531617680693,10.057657110817502
37,12,PI,6,3.1807365710642643,3.8815663413322565,2.8183531617680693,10.057657110817502
37,12,PI,7,3.1807365710642643,3.8815663413322565,2.8183531617680693,10.057657110817502
37,12,PI,8,3.1807365710642643,3.8815663413322565,2.8183531617680693,10.057657110817502
37,12,PI,9,3.4324594262954653,3.085082078839795,5.131092079982718,3.990279879605312
37,12,PI,10,3.4324594262954653,3.085082078839795,5.131092079982718,3.990279879605312
37,12,PI,11,3.4324594262954653,3.085082078839795,5.131092079982718,3.990279879605312
37,12,PI,12,3.4324594262954653,3.085082078839795,5.131092079982718,3.990279879605312
37,12,PI,13,3.4324594262954653,3.085082078839795,5.131092079982718,3.990279879605312
37,12,PI,14,3.5328801928431326,3.0437617552155523,4.158914412149429,11.67475299409353
37,12,PI,15,3.5328801928431326,3.0437617552155523,4.158914412149429,11.67475299409353
37,12,PI,16,3.8224801002746602,3.116977039237092,4.053504105775703,4.282832572450567
37,12,PI,17,3.8224801002746602,3.116977039237092,4.053504105775703,4.282832572450567
37,12,PI,18,3.8224801002746602,3.116977039237092,4.053504105775703,4.282832572450567
37,12,PI,19,3.8224801002746602,3.116977039237092,4.053504105775703,4.282832572450567
37,12,PI,20,4.185882172283269,4.044799897885168,4.281249916130559,4.444104672238644
37,12,PI,21,4.185882172283269,4.044799897885168,4.281249916130559,4.444104672238644
37,12,PI,22,4.185882172283269,4.044799897885168,4.281249916130559,4.444104672238644
37,12,PI,23,4.185882172283269,4.044799897885168,4.281249916130559,4.444104672238644
37,12,PI,24,4.185882172283269,4.044799897885168,4.281249916130559,4.444104672238644
37,12,PI,25,4.185882172283269,4.044799897885168,4.281249916130559,4.444104672238644
38,13,PI,0,3.4551661666808915,12.210097788751677,7.468011124987683,3.724187923300079
38,13,PI,1,3.5287134286355606,12.010787533418801,7.253089892397348,4.026870217418097
38,13,PI,2,3.5287134286355606,12.010787533418801,7.253089892397348,4.026870217418097
38,13,PI,3,3.542887216712418,11.457459502152101,7.243823909548413,4.2024718315206275
38,13,PI,4,3.542887216712418,11.457459502152101,7.243823909548413,4.2024718315206275
38,13,PI,5,3.542887216712418,11.457459502152101,7.243823909548413,4.2024718315206275
38,13,PI,6,3.542887216712418,11.457459502152101,7.243823909548413,4.2024718315206275
38,13,PI,7,3.542887216712418,11.457459502152101,7.243823909548413,4.2024718315206275
38,13,PI,8,3.542887216712418,11.457459502152101,7.243823909548413,4.2024718315206275
38,13,PI,9,4.133453710296585,4.261284180598878,4.127003383239101,4.591959289473262
38,13,PI,10,4.133453710296585,4.261284180598878,4.127003383239101,4.591959289473262
38,13,PI,11,4.133453710296585,4.261284180598878,4.127003383239101,4.591959289473262
38,13,PI,12,4.133453710296585,4.261284180598878,4.127003383239101,4.591959289473262
38,13,PI,13,4.133453710296585,4.261284180598878,4.127003383239101,4.591959289473262
38,13,PI,14,4.133453710296585,4.261284180598878,4.127003383239101,4.591959289473262
38,13,PI,15,4.133453710296585,4.261284180598878,4.127003383239101,4.591959289473262
38,13,PI,16,4.133453710296585,4.261284180598878,4.127003383239101,4.591959289473262
38,13,PI,17,4.133453710296585,4.261284180598878,4.127003383239101,4.591959289473262
38,13,PI,18,4.133453710296585,4.261284180598878,4.127003383239101,4.591959289473262
38,13,PI,19,4.133453710296585,4.261284180598878,4.127003383239101,4.591959289473262
38,13,PI,20,4.133453710296585,4.261284180598878,4.127003383239101,4.591959289473262
38,13,PI,21,4.133453710296585,4.261284180598878,4.127003383239101,4.591959289473262
38,13,PI,22,4.133453710296585,4.261284180598878,4.127003383239101,4.591959289473262
38,13,PI,23,4.133453710296585,4.261284180598878,4.127003383239101,4.591959289473262
38,13,PI,24,4.133453710296585,4.261284180598878,4.127003383239101,4.591959289473262
38,13,PI,25,4.133453710296585,4.261284180598878,4.127003383239101,4.591959289473262
39,14,PI,0,3.1951801958958317,7.607737954831852,3.43080941645436,9.75291271270783
39,14,PI,1,3.1951801958958317,7.607737954831852,3.43080941645436,9.75291271270783
39,14,PI,2,3.351222798733252,12.37178421361607,3.539910170745059,8.779314950644231
39,14,PI,3,3.351222798733252,12.37178421361607,3.539910170745059,8.779314950644231
39,14,PI,4,3.351222798733252,12.37178421361607,3.539910170745059,8.779314950644231
39,14,PI,5,3.351222798733252,12.37178421361607,3.539910170745059,8.779314950644231
39,14,PI,6,3.351222798733252,12.37178421361607,3.539910170745059,8.779314950644231
39,14,PI,7,3.351222798733252,12.37178421361607,3.539910170745059,8.779314950644231
39,14,PI,8,3.351222798733252,12.37178421361607,3.539910170745059,8.779314950644231
39,14,PI,9,3.351222798733252,12.37178421361607,3.539910170745059,8.779314950644231
39,14,PI,10,3.351222798733252,12.37178421361607,3.539910170745059,8.779314950644231
39,14,PI,11,3.351222798733252,12.37178421361607,3.539910170745059,8.779314950644231
39,14,PI,12,3.351222798733252,12.37178421361607,3.539910170745059,8.779314950644231
39,14,PI,13,3.351222798733252,12.37178421361607,3.539910170745059,8.779314950644231
39,14,PI,14,3.351222798733252,12.37178421361607,3.539910170745059,8.779314950644231
39,14,PI,15,3.351222798733252,12.37178421361607,3.539910170745059,8.779314950644231
39,14,PI,16,3.486412505354919,3.7971453796620818,3.2796647708373246,9.05777458148728
39,14,PI,17,3.486412505354919,3.7971453796620818,3.2796647708373246,9.05777458148728
39,14,PI,18,3.486412505354919,3.7971453796620818,3.2796647708373246,9.05777458148728
39,14,PI,19,3.486412505354919,3.7971453796620818,3.2796647708373246,9.05777458148728
39,14,PI,20,3.486412505354919,3.7971453796620818,3.2796647708373246,9.05777458148728
39,14,PI,21,3.486412505354919,3.7971453796620818,3.2796647708373246,9.05777458148728
39,14,PI,22,3.5284362416204154,11.864790259007373,4.247984000107199,7.218793938901132
39,14,PI,23,3.5284362416204154,11.864790259007373,4.247984000107199,7.218793938901132
39,14,PI,24,3.5284362416204154,11.864790259007373,4.247984000107199,7.218793938901132
39,14,PI,25,3.5284362416204154,11.864790259007373,4.247984000107199,7.218793938901132
40,15,PI,0,3.51255012632752,8.816819853202484,3.72823739238798,12.002079750194575
40,15,PI,1,3.51255012632752,8.816819853202484,3.72823739238798,12.002079750194575
40,15,PI,2,3.51255012632752,8.816819853202484,3.72823739238798,12.002079750194575
40,15,PI,3,3.5483268044159813,10.74915105490495,11.764992582561472,4.582029244890642
40,15,PI,4,3.5483268044159813,10.74915105490495,11.764992582561472,4.582029244890642
40,15,PI,5,3.5483268044159813,10.74915105490495,11.764992582561472,4.582029244890642
40,15,PI,6,3.8650338723094526,4.200155100796627,11.215113434825053,3.6175815349514466
40,15,PI,7,3.8650338723094526,4.200155100796627,11.215113434825053,3.6175815349514466
40,15,PI,8,3.8650338723094526,4.200155100796627,11.215113434825053,3.6175815349514466
40,15,PI,9,3.8650338723094526,4.200155100796627,11.215113434825053,3.6175815349514466
40,15,PI,10,3.8650338723094526,4.200155100796627,11.215113434825053,3.6175815349514466
40,15,PI,11,3.8650338723094526,4.200155100796627,11.215113434825053,3.6175815349514466
40,15,PI,12,3.8650338723094526,4.200155100796627,11.215113434825053,3.6175815349514466
40,15,PI,13,3.8650338723094526,4.200155100796627,11.215113434825053,3.6175815349514466
40,15,PI,14,3.8650338723094526,4.200155100796627,11.215113434825053,3.6175815349514466
40,15,PI,15,3.8650338723094526,4.200155100796627,11.215113434825053,3.6175815349514466
40,15,PI,16,3.8650338723094526,4.200155100796627,11.215113434825053,3.6175815349514466
40,15,PI,17,3.8650338723094526,4.200155100796627,11.215113434825053,3.6175815349514466
40,15,PI,18,3.8650338723094526,4.200155100796627,11.215113434825053,3.6175815349514466
40,15,PI,19,3.8650338723094526,4.200155100796627,11.215113434825053,3.6175815349514466
40,15,PI,20,3.8650338723094526,4.200155100796627,11.215113434825053,3.6175815349514466
40,15,PI,21,3.8650338723094526,4.200155100796627,11.215113434825053,3.6175815349514466
40,15,PI,22,3.8650338723094526,4.200155100796627,11.215113434825053,3.6175815349514466
40,15,PI,23,3.8650338723094526,4.200155100796627,11.215113434825053,3.6175815349514466
40,15,PI,24,3.8650338723094526,4.200155100796627,11.215113434825053,3.6175815349514466
40,15,PI,25,3.8650338723094526,4.200155100796627,11.215113434825053,3.6175815349514466
41,16,PI,0,3.1845850965477833,4.49017595249607,8.416154920894945,6.110479427991566
41,16,PI,1,3.1845850965477833,4.49017595249607,8.416154920894945,6.110479427991566
41,16,PI,2,3.1845850965477833,4.49017595249607,8.416154920894945,6.110479427991566
41,16,PI,3,3.1845850965477833,4.49017595249607,8.416154920894945,6.110479427991566
41,16,PI,4,3.1845850965477833,4.49017595249607,8.416154920894945,6.110479427991566
41,16,PI,5,3.1845850965477833,4.49017595249607,8.416154920894945,6.110479427991566
41,16,PI,6,3.435706715221374,12.756094082261516,4.298025173711838,10.92678062495007
41,16,PI,7,3.69207578265294,3.620235336646726,7.900768211787815,3.7144084817008767
41,16,PI,8,3.8186108642482326,3.905211807267488,8.04791604420007,4.399580812559356
41,16,PI,9,3.8186108642482326,3.905211807267488,8.04791604420007,4.399580812559356
41,16,PI,10,3.8186108642482326,3.905211807267488,8.04791604420007,4.399580812559356
41,16,PI,11,3.8186108642482326,3.905211807267488,8.04791604420007,4.399580812559356
41,16,PI,12,3.8186108642482326,3.905211807267488,8.04791604420007,4.399580812559356
41,16,PI,13,3.8186108642482326,3.905211807267488,8.04791604420007,4.399580812559356
41,16,PI,14,3.8186108642482326,3.905211807267488,8.04791604420007,4.399580812559356
41,16,PI,15,3.8186108642482326,3.905211807267488,8.04791604420007,4.399580812559356
41,16,PI,16,3.8186108642482326,3.905211807267488,8.04791604420007,4.399580812559356
41,16,PI,17,3.8186108642482326,3.905211807267488,8.04791604420007,4.399580812559356
41,16,PI,18,3.8186108642482326,3.905211807267488,8.04791604420007,4.399580812559356
41,16,PI,19,3.8186108642482326,3.905211807267488,8.04791604420007,4.399580812559356
41,16,PI,20,3.8186108642482326,3.905211807267488,8.04791604420007,4.399580812559356
41,16,PI,21,3.8186108642482326,3.905211807267488,8.04791604420007,4.399580812559356
41,16,PI,22,3.8186108642482326,3.905211807267488,8.04791604420007,4.399580812559356
41,16,PI,23,3.8186108642482326,3.905211807267488,8.04791604420007,4.399580812559356
41,16,PI,24,3.8186108642482326,3.905211807267488,8.04791604420007,4.399580812559356
41,16,PI,25,3.8186108642482326,3.905211807267488,8.04791604420007,4.399580812559356
42,17,PI,0,2.9394920817633023,6.422467486404127,9.170146627484709,11.045788057699298
42,17,PI,1,2.9394920817633023,6.422467486404127,9.170146627484709,11.045788057699298
42,17,PI,2,2.9394920817633023,6.422467486404127,9.170146627484709,11.045788057699298
42,17,PI,3,3.064847249719239,6.273515153937732,8.563450333239732,4.767890642373613
42,17,PI,4,3.123563013749465,7.253270346413689,8.915641808169042,11.28834109249968
42,17,PI,5,3.1309086544873637,5.180440326202329,3.229398866614621,8.331030148625135
42,17,PI,6,3.1309086544873637,5.180440326202329,3.229398866614621,8.331030148625135
42,17,PI,7,3.226694063929291,5.583239695899179,3.8656046224811775,5.300038509358126
42,17,PI,8,3.226694063929291,5.583239695899179,3.8656046224811775,5.300038509358126
42,17,PI,9,3.226694063929291,5.583239695899179,3.8656046224811775,5.300038509358126
42,17,PI,10,3.5085165994801337,4.639330694975925,4.14295305163977,6.106639340068334
42,17,PI,11,3.5085165994801337,4.639330694975925,4.14295305163977,6.106639340068334
42,17,PI,12,3.694030554811878,4.29586966930156,4.704581905614161,8.257311351789667
42,17,PI,13,3.694030554811878,4.29586966930156,4.704581905614161,8.257311351789667
42,17,PI,14,3.694030554811878,4.29586966930156,4.704581905614161,8.257311351789667
42,17,PI,15,3.721279164511625,3.7389847256667412,4.536313791066568,8.42436806227659
42,17,PI,16,3.7755442442752534,4.243727187353149,4.238251399750483,7.179319470509232
42,17,PI,17,3.7755442442752534,4.243727187353149,4.238251399750483,7.179319470509232
42,17,PI,18,3.7755442442752534,4.243727187353149,4.238251399750483,7.179319470509232
42,17,PI,19,3.8424742220961834,4.8908054037366275,4.431744733604818,4.560723341852971
42,17,PI,20,4.213908584272927,4.036610248022993,4.412016135825841,4.13024372803407
42,17,PI,21,4.213908584272927,4.036610248022993,4.412016135825841,4.13024372803407
42,17,PI,22,4.213908584272927,4.036610248022993,4.412016135825841,4.13024372803407
42,17,PI,23,4.213908584272927,4.036610248022993,4.412016135825841,4.13024372803407
42,17,PI,24,4.213908584272927,4.036610248022993,4.412016135825841,4.13024372803407
42,17,PI,25,4.213908584272927,4.036610248022993,4.412016135825841,4.13024372803407
43,18,PI,0,3.2970055466536135,5.989586538263591,10.761220189323241,4.212349920540051
43,18,PI,1,3.2970055466536135,5.989586538263591,10.761220189323241,4.212349920540051
43,18,PI,2,3.2970055466536135,5.989586538263591,10.761220189323241,4.212349920540051
43,18,PI,3,3.2970055466536135,5.989586538263591,10.761220189323241,4.212349920540051
43,18,PI,4,3.3815800290483073,5.720024259447179,11.223077445592624,4.277918257715233
43,18,PI,5,3.4969191434238684,4.898553144818233,11.970343664892187,3.4085826877269914
43,18,PI,6,3.4969191434238684,4.898553144818233,11.970343664892187,3.4085826877269914
43,18,PI,7,3.4969191434238684,4.898553144818233,11.970343664892187,3.4085826877269914
43,18,PI,8,3.4969191434238684,4.898553144818233,11.970343664892187,3.4085826877269914
43,18,PI,9,3.4969191434238684,4.898553144818233,11.970343664892187,3.4085826877269914
43,18,PI,10,3.4969191434238684,4.898553144818233,11.970343664892187,3.4085826877269914
43,18,PI,11,3.4969191434238684,4.898553144818233,11.970343664892187,3.4085826877269914
43,18,PI,12,3.918652954279157,3.77561336938548,11.084539657168346,4.072172642307329
43,18,PI,13,3.918652954279157,3.77561336938548,11.084539657168346,4.072172642307329
43,18,PI,14,3.918652954279157,3.77561336938548,11.084539657168346,4.072172642307329
43,18,PI,15,3.918652954279157,3.77561336938548,11.084539657168346,4.072172642307329
43,18,PI,16,3.918652954279157,3.77561336938548,11.084539657168346,4.072172642307329
43,18,PI,17,3.918652954279157,3.77561336938548,11.084539657168346,4.072172642307329
43,18,PI,18,3.918652954279157,3.77561336938548,11.084539657168346,4.072172642307329
43,18,PI,19,3.918652954279157,3.77561336938548,11.084539657168346,4.072172642307329
43,18,PI,20,3.918652954279157,3.77561336938548,11.084539657168346,4.072172642307329
43,18,PI,21,3.944392644758174,4.239996353258631,10.98658290820965,4.059188493540634
43,18,PI,22,3.944392644758174,4.239996353258631,10.98658290820965,4.059188493540634
43,18,PI,23,3.944392644758174,4.239996353258631,10.98658290820965,4.059188493540634
43,18,PI,24,3.944392644758174,4.239996353258631,10.98658290820965,4.059188493540634
43,18,PI,25,3.944392644758174,4.239996353258631,10.98658290820965,4.059188493540634
44,19,PI,0,3.4735398894929705,11.714483726522747,8.080497541193894,4.674981267357308
44,19,PI,1,3.4735398894929705,11.714483726522747,8.080497541193894,4.674981267357308
44,19,PI,2,3.4735398894929705,11.714483726522747,8.080497541193894,4.674981267357308
44,19,PI,3,3.4735398894929705,11.714483726522747,8.080497541193894,4.674981267357308
44,19,PI,4,3.4735398894929705,11.714483726522747,8.080497541193894,4.674981267357308
44,19,PI,5,3.4735398894929705,11.714483726522747,8.080497541193894,4.674981267357308
44,19,PI,6,3.4735398894929705,11.714483726522747,8.080497541193894,4.674981267357308
44,19,PI,7,3.4735398894929705,11.714483726522747,8.080497541193894,4.674981267357308
44,19,PI,8,3.4735398894929705,11.714483726522747,8.080497541193894,4.674981267357308
44,19,PI,9,3.4735398894929705,11.714483726522747,8.080497541193894,4.674981267357308
44,19,PI,10,3.474495753119732,7.698505979391147,10.494551100042232,3.9770601851440404
44,19,PI,11,3.474495753119732,7.698505979391147,10.494551100042232,3.9770601851440404
44,19,PI,12,3.474495753119732,7.698505979391147,10.494551100042232,3.9770601851440404
44,19,PI,13,3.474495753119732,7.698505979391147,10.494551100042232,3.9770601851440404
44,19,PI,14,3.474495753119732,7.698505979391147,10.494551100042232,3.9770601851440404
44,19,PI,15,3.474495753119732,7.698505979391147,10.494551100042232,3.9770601851440404
44,19,PI,16,3.474495753119732,7.698505979391147,10.494551100042232,3.9770601851440404
44,19,PI,17,3.474495753119732,7.698505979391147,10.494551100042232,3.9770601851440404
44,19,PI,18,3.522430803925439,8.78486124525349,10.963405169938484,4.310679267754139
44,19,PI,19,3.522430803925439,8.78486124525349,10.963405169938484,4.310679267754139
44,19,PI,20,3.577004321959874,4.153499673713149,9.191941187868672,11.742175805371184
44,19,PI,21,3.577004321959874,4.153499673713149,9.191941187868672,11.742175805371184
44,19,PI,22,3.577004321959874,4.153499673713149,9.191941187868672,11.742175805371184
44,19,PI,23,3.577004321959874,4.153499673713149,9.191941187868672,11.742175805371184
44,19,PI,24,3.577004321959874,4.153499673713149,9.191941187868672,11.742175805371184
44,19,PI,25,3.577004321959874,4.153499673713149,9.191941187868672,11.742175805371184
45,20,PI,0,3.273563445017652,6.73032690394678,9.60265212884643,4.057332846817459
45,20,PI,1,3.273563445017652,6.73032690394678,9.60265212884643,4.057332846817459
45,20,PI,2,3.273563445017652,6.73032690394678,9.60265212884643,4.057332846817459
45,20,PI,3,4.068783701373517,4.3952164676611,4.39926214138191,4.557443094907106
45,20,PI,4,4.068783701373517,4.3952164676611,4.39926214138191,4.557443094907106
45,20,PI,5,4.068783701373517,4.3952164676611,4.39926214138191,4.557443094907106
45,20,PI,6,4.068783701373517,4.3952164676611,4.39926214138191,4.557443094907106
45,20,PI,7,4.068783701373517,4.3952164676611,4.39926214138191,4.557443094907106
45,20,PI,8,4.068783701373517,4.3952164676611,4.39926214138191,4.557443094907106
45,20,PI,9,4.068783701373517,4.3952164676611,4.39926214138191,4.557443094907106
45,20,PI,10,4.068783701373517,4.3952164676611,4.39926214138191,4.557443094907106
45,20,PI,11,4.068783701373517,4.3952164676611,4.39926214138191,4.557443094907106
45,20,PI,12,4.068783701373517,4.3952164676611,4.39926214138191,4.557443094907106
45,20,PI,13,4.068783701373517,4.3952164676611,4.39926214138191,4.557443094907106
45,20,PI,14,4.068783701373517,4.3952164676611,4.39926214138191,4.557443094907106
45,20,PI,15,4.083826189635051,4.167802773623835,3.7297140044146615,3.621533208406014
45,20,PI,16,4.083826189635051,4.167802773623835,3.7297140044146615,3.621533208406014
45,20,PI,17,4.083826189635051,4.167802773623835,3.7297140044146615,3.621533208406014
45,20,PI,18,4.083826189635051,4.167802773623835,3.7297140044146615,3.621533208406014
45,20,PI,19,4.083826189635051,4.167802773623835,3.7297140044146615,3.621533208406014
45,20,PI,20,4.083826189635051,4.167802773623835,3.7297140044146615,3.621533208406014
45,20,PI,21,4.083826189635051,4.167802773623835,3.7297140044146615,3.621533208406014
45,20,PI,22,4.083826189635051,4.167802773623835,3.7297140044146615,3.621533208406014
45,20,PI,23,4.083826189635051,4.167802773623835,3.7297140044146615,3.621533208406014
45,20,PI,24,4.083826189635051,4.167802773623835,3.7297140044146615,3.621533208406014
45,20,PI,25,4.083826189635051,4.167802773623835,3.7297140044146615,3.621533208406014
46,21,PI,0,3.5027617269498394,3.9038380556747083,7.083532420685154,11.419026660671266
46,21,PI,1,3.5027617269498394,3.9038380556747083,7.083532420685154,11.419026660671266
46,21,PI,2,3.5027617269498394,3.9038380556747083,7.083532420685154,11.419026660671266
46,21,PI,3,3.564505343646357,4.637125145777615,4.923719025832481,12.049991497880642
46,21,PI,4,3.564505343646357,4.637125145777615,4.923719025832481,12.049991497880642
46,21,PI,5,3.564505343646357,4.637125145777615,4.923719025832481,12.049991497880642
46,21,PI,6,3.564505343646357,4.637125145777615,4.923719025832481,12.049991497880642
46,21,PI,7,3.564505343646357,4.637125145777615,4.923719025832481,12.049991497880642
46,21,PI,8,3.564505343646357,4.637125145777615,4.923719025832481,12.049991497880642
46,21,PI,9,3.564505343646357,4.637125145777615,4.923719025832481,12.049991497880642
46,21,PI,10,3.564505343646357,4.637125145777615,4.923719025832481,12.049991497880642
46,21,PI,11,3.564505343646357,4.637125145777615,4.923719025832481,12.049991497880642
46,21,PI,12,3.564505343646357,4.637125145777615,4.923719025832481,12.049991497880642
46,21,PI,13,3.564505343646357,4.637125145777615,4.923719025832481,12.049991497880642
46,21,PI,14,3.564505343646357,4.637125145777615,4.923719025832481,12.049991497880642
46,21,PI,15,3.564505343646357,4.637125145777615,4.923719025832481,12.049991497880642
46,21,PI,16,3.564505343646357,4.637125145777615,4.923719025832481,12.049991497880642
46,21,PI,17,3.564505343646357,4.637125145777615,4.923719025832481,12.049991497880642
46,21,PI,18,3.564505343646357,4.637125145777615,4.923719025832481,12.049991497880642
46,21,PI,19,3.564505343646357,4.637125145777615,4.923719025832481,12.049991497880642
46,21,PI,20,3.564505343646357,4.637125145777615,4.923719025832481,12.049991497880642
46,21,PI,21,3.564505343646357,4.637125145777615,4.923719025832481,12.049991497880642
46,21,PI,22,3.564505343646357,4.637125145777615,4.923719025832481,12.049991497880642
46,21,PI,23,3.564505343646357,4.637125145777615,4.923719025832481,12.049991497880642
46,21,PI,24,3.564505343646357,4.637125145777615,4.923719025832481,12.049991497880642
46,21,PI,25,3.564505343646357,4.637125145777615,4.923719025832481,12.049991497880642
47,22,PI,0,3.2146682124643995,7.8673359472017514,11.961514620370984,8.477286052589523
47,22,PI,1,3.22534696597524,11.77119956678332,12.506984055420885,8.397098580630914
47,22,PI,2,3.22534696597524,11.77119956678332,12.506984055420885,8.397098580630914
47,22,PI,3,3.4274267860152428,8.688908012276455,4.412350448866981,3.1694329513974457
47,22,PI,4,3.6073682180947757,3.9550457130206813,4.9941636842726504,3.244839217039392
47,22,PI,5,3.6106648382366604,11.494255479946762,4.97326415253411,4.534405413852784
47,22,PI,6,3.6106648382366604,11.494255479946762,4.97326415253411,4.534405413852784
47,22,PI,7,3.6106648382366604,11.494255479946762,4.97326415253411,4.534405413852784
47,22,PI,8,3.6106648382366604,11.494255479946762,4.97326415253411,4.534405413852784
47,22,PI,9,3.6106648382366604,11.494255479946762,4.97326415253411,4.534405413852784
47,22,PI,10,3.6106648382366604,11.494255479946762,4.97326415253411,4.534405413852784
47,22,PI,11,3.6106648382366604,11.494255479946762,4.97326415253411,4.534405413852784
47,22,PI,12,3.7527720773061652,10.55717141332514,4.111836288724852,3.5693776780171005
47,22,PI,13,3.7527720773061652,10.55717141332514,4.111836288724852,3.5693776780171005
47,22,PI,14,3.7527720773061652,10.55717141332514,4.111836288724852,3.5693776780171005
47,22,PI,15,3.7527720773061652,10.55717141332514,4.111836288724852,3.5693776780171005
47,22,PI,16,3.7527720773061652,10.55717141332514,4.111836288724852,3.5693776780171005
47,22,PI,17,3.7527720773061652,10.55717141332514,4.111836288724852,3.5693776780171005
47,22,PI,18,3.7527720773061652,10.55717141332514,4.111836288724852,3.5693776780171005
47,22,PI,19,4.176720225856676,4.248028710843969,4.306923373233545,4.41809109464904
47,22,PI,20,4.176720225856676,4.248028710843969,4.306923373233545,4.41809109464904
47,22,PI,21,4.176720225856676,4.248028710843969,4.306923373233545,4.41809109464904
47,22,PI,22,4.176720225856676,4.248028710843969,4.306923373233545,4.41809109464904
47,22,PI,23,4.176720225856676,4.248028710843969,4.306923373233545,4.41809109464904
47,22,PI,24,4.176720225856676,4.248028710843969,4.306923373233545,4.41809109464904
47,22,PI,25,4.176720225856676,4.248028710843969,4.306923373233545,4.41809109464904
48,23,PI,0,3.523516515253408,3.7998583602408065,9.370619845019032,11.466275402773853
48,23,PI,1,3.523516515253408,3.7998583602408065,9.370619845019032,11.466275402773853
48,23,PI,2,3.523516515253408,3.7998583602408065,9.370619845019032,11.466275402773853
48,23,PI,3,3.523516515253408,3.7998583602408065,9.370619845019032,11.466275402773853
48,23,PI,4,3.523516515253408,3.7998583602408065,9.370619845019032,11.466275402773853
48,23,PI,5,3.523516515253408,3.7998583602408065,9.370619845019032,11.466275402773853
48,23,PI,6,3.523516515253408,3.7998583602408065,9.370619845019032,11.466275402773853
48,23,PI,7,3.523516515253408,3.7998583602408065,9.370619845019032,11.466275402773853
48,23,PI,8,3.614650817566555,3.5550582686140437,3.696963554050962,10.129528431004136
48,23,PI,9,3.614650817566555,3.5550582686140437,3.696963554050962,10.129528431004136
48,23,PI,10,3.614650817566555,3.5550582686140437,3.696963554050962,10.129528431004136
48,23,PI,11,3.614650817566555,3.5550582686140437,3.696963554050962,10.129528431004136
48,23,PI,12,3.614650817566555,3.5550582686140437,3.696963554050962,10.129528431004136
48,23,PI,13,3.614650817566555,3.5550582686140437,3.696963554050962,10.129528431004136
48,23,PI,14,3.614650817566555,3.5550582686140437,3.696963554050962,10.129528431004136
48,23,PI,15,3.614650817566555,3.5550582686140437,3.696963554050962,10.129528431004136
48,23,PI,16,3.614650817566555,3.5550582686140437,3.696963554050962,10.129528431004136
48,23,PI,17,3.8997338405335675,3.9212049669478137,3.9457572635874816,10.778347687206724
48,23,PI,18,3.8997338405335675,3.9212049669478137,3.9457572635874816,10.778347687206724
48,23,PI,19,3.8997338405335675,3.9212049669478137,3.9457572635874816,10.778347687206724
48,23,PI,20,3.8997338405335675,3.9212049669478137,3.9457572635874816,10.778347687206724
48,23,PI,21,3.8997338405335675,3.9212049669478137,3.9457572635874816,10.778347687206724
48,23,PI,22,3.8997338405335675,3.9212049669478137,3.9457572635874816,10.778347687206724
48,23,PI,23,3.8997338405335675,3.9212049669478137,3.9457572635874816,10.778347687206724
48,23,PI,24,3.8997338405335675,3.9212049669478137,3.9457572635874816,10.778347687206724
48,23,PI,25,3.8997338405335675,3.9212049669478137,3.9457572635874816,10.778347687206724
49,24,PI,0,3.076321404214511,7.59599650905222,8.463187611453762,8.54530965762603
49,24,PI,1,3.161856568000985,4.990757563997631,12.752846704796584,11.031757881368398
49,24,PI,2,3.161856568000985,4.990757563997631,12.752846704796584,11.031757881368398
49,24,PI,3,3.161856568000985,4.990757563997631,12.752846704796584,11.031757881368398
49,24,PI,4,3.4069482155432667,9.204092174306279,11.727932513761685,4.710202420437078
49,24,PI,5,3.4508434082916173,10.092221762521588,11.98224571591662,4.572678376670277
49,24,PI,6,3.4508434082916173,10.092221762521588,11.98224571591662,4.572678376670277
49,24,PI,7,3.591328384492881,4.438093932132655,12.332611801895576,11.328325065471232
49,24,PI,8,3.591328384492881,4.438093932132655,12.332611801895576,11.328325065471232
49,24,PI,9,3.591328384492881,4.438093932132655,12.332611801895576,11.328325065471232
49,24,PI,10,3.591328384492881,4.438093932132655,12.332611801895576,11.328325065471232
49,24,PI,11,3.591328384492881,4.438093932132655,12.332611801895576,11.328325065471232
49,24,PI,12,3.591328384492881,4.438093932132655,12.332611801895576,11.328325065471232
49,24,PI,13,3.591328384492881,4.438093932132655,12.332611801895576,11.328325065471232
49,24,PI,14,3.591328384492881,4.438093932132655,12.332611801895576,11.328325065471232
49,24,PI,15,3.591328384492881,4.438093932132655,12.332611801895576,11.328325065471232
49,24,PI,16,3.591328384492881,4.438093932132655,12.332611801895576,11.328325065471232
49,24,PI,17,3.591328384492881,4.438093932132655,12.332611801895576,11.328325065471232
49,24,PI,18,3.591328384492881,4.438093932132655,12.332611801895576,11.328325065471232
49,24,PI,19,3.591328384492881,4.438093932132655,12.332611801895576,11.328325065471232
49,24,PI,20,3.591328384492881,4.438093932132655,12.332611801895576,11.328325065471232
49,24,PI,21,3.591328384492881,4.438093932132655,12.332611801895576,11.328325065471232
49,24,PI,22,3.591328384492881,4.438093932132655,12.332611801895576,11.328325065471232
49,24,PI,23,3.591328384492881,4.438093932132655,12.332611801895576,11.328325065471232
49,24,PI,24,3.591328384492881,4.438093932132655,12.332611801895576,11.328325065471232
49,24,PI,25,3.591328384492881,4.438093932132655,12.332611801895576,11.328325065471232
50,0,UCB,0,3.1416117937407844,9.099536636507699,10.942448414759976,8.154374871981343
50,0,UCB,1,3.147181441226062,9.468364434673013,11.120881026224383,8.32330521265192
50,0,UCB,2,3.264066947516935,11.206427936497763,10.961008278436982,7.649792725686842
50,0,UCB,3,3.264066947516935,11.206427936497763,10.961008278436982,7.649792725686842
50,0,UCB,4,3.264066947516935,11.206427936497763,10.961008278436982,7.649792725686842
50,0,UCB,5,3.264066947516935,11.206427936497763,10.961008278436982,7.649792725686842
50,0,UCB,6,3.264066947516935,11.206427936497763,10.961008278436982,7.649792725686842
50,0,UCB,7,3.264066947516935,11.206427936497763,10.961008278436982,7.649792725686842
50,0,UCB,8,3.264066947516935,11.206427936497763,10.961008278436982,7.649792725686842
50,0,UCB,9,3.377425521997693,4.232016476599205,9.8796604887306,7.383264805079887
50,0,UCB,10,3.377425521997693,4.232016476599205,9.8796604887306,7.383264805079887
50,0,UCB,11,3.6037555259238676,4.216715675597853,11.573118858644323,7.722747364172448
50,0,UCB,12,3.6037555259238676,4.216715675597853,11.573118858644323,7.722747364172448
50,0,UCB,13,3.6037555259238676,4.216715675597853,11.573118858644323,7.722747364172448
50,0,UCB,14,3.6037555259238676,4.216715675597853,11.573118858644323,7.722747364172448
50,0,UCB,15,3.6037555259238676,4.216715675597853,11.573118858644323,7.722747364172448
50,0,UCB,16,3.6037555259238676,4.216715675597853,11.573118858644323,7.722747364172448
50,0,UCB,17,3.6037555259238676,4.216715675597853,11.573118858644323,7.722747364172448
50,0,UCB,18,3.6037555259238676,4.216715675597853,11.573118858644323,7.722747364172448
50,0,UCB,19,3.6037555259238676,4.216715675597853,11.573118858644323,7.722747364172448
50,0,UCB,20,3.6037555259238676,4.216715675597853,11.573118858644323,7.722747364172448
50,0,UCB,21,3.6037555259238676,4.216715675597853,11.573118858644323,7.722747364172448
50,0,UCB,22,3.6037555259238676,4.216715675597853,11.573118858644323,7.722747364172448
50,0,UCB,23,3.6037555259238676,4.216715675597853,11.573118858644323,7.722747364172448
50,0,UCB,24,3.6283615373061306,4.5638675836831,10.414412692473162,3.572859605087622
50,0,UCB,25,3.7721640029447774,3.9896615831331688,9.36754833398613,4.406299540357472
51,1,UCB,0,3.616167873236414,4.945975747486383,11.826430551426064,4.547922439374675
51,1,UCB,1,3.616167873236414,4.945975747486383,11.826430551426064,4.547922439374675
51,1,UCB,2,3.616167873236414,4.945975747486383,11.826430551426064,4.547922439374675
51,1,UCB,3,3.616167873236414,4.945975747486383,11.826430551426064,4.547922439374675
51,1,UCB,4,3.616167873236414,4.945975747486383,11.826430551426064,4.547922439374675
51,1,UCB,5,3.616167873236414,4.945975747486383,11.826430551426064,4.547922439374675
51,1,UCB,6,3.616167873236414,4.945975747486383,11.826430551426064,4.547922439374675
51,1,UCB,7,3.616167873236414,4.945975747486383,11.826430551426064,4.547922439374675
51,1,UCB,8,3.9857072696179876,4.834762768764188,3.880775523011808,4.315247196168674
51,1,UCB,9,3.9857072696179876,4.834762768764188,3.880775523011808,4.315247196168674
51,1,UCB,10,3.9857072696179876,4.834762768764188,3.880775523011808,4.315247196168674
51,1,UCB,11,3.9857072696179876,4.834762768764188,3.880775523011808,4.315247196168674
51,1,UCB,12,3.9857072696179876,4.834762768764188,3.880775523011808,4.315247196168674
51,1,UCB,13,3.9857072696179876,4.834762768764188,3.880775523011808,4.315247196168674
51,1,UCB,14,3.9857072696179876,4.834762768764188,3.880775523011808,4.315247196168674
51,1,UCB,15,3.9857072696179876,4.834762768764188,3.880775523011808,4.315247196168674
51,1,UCB,16,3.9857072696179876,4.834762768764188,3.880775523011808,4.315247196168674
51,1,UCB,17,3.9857072696179876,4.834762768764188,3.880775523011808,4.315247196168674
51,1,UCB,18,3.9857072696179876,4.834762768764188,3.880775523011808,4.315247196168674
51,1,UCB,19,3.9857072696179876,4.834762768764188,3.880775523011808,4.315247196168674
51,1,UCB,20,3.9857072696179876,4.834762768764188,3.880775523011808,4.315247196168674
51,1,UCB,21,4.246614289990897,3.906102715998621,4.143566423789667,4.156683515204106
51,1,UCB,22,4.246614289990897,3.906102715998621,4.143566423789667,4.156683515204106
51,1,UCB,23,4.261137080510169,4.119571086617514,4.118450968995145,3.980190068624224
51,1,UCB,24,4.261137080510169,4.119571086617514,4.118450968995145,3.980190068624224
51,1,UCB,25,4.261137080510169,4.119571086617514,4.118450968995145,3.980190068624224
52,2,UCB,0,3.862697100551329,3.924182013739746,4.477367151211849,12.213386108914206
52,2,UCB,1,3.862697100551329,3.924182013739746,4.477367151211849,12.213386108914206
52,2,UCB,2,3.862697100551329,3.924182013739746,4.477367151211849,12.213386108914206
52,2,UCB,3,3.862697100551329,3.924182013739746,4.477367151211849,12.213386108914206
52,2,UCB,4,3.862697100551329,3.924182013739746,4.477367151211849,12.213386108914206
52,2,UCB,5,3.862697100551329,3.924182013739746,4.477367151211849,12.213386108914206
52,2,UCB,6,3.862697100551329,3.924182013739746,4.477367151211849,12.213386108914206
52,2,UCB,7,3.862697100551329,3.924182013739746,4.477367151211849,12.213386108914206
52,2,UCB,8,3.862697100551329,3.924182013739746,4.477367151211849,12.213386108914206
52,2,UCB,9,3.862697100551329,3.924182013739746,4.477367151211849,12.213386108914206
52,2,UCB,10,3.862697100551329,3.924182013739746,4.477367151211849,12.213386108914206
52,2,UCB,11,3.862697100551329,3.924182013739746,4.477367151211849,12.213386108914206
52,2,UCB,12,3.862697100551329,3.924182013739746,4.477367151211849,12.213386108914206
52,2,UCB,13,3.862697100551329,3.924182013739746,4.477367151211849,12.213386108914206
52,2,UCB,14,3.908920746797156,4.297495347140462,3.7007774627429284,11.505284782937865
52,2,UCB,15,3.908920746797156,4.297495347140462,3.7007774627429284,11.505284782937865
52,2,UCB,16,3.908920746797156,4.297495347140462,3.7007774627429284,11.505284782937865
52,2,UCB,17,3.908920746797156,4.297495347140462,3.7007774627429284,11.505284782937865
52,2,UCB,18,4.205578640444408,4.386993899092039,4.087546269475087,3.903660856070037
52,2,UCB,19,4.205578640444408,4.386993899092039,4.087546269475087,3.903660856070037
52,2,UCB,20,4.205578640444408,4.386993899092039,4.087546269475087,3.903660856070037
52,2,UCB,21,4.205578640444408,4.386993899092039,4.087546269475087,3.903660856070037
52,2,UCB,22,4.205578640444408,4.386993899092039,4.087546269475087,3.903660856070037
52,2,UCB,23,4.205578640444408,4.386993899092039,4.087546269475087,3.903660856070037
52,2,UCB,24,4.227757355713575,4.148243715324831,4.232877006911478,3.8594509663153254
52,2,UCB,25,4.244316709342272,4.202894829916705,3.9836677115238777,3.9418787230084797
53,3,UCB,0,2.971168020912234,6.459420306212667,8.80197857157211,11.067566809382402
53,3,UCB,1,2.971168020912234,6.459420306212667,8.80197857157211,11.067566809382402
53,3,UCB,2,2.971168020912234,6.459420306212667,8.80197857157211,11.067566809382402
53,3,UCB,3,2.971168020912234,6.459420306212667,8.80197857157211,11.067566809382402
53,3,UCB,4,3.08219882018731,8.240555508566933,8.911152168352722,8.492407749984906
53,3,UCB,5,3.717049521134611,4.181713456069779,4.354402806708672,5.4356697942602565
53,3,UCB,6,3.717049521134611,4.181713456069779,4.354402806708672,5.4356697942602565
53,3,UCB,7,3.717049521134611,4.181713456069779,4.354402806708672,5.4356697942602565
53,3,UCB,8,3.717049521134611,4.181713456069779,4.354402806708672,5.4356697942602565
53,3,UCB,9,3.717049521134611,4.181713456069779,4.354402806708672,5.4356697942602565
53,3,UCB,10,3.717049521134611,4.181713456069779,4.354402806708672,5.4356697942602565
53,3,UCB,11,3.753806445720273,11.504191135855498,4.110580034706875,11.560553285260402
53,3,UCB,12,3.753806445720273,11.504191135855498,4.110580034706875,11.560553285260402
53,3,UCB,13,3.753806445720273,11.504191135855498,4.110580034706875,11.560553285260402
53,3,UCB,14,3.753806445720273,11.504191135855498,4.110580034706875,11.560553285260402
53,3,UCB,15,3.753806445720273,11.504191135855498,4.110580034706875,11.560553285260402
53,3,UCB,16,3.753806445720273,11.504191135855498,4.110580034706875,11.560553285260402
53,3,UCB,17,3.753806445720273,11.504191135855498,4.110580034706875,11.560553285260402
53,3,UCB,18,3.753806445720273,11.504191135855498,4.110580034706875,11.560553285260402
53,3,UCB,19,3.753806445720273,11.504191135855498,4.110580034706875,11.560553285260402
53,3,UCB,20,3.753806445720273,11.504191135855498,4.110580034706875,11.560553285260402
53,3,UCB,21,3.753806445720273,11.504191135855498,4.110580034706875,11.560553285260402
53,3,UCB,22,3.753806445720273,11.504191135855498,4.110580034706875,11.560553285260402
53,3,UCB,23,3.753806445720273,11.504191135855498,4.110580034706875,11.560553285260402
53,3,UCB,24,3.753806445720273,11.504191135855498,4.110580034706875,11.560553285260402
53,3,UCB,25,3.753806445720273,11.504191135855498,4.110580034706875,11.560553285260402
54,4,UCB,0,2.985138117558773,7.468013981780617,7.404297509341723,7.503392840231188
54,4,UCB,1,2.985138117558773,7.468013981780617,7.404297509341723,7.503392840231188
54,4,UCB,2,2.985138117558773,7.468013981780617,7.404297509341723,7.503392840231188
54,4,UCB,3,2.985138117558773,7.468013981780617,7.404297509341723,7.503392840231188
54,4,UCB,4,3.3135175690745045,6.141014983292005,3.7673715255978415,12.020342296477574
54,4,UCB,5,3.3135175690745045,6.141014983292005,3.7673715255978415,12.020342296477574
54,4,UCB,6,3.3135175690745045,6.141014983292005,3.7673715255978415,12.020342296477574
54,4,UCB,7,3.516529905512869,8.228854474813462,4.0062096546761765,10.629021681397385
54,4,UCB,8,3.516529905512869,8.228854474813462,4.0062096546761765,10.629021681397385
54,4,UCB,9,3.516529905512869,8.228854474813462,4.0062096546761765,10.629021681397385
54,4,UCB,10,3.516529905512869,8.228854474813462,4.0062096546761765,10.629021681397385
54,4,UCB,11,3.516529905512869,8.228854474813462,4.0062096546761765,10.629021681397385
54,4,UCB,12,3.516529905512869,8.228854474813462,4.0062096546761765,10.629021681397385
54,4,UCB,13,3.516529905512869,8.228854474813462,4.0062096546761765,10.629021681397385
54,4,UCB,14,3.8192041562281647,7.475439684201615,4.151827168815931,4.293065034890045
54,4,UCB,15,3.8192041562281647,7.475439684201615,4.151827168815931,4.293065034890045
54,4,UCB,16,3.8192041562281647,7.475439684201615,4.151827168815931,4.293065034890045
54,4,UCB,17,3.8192041562281647,7.475439684201615,4.151827168815931,4.293065034890045
54,4,UCB,18,3.8192041562281647,7.475439684201615,4.151827168815931,4.293065034890045
54,4,UCB,19,3.8660166609468165,8.389576435408546,4.194786962399399,4.231541970437309
54,4,UCB,20,3.878874998318172,8.230367078489408,4.169355669193741,4.169718050648933
54,4,UCB,21,3.878874998318172,8.230367078489408,4.169355669193741,4.169718050648933
54,4,UCB,22,3.878874998318172,8.230367078489408,4.169355669193741,4.169718050648933
54,4,UCB,23,3.878874998318172,8.230367078489408,4.169355669193741,4.169718050648933
54,4,UCB,24,3.878874998318172,8.230367078489408,4.169355669193741,4.169718050648933
54,4,UCB,25,3.878874998318172,8.230367078489408,4.169355669193741,4.169718050648933
55,5,UCB,0,3.2795456276400468,12.075043856180702,12.119111846047407,7.72988341563213
55,5,UCB,1,3.2795456276400468,12.075043856180702,12.119111846047407,7.72988341563213
55,5,UCB,2,3.355992902560984,4.294540527200927,12.302653985620957,5.565112120900222
55,5,UCB,3,3.6200924888763746,4.299509905374628,6.09829500210353,4.198535418679916
55,5,UCB,4,3.684779199415578,4.318753207657762,8.820705479882648,4.659530672168781
55,5,UCB,5,3.684779199415578,4.318753207657762,8.820705479882648,4.659530672168781
55,5,UCB,6,3.684779199415578,4.318753207657762,8.820705479882648,4.659530672168781
55,5,UCB,7,3.684779199415578,4.318753207657762,8.820705479882648,4.659530672168781
55,5,UCB,8,3.684779199415578,4.318753207657762,8.820705479882648,4.659530672168781
55,5,UCB,9,3.684779199415578,4.318753207657762,8.820705479882648,4.659530672168781
55,5,UCB,10,3.684779199415578,4.318753207657762,8.820705479882648,4.659530672168781
55,5,UCB,11,3.684779199415578,4.318753207657762,8.820705479882648,4.659530672168781
55,5,UCB,12,3.684779199415578,4.318753207657762,8.820705479882648,4.659530672168781
55,5,UCB,13,3.716640439013183,3.9428398658524166,11.560155486109478,11.191055552388171
55,5,UCB,14,3.716640439013183,3.9428398658524166,11.560155486109478,11.191055552388171
55,5,UCB,15,3.716640439013183,3.9428398658524166,11.560155486109478,11.191055552388171
55,5,UCB,16,3.716640439013183,3.9428398658524166,11.560155486109478,11.191055552388171
55,5,UCB,17,3.716640439013183,3.9428398658524166,11.560155486109478,11.191055552388171
55,5,UCB,18,3.716640439013183,3.9428398658524166,11.560155486109478,11.191055552388171
55,5,UCB,19,3.716640439013183,3.9428398658524166,11.560155486109478,11.191055552388171
55,5,UCB,20,3.716640439013183,3.9428398658524166,11.560155486109478,11.191055552388171
55,5,UCB,21,3.716640439013183,3.9428398658524166,11.560155486109478,11.191055552388171
55,5,UCB,22,3.716640439013183,3.9428398658524166,11.560155486109478,11.191055552388171
55,5,UCB,23,4.096441570999345,4.3721004452317755,3.943552878683587,4.595926856843889
55,5,UCB,24,4.096441570999345,4.3721004452317755,3.943552878683587,4.595926856843889
55,5,UCB,25,4.096441570999345,4.3721004452317755,3.943552878683587,4.595926856843889
56,6,UCB,0,3.1277159513464596,10.114858957567403,4.949451830781875,10.198764917460334
56,6,UCB,1,3.1561451280214907,11.458171718763616,11.651828305219492,13.007529833964082
56,6,UCB,2,3.1561451280214907,11.458171718763616,11.651828305219492,13.007529833964082
56,6,UCB,3,3.1561451280214907,11.458171718763616,11.651828305219492,13.007529833964082
56,6,UCB,4,3.1561451280214907,11.458171718763616,11.651828305219492,13.007529833964082
56,6,UCB,5,3.1561451280214907,11.458171718763616,11.651828305219492,13.007529833964082
56,6,UCB,6,3.1561451280214907,11.458171718763616,11.651828305219492,13.007529833964082
56,6,UCB,7,3.5917842173085885,10.376640115539239,4.391194834349775,3.4086504386795564
56,6,UCB,8,3.5917842173085885,10.376640115539239,4.391194834349775,3.4086504386795564
56,6,UCB,9,3.5917842173085885,10.376640115539239,4.391194834349775,3.4086504386795564
56,6,UCB,10,3.5917842173085885,10.376640115539239,4.391194834349775,3.4086504386795564
56,6,UCB,11,3.5917842173085885,10.376640115539239,4.391194834349775,3.4086504386795564
56,6,UCB,12,3.5917842173085885,10.376640115539239,4.391194834349775,3.4086504386795564
56,6,UCB,13,3.5917842173085885,10.376640115539239,4.391194834349775,3.4086504386795564
56,6,UCB,14,3.5917842173085885,10.376640115539239,4.391194834349775,3.4086504386795564
56,6,UCB,15,3.5917842173085885,10.376640115539239,4.391194834349775,3.4086504386795564
56,6,UCB,16,3.5917842173085885,10.376640115539239,4.391194834349775,3.4086504386795564
56,6,UCB,17,3.7311377741704863,10.13217117137826,3.8908268086328004,3.6743085351598608
56,6,UCB,18,3.7311377741704863,10.13217117137826,3.8908268086328004,3.6743085351598608
56,6,UCB,19,3.7311377741704863,10.13217117137826,3.8908268086328004,3.6743085351598608
56,6,UCB,20,3.7311377741704863,10.13217117137826,3.8908268086328004,3.6743085351598608
56,6,UCB,21,3.7311377741704863,10.13217117137826,3.8908268086328004,3.6743085351598608
56,6,UCB,22,3.7311377741704863,10.13217117137826,3.8908268086328004,3.6743085351598608
56,6,UCB,23,3.7311377741704863,10.13217117137826,3.8908268086328004,3.6743085351598608
56,6,UCB,24,3.7311377741704863,10.13217117137826,3.8908268086328004,3.6743085351598608
56,6,UCB,25,3.7311377741704863,10.13217117137826,3.8908268086328004,3.6743085351598608
57,7,UCB,0,3.6687845282119675,7.0190242926558115,4.545486402289703,4.1763841815116
57,7,UCB,1,3.6687845282119675,7.0190242926558115,4.545486402289703,4.1763841815116
57,7,UCB,2,3.6687845282119675,7.0190242926558115,4.545486402289703,4.1763841815116
57,7,UCB,3,3.6687845282119675,7.0190242926558115,4.545486402289703,4.1763841815116
57,7,UCB,4,3.6687845282119675,7.0190242926558115,4.545486402289703,4.1763841815116
57,7,UCB,5,3.6687845282119675,7.0190242926558115,4.545486402289703,4.1763841815116
57,7,UCB,6,3.6687845282119675,7.0190242926558115,4.545486402289703,4.1763841815116
57,7,UCB,7,3.6687845282119675,7.0190242926558115,4.545486402289703,4.1763841815116
57,7,UCB,8,3.6687845282119675,7.0190242926558115,4.545486402289703,4.1763841815116
57,7,UCB,9,3.7319908861081146,5.16643527119847,3.898823235794609,4.590391422424039
57,7,UCB,10,3.8025723599143566,4.47142674850813,4.0494310245088085,5.153703997292557
57,7,UCB,11,3.8025723599143566,4.47142674850813,4.0494310245088085,5.153703997292557
57,7,UCB,12,3.8383189226227516,5.205238801817295,3.955605330731982,4.168468248115404
57,7,UCB,13,3.9040809340506293,4.3580698224555805,3.867912613163455,3.2969057192359577
57,7,UCB,14,4.0084266512596205,4.479927798162542,4.726822773030721,3.9891134346486297
57,7,UCB,15,4.0084266512596205,4.479927798162542,4.726822773030721,3.9891134346486297
57,7,UCB,16,4.217049929991882,4.2902284395346175,4.042161128099362,4.3281311569120975
57,7,UCB,17,4.217049929991882,4.2902284395346175,4.042161128099362,4.3281311569120975
57,7,UCB,18,4.217049929991882,4.2902284395346175,4.042161128099362,4.3281311569120975
57,7,UCB,19,4.247150044819297,4.063731378985102,4.173576553636445,4.270081471733494
57,7,UCB,20,4.247150044819297,4.063731378985102,4.173576553636445,4.270081471733494
57,7,UCB,21,4.264787922591665,4.009838525156032,4.065111872715252,4.080624608993892
57,7,UCB,22,4.264787922591665,4.009838525156032,4.065111872715252,4.080624608993892
57,7,UCB,23,4.264787922591665,4.009838525156032,4.065111872715252,4.080624608993892
57,7,UCB,24,4.264787922591665,4.009838525156032,4.065111872715252,4.080624608993892
57,7,UCB,25,4.264787922591665,4.009838525156032,4.065111872715252,4.080624608993892
58,8,UCB,0,3.6582849562760646,7.184481812440755,3.6202821762702344,3.857178728266946
58,8,UCB,1,3.6582849562760646,7.184481812440755,3.6202821762702344,3.857178728266946
58,8,UCB,2,3.8393727490324294,7.991010525343917,3.806262211738491,4.031351296036012
58,8,UCB,3,3.8812725085847304,11.840652125400034,3.797267498697531,4.493621606567617
58,8,UCB,4,3.8812725085847304,11.840652125400034,3.797267498697531,4.493621606567617
58,8,UCB,5,3.8812725085847304,11.840652125400034,3.797267498697531,4.493621606567617
58,8,UCB,6,3.8812725085847304,11.840652125400034,3.797267498697531,4.493621606567617
58,8,UCB,7,3.8812725085847304,11.840652125400034,3.797267498697531,4.493621606567617
58,8,UCB,8,3.8812725085847304,11.840652125400034,3.797267498697531,4.493621606567617
58,8,UCB,9,3.8812725085847304,11.840652125400034,3.797267498697531,4.493621606567617
58,8,UCB,10,3.8812725085847304,11.840652125400034,3.797267498697531,4.493621606567617
58,8,UCB,11,3.8812725085847304,11.840652125400034,3.797267498697531,4.493621606567617
58,8,UCB,12,3.8812725085847304,11.840652125400034,3.797267498697531,4.493621606567617
58,8,UCB,13,3.8812725085847304,11.840652125400034,3.797267498697531,4.493621606567617
58,8,UCB,14,3.8812725085847304,11.840652125400034,3.797267498697531,4.493621606567617
58,8,UCB,15,3.8812725085847304,11.840652125400034,3.797267498697531,4.493621606567617
58,8,UCB,16,3.8812725085847304,11.840652125400034,3.797267498697531,4.493621606567617
58,8,UCB,17,3.8812725085847304,11.840652125400034,3.797267498697531,4.493621606567617
58,8,UCB,18,3.8812725085847304,11.840652125400034,3.797267498697531,4.493621606567617
58,8,UCB,19,3.8812725085847304,11.840652125400034,3.797267498697531,4.493621606567617
58,8,UCB,20,3.8812725085847304,11.840652125400034,3.797267498697531,4.493621606567617
58,8,UCB,21,3.954614339549348,11.529620344625506,4.21165565910891,4.400713575951288
58,8,UCB,22,3.954614339549348,11.529620344625506,4.21165565910891,4.400713575951288
58,8,UCB,23,3.994053342001229,11.322806154738542,4.156133799707476,4.036248512981124
58,8,UCB,24,3.994053342001229,11.322806154738542,4.156133799707476,4.036248512981124
58,8,UCB,25,3.994053342001229,11.322806154738542,4.156133799707476,4.036248512981124
59,9,UCB,0,3.8905142734359295,4.487716097973701,11.11122724313623,4.196208296224305
59,9,UCB,1,3.8905142734359295,4.487716097973701,11.11122724313623,4.196208296224305
59,9,UCB,2,3.8905142734359295,4.487716097973701,11.11122724313623,4.196208296224305
59,9,UCB,3,3.8905142734359295,4.487716097973701,11.11122724313623,4.196208296224305
59,9,UCB,4,3.8905142734359295,4.487716097973701,11.11122724313623,4.196208296224305
59,9,UCB,5,3.8905142734359295,4.487716097973701,11.11122724313623,4.196208296224305
59,9,UCB,6,3.8905142734359295,4.487716097973701,11.11122724313623,4.196208296224305
59,9,UCB,7,3.8905142734359295,4.487716097973701,11.11122724313623,4.196208296224305
59,9,UCB,8,3.8905142734359295,4.487716097973701,11.11122724313623,4.196208296224305
59,9,UCB,9,3.8905142734359295,4.487716097973701,11.11122724313623,4.196208296224305
59,9,UCB,10,3.8905142734359295,4.487716097973701,11.11122724313623,4.196208296224305
59,9,UCB,11,3.8905142734359295,4.487716097973701,11.11122724313623,4.196208296224305
59,9,UCB,12,3.8905142734359295,4.487716097973701,11.11122724313623,4.196208296224305
59,9,UCB,13,3.8905142734359295,4.487716097973701,11.11122724313623,4.196208296224305
59,9,UCB,14,3.8905142734359295,4.487716097973701,11.11122724313623,4.196208296224305
59,9,UCB,15,3.8905142734359295,4.487716097973701,11.11122724313623,4.196208296224305
59,9,UCB,16,3.8905142734359295,4.487716097973701,11.11122724313623,4.196208296224305
59,9,UCB,17,3.8905142734359295,4.487716097973701,11.11122724313623,4.196208296224305
59,9,UCB,18,3.8905142734359295,4.487716097973701,11.11122724313623,4.196208296224305
59,9,UCB,19,3.8905142734359295,4.487716097973701,11.11122724313623,4.196208296224305
59,9,UCB,20,3.8905142734359295,4.487716097973701,11.11122724313623,4.196208296224305
59,9,UCB,21,3.8905142734359295,4.487716097973701,11.11122724313623,4.196208296224305
59,9,UCB,22,3.8905142734359295,4.487716097973701,11.11122724313623,4.196208296224305
59,9,UCB,23,3.8905142734359295,4.487716097973701,11.11122724313623,4.196208296224305
59,9,UCB,24,3.8905142734359295,4.487716097973701,11.11122724313623,4.196208296224305
59,9,UCB,25,3.8905142734359295,4.487716097973701,11.11122724313623,4.196208296224305
60,10,UCB,0,3.625563274933772,7.767513204253045,4.83711838149092,4.236502757470194
60,10,UCB,1,3.625563274933772,7.767513204253045,4.83711838149092,4.236502757470194
60,10,UCB,2,3.6841083379989565,7.799418000013784,4.72329318617607,4.236358357713728
60,10,UCB,3,3.6841083379989565,7.799418000013784,4.72329318617607,4.236358357713728
60,10,UCB,4,3.6841083379989565,7.799418000013784,4.72329318617607,4.236358357713728
60,10,UCB,5,3.6841083379989565,7.799418000013784,4.72329318617607,4.236358357713728
60,10,UCB,6,3.6841083379989565,7.799418000013784,4.72329318617607,4.236358357713728
60,10,UCB,7,3.6841083379989565,7.799418000013784,4.72329318617607,4.236358357713728
60,10,UCB,8,3.6841083379989565,7.799418000013784,4.72329318617607,4.236358357713728
60,10,UCB,9,3.6841083379989565,7.799418000013784,4.72329318617607,4.236358357713728
60,10,UCB,10,3.6841083379989565,7.799418000013784,4.72329318617607,4.236358357713728
60,10,UCB,11,3.6841083379989565,7.799418000013784,4.72329318617607,4.236358357713728
60,10,UCB,12,3.6841083379989565,7.799418000013784,4.72329318617607,4.236358357713728
60,10,UCB,13,3.6841083379989565,7.799418000013784,4.72329318617607,4.236358357713728
60,10,UCB,14,3.6841083379989565,7.799418000013784,4.72329318617607,4.236358357713728
60,10,UCB,15,3.716802082265232,9.384831287495578,4.045217257119727,3.6305509483314187
60,10,UCB,16,3.716802082265232,9.384831287495578,4.045217257119727,3.6305509483314187
60,10,UCB,17,3.716802082265232,9.384831287495578,4.045217257119727,3.6305509483314187
60,10,UCB,18,3.716802082265232,9.384831287495578,4.045217257119727,3.6305509483314187
60,10,UCB,19,3.716802082265232,9.384831287495578,4.045217257119727,3.6305509483314187
60,10,UCB,20,3.716802082265232,9.384831287495578,4.045217257119727,3.6305509483314187
60,10,UCB,21,3.716802082265232,9.384831287495578,4.045217257119727,3.6305509483314187
60,10,UCB,22,3.716802082265232,9.384831287495578,4.045217257119727,3.6305509483314187
60,10,UCB,23,3.837355467368576,8.49561596865664,3.810565182884856,4.059402935351322
60,10,UCB,24,3.837355467368576,8.49561596865664,3.810565182884856,4.059402935351322
60,10,UCB,25,3.999600563636085,4.1999865335168005,3.9734930265620734,11.621485524336753
61,11,UCB,0,3.238547029203167,5.299122825906721,8.873929559235652,3.5295184750137083
61,11,UCB,1,3.238547029203167,5.299122825906721,8.873929559235652,3.5295184750137083
61,11,UCB,2,3.238547029203167,5.299122825906721,8.873929559235652,3.5295184750137083
61,11,UCB,3,3.238547029203167,5.299122825906721,8.873929559235652,3.5295184750137083
61,11,UCB,4,3.238547029203167,5.299122825906721,8.873929559235652,3.5295184750137083
61,11,UCB,5,3.238547029203167,5.299122825906721,8.873929559235652,3.5295184750137083
61,11,UCB,6,3.238547029203167,5.299122825906721,8.873929559235652,3.5295184750137083
61,11,UCB,7,3.238547029203167,5.299122825906721,8.873929559235652,3.5295184750137083
61,11,UCB,8,3.369498942708705,3.151386763007963,4.439666449722549,5.247829757649528
61,11,UCB,9,3.5498323406984684,3.9117566696720503,6.9936637161804995,4.770683923750995
61,11,UCB,10,3.5498323406984684,3.9117566696720503,6.9936637161804995,4.770683923750995
61,11,UCB,11,3.5498323406984684,3.9117566696720503,6.9936637161804995,4.770683923750995
61,11,UCB,12,3.5498323406984684,3.9117566696720503,6.9936637161804995,4.770683923750995
61,11,UCB,13,3.5498323406984684,3.9117566696720503,6.9936637161804995,4.770683923750995
61,11,UCB,14,3.5498323406984684,3.9117566696720503,6.9936637161804995,4.770683923750995
61,11,UCB,15,3.6358547596518815,10.126487205492893,4.086882765169118,4.778501883466296
61,11,UCB,16,3.6358547596518815,10.126487205492893,4.086882765169118,4.778501883466296
61,11,UCB,17,3.6358547596518815,10.126487205492893,4.086882765169118,4.778501883466296
61,11,UCB,18,3.6358547596518815,10.126487205492893,4.086882765169118,4.778501883466296
61,11,UCB,19,3.6358547596518815,10.126487205492893,4.086882765169118,4.778501883466296
61,11,UCB,20,3.7104627704758393,4.9519391149441025,3.7455083747482303,4.773051588484708
61,11,UCB,21,3.7104627704758393,4.9519391149441025,3.7455083747482303,4.773051588484708
61,11,UCB,22,3.7104627704758393,4.9519391149441025,3.7455083747482303,4.773051588484708
61,11,UCB,23,3.8693157293098697,11.00496293998906,4.502416199343918,3.970990066148736
61,11,UCB,24,3.8693157293098697,11.00496293998906,4.502416199343918,3.970990066148736
61,11,UCB,25,3.8693157293098697,11.00496293998906,4.502416199343918,3.970990066148736
62,12,UCB,0,3.1807365710642643,3.8815663413322565,2.8183531617680693,10.057657110817502
62,12,UCB,1,3.623035410225898,3.8833799751026046,2.837648966678583,4.007249937887618
62,12,UCB,2,3.623035410225898,3.8833799751026046,2.837648966678583,4.007249937887618
62,12,UCB,3,3.623035410225898,3.8833799751026046,2.837648966678583,4.007249937887618
62,12,UCB,4,3.623035410225898,3.8833799751026046,2.837648966678583,4.007249937887618
62,12,UCB,5,3.623035410225898,3.8833799751026046,2.837648966678583,4.007249937887618
62,12,UCB,6,3.623035410225898,3.8833799751026046,2.837648966678583,4.007249937887618
62,12,UCB,7,3.9073893961926416,3.883509780963383,5.031142026943823,3.987910329474777
62,12,UCB,8,3.9073893961926416,3.883509780963383,5.031142026943823,3.987910329474777
62,12,UCB,9,3.9073893961926416,3.883509780963383,5.031142026943823,3.987910329474777
62,12,UCB,10,3.9073893961926416,3.883509780963383,5.031142026943823,3.987910329474777
62,12,UCB,11,3.9073893961926416,3.883509780963383,5.031142026943823,3.987910329474777
62,12,UCB,12,3.9073893961926416,3.883509780963383,5.031142026943823,3.987910329474777
62,12,UCB,13,3.9073893961926416,3.883509780963383,5.031142026943823,3.987910329474777
62,12,UCB,14,3.9073893961926416,3.883509780963383,5.031142026943823,3.987910329474777
62,12,UCB,15,3.9073893961926416,3.883509780963383,5.031142026943823,3.987910329474777
62,12,UCB,16,3.9073893961926416,3.883509780963383,5.031142026943823,3.987910329474777
62,12,UCB,17,3.9073893961926416,3.883509780963383,5.031142026943823,3.987910329474777
62,12,UCB,18,3.9073893961926416,3.883509780963383,5.031142026943823,3.987910329474777
62,12,UCB,19,3.9073893961926416,3.883509780963383,5.031142026943823,3.987910329474777
62,12,UCB,20,3.9073893961926416,3.883509780963383,5.031142026943823,3.987910329474777
62,12,UCB,21,3.917856518833854,4.401048621800003,4.6922321433953424,4.636603168540077
62,12,UCB,22,4.174964082543834,3.811278783853952,3.963936302834066,3.7984618911043304
62,12,UCB,23,4.174964082543834,3.811278783853952,3.963936302834066,3.7984618911043304
62,12,UCB,24,4.174964082543834,3.811278783853952,3.963936302834066,3.7984618911043304
62,12,UCB,25,4.174964082543834,3.811278783853952,3.963936302834066,3.7984618911043304
63,13,UCB,0,3.4551661666808915,12.210097788751677,7.468011124987683,3.724187923300079
63,13,UCB,1,3.4551661666808915,12.210097788751677,7.468011124987683,3.724187923300079
63,13,UCB,2,3.4698475992114854,3.373149990794198,7.247702390659318,4.5180731537772925
63,13,UCB,3,3.4698475992114854,3.373149990794198,7.247702390659318,4.5180731537772925
63,13,UCB,4,3.4698475992114854,3.373149990794198,7.247702390659318,4.5180731537772925
63,13,UCB,5,3.4698475992114854,3.373149990794198,7.247702390659318,4.5180731537772925
63,13,UCB,6,3.4698475992114854,3.373149990794198,7.247702390659318,4.5180731537772925
63,13,UCB,7,3.4698475992114854,3.373149990794198,7.247702390659318,4.5180731537772925
63,13,UCB,8,3.591977895780865,7.957307372216436,4.530650090997923,4.760587703023579
63,13,UCB,9,3.591977895780865,7.957307372216436,4.530650090997923,4.760587703023579
63,13,UCB,10,3.643948537068297,6.4254470253382046,3.874913456890857,4.1912067048541966
63,13,UCB,11,3.643948537068297,6.4254470253382046,3.874913456890857,4.1912067048541966
63,13,UCB,12,3.6723054965185806,4.3616235157268575,7.051938747455917,3.7287687439699537
63,13,UCB,13,3.6723054965185806,4.3616235157268575,7.051938747455917,3.7287687439699537
63,13,UCB,14,3.7985232315790385,4.545481888199218,5.105236288960697,4.111909804412955
63,13,UCB,15,3.7985232315790385,4.545481888199218,5.105236288960697,4.111909804412955
63,13,UCB,16,3.8379680766816464,4.236481576880411,10.227440590730708,4.039111197969689
63,13,UCB,17,3.8379680766816464,4.236481576880411,10.227440590730708,4.039111197969689
63,13,UCB,18,3.8379680766816464,4.236481576880411,10.227440590730708,4.039111197969689
63,13,UCB,19,3.8467952119255466,4.602164398828678,3.3774723517495935,3.7835690232836514
63,13,UCB,20,3.8467952119255466,4.602164398828678,3.3774723517495935,3.7835690232836514
63,13,UCB,21,4.048124018370112,3.4948615521712885,3.9854914345236607,3.8291446642199363
63,13,UCB,22,4.048124018370112,3.4948615521712885,3.9854914345236607,3.8291446642199363
63,13,UCB,23,4.048124018370112,3.4948615521712885,3.9854914345236607,3.8291446642199363
63,13,UCB,24,4.048124018370112,3.4948615521712885,3.9854914345236607,3.8291446642199363
63,13,UCB,25,4.048124018370112,3.4948615521712885,3.9854914345236607,3.8291446642199363
64,14,UCB,0,3.1951801958958317,7.607737954831852,3.43080941645436,9.75291271270783
64,14,UCB,1,3.1951801958958317,7.607737954831852,3.43080941645436,9.75291271270783
64,14,UCB,2,3.1951801958958317,7.607737954831852,3.43080941645436,9.75291271270783
64,14,UCB,3,3.1951801958958317,7.607737954831852,3.43080941645436,9.75291271270783
64,14,UCB,4,3.1951801958958317,7.607737954831852,3.43080941645436,9.75291271270783
64,14,UCB,5,3.1951801958958317,7.607737954831852,3.43080941645436,9.75291271270783
64,14,UCB,6,3.1951801958958317,7.607737954831852,3.43080941645436,9.75291271270783
64,14,UCB,7,3.427042711056694,5.340132489089379,4.495706824600231,11.17841556975698
64,14,UCB,8,3.4859230452340073,11.666289620513545,11.065035082959664,4.821113715888176
64,14,UCB,9,3.583475411232868,3.9514341658441676,11.264288936819646,8.672790558664294
64,14,UCB,10,3.819615110994854,3.8977248994651017,10.164927173873796,3.9845165780289205
64,14,UCB,11,3.819615110994854,3.8977248994651017,10.164927173873796,3.9845165780289205
64,14,UCB,12,3.819615110994854,3.8977248994651017,10.164927173873796,3.9845165780289205
64,14,UCB,13,3.819615110994854,3.8977248994651017,10.164927173873796,3.9845165780289205
64,14,UCB,14,3.819615110994854,3.8977248994651017,10.164927173873796,3.9845165780289205
64,14,UCB,15,3.819615110994854,3.8977248994651017,10.164927173873796,3.9845165780289205
64,14,UCB,16,3.819615110994854,3.8977248994651017,10.164927173873796,3.9845165780289205
64,14,UCB,17,3.819615110994854,3.8977248994651017,10.164927173873796,3.9845165780289205
64,14,UCB,18,3.819615110994854,3.8977248994651017,10.164927173873796,3.9845165780289205
64,14,UCB,19,3.819615110994854,3.8977248994651017,10.164927173873796,3.9845165780289205
64,14,UCB,20,3.819615110994854,3.8977248994651017,10.164927173873796,3.9845165780289205
64,14,UCB,21,3.819615110994854,3.8977248994651017,10.164927173873796,3.9845165780289205
64,14,UCB,22,3.819615110994854,3.8977248994651017,10.164927173873796,3.9845165780289205
64,14,UCB,23,3.9837286264032983,4.268825102399779,4.177183020331949,11.854157979877886
64,14,UCB,24,3.9837286264032983,4.268825102399779,4.177183020331949,11.854157979877886
64,14,UCB,25,3.9837286264032983,4.268825102399779,4.177183020331949,11.854157979877886
65,15,UCB,0,3.51255012632752,8.816819853202484,3.72823739238798,12.002079750194575
65,15,UCB,1,3.51255012632752,8.816819853202484,3.72823739238798,12.002079750194575
65,15,UCB,2,3.51255012632752,8.816819853202484,3.72823739238798,12.002079750194575
65,15,UCB,3,3.51255012632752,8.816819853202484,3.72823739238798,12.002079750194575
65,15,UCB,4,3.51255012632752,8.816819853202484,3.72823739238798,12.002079750194575
65,15,UCB,5,3.51255012632752,8.816819853202484,3.72823739238798,12.002079750194575
65,15,UCB,6,3.51255012632752,8.816819853202484,3.72823739238798,12.002079750194575
65,15,UCB,7,3.51255012632752,8.816819853202484,3.72823739238798,12.002079750194575
65,15,UCB,8,3.51255012632752,8.816819853202484,3.72823739238798,12.002079750194575
65,15,UCB,9,3.51255012632752,8.816819853202484,3.72823739238798,12.002079750194575
65,15,UCB,10,3.589112012901252,11.21918246053585,11.320746665998376,3.592032408865757
65,15,UCB,11,3.589112012901252,11.21918246053585,11.320746665998376,3.592032408865757
65,15,UCB,12,3.589112012901252,11.21918246053585,11.320746665998376,3.592032408865757
65,15,UCB,13,3.589112012901252,11.21918246053585,11.320746665998376,3.592032408865757
65,15,UCB,14,3.589112012901252,11.21918246053585,11.320746665998376,3.592032408865757
65,15,UCB,15,3.589112012901252,11.21918246053585,11.320746665998376,3.592032408865757
65,15,UCB,16,3.683717263693429,4.242329666378485,11.19282122458826,11.15879209440451
65,15,UCB,17,3.683717263693429,4.242329666378485,11.19282122458826,11.15879209440451
65,15,UCB,18,3.683717263693429,4.242329666378485,11.19282122458826,11.15879209440451
65,15,UCB,19,3.683717263693429,4.242329666378485,11.19282122458826,11.15879209440451
65,15,UCB,20,3.683717263693429,4.242329666378485,11.19282122458826,11.15879209440451
65,15,UCB,21,3.683717263693429,4.242329666378485,11.19282122458826,11.15879209440451
65,15,UCB,22,3.683717263693429,4.242329666378485,11.19282122458826,11.15879209440451
65,15,UCB,23,3.683717263693429,4.242329666378485,11.19282122458826,11.15879209440451
65,15,UCB,24,3.6858228916678364,3.812339075913988,11.974266441028611,11.372963930040635
65,15,UCB,25,3.6858228916678364,3.812339075913988,11.974266441028611,11.372963930040635
66,16,UCB,0,3.1845850965477833,4.49017595249607,8.416154920894945,6.110479427991566
66,16,UCB,1,3.1845850965477833,4.49017595249607,8.416154920894945,6.110479427991566
66,16,UCB,2,3.1845850965477833,4.49017595249607,8.416154920894945,6.110479427991566
66,16,UCB,3,3.1845850965477833,4.49017595249607,8.416154920894945,6.110479427991566
66,16,UCB,4,3.3560528395303715,4.471769413309299,5.686878101688693,11.47594529349417
66,16,UCB,5,3.3560528395303715,4.471769413309299,5.686878101688693,11.47594529349417
66,16,UCB,6,3.415777689908751,4.1462086742971485,9.060133073535171,9.107587718869773
66,16,UCB,7,3.415777689908751,4.1462086742971485,9.060133073535171,9.107587718869773
66,16,UCB,8,3.5752721102503546,4.072614007099752,9.083109989727742,11.355289911024563
66,16,UCB,9,3.5752721102503546,4.072614007099752,9.083109989727742,11.355289911024563
66,16,UCB,10,3.6071018257815046,4.201887826621315,6.574511384053548,3.6956387767249543
66,16,UCB,11,3.6071018257815046,4.201887826621315,6.574511384053548,3.6956387767249543
66,16,UCB,12,3.6071018257815046,4.201887826621315,6.574511384053548,3.6956387767249543
66,16,UCB,13,3.6071018257815046,4.201887826621315,6.574511384053548,3.6956387767249543
66,16,UCB,14,3.6071018257815046,4.201887826621315,6.574511384053548,3.6956387767249543
66,16,UCB,15,3.7215109492859426,4.594894341992823,7.528788712419555,4.2108565851058835
66,16,UCB,16,3.7727551050520693,4.252777480739301,8.95984785605579,4.4500232330146865
66,16,UCB,17,3.7727551050520693,4.252777480739301,8.95984785605579,4.4500232330146865
66,16,UCB,18,3.7999138277425857,4.38060745182646,7.9372978666243394,4.364850556903846
66,16,UCB,19,3.7999138277425857,4.38060745182646,7.9372978666243394,4.364850556903846
66,16,UCB,20,3.7999138277425857,4.38060745182646,7.9372978666243394,4.364850556903846
66,16,UCB,21,3.7999138277425857,4.38060745182646,7.9372978666243394,4.364850556903846
66,16,UCB,22,3.7999138277425857,4.38060745182646,7.9372978666243394,4.364850556903846
66,16,UCB,23,3.7999138277425857,4.38060745182646,7.9372978666243394,4.364850556903846
66,16,UCB,24,3.7999138277425857,4.38060745182646,7.9372978666243394,4.364850556903846
66,16,UCB,25,3.7999138277425857,4.38060745182646,7.9372978666243394,4.364850556903846
67,17,UCB,0,2.9394920817633023,6.422467486404127,9.170146627484709,11.045788057699298
67,17,UCB,1,2.9546636455977167,5.413884412610923,8.726272858642373,10.312025468279355
67,17,UCB,2,3.442428876215864,8.85475181464766,5.067741275045606,4.449168173942064
67,17,UCB,3,3.442428876215864,8.85475181464766,5.067741275045606,4.449168173942064
67,17,UCB,4,3.442428876215864,8.85475181464766,5.067741275045606,4.449168173942064
67,17,UCB,5,3.442428876215864,8.85475181464766,5.067741275045606,4.449168173942064
67,17,UCB,6,3.442428876215864,8.85475181464766,5.067741275045606,4.449168173942064
67,17,UCB,7,3.442428876215864,8.85475181464766,5.067741275045606,4.449168173942064
67,17,UCB,8,3.442428876215864,8.85475181464766,5.067741275045606,4.449168173942064
67,17,UCB,9,3.442428876215864,8.85475181464766,5.067741275045606,4.449168173942064
67,17,UCB,10,3.442428876215864,8.85475181464766,5.067741275045606,4.449168173942064
67,17,UCB,11,3.442428876215864,8.85475181464766,5.067741275045606,4.449168173942064
67,17,UCB,12,3.5469074317997666,10.818081587115177,8.025781758286131,4.11525291099085
67,17,UCB,13,3.5469074317997666,10.818081587115177,8.025781758286131,4.11525291099085
67,17,UCB,14,3.5469074317997666,10.818081587115177,8.025781758286131,4.11525291099085
67,17,UCB,15,3.5469074317997666,10.818081587115177,8.025781758286131,4.11525291099085
67,17,UCB,16,3.5469074317997666,10.818081587115177,8.025781758286131,4.11525291099085
67,17,UCB,17,3.5469074317997666,10.818081587115177,8.025781758286131,4.11525291099085
67,17,UCB,18,3.5469074317997666,10.818081587115177,8.025781758286131,4.11525291099085
67,17,UCB,19,3.5469074317997666,10.818081587115177,8.025781758286131,4.11525291099085
67,17,UCB,20,3.732585671005669,4.330236663729464,11.791806507508468,4.860572642400321
67,17,UCB,21,3.8093411029344004,4.328751604582914,11.888784614703184,3.5237731987959475
67,17,UCB,22,3.8093411029344004,4.328751604582914,11.888784614703184,3.5237731987959475
67,17,UCB,23,3.8093411029344004,4.328751604582914,11.888784614703184,3.5237731987959475
67,17,UCB,24,3.8093411029344004,4.328751604582914,11.888784614703184,3.5237731987959475
67,17,UCB,25,3.8093411029344004,4.328751604582914,11.888784614703184,3.5237731987959475
68,18,UCB,0,3.2970055466536135,5.989586538263591,10.761220189323241,4.212349920540051
68,18,UCB,1,3.2970055466536135,5.989586538263591,10.761220189323241,4.212349920540051
68,18,UCB,2,3.2970055466536135,5.989586538263591,10.761220189323241,4.212349920540051
68,18,UCB,3,3.2970055466536135,5.989586538263591,10.761220189323241,4.212349920540051
68,18,UCB,4,3.2970055466536135,5.989586538263591,10.761220189323241,4.212349920540051
68,18,UCB,5,3.2970055466536135,5.989586538263591,10.761220189323241,4.212349920540051
68,18,UCB,6,3.2970055466536135,5.989586538263591,10.761220189323241,4.212349920540051
68,18,UCB,7,3.2970055466536135,5.989586538263591,10.761220189323241,4.212349920540051
68,18,UCB,8,3.2970055466536135,5.989586538263591,10.761220189323241,4.212349920540051
68,18,UCB,9,3.4376930076684737,9.839901924577068,8.16955334949414,4.179304951304709
68,18,UCB,10,3.4376930076684737,9.839901924577068,8.16955334949414,4.179304951304709
68,18,UCB,11,3.587022766531947,10.689875140700595,4.081498620111846,10.898114853758342
68,18,UCB,12,3.587022766531947,10.689875140700595,4.081498620111846,10.898114853758342
68,18,UCB,13,3.587022766531947,10.689875140700595,4.081498620111846,10.898114853758342
68,18,UCB,14,3.587022766531947,10.689875140700595,4.081498620111846,10.898114853758342
68,18,UCB,15,3.587022766531947,10.689875140700595,4.081498620111846,10.898114853758342
68,18,UCB,16,3.587022766531947,10.689875140700595,4.081498620111846,10.898114853758342
68,18,UCB,17,3.587022766531947,10.689875140700595,4.081498620111846,10.898114853758342
68,18,UCB,18,3.587022766531947,10.689875140700595,4.081498620111846,10.898114853758342
68,18,UCB,19,3.587022766531947,10.689875140700595,4.081498620111846,10.898114853758342
68,18,UCB,20,3.620762330749901,6.729355513434513,4.5443887819486575,4.048019920471203
68,18,UCB,21,3.620762330749901,6.729355513434513,4.5443887819486575,4.048019920471203
68,18,UCB,22,3.620762330749901,6.729355513434513,4.5443887819486575,4.048019920471203
68,18,UCB,23,3.620762330749901,6.729355513434513,4.5443887819486575,4.048019920471203
68,18,UCB,24,3.6974957332865515,8.786647680312148,4.689731876423378,4.0182431981527715
68,18,UCB,25,3.6974957332865515,8.786647680312148,4.689731876423378,4.0182431981527715
69,19,UCB,0,3.4735398894929705,11.714483726522747,8.080497541193894,4.674981267357308
69,19,UCB,1,3.4735398894929705,11.714483726522747,8.080497541193894,4.674981267357308
69,19,UCB,2,3.4735398894929705,11.714483726522747,8.080497541193894,4.674981267357308
69,19,UCB,3,3.4735398894929705,11.714483726522747,8.080497541193894,4.674981267357308
69,19,UCB,4,3.4735398894929705,11.714483726522747,8.080497541193894,4.674981267357308
69,19,UCB,5,3.4735398894929705,11.714483726522747,8.080497541193894,4.674981267357308
69,19,UCB,6,3.4735398894929705,11.714483726522747,8.080497541193894,4.674981267357308
69,19,UCB,7,3.4962259141285346,7.121169928411048,11.63679528062629,3.8184015840503545
69,19,UCB,8,3.8249923812748325,4.454100202548361,10.551696498810683,4.055649739839231
69,19,UCB,9,4.094740074665124,3.8620291710996835,3.557810354579863,4.034065429525819
69,19,UCB,10,4.094740074665124,3.8620291710996835,3.557810354579863,4.034065429525819
69,19,UCB,11,4.094740074665124,3.8620291710996835,3.557810354579863,4.034065429525819
69,19,UCB,12,4.094740074665124,3.8620291710996835,3.557810354579863,4.034065429525819
69,19,UCB,13,4.094740074665124,3.8620291710996835,3.557810354579863,4.034065429525819
69,19,UCB,14,4.094740074665124,3.8620291710996835,3.557810354579863,4.034065429525819
69,19,UCB,15,4.094740074665124,3.8620291710996835,3.557810354579863,4.034065429525819
69,19,UCB,16,4.094740074665124,3.8620291710996835,3.557810354579863,4.034065429525819
69,19,UCB,17,4.094740074665124,3.8620291710996835,3.557810354579863,4.034065429525819
69,19,UCB,18,4.094740074665124,3.8620291710996835,3.557810354579863,4.034065429525819
69,19,UCB,19,4.094740074665124,3.8620291710996835,3.557810354579863,4.034065429525819
69,19,UCB,20,4.094740074665124,3.8620291710996835,3.557810354579863,4.034065429525819
69,19,UCB,21,4.191121868806762,4.0812526738726085,3.8690507264418557,4.410662273757031
69,19,UCB,22,4.191121868806762,4.0812526738726085,3.8690507264418557,4.410662273757031
69,19,UCB,23,4.191121868806762,4.0812526738726085,3.8690507264418557,4.410662273757031
69,19,UCB,24,4.191121868806762,4.0812526738726085,3.8690507264418557,4.410662273757031
69,19,UCB,25,4.191121868806762,4.0812526738726085,3.8690507264418557,4.410662273757031
70,20,UCB,0,3.273563445017652,6.73032690394678,9.60265212884643,4.057332846817459
70,20,UCB,1,3.273563445017652,6.73032690394678,9.60265212884643,4.057332846817459
70,20,UCB,2,3.320152930782773,8.371808797508717,10.248318277342737,3.5528024802070766
70,20,UCB,3,3.5628042143763086,11.396138214210147,11.485186238608089,4.731219193653294
70,20,UCB,4,3.5628042143763086,11.396138214210147,11.485186238608089,4.731219193653294
70,20,UCB,5,3.5628042143763086,11.396138214210147,11.485186238608089,4.731219193653294
70,20,UCB,6,3.5628042143763086,11.396138214210147,11.485186238608089,4.731219193653294
70,20,UCB,7,3.5628042143763086,11.396138214210147,11.485186238608089,4.731219193653294
70,20,UCB,8,3.5628042143763086,11.396138214210147,11.485186238608089,4.731219193653294
70,20,UCB,9,3.5628042143763086,11.396138214210147,11.485186238608089,4.731219193653294
70,20,UCB,10,3.5628042143763086,11.396138214210147,11.485186238608089,4.731219193653294
70,20,UCB,11,3.5628042143763086,11.396138214210147,11.485186238608089,4.731219193653294
70,20,UCB,12,3.5628042143763086,11.396138214210147,11.485186238608089,4.731219193653294
70,20,UCB,13,3.5628042143763086,11.396138214210147,11.485186238608089,4.731219193653294
70,20,UCB,14,3.5628042143763086,11.396138214210147,11.485186238608089,4.731219193653294
70,20,UCB,15,3.5628042143763086,11.396138214210147,11.485186238608089,4.731219193653294
70,20,UCB,16,3.5628042143763086,11.396138214210147,11.485186238608089,4.731219193653294
70,20,UCB,17,3.5628042143763086,11.396138214210147,11.485186238608089,4.731219193653294
70,20,UCB,18,3.5628042143763086,11.396138214210147,11.485186238608089,4.731219193653294
70,20,UCB,19,3.5628042143763086,11.396138214210147,11.485186238608089,4.731219193653294
70,20,UCB,20,3.7170417737207178,11.692711175805446,11.359257361821525,3.8573466789644955
70,20,UCB,21,3.7170417737207178,11.692711175805446,11.359257361821525,3.8573466789644955
70,20,UCB,22,3.7170417737207178,11.692711175805446,11.359257361821525,3.8573466789644955
70,20,UCB,23,3.7170417737207178,11.692711175805446,11.359257361821525,3.8573466789644955
70,20,UCB,24,3.7170417737207178,11.692711175805446,11.359257361821525,3.8573466789644955
70,20,UCB,25,3.7170417737207178,11.692711175805446,11.359257361821525,3.8573466789644955
71,21,UCB,0,3.5027617269498394,3.9038380556747083,7.083532420685154,11.419026660671266
71,21,UCB,1,3.5027617269498394,3.9038380556747083,7.083532420685154,11.419026660671266
71,21,UCB,2,3.5027617269498394,3.9038380556747083,7.083532420685154,11.419026660671266
71,21,UCB,3,3.5027617269498394,3.9038380556747083,7.083532420685154,11.419026660671266
71,21,UCB,4,3.5027617269498394,3.9038380556747083,7.083532420685154,11.419026660671266
71,21,UCB,5,3.5027617269498394,3.9038380556747083,7.083532420685154,11.419026660671266
71,21,UCB,6,3.537199544240948,5.286672738951615,4.883618108158363,4.284011770090782
71,21,UCB,7,3.537199544240948,5.286672738951615,4.883618108158363,4.284011770090782
71,21,UCB,8,3.537199544240948,5.286672738951615,4.883618108158363,4.284011770090782
71,21,UCB,9,3.607883622369461,4.1385096968868655,4.80601856535087,9.93563485914037
71,21,UCB,10,3.607883622369461,4.1385096968868655,4.80601856535087,9.93563485914037
71,21,UCB,11,3.607883622369461,4.1385096968868655,4.80601856535087,9.93563485914037
71,21,UCB,12,4.1276256472174575,3.7136146358248734,4.236799042643746,3.7647578728919284
71,21,UCB,13,4.1276256472174575,3.7136146358248734,4.236799042643746,3.7647578728919284
71,21,UCB,14,4.1276256472174575,3.7136146358248734,4.236799042643746,3.7647578728919284
71,21,UCB,15,4.1276256472174575,3.7136146358248734,4.236799042643746,3.7647578728919284
71,21,UCB,16,4.1276256472174575,3.7136146358248734,4.236799042643746,3.7647578728919284
71,21,UCB,17,4.1276256472174575,3.7136146358248734,4.236799042643746,3.7647578728919284
71,21,UCB,18,4.1276256472174575,3.7136146358248734,4.236799042643746,3.7647578728919284
71,21,UCB,19,4.1276256472174575,3.7136146358248734,4.236799042643746,3.7647578728919284
71,21,UCB,20,4.1276256472174575,3.7136146358248734,4.236799042643746,3.7647578728919284
71,21,UCB,21,4.1276256472174575,3.7136146358248734,4.236799042643746,3.7647578728919284
71,21,UCB,22,4.1276256472174575,3.7136146358248734,4.236799042643746,3.7647578728919284
71,21,UCB,23,4.209139994370694,4.421566791726925,4.161096813945049,4.037645603146514
71,21,UCB,24,4.209139994370694,4.421566791726925,4.161096813945049,4.037645603146514
71,21,UCB,25,4.252634104407031,4.117970582531249,4.25812264009226,4.112162017864732
72,22,UCB,0,3.2146682124643995,7.8673359472017514,11.961514620370984,8.477286052589523
72,22,UCB,1,3.317303420221597,10.631741332566287,4.724882555210164,8.797546772177887
72,22,UCB,2,3.6175943645541575,7.601152505386243,4.6529441158156555,4.531800233830964
72,22,UCB,3,3.6175943645541575,7.601152505386243,4.6529441158156555,4.531800233830964
72,22,UCB,4,3.678871955695115,10.193417946589367,4.528603436463144,3.7092949122132746
72,22,UCB,5,3.678871955695115,10.193417946589367,4.528603436463144,3.7092949122132746
72,22,UCB,6,3.678871955695115,10.193417946589367,4.528603436463144,3.7092949122132746
72,22,UCB,7,3.678871955695115,10.193417946589367,4.528603436463144,3.7092949122132746
72,22,UCB,8,3.678871955695115,10.193417946589367,4.528603436463144,3.7092949122132746
72,22,UCB,9,3.678871955695115,10.193417946589367,4.528603436463144,3.7092949122132746
72,22,UCB,10,3.678871955695115,10.193417946589367,4.528603436463144,3.7092949122132746
72,22,UCB,11,3.678871955695115,10.193417946589367,4.528603436463144,3.7092949122132746
72,22,UCB,12,3.7950846386368786,9.409635515960806,3.852520119238965,4.035954796256114
72,22,UCB,13,3.7950846386368786,9.409635515960806,3.852520119238965,4.035954796256114
72,22,UCB,14,3.7950846386368786,9.409635515960806,3.852520119238965,4.035954796256114
72,22,UCB,15,3.7950846386368786,9.409635515960806,3.852520119238965,4.035954796256114
72,22,UCB,16,3.7950846386368786,9.409635515960806,3.852520119238965,4.035954796256114
72,22,UCB,17,3.7950846386368786,9.409635515960806,3.852520119238965,4.035954796256114
72,22,UCB,18,3.7950846386368786,9.409635515960806,3.852520119238965,4.035954796256114
72,22,UCB,19,3.7950846386368786,9.409635515960806,3.852520119238965,4.035954796256114
72,22,UCB,20,3.7950846386368786,9.409635515960806,3.852520119238965,4.035954796256114
72,22,UCB,21,3.7950846386368786,9.409635515960806,3.852520119238965,4.035954796256114
72,22,UCB,22,3.7950846386368786,9.409635515960806,3.852520119238965,4.035954796256114
72,22,UCB,23,3.7950846386368786,9.409635515960806,3.852520119238965,4.035954796256114
72,22,UCB,24,3.7950846386368786,9.409635515960806,3.852520119238965,4.035954796256114
72,22,UCB,25,3.7950846386368786,9.409635515960806,3.852520119238965,4.035954796256114
73,23,UCB,0,3.523516515253408,3.7998583602408065,9.370619845019032,11.466275402773853
73,23,UCB,1,3.523516515253408,3.7998583602408065,9.370619845019032,11.466275402773853
73,23,UCB,2,3.523516515253408,3.7998583602408065,9.370619845019032,11.466275402773853
73,23,UCB,3,3.523516515253408,3.7998583602408065,9.370619845019032,11.466275402773853
73,23,UCB,4,3.523516515253408,3.7998583602408065,9.370619845019032,11.466275402773853
73,23,UCB,5,3.523516515253408,3.7998583602408065,9.370619845019032,11.466275402773853
73,23,UCB,6,3.523516515253408,3.7998583602408065,9.370619845019032,11.466275402773853
73,23,UCB,7,3.523516515253408,3.7998583602408065,9.370619845019032,11.466275402773853
73,23,UCB,8,3.6463752093030433,4.152975866069858,4.121880439005654,6.088345800750022
73,23,UCB,9,3.6463752093030433,4.152975866069858,4.121880439005654,6.088345800750022
73,23,UCB,10,3.6463752093030433,4.152975866069858,4.121880439005654,6.088345800750022
73,23,UCB,11,3.6463752093030433,4.152975866069858,4.121880439005654,6.088345800750022
73,23,UCB,12,3.6463752093030433,4.152975866069858,4.121880439005654,6.088345800750022
73,23,UCB,13,3.864428969044036,4.095262935912253,4.195741282848898,8.656091036859884
73,23,UCB,14,3.8891923576768814,4.45945331485365,4.0116394584057815,11.007324210871118
73,23,UCB,15,3.8891923576768814,4.45945331485365,4.0116394584057815,11.007324210871118
73,23,UCB,16,3.8891923576768814,4.45945331485365,4.0116394584057815,11.007324210871118
73,23,UCB,17,3.8891923576768814,4.45945331485365,4.0116394584057815,11.007324210871118
73,23,UCB,18,3.8891923576768814,4.45945331485365,4.0116394584057815,11.007324210871118
73,23,UCB,19,3.8891923576768814,4.45945331485365,4.0116394584057815,11.007324210871118
73,23,UCB,20,3.8891923576768814,4.45945331485365,4.0116394584057815,11.007324210871118
73,23,UCB,21,3.8891923576768814,4.45945331485365,4.0116394584057815,11.007324210871118
73,23,UCB,22,3.8891923576768814,4.45945331485365,4.0116394584057815,11.007324210871118
73,23,UCB,23,3.8891923576768814,4.45945331485365,4.0116394584057815,11.007324210871118
73,23,UCB,24,3.8891923576768814,4.45945331485365,4.0116394584057815,11.007324210871118
73,23,UCB,25,3.8891923576768814,4.45945331485365,4.0116394584057815,11.007324210871118
74,24,UCB,0,3.076321404214511,7.59599650905222,8.463187611453762,8.54530965762603
74,24,UCB,1,3.076321404214511,7.59599650905222,8.463187611453762,8.54530965762603
74,24,UCB,2,3.6001178864238486,3.606856604942231,8.318446756484937,4.6931541420067795
74,24,UCB,3,3.6001178864238486,3.606856604942231,8.318446756484937,4.6931541420067795
74,24,UCB,4,3.6001178864238486,3.606856604942231,8.318446756484937,4.6931541420067795
74,24,UCB,5,3.6001178864238486,3.606856604942231,8.318446756484937,4.6931541420067795
74,24,UCB,6,3.6001178864238486,3.606856604942231,8.318446756484937,4.6931541420067795
74,24,UCB,7,3.649437121545784,4.127601583157774,12.884017396711705,3.7096242975480505
74,24,UCB,8,3.649437121545784,4.127601583157774,12.884017396711705,3.7096242975480505
74,24,UCB,9,3.649437121545784,4.127601583157774,12.884017396711705,3.7096242975480505
74,24,UCB,10,3.649437121545784,4.127601583157774,12.884017396711705,3.7096242975480505
74,24,UCB,11,3.649437121545784,4.127601583157774,12.884017396711705,3.7096242975480505
74,24,UCB,12,3.649437121545784,4.127601583157774,12.884017396711705,3.7096242975480505
74,24,UCB,13,3.649437121545784,4.127601583157774,12.884017396711705,3.7096242975480505
74,24,UCB,14,3.649437121545784,4.127601583157774,12.884017396711705,3.7096242975480505
74,24,UCB,15,3.649437121545784,4.127601583157774,12.884017396711705,3.7096242975480505
74,24,UCB,16,3.649437121545784,4.127601583157774,12.884017396711705,3.7096242975480505
74,24,UCB,17,3.649437121545784,4.127601583157774,12.884017396711705,3.7096242975480505
74,24,UCB,18,3.739034945894292,4.645028410972165,10.51016892101775,3.99689808490038
74,24,UCB,19,3.766593982400395,4.008645360499534,10.270475940942582,3.685261060058801
74,24,UCB,20,3.8893112729610135,4.040777360674369,11.992466394919298,4.545566898396503
74,24,UCB,21,3.8893112729610135,4.040777360674369,11.992466394919298,4.545566898396503
74,24,UCB,22,4.141661762450763,4.526125858697047,4.301051928871231,3.9399527858343104
74,24,UCB,23,4.141661762450763,4.526125858697047,4.301051928871231,3.9399527858343104
74,24,UCB,24,4.141661762450763,4.526125858697047,4.301051928871231,3.9399527858343104
74,24,UCB,25,4.2235699857629685,3.8983355828243544,4.246651220068456,4.244252658970053
75,0,RANDOM,0,3.1416117937407844,9.099536636507699,10.942448414759976,8.154374871981343
75,0,RANDOM,1,3.1416117937407844,9.099536636507699,10.942448414759976,8.154374871981343
75,0,RANDOM,2,3.4835005685478393,8.698384944156402,4.523580201783516,11.11584867451483
75,0,RANDOM,3,3.4835005685478393,8.698384944156402,4.523580201783516,11.11584867451483
75,0,RANDOM,4,3.4835005685478393,8.698384944156402,4.523580201783516,11.11584867451483
75,0,RANDOM,5,3.4835005685478393,8.698384944156402,4.523580201783516,11.11584867451483
75,0,RANDOM,6,3.4835005685478393,8.698384944156402,4.523580201783516,11.11584867451483
75,0,RANDOM,7,3.4835005685478393,8.698384944156402,4.523580201783516,11.11584867451483
75,0,RANDOM,8,3.4835005685478393,8.698384944156402,4.523580201783516,11.11584867451483
75,0,RANDOM,9,3.4835005685478393,8.698384944156402,4.523580201783516,11.11584867451483
75,0,RANDOM,10,3.4835005685478393,8.698384944156402,4.523580201783516,11.11584867451483
75,0,RANDOM,11,3.4835005685478393,8.698384944156402,4.523580201783516,11.11584867451483
75,0,RANDOM,12,3.4835005685478393,8.698384944156402,4.523580201783516,11.11584867451483
75,0,RANDOM,13,3.4835005685478393,8.698384944156402,4.523580201783516,11.11584867451483
75,0,RANDOM,14,3.4835005685478393,8.698384944156402,4.523580201783516,11.11584867451483
75,0,RANDOM,15,3.4835005685478393,8.698384944156402,4.523580201783516,11.11584867451483
75,0,RANDOM,16,3.4835005685478393,8.698384944156402,4.523580201783516,11.11584867451483
75,0,RANDOM,17,3.4835005685478393,8.698384944156402,4.523580201783516,11.11584867451483
75,0,RANDOM,18,3.4835005685478393,8.698384944156402,4.523580201783516,11.11584867451483
75,0,RANDOM,19,3.4835005685478393,8.698384944156402,4.523580201783516,11.11584867451483
75,0,RANDOM,20,3.4835005685478393,8.698384944156402,4.523580201783516,11.11584867451483
75,0,RANDOM,21,3.4835005685478393,8.698384944156402,4.523580201783516,11.11584867451483
75,0,RANDOM,22,3.4835005685478393,8.698384944156402,4.523580201783516,11.11584867451483
75,0,RANDOM,23,3.4835005685478393,8.698384944156402,4.523580201783516,11.11584867451483
75,0,RANDOM,24,3.4835005685478393,8.698384944156402,4.523580201783516,11.11584867451483
75,0,RANDOM,25,3.4835005685478393,8.698384944156402,4.523580201783516,11.11584867451483
76,1,RANDOM,0,3.616167873236414,4.945975747486383,11.826430551426064,4.547922439374675
76,1,RANDOM,1,3.616167873236414,4.945975747486383,11.826430551426064,4.547922439374675
76,1,RANDOM,2,3.616167873236414,4.945975747486383,11.826430551426064,4.547922439374675
76,1,RANDOM,3,3.616167873236414,4.945975747486383,11.826430551426064,4.547922439374675
76,1,RANDOM,4,3.616167873236414,4.945975747486383,11.826430551426064,4.547922439374675
76,1,RANDOM,5,3.616167873236414,4.945975747486383,11.826430551426064,4.547922439374675
76,1,RANDOM,6,3.616167873236414,4.945975747486383,11.826430551426064,4.547922439374675
76,1,RANDOM,7,3.645697361010129,4.178303558590577,8.57181700111197,4.818152929324848
76,1,RANDOM,8,3.645697361010129,4.178303558590577,8.57181700111197,4.818152929324848
76,1,RANDOM,9,3.645697361010129,4.178303558590577,8.57181700111197,4.818152929324848
76,1,RANDOM,10,3.645697361010129,4.178303558590577,8.57181700111197,4.818152929324848
76,1,RANDOM,11,3.645697361010129,4.178303558590577,8.57181700111197,4.818152929324848
76,1,RANDOM,12,3.645697361010129,4.178303558590577,8.57181700111197,4.818152929324848
76,1,RANDOM,13,3.645697361010129,4.178303558590577,8.57181700111197,4.818152929324848
76,1,RANDOM,14,3.645697361010129,4.178303558590577,8.57181700111197,4.818152929324848
76,1,RANDOM,15,3.645697361010129,4.178303558590577,8.57181700111197,4.818152929324848
76,1,RANDOM,16,3.645697361010129,4.178303558590577,8.57181700111197,4.818152929324848
76,1,RANDOM,17,3.645697361010129,4.178303558590577,8.57181700111197,4.818152929324848
76,1,RANDOM,18,3.645697361010129,4.178303558590577,8.57181700111197,4.818152929324848
76,1,RANDOM,19,3.645697361010129,4.178303558590577,8.57181700111197,4.818152929324848
76,1,RANDOM,20,3.645697361010129,4.178303558590577,8.57181700111197,4.818152929324848
76,1,RANDOM,21,3.645697361010129,4.178303558590577,8.57181700111197,4.818152929324848
76,1,RANDOM,22,3.645697361010129,4.178303558590577,8.57181700111197,4.818152929324848
76,1,RANDOM,23,3.645697361010129,4.178303558590577,8.57181700111197,4.818152929324848
76,1,RANDOM,24,3.645697361010129,4.178303558590577,8.57181700111197,4.818152929324848
76,1,RANDOM,25,3.645697361010129,4.178303558590577,8.57181700111197,4.818152929324848
77,2,RANDOM,0,3.862697100551329,3.924182013739746,4.477367151211849,12.213386108914206
77,2,RANDOM,1,3.862697100551329,3.924182013739746,4.477367151211849,12.213386108914206
77,2,RANDOM,2,3.862697100551329,3.924182013739746,4.477367151211849,12.213386108914206
77,2,RANDOM,3,3.862697100551329,3.924182013739746,4.477367151211849,12.213386108914206
77,2,RANDOM,4,3.862697100551329,3.924182013739746,4.477367151211849,12.213386108914206
77,2,RANDOM,5,3.862697100551329,3.924182013739746,4.477367151211849,12.213386108914206
77,2,RANDOM,6,3.862697100551329,3.924182013739746,4.477367151211849,12.213386108914206
77,2,RANDOM,7,3.862697100551329,3.924182013739746,4.477367151211849,12.213386108914206
77,2,RANDOM,8,3.862697100551329,3.924182013739746,4.477367151211849,12.213386108914206
77,2,RANDOM,9,3.862697100551329,3.924182013739746,4.477367151211849,12.213386108914206
77,2,RANDOM,10,3.862697100551329,3.924182013739746,4.477367151211849,12.213386108914206
77,2,RANDOM,11,3.862697100551329,3.924182013739746,4.477367151211849,12.213386108914206
77,2,RANDOM,12,3.862697100551329,3.924182013739746,4.477367151211849,12.213386108914206
77,2,RANDOM,13,3.862697100551329,3.924182013739746,4.477367151211849,12.213386108914206
77,2,RANDOM,14,3.862697100551329,3.924182013739746,4.477367151211849,12.213386108914206
77,2,RANDOM,15,3.862697100551329,3.924182013739746,4.477367151211849,12.213386108914206
77,2,RANDOM,16,3.862697100551329,3.924182013739746,4.477367151211849,12.213386108914206
77,2,RANDOM,17,3.862697100551329,3.924182013739746,4.477367151211849,12.213386108914206
77,2,RANDOM,18,3.862697100551329,3.924182013739746,4.477367151211849,12.213386108914206
77,2,RANDOM,19,3.862697100551329,3.924182013739746,4.477367151211849,12.213386108914206
77,2,RANDOM,20,3.862697100551329,3.924182013739746,4.477367151211849,12.213386108914206
77,2,RANDOM,21,3.862697100551329,3.924182013739746,4.477367151211849,12.213386108914206
77,2,RANDOM,22,3.862697100551329,3.924182013739746,4.477367151211849,12.213386108914206
77,2,RANDOM,23,3.862697100551329,3.924182013739746,4.477367151211849,12.213386108914206
77,2,RANDOM,24,3.862697100551329,3.924182013739746,4.477367151211849,12.213386108914206
77,2,RANDOM,25,3.862697100551329,3.924182013739746,4.477367151211849,12.213386108914206
78,3,RANDOM,0,2.971168020912234,6.459420306212667,8.80197857157211,11.067566809382402
78,3,RANDOM,1,3.1968719361327276,7.2876414409959835,3.908949477691812,6.3543967840455045
78,3,RANDOM,2,3.1968719361327276,7.2876414409959835,3.908949477691812,6.3543967840455045
78,3,RANDOM,3,3.1968719361327276,7.2876414409959835,3.908949477691812,6.3543967840455045
78,3,RANDOM,4,3.1968719361327276,7.2876414409959835,3.908949477691812,6.3543967840455045
78,3,RANDOM,5,3.1968719361327276,7.2876414409959835,3.908949477691812,6.3543967840455045
78,3,RANDOM,6,3.1968719361327276,7.2876414409959835,3.908949477691812,6.3543967840455045
78,3,RANDOM,7,4.068837679035138,4.258060159990179,4.457015334316471,4.590374889125997
78,3,RANDOM,8,4.068837679035138,4.258060159990179,4.457015334316471,4.590374889125997
78,3,RANDOM,9,4.068837679035138,4.258060159990179,4.457015334316471,4.590374889125997
78,3,RANDOM,10,4.068837679035138,4.258060159990179,4.457015334316471,4.590374889125997
78,3,RANDOM,11,4.068837679035138,4.258060159990179,4.457015334316471,4.590374889125997
78,3,RANDOM,12,4.068837679035138,4.258060159990179,4.457015334316471,4.590374889125997
78,3,RANDOM,13,4.068837679035138,4.258060159990179,4.457015334316471,4.590374889125997
78,3,RANDOM,14,4.068837679035138,4.258060159990179,4.457015334316471,4.590374889125997
78,3,RANDOM,15,4.068837679035138,4.258060159990179,4.457015334316471,4.590374889125997
78,3,RANDOM,16,4.068837679035138,4.258060159990179,4.457015334316471,4.590374889125997
78,3,RANDOM,17,4.068837679035138,4.258060159990179,4.457015334316471,4.590374889125997
78,3,RANDOM,18,4.068837679035138,4.258060159990179,4.457015334316471,4.590374889125997
78,3,RANDOM,19,4.068837679035138,4.258060159990179,4.457015334316471,4.590374889125997
78,3,RANDOM,20,4.068837679035138,4.258060159990179,4.457015334316471,4.590374889125997
78,3,RANDOM,21,4.068837679035138,4.258060159990179,4.457015334316471,4.590374889125997
78,3,RANDOM,22,4.068837679035138,4.258060159990179,4.457015334316471,4.590374889125997
78,3,RANDOM,23,4.068837679035138,4.258060159990179,4.457015334316471,4.590374889125997
78,3,RANDOM,24,4.068837679035138,4.258060159990179,4.457015334316471,4.590374889125997
78,3,RANDOM,25,4.068837679035138,4.258060159990179,4.457015334316471,4.590374889125997
79,4,RANDOM,0,2.985138117558773,7.468013981780617,7.404297509341723,7.503392840231188
79,4,RANDOM,1,2.985138117558773,7.468013981780617,7.404297509341723,7.503392840231188
79,4,RANDOM,2,3.0447896261291145,11.941749407441858,5.417549345416419,9.651282256159812
79,4,RANDOM,3,3.2410438542362145,3.720900574768219,2.9605103864503053,7.517260831534739
79,4,RANDOM,4,3.2410438542362145,3.720900574768219,2.9605103864503053,7.517260831534739
79,4,RANDOM,5,3.2410438542362145,3.720900574768219,2.9605103864503053,7.517260831534739
79,4,RANDOM,6,3.2410438542362145,3.720900574768219,2.9605103864503053,7.517260831534739
79,4,RANDOM,7,3.2410438542362145,3.720900574768219,2.9605103864503053,7.517260831534739
79,4,RANDOM,8,3.2410438542362145,3.720900574768219,2.9605103864503053,7.517260831534739
79,4,RANDOM,9,3.2410438542362145,3.720900574768219,2.9605103864503053,7.517260831534739
79,4,RANDOM,10,3.2410438542362145,3.720900574768219,2.9605103864503053,7.517260831534739
79,4,RANDOM,11,3.2410438542362145,3.720900574768219,2.9605103864503053,7.517260831534739
79,4,RANDOM,12,3.2410438542362145,3.720900574768219,2.9605103864503053,7.517260831534739
79,4,RANDOM,13,3.2410438542362145,3.720900574768219,2.9605103864503053,7.517260831534739
79,4,RANDOM,14,3.400138120597712,4.263004119596644,8.537075853993995,12.682181318530526
79,4,RANDOM,15,3.400138120597712,4.263004119596644,8.537075853993995,12.682181318530526
79,4,RANDOM,16,3.400138120597712,4.263004119596644,8.537075853993995,12.682181318530526
79,4,RANDOM,17,3.400138120597712,4.263004119596644,8.537075853993995,12.682181318530526
79,4,RANDOM,18,3.4779724997055927,8.66272667752922,7.916931595992614,3.998720262395354
79,4,RANDOM,19,3.4779724997055927,8.66272667752922,7.916931595992614,3.998720262395354
79,4,RANDOM,20,3.4779724997055927,8.66272667752922,7.916931595992614,3.998720262395354
79,4,RANDOM,21,3.4779724997055927,8.66272667752922,7.916931595992614,3.998720262395354
79,4,RANDOM,22,3.4779724997055927,8.66272667752922,7.916931595992614,3.998720262395354
79,4,RANDOM,23,3.4779724997055927,8.66272667752922,7.916931595992614,3.998720262395354
79,4,RANDOM,24,3.4779724997055927,8.66272667752922,7.916931595992614,3.998720262395354
79,4,RANDOM,25,3.6718194496151084,3.610969218533789,3.754842415689557,10.210568321995485
80,5,RANDOM,0,3.2795456276400468,12.075043856180702,12.119111846047407,7.72988341563213
80,5,RANDOM,1,3.2795456276400468,12.075043856180702,12.119111846047407,7.72988341563213
80,5,RANDOM,2,3.2795456276400468,12.075043856180702,12.119111846047407,7.72988341563213
80,5,RANDOM,3,3.3788592535088684,11.898777102346884,12.27801928658355,4.944049519414674
80,5,RANDOM,4,3.3788592535088684,11.898777102346884,12.27801928658355,4.944049519414674
80,5,RANDOM,5,3.3788592535088684,11.898777102346884,12.27801928658355,4.944049519414674
80,5,RANDOM,6,3.5156168833669934,5.026525908347625,12.572621420953961,4.126015933314775
80,5,RANDOM,7,3.549917035240663,4.998977446563174,11.48163785722936,4.6456500739523845
80,5,RANDOM,8,3.549917035240663,4.998977446563174,11.48163785722936,4.6456500739523845
80,5,RANDOM,9,3.549917035240663,4.998977446563174,11.48163785722936,4.6456500739523845
80,5,RANDOM,10,3.549917035240663,4.998977446563174,11.48163785722936,4.6456500739523845
80,5,RANDOM,11,3.549917035240663,4.998977446563174,11.48163785722936,4.6456500739523845
80,5,RANDOM,12,3.549917035240663,4.998977446563174,11.48163785722936,4.6456500739523845
80,5,RANDOM,13,3.549917035240663,4.998977446563174,11.48163785722936,4.6456500739523845
80,5,RANDOM,14,3.549917035240663,4.998977446563174,11.48163785722936,4.6456500739523845
80,5,RANDOM,15,3.549917035240663,4.998977446563174,11.48163785722936,4.6456500739523845
80,5,RANDOM,16,3.549917035240663,4.998977446563174,11.48163785722936,4.6456500739523845
80,5,RANDOM,17,3.549917035240663,4.998977446563174,11.48163785722936,4.6456500739523845
80,5,RANDOM,18,3.549917035240663,4.998977446563174,11.48163785722936,4.6456500739523845
80,5,RANDOM,19,3.549917035240663,4.998977446563174,11.48163785722936,4.6456500739523845
80,5,RANDOM,20,3.549917035240663,4.998977446563174,11.48163785722936,4.6456500739523845
80,5,RANDOM,21,3.549917035240663,4.998977446563174,11.48163785722936,4.6456500739523845
80,5,RANDOM,22,3.549917035240663,4.998977446563174,11.48163785722936,4.6456500739523845
80,5,RANDOM,23,3.6335961433884685,3.591139401428328,3.6838035596248506,7.513537313843886
80,5,RANDOM,24,3.6335961433884685,3.591139401428328,3.6838035596248506,7.513537313843886
80,5,RANDOM,25,3.6705196308391663,11.1280480354189,3.7823456941598677,11.712434329321102
81,6,RANDOM,0,3.1277159513464596,10.114858957567403,4.949451830781875,10.198764917460334
81,6,RANDOM,1,3.1277159513464596,10.114858957567403,4.949451830781875,10.198764917460334
81,6,RANDOM,2,3.1277159513464596,10.114858957567403,4.949451830781875,10.198764917460334
81,6,RANDOM,3,3.1277159513464596,10.114858957567403,4.949451830781875,10.198764917460334
81,6,RANDOM,4,3.1277159513464596,10.114858957567403,4.949451830781875,10.198764917460334
81,6,RANDOM,5,3.1277159513464596,10.114858957567403,4.949451830781875,10.198764917460334
81,6,RANDOM,6,3.1277159513464596,10.114858957567403,4.949451830781875,10.198764917460334
81,6,RANDOM,7,3.1420175832261075,8.827285292482276,3.341295280313955,9.510770970073688
81,6,RANDOM,8,3.1420175832261075,8.827285292482276,3.341295280313955,9.510770970073688
81,6,RANDOM,9,3.1420175832261075,8.827285292482276,3.341295280313955,9.510770970073688
81,6,RANDOM,10,3.285847416248938,4.9071754371512375,4.960940320899758,10.259303582000216
81,6,RANDOM,11,3.285847416248938,4.9071754371512375,4.960940320899758,10.259303582000216
81,6,RANDOM,12,3.4146215654686447,3.986469409634903,3.4509270755215855,13.111896591520692
81,6,RANDOM,13,3.4146215654686447,3.986469409634903,3.4509270755215855,13.111896591520692
81,6,RANDOM,14,3.4146215654686447,3.986469409634903,3.4509270755215855,13.111896591520692
81,6,RANDOM,15,3.4146215654686447,3.986469409634903,3.4509270755215855,13.111896591520692
81,6,RANDOM,16,3.4146215654686447,3.986469409634903,3.4509270755215855,13.111896591520692
81,6,RANDOM,17,3.4146215654686447,3.986469409634903,3.4509270755215855,13.111896591520692
81,6,RANDOM,18,3.4146215654686447,3.986469409634903,3.4509270755215855,13.111896591520692
81,6,RANDOM,19,3.437595518934157,3.9857393594012653,7.975949639378027,9.341535370340141
81,6,RANDOM,20,3.437595518934157,3.9857393594012653,7.975949639378027,9.341535370340141
81,6,RANDOM,21,3.437595518934157,3.9857393594012653,7.975949639378027,9.341535370340141
81,6,RANDOM,22,3.437595518934157,3.9857393594012653,7.975949639378027,9.341535370340141
81,6,RANDOM,23,3.437595518934157,3.9857393594012653,7.975949639378027,9.341535370340141
81,6,RANDOM,24,3.437595518934157,3.9857393594012653,7.975949639378027,9.341535370340141
81,6,RANDOM,25,3.437595518934157,3.9857393594012653,7.975949639378027,9.341535370340141
82,7,RANDOM,0,3.6687845282119675,7.0190242926558115,4.545486402289703,4.1763841815116
82,7,RANDOM,1,3.6687845282119675,7.0190242926558115,4.545486402289703,4.1763841815116
82,7,RANDOM,2,3.6687845282119675,7.0190242926558115,4.545486402289703,4.1763841815116
82,7,RANDOM,3,3.6687845282119675,7.0190242926558115,4.545486402289703,4.1763841815116
82,7,RANDOM,4,3.6687845282119675,7.0190242926558115,4.545486402289703,4.1763841815116
82,7,RANDOM,5,3.6687845282119675,7.0190242926558115,4.545486402289703,4.1763841815116
82,7,RANDOM,6,3.6687845282119675,7.0190242926558115,4.545486402289703,4.1763841815116
82,7,RANDOM,7,3.7637769953052214,10.573019635338621,3.670091037734961,3.8174660027767127
82,7,RANDOM,8,3.7637769953052214,10.573019635338621,3.670091037734961,3.8174660027767127
82,7,RANDOM,9,3.7637769953052214,10.573019635338621,3.670091037734961,3.8174660027767127
82,7,RANDOM,10,3.7637769953052214,10.573019635338621,3.670091037734961,3.8174660027767127
82,7,RANDOM,11,3.7637769953052214,10.573019635338621,3.670091037734961,3.8174660027767127
82,7,RANDOM,12,3.7637769953052214,10.573019635338621,3.670091037734961,3.8174660027767127
82,7,RANDOM,13,3.7637769953052214,10.573019635338621,3.670091037734961,3.8174660027767127
82,7,RANDOM,14,3.7637769953052214,10.573019635338621,3.670091037734961,3.8174660027767127
82,7,RANDOM,15,3.7637769953052214,10.573019635338621,3.670091037734961,3.8174660027767127
82,7,RANDOM,16,3.7637769953052214,10.573019635338621,3.670091037734961,3.8174660027767127
82,7,RANDOM,17,3.7637769953052214,10.573019635338621,3.670091037734961,3.8174660027767127
82,7,RANDOM,18,3.7637769953052214,10.573019635338621,3.670091037734961,3.8174660027767127
82,7,RANDOM,19,3.7637769953052214,10.573019635338621,3.670091037734961,3.8174660027767127
82,7,RANDOM,20,3.7637769953052214,10.573019635338621,3.670091037734961,3.8174660027767127
82,7,RANDOM,21,3.7637769953052214,10.573019635338621,3.670091037734961,3.8174660027767127
82,7,RANDOM,22,3.7637769953052214,10.573019635338621,3.670091037734961,3.8174660027767127
82,7,RANDOM,23,3.7637769953052214,10.573019635338621,3.670091037734961,3.8174660027767127
82,7,RANDOM,24,3.7637769953052214,10.573019635338621,3.670091037734961,3.8174660027767127
82,7,RANDOM,25,3.7637769953052214,10.573019635338621,3.670091037734961,3.8174660027767127
83,8,RANDOM,0,3.6582849562760646,7.184481812440755,3.6202821762702344,3.857178728266946
83,8,RANDOM,1,3.6582849562760646,7.184481812440755,3.6202821762702344,3.857178728266946
83,8,RANDOM,2,3.6582849562760646,7.184481812440755,3.6202821762702344,3.857178728266946
83,8,RANDOM,3,3.6582849562760646,7.184481812440755,3.6202821762702344,3.857178728266946
83,8,RANDOM,4,3.6582849562760646,7.184481812440755,3.6202821762702344,3.857178728266946
83,8,RANDOM,5,3.6582849562760646,7.184481812440755,3.6202821762702344,3.857178728266946
83,8,RANDOM,6,3.6582849562760646,7.184481812440755,3.6202821762702344,3.857178728266946
83,8,RANDOM,7,3.6582849562760646,7.184481812440755,3.6202821762702344,3.857178728266946
83,8,RANDOM,8,3.6582849562760646,7.184481812440755,3.6202821762702344,3.857178728266946
83,8,RANDOM,9,3.6582849562760646,7.184481812440755,3.6202821762702344,3.857178728266946
83,8,RANDOM,10,3.6582849562760646,7.184481812440755,3.6202821762702344,3.857178728266946
83,8,RANDOM,11,3.6582849562760646,7.184481812440755,3.6202821762702344,3.857178728266946
83,8,RANDOM,12,3.6582849562760646,7.184481812440755,3.6202821762702344,3.857178728266946
83,8,RANDOM,13,3.6582849562760646,7.184481812440755,3.6202821762702344,3.857178728266946
83,8,RANDOM,14,3.6582849562760646,7.184481812440755,3.6202821762702344,3.857178728266946
83,8,RANDOM,15,3.6582849562760646,7.184481812440755,3.6202821762702344,3.857178728266946
83,8,RANDOM,16,3.6582849562760646,7.184481812440755,3.6202821762702344,3.857178728266946
83,8,RANDOM,17,3.6582849562760646,7.184481812440755,3.6202821762702344,3.857178728266946
83,8,RANDOM,18,3.6582849562760646,7.184481812440755,3.6202821762702344,3.857178728266946
83,8,RANDOM,19,3.6582849562760646,7.184481812440755,3.6202821762702344,3.857178728266946
83,8,RANDOM,20,3.6582849562760646,7.184481812440755,3.6202821762702344,3.857178728266946
83,8,RANDOM,21,3.6582849562760646,7.184481812440755,3.6202821762702344,3.857178728266946
83,8,RANDOM,22,3.6582849562760646,7.184481812440755,3.6202821762702344,3.857178728266946
83,8,RANDOM,23,3.6582849562760646,7.184481812440755,3.6202821762702344,3.857178728266946
83,8,RANDOM,24,3.6582849562760646,7.184481812440755,3.6202821762702344,3.857178728266946
83,8,RANDOM,25,3.6582849562760646,7.184481812440755,3.6202821762702344,3.857178728266946
84,9,RANDOM,0,3.8905142734359295,4.487716097973701,11.11122724313623,4.196208296224305
84,9,RANDOM,1,3.8905142734359295,4.487716097973701,11.11122724313623,4.196208296224305
84,9,RANDOM,2,3.8905142734359295,4.487716097973701,11.11122724313623,4.196208296224305
84,9,RANDOM,3,3.8905142734359295,4.487716097973701,11.11122724313623,4.196208296224305
84,9,RANDOM,4,3.8905142734359295,4.487716097973701,11.11122724313623,4.196208296224305
84,9,RANDOM,5,3.8905142734359295,4.487716097973701,11.11122724313623,4.196208296224305
84,9,RANDOM,6,3.8905142734359295,4.487716097973701,11.11122724313623,4.196208296224305
84,9,RANDOM,7,3.8905142734359295,4.487716097973701,11.11122724313623,4.196208296224305
84,9,RANDOM,8,3.8905142734359295,4.487716097973701,11.11122724313623,4.196208296224305
84,9,RANDOM,9,3.8905142734359295,4.487716097973701,11.11122724313623,4.196208296224305
84,9,RANDOM,10,3.8905142734359295,4.487716097973701,11.11122724313623,4.196208296224305
84,9,RANDOM,11,3.8905142734359295,4.487716097973701,11.11122724313623,4.196208296224305
84,9,RANDOM,12,3.8905142734359295,4.487716097973701,11.11122724313623,4.196208296224305
84,9,RANDOM,13,3.8905142734359295,4.487716097973701,11.11122724313623,4.196208296224305
84,9,RANDOM,14,3.8905142734359295,4.487716097973701,11.11122724313623,4.196208296224305
84,9,RANDOM,15,3.8905142734359295,4.487716097973701,11.11122724313623,4.196208296224305
84,9,RANDOM,16,3.8905142734359295,4.487716097973701,11.11122724313623,4.196208296224305
84,9,RANDOM,17,3.8905142734359295,4.487716097973701,11.11122724313623,4.196208296224305
84,9,RANDOM,18,3.8905142734359295,4.487716097973701,11.11122724313623,4.196208296224305
84,9,RANDOM,19,3.8905142734359295,4.487716097973701,11.11122724313623,4.196208296224305
84,9,RANDOM,20,3.8905142734359295,4.487716097973701,11.11122724313623,4.196208296224305
84,9,RANDOM,21,3.8905142734359295,4.487716097973701,11.11122724313623,4.196208296224305
84,9,RANDOM,22,3.8905142734359295,4.487716097973701,11.11122724313623,4.196208296224305
84,9,RANDOM,23,3.8905142734359295,4.487716097973701,11.11122724313623,4.196208296224305
84,9,RANDOM,24,3.8905142734359295,4.487716097973701,11.11122724313623,4.196208296224305
84,9,RANDOM,25,3.8905142734359295,4.487716097973701,11.11122724313623,4.196208296224305
85,10,RANDOM,0,3.625563274933772,7.767513204253045,4.83711838149092,4.236502757470194
85,10,RANDOM,1,3.625563274933772,7.767513204253045,4.83711838149092,4.236502757470194
85,10,RANDOM,2,3.625563274933772,7.767513204253045,4.83711838149092,4.236502757470194
85,10,RANDOM,3,3.625563274933772,7.767513204253045,4.83711838149092,4.236502757470194
85,10,RANDOM,4,3.625563274933772,7.767513204253045,4.83711838149092,4.236502757470194
85,10,RANDOM,5,3.625563274933772,7.767513204253045,4.83711838149092,4.236502757470194
85,10,RANDOM,6,3.625563274933772,7.767513204253045,4.83711838149092,4.236502757470194
85,10,RANDOM,7,3.625563274933772,7.767513204253045,4.83711838149092,4.236502757470194
85,10,RANDOM,8,3.625563274933772,7.767513204253045,4.83711838149092,4.236502757470194
85,10,RANDOM,9,3.625563274933772,7.767513204253045,4.83711838149092,4.236502757470194
85,10,RANDOM,10,3.625563274933772,7.767513204253045,4.83711838149092,4.236502757470194
85,10,RANDOM,11,3.625563274933772,7.767513204253045,4.83711838149092,4.236502757470194
85,10,RANDOM,12,3.7376457642051353,11.87589246606479,11.8733154687898,4.0845519523890985
85,10,RANDOM,13,3.7376457642051353,11.87589246606479,11.8733154687898,4.0845519523890985
85,10,RANDOM,14,3.7376457642051353,11.87589246606479,11.8733154687898,4.0845519523890985
85,10,RANDOM,15,3.7376457642051353,11.87589246606479,11.8733154687898,4.0845519523890985
85,10,RANDOM,16,3.7376457642051353,11.87589246606479,11.8733154687898,4.0845519523890985
85,10,RANDOM,17,3.7376457642051353,11.87589246606479,11.8733154687898,4.0845519523890985
85,10,RANDOM,18,3.7376457642051353,11.87589246606479,11.8733154687898,4.0845519523890985
85,10,RANDOM,19,3.7376457642051353,11.87589246606479,11.8733154687898,4.0845519523890985
85,10,RANDOM,20,3.7376457642051353,11.87589246606479,11.8733154687898,4.0845519523890985
85,10,RANDOM,21,3.7376457642051353,11.87589246606479,11.8733154687898,4.0845519523890985
85,10,RANDOM,22,3.7376457642051353,11.87589246606479,11.8733154687898,4.0845519523890985
85,10,RANDOM,23,3.7376457642051353,11.87589246606479,11.8733154687898,4.0845519523890985
85,10,RANDOM,24,3.7376457642051353,11.87589246606479,11.8733154687898,4.0845519523890985
85,10,RANDOM,25,3.7376457642051353,11.87589246606479,11.8733154687898,4.0845519523890985
86,11,RANDOM,0,3.238547029203167,5.299122825906721,8.873929559235652,3.5295184750137083
86,11,RANDOM,1,3.4566549819239136,4.199157264456963,8.746568242508179,10.366643499595858
86,11,RANDOM,2,3.4566549819239136,4.199157264456963,8.746568242508179,10.366643499595858
86,11,RANDOM,3,3.4566549819239136,4.199157264456963,8.746568242508179,10.366643499595858
86,11,RANDOM,4,3.4566549819239136,4.199157264456963,8.746568242508179,10.366643499595858
86,11,RANDOM,5,3.6069484101343847,3.4604753765278904,4.354835475953447,7.465457921551152
86,11,RANDOM,6,3.6069484101343847,3.4604753765278904,4.354835475953447,7.465457921551152
86,11,RANDOM,7,3.6069484101343847,3.4604753765278904,4.354835475953447,7.465457921551152
86,11,RANDOM,8,3.6069484101343847,3.4604753765278904,4.354835475953447,7.465457921551152
86,11,RANDOM,9,3.6069484101343847,3.4604753765278904,4.354835475953447,7.465457921551152
86,11,RANDOM,10,3.6069484101343847,3.4604753765278904,4.354835475953447,7.465457921551152
86,11,RANDOM,11,3.6069484101343847,3.4604753765278904,4.354835475953447,7.465457921551152
86,11,RANDOM,12,3.6069484101343847,3.4604753765278904,4.354835475953447,7.465457921551152
86,11,RANDOM,13,3.6069484101343847,3.4604753765278904,4.354835475953447,7.465457921551152
86,11,RANDOM,14,3.6069484101343847,3.4604753765278904,4.354835475953447,7.465457921551152
86,11,RANDOM,15,3.6069484101343847,3.4604753765278904,4.354835475953447,7.465457921551152
86,11,RANDOM,16,3.6069484101343847,3.4604753765278904,4.354835475953447,7.465457921551152
86,11,RANDOM,17,3.6069484101343847,3.4604753765278904,4.354835475953447,7.465457921551152
86,11,RANDOM,18,3.6069484101343847,3.4604753765278904,4.354835475953447,7.465457921551152
86,11,RANDOM,19,3.6069484101343847,3.4604753765278904,4.354835475953447,7.465457921551152
86,11,RANDOM,20,3.6069484101343847,3.4604753765278904,4.354835475953447,7.465457921551152
86,11,RANDOM,21,3.6069484101343847,3.4604753765278904,4.354835475953447,7.465457921551152
86,11,RANDOM,22,3.6069484101343847,3.4604753765278904,4.354835475953447,7.465457921551152
86,11,RANDOM,23,3.6069484101343847,3.4604753765278904,4.354835475953447,7.465457921551152
86,11,RANDOM,24,3.6069484101343847,3.4604753765278904,4.354835475953447,7.465457921551152
86,11,RANDOM,25,3.6069484101343847,3.4604753765278904,4.354835475953447,7.465457921551152
87,12,RANDOM,0,3.1807365710642643,3.8815663413322565,2.8183531617680693,10.057657110817502
87,12,RANDOM,1,3.4944103623830407,10.479151495803125,12.060442907392945,4.542434513181628
87,12,RANDOM,2,3.4944103623830407,10.479151495803125,12.060442907392945,4.542434513181628
87,12,RANDOM,3,3.4944103623830407,10.479151495803125,12.060442907392945,4.542434513181628
87,12,RANDOM,4,3.4944103623830407,10.479151495803125,12.060442907392945,4.542434513181628
87,12,RANDOM,5,3.4944103623830407,10.479151495803125,12.060442907392945,4.542434513181628
87,12,RANDOM,6,3.4944103623830407,10.479151495803125,12.060442907392945,4.542434513181628
87,12,RANDOM,7,3.4944103623830407,10.479151495803125,12.060442907392945,4.542434513181628
87,12,RANDOM,8,3.4944103623830407,10.479151495803125,12.060442907392945,4.542434513181628
87,12,RANDOM,9,3.4944103623830407,10.479151495803125,12.060442907392945,4.542434513181628
87,12,RANDOM,10,3.4944103623830407,10.479151495803125,12.060442907392945,4.542434513181628
87,12,RANDOM,11,3.4944103623830407,10.479151495803125,12.060442907392945,4.542434513181628
87,12,RANDOM,12,3.4944103623830407,10.479151495803125,12.060442907392945,4.542434513181628
87,12,RANDOM,13,3.4944103623830407,10.479151495803125,12.060442907392945,4.542434513181628
87,12,RANDOM,14,3.4944103623830407,10.479151495803125,12.060442907392945,4.542434513181628
87,12,RANDOM,15,3.4944103623830407,10.479151495803125,12.060442907392945,4.542434513181628
87,12,RANDOM,16,3.4944103623830407,10.479151495803125,12.060442907392945,4.542434513181628
87,12,RANDOM,17,3.4944103623830407,10.479151495803125,12.060442907392945,4.542434513181628
87,12,RANDOM,18,3.4944103623830407,10.479151495803125,12.060442907392945,4.542434513181628
87,12,RANDOM,19,3.4944103623830407,10.479151495803125,12.060442907392945,4.542434513181628
87,12,RANDOM,20,3.4944103623830407,10.479151495803125,12.060442907392945,4.542434513181628
87,12,RANDOM,21,3.4944103623830407,10.479151495803125,12.060442907392945,4.542434513181628
87,12,RANDOM,22,3.4944103623830407,10.479151495803125,12.060442907392945,4.542434513181628
87,12,RANDOM,23,3.4944103623830407,10.479151495803125,12.060442907392945,4.542434513181628
87,12,RANDOM,24,3.4944103623830407,10.479151495803125,12.060442907392945,4.542434513181628
87,12,RANDOM,25,3.4944103623830407,10.479151495803125,12.060442907392945,4.542434513181628
88,13,RANDOM,0,3.4551661666808915,12.210097788751677,7.468011124987683,3.724187923300079
88,13,RANDOM,1,3.4551661666808915,12.210097788751677,7.468011124987683,3.724187923300079
88,13,RANDOM,2,3.4551661666808915,12.210097788751677,7.468011124987683,3.724187923300079
88,13,RANDOM,3,3.4551661666808915,12.210097788751677,7.468011124987683,3.724187923300079
88,13,RANDOM,4,3.4551661666808915,12.210097788751677,7.468011124987683,3.724187923300079
88,13,RANDOM,5,3.4551661666808915,12.210097788751677,7.468011124987683,3.724187923300079
88,13,RANDOM,6,3.4551661666808915,12.210097788751677,7.468011124987683,3.724187923300079
88,13,RANDOM,7,3.4551661666808915,12.210097788751677,7.468011124987683,3.724187923300079
88,13,RANDOM,8,3.5335841248587716,3.7980554314261203,11.03989859844848,7.959832091542994
88,13,RANDOM,9,3.5335841248587716,3.7980554314261203,11.03989859844848,7.959832091542994
88,13,RANDOM,10,3.5335841248587716,3.7980554314261203,11.03989859844848,7.959832091542994
88,13,RANDOM,11,3.5335841248587716,3.7980554314261203,11.03989859844848,7.959832091542994
88,13,RANDOM,12,3.5335841248587716,3.7980554314261203,11.03989859844848,7.959832091542994
88,13,RANDOM,13,3.5335841248587716,3.7980554314261203,11.03989859844848,7.959832091542994
88,13,RANDOM,14,3.5335841248587716,3.7980554314261203,11.03989859844848,7.959832091542994
88,13,RANDOM,15,3.5335841248587716,3.7980554314261203,11.03989859844848,7.959832091542994
88,13,RANDOM,16,3.5335841248587716,3.7980554314261203,11.03989859844848,7.959832091542994
88,13,RANDOM,17,3.5335841248587716,3.7980554314261203,11.03989859844848,7.959832091542994
88,13,RANDOM,18,3.5335841248587716,3.7980554314261203,11.03989859844848,7.959832091542994
88,13,RANDOM,19,3.5335841248587716,3.7980554314261203,11.03989859844848,7.959832091542994
88,13,RANDOM,20,3.5335841248587716,3.7980554314261203,11.03989859844848,7.959832091542994
88,13,RANDOM,21,3.5335841248587716,3.7980554314261203,11.03989859844848,7.959832091542994
88,13,RANDOM,22,3.5335841248587716,3.7980554314261203,11.03989859844848,7.959832091542994
88,13,RANDOM,23,3.655180783754105,4.22640718494014,3.512934674006227,10.033202039793919
88,13,RANDOM,24,3.655180783754105,4.22640718494014,3.512934674006227,10.033202039793919
88,13,RANDOM,25,3.655180783754105,4.22640718494014,3.512934674006227,10.033202039793919
89,14,RANDOM,0,3.1951801958958317,7.607737954831852,3.43080941645436,9.75291271270783
89,14,RANDOM,1,3.351178884444133,8.195351619247212,4.2631821385605955,12.828139383669974
89,14,RANDOM,2,3.351178884444133,8.195351619247212,4.2631821385605955,12.828139383669974
89,14,RANDOM,3,3.436418033397982,11.480076959541748,11.09452762312282,11.263474556347717
89,14,RANDOM,4,3.436418033397982,11.480076959541748,11.09452762312282,11.263474556347717
89,14,RANDOM,5,3.436418033397982,11.480076959541748,11.09452762312282,11.263474556347717
89,14,RANDOM,6,3.436418033397982,11.480076959541748,11.09452762312282,11.263474556347717
89,14,RANDOM,7,3.436418033397982,11.480076959541748,11.09452762312282,11.263474556347717
89,14,RANDOM,8,3.436418033397982,11.480076959541748,11.09452762312282,11.263474556347717
89,14,RANDOM,9,3.436418033397982,11.480076959541748,11.09452762312282,11.263474556347717
89,14,RANDOM,10,3.436418033397982,11.480076959541748,11.09452762312282,11.263474556347717
89,14,RANDOM,11,3.436418033397982,11.480076959541748,11.09452762312282,11.263474556347717
89,14,RANDOM,12,3.436418033397982,11.480076959541748,11.09452762312282,11.263474556347717
89,14,RANDOM,13,3.436418033397982,11.480076959541748,11.09452762312282,11.263474556347717
89,14,RANDOM,14,3.815103371954626,3.752620560386124,11.35767385039009,3.59455178574237
89,14,RANDOM,15,3.815103371954626,3.752620560386124,11.35767385039009,3.59455178574237
89,14,RANDOM,16,3.815103371954626,3.752620560386124,11.35767385039009,3.59455178574237
89,14,RANDOM,17,3.815103371954626,3.752620560386124,11.35767385039009,3.59455178574237
89,14,RANDOM,18,3.815103371954626,3.752620560386124,11.35767385039009,3.59455178574237
89,14,RANDOM,19,3.815103371954626,3.752620560386124,11.35767385039009,3.59455178574237
89,14,RANDOM,20,3.815103371954626,3.752620560386124,11.35767385039009,3.59455178574237
89,14,RANDOM,21,3.815103371954626,3.752620560386124,11.35767385039009,3.59455178574237
89,14,RANDOM,22,3.815103371954626,3.752620560386124,11.35767385039009,3.59455178574237
89,14,RANDOM,23,3.815103371954626,3.752620560386124,11.35767385039009,3.59455178574237
89,14,RANDOM,24,3.815103371954626,3.752620560386124,11.35767385039009,3.59455178574237
89,14,RANDOM,25,3.815103371954626,3.752620560386124,11.35767385039009,3.59455178574237
90,15,RANDOM,0,3.51255012632752,8.816819853202484,3.72823739238798,12.002079750194575
90,15,RANDOM,1,3.5449529517502,10.942105680567064,10.34487708509947,4.123540491571368
90,15,RANDOM,2,3.5449529517502,10.942105680567064,10.34487708509947,4.123540491571368
90,15,RANDOM,3,3.5449529517502,10.942105680567064,10.34487708509947,4.123540491571368
90,15,RANDOM,4,3.5449529517502,10.942105680567064,10.34487708509947,4.123540491571368
90,15,RANDOM,5,3.5449529517502,10.942105680567064,10.34487708509947,4.123540491571368
90,15,RANDOM,6,3.5449529517502,10.942105680567064,10.34487708509947,4.123540491571368
90,15,RANDOM,7,3.5449529517502,10.942105680567064,10.34487708509947,4.123540491571368
90,15,RANDOM,8,3.5449529517502,10.942105680567064,10.34487708509947,4.123540491571368
90,15,RANDOM,9,3.5449529517502,10.942105680567064,10.34487708509947,4.123540491571368
90,15,RANDOM,10,3.5449529517502,10.942105680567064,10.34487708509947,4.123540491571368
90,15,RANDOM,11,3.5449529517502,10.942105680567064,10.34487708509947,4.123540491571368
90,15,RANDOM,12,3.5449529517502,10.942105680567064,10.34487708509947,4.123540491571368
90,15,RANDOM,13,3.5449529517502,10.942105680567064,10.34487708509947,4.123540491571368
90,15,RANDOM,14,3.5449529517502,10.942105680567064,10.34487708509947,4.123540491571368
90,15,RANDOM,15,3.5449529517502,10.942105680567064,10.34487708509947,4.123540491571368
90,15,RANDOM,16,3.5449529517502,10.942105680567064,10.34487708509947,4.123540491571368
90,15,RANDOM,17,3.5449529517502,10.942105680567064,10.34487708509947,4.123540491571368
90,15,RANDOM,18,3.5449529517502,10.942105680567064,10.34487708509947,4.123540491571368
90,15,RANDOM,19,3.5449529517502,10.942105680567064,10.34487708509947,4.123540491571368
90,15,RANDOM,20,3.5449529517502,10.942105680567064,10.34487708509947,4.123540491571368
90,15,RANDOM,21,3.5449529517502,10.942105680567064,10.34487708509947,4.123540491571368
90,15,RANDOM,22,3.5449529517502,10.942105680567064,10.34487708509947,4.123540491571368
90,15,RANDOM,23,3.5449529517502,10.942105680567064,10.34487708509947,4.123540491571368
90,15,RANDOM,24,3.6981479703766684,3.7908005988602174,11.605566359453737,3.34842021870943
90,15,RANDOM,25,3.6981479703766684,3.7908005988602174,11.605566359453737,3.34842021870943
91,16,RANDOM,0,3.1845850965477833,4.49017595249607,8.416154920894945,6.110479427991566
91,16,RANDOM,1,3.1845850965477833,4.49017595249607,8.416154920894945,6.110479427991566
91,16,RANDOM,2,3.1845850965477833,4.49017595249607,8.416154920894945,6.110479427991566
91,16,RANDOM,3,3.1845850965477833,4.49017595249607,8.416154920894945,6.110479427991566
91,16,RANDOM,4,3.1845850965477833,4.49017595249607,8.416154920894945,6.110479427991566
91,16,RANDOM,5,3.2019168786701746,8.894049983695657,8.272361368586415,11.321492745234867
91,16,RANDOM,6,3.2019168786701746,8.894049983695657,8.272361368586415,11.321492745234867
91,16,RANDOM,7,3.2019168786701746,8.894049983695657,8.272361368586415,11.321492745234867
91,16,RANDOM,8,3.2019168786701746,8.894049983695657,8.272361368586415,11.321492745234867
91,16,RANDOM,9,3.2019168786701746,8.894049983695657,8.272361368586415,11.321492745234867
91,16,RANDOM,10,3.2019168786701746,8.894049983695657,8.272361368586415,11.321492745234867
91,16,RANDOM,11,3.2019168786701746,8.894049983695657,8.272361368586415,11.321492745234867
91,16,RANDOM,12,3.2019168786701746,8.894049983695657,8.272361368586415,11.321492745234867
91,16,RANDOM,13,3.2019168786701746,8.894049983695657,8.272361368586415,11.321492745234867
91,16,RANDOM,14,3.486827148072793,11.132905082531243,7.643529738373002,3.6907737013845567
91,16,RANDOM,15,3.486827148072793,11.132905082531243,7.643529738373002,3.6907737013845567
91,16,RANDOM,16,3.486827148072793,11.132905082531243,7.643529738373002,3.6907737013845567
91,16,RANDOM,17,3.486827148072793,11.132905082531243,7.643529738373002,3.6907737013845567
91,16,RANDOM,18,3.486827148072793,11.132905082531243,7.643529738373002,3.6907737013845567
91,16,RANDOM,19,3.486827148072793,11.132905082531243,7.643529738373002,3.6907737013845567
91,16,RANDOM,20,3.486827148072793,11.132905082531243,7.643529738373002,3.6907737013845567
91,16,RANDOM,21,3.486827148072793,11.132905082531243,7.643529738373002,3.6907737013845567
91,16,RANDOM,22,3.486827148072793,11.132905082531243,7.643529738373002,3.6907737013845567
91,16,RANDOM,23,3.558986529919327,12.116995149970077,12.047784385791124,4.606547771895983
91,16,RANDOM,24,3.558986529919327,12.116995149970077,12.047784385791124,4.606547771895983
91,16,RANDOM,25,3.558986529919327,12.116995149970077,12.047784385791124,4.606547771895983
92,17,RANDOM,0,2.9394920817633023,6.422467486404127,9.170146627484709,11.045788057699298
92,17,RANDOM,1,2.9394920817633023,6.422467486404127,9.170146627484709,11.045788057699298
92,17,RANDOM,2,2.9394920817633023,6.422467486404127,9.170146627484709,11.045788057699298
92,17,RANDOM,3,3.0342197321472737,6.375319916336429,3.2078576125250855,11.933792269164837
92,17,RANDOM,4,3.0342197321472737,6.375319916336429,3.2078576125250855,11.933792269164837
92,17,RANDOM,5,3.5597529328424944,3.941364603166839,10.345414115359045,11.124166825557703
92,17,RANDOM,6,3.5597529328424944,3.941364603166839,10.345414115359045,11.124166825557703
92,17,RANDOM,7,3.5597529328424944,3.941364603166839,10.345414115359045,11.124166825557703
92,17,RANDOM,8,3.5597529328424944,3.941364603166839,10.345414115359045,11.124166825557703
92,17,RANDOM,9,3.586612316254352,5.855433116531698,4.362089168870833,3.826942885474371
92,17,RANDOM,10,3.586612316254352,5.855433116531698,4.362089168870833,3.826942885474371
92,17,RANDOM,11,3.5997415280741096,4.938439919395992,4.093859442600614,8.166100959490246
92,17,RANDOM,12,3.5997415280741096,4.938439919395992,4.093859442600614,8.166100959490246
92,17,RANDOM,13,3.5997415280741096,4.938439919395992,4.093859442600614,8.166100959490246
92,17,RANDOM,14,3.5997415280741096,4.938439919395992,4.093859442600614,8.166100959490246
92,17,RANDOM,15,3.5997415280741096,4.938439919395992,4.093859442600614,8.166100959490246
92,17,RANDOM,16,3.5997415280741096,4.938439919395992,4.093859442600614,8.166100959490246
92,17,RANDOM,17,3.5997415280741096,4.938439919395992,4.093859442600614,8.166100959490246
92,17,RANDOM,18,3.5997415280741096,4.938439919395992,4.093859442600614,8.166100959490246
92,17,RANDOM,19,3.5997415280741096,4.938439919395992,4.093859442600614,8.166100959490246
92,17,RANDOM,20,3.5997415280741096,4.938439919395992,4.093859442600614,8.166100959490246
92,17,RANDOM,21,3.5997415280741096,4.938439919395992,4.093859442600614,8.166100959490246
92,17,RANDOM,22,3.5997415280741096,4.938439919395992,4.093859442600614,8.166100959490246
92,17,RANDOM,23,3.5997415280741096,4.938439919395992,4.093859442600614,8.166100959490246
92,17,RANDOM,24,3.5997415280741096,4.938439919395992,4.093859442600614,8.166100959490246
92,17,RANDOM,25,3.5997415280741096,4.938439919395992,4.093859442600614,8.166100959490246
93,18,RANDOM,0,3.2970055466536135,5.989586538263591,10.761220189323241,4.212349920540051
93,18,RANDOM,1,3.2970055466536135,5.989586538263591,10.761220189323241,4.212349920540051
93,18,RANDOM,2,3.2970055466536135,5.989586538263591,10.761220189323241,4.212349920540051
93,18,RANDOM,3,3.2970055466536135,5.989586538263591,10.761220189323241,4.212349920540051
93,18,RANDOM,4,3.2970055466536135,5.989586538263591,10.761220189323241,4.212349920540051
93,18,RANDOM,5,3.2970055466536135,5.989586538263591,10.761220189323241,4.212349920540051
93,18,RANDOM,6,3.2970055466536135,5.989586538263591,10.761220189323241,4.212349920540051
93,18,RANDOM,7,3.2970055466536135,5.989586538263591,10.761220189323241,4.212349920540051
93,18,RANDOM,8,3.380932023348023,7.5503159621069145,9.418470585090152,3.8581909488127195
93,18,RANDOM,9,3.380932023348023,7.5503159621069145,9.418470585090152,3.8581909488127195
93,18,RANDOM,10,3.380932023348023,7.5503159621069145,9.418470585090152,3.8581909488127195
93,18,RANDOM,11,3.380932023348023,7.5503159621069145,9.418470585090152,3.8581909488127195
93,18,RANDOM,12,3.380932023348023,7.5503159621069145,9.418470585090152,3.8581909488127195
93,18,RANDOM,13,3.380932023348023,7.5503159621069145,9.418470585090152,3.8581909488127195
93,18,RANDOM,14,3.380932023348023,7.5503159621069145,9.418470585090152,3.8581909488127195
93,18,RANDOM,15,3.380932023348023,7.5503159621069145,9.418470585090152,3.8581909488127195
93,18,RANDOM,16,3.380932023348023,7.5503159621069145,9.418470585090152,3.8581909488127195
93,18,RANDOM,17,3.5130301536001878,10.963556581794034,9.982908227608224,4.014237570550824
93,18,RANDOM,18,3.5130301536001878,10.963556581794034,9.982908227608224,4.014237570550824
93,18,RANDOM,19,3.572221061608463,3.8770177401528496,11.143845652776834,8.142977039525633
93,18,RANDOM,20,3.572221061608463,3.8770177401528496,11.143845652776834,8.142977039525633
93,18,RANDOM,21,3.572221061608463,3.8770177401528496,11.143845652776834,8.142977039525633
93,18,RANDOM,22,3.572221061608463,3.8770177401528496,11.143845652776834,8.142977039525633
93,18,RANDOM,23,3.572221061608463,3.8770177401528496,11.143845652776834,8.142977039525633
93,18,RANDOM,24,3.572221061608463,3.8770177401528496,11.143845652776834,8.142977039525633
93,18,RANDOM,25,3.572221061608463,3.8770177401528496,11.143845652776834,8.142977039525633
94,19,RANDOM,0,3.4735398894929705,11.714483726522747,8.080497541193894,4.674981267357308
94,19,RANDOM,1,3.4735398894929705,11.714483726522747,8.080497541193894,4.674981267357308
94,19,RANDOM,2,3.4735398894929705,11.714483726522747,8.080497541193894,4.674981267357308
94,19,RANDOM,3,3.4735398894929705,11.714483726522747,8.080497541193894,4.674981267357308
94,19,RANDOM,4,3.4735398894929705,11.714483726522747,8.080497541193894,4.674981267357308
94,19,RANDOM,5,3.4735398894929705,11.714483726522747,8.080497541193894,4.674981267357308
94,19,RANDOM,6,3.4735398894929705,11.714483726522747,8.080497541193894,4.674981267357308
94,19,RANDOM,7,3.4735398894929705,11.714483726522747,8.080497541193894,4.674981267357308
94,19,RANDOM,8,3.4735398894929705,11.714483726522747,8.080497541193894,4.674981267357308
94,19,RANDOM,9,3.4735398894929705,11.714483726522747,8.080497541193894,4.674981267357308
94,19,RANDOM,10,3.4735398894929705,11.714483726522747,8.080497541193894,4.674981267357308
94,19,RANDOM,11,3.4916969405398524,4.332120111753426,10.51899744397568,10.636492063591898
94,19,RANDOM,12,3.4916969405398524,4.332120111753426,10.51899744397568,10.636492063591898
94,19,RANDOM,13,3.5966349194441296,12.280836694384703,4.321245236115471,12.180877643020619
94,19,RANDOM,14,3.5966349194441296,12.280836694384703,4.321245236115471,12.180877643020619
94,19,RANDOM,15,3.5966349194441296,12.280836694384703,4.321245236115471,12.180877643020619
94,19,RANDOM,16,3.5966349194441296,12.280836694384703,4.321245236115471,12.180877643020619
94,19,RANDOM,17,3.5966349194441296,12.280836694384703,4.321245236115471,12.180877643020619
94,19,RANDOM,18,3.5966349194441296,12.280836694384703,4.321245236115471,12.180877643020619
94,19,RANDOM,19,3.5966349194441296,12.280836694384703,4.321245236115471,12.180877643020619
94,19,RANDOM,20,3.5966349194441296,12.280836694384703,4.321245236115471,12.180877643020619
94,19,RANDOM,21,3.5966349194441296,12.280836694384703,4.321245236115471,12.180877643020619
94,19,RANDOM,22,3.5966349194441296,12.280836694384703,4.321245236115471,12.180877643020619
94,19,RANDOM,23,3.5966349194441296,12.280836694384703,4.321245236115471,12.180877643020619
94,19,RANDOM,24,3.5966349194441296,12.280836694384703,4.321245236115471,12.180877643020619
94,19,RANDOM,25,3.5966349194441296,12.280836694384703,4.321245236115471,12.180877643020619
95,20,RANDOM,0,3.273563445017652,6.73032690394678,9.60265212884643,4.057332846817459
95,20,RANDOM,1,3.273563445017652,6.73032690394678,9.60265212884643,4.057332846817459
95,20,RANDOM,2,3.273563445017652,6.73032690394678,9.60265212884643,4.057332846817459
95,20,RANDOM,3,3.273563445017652,6.73032690394678,9.60265212884643,4.057332846817459
95,20,RANDOM,4,3.273563445017652,6.73032690394678,9.60265212884643,4.057332846817459
95,20,RANDOM,5,3.273563445017652,6.73032690394678,9.60265212884643,4.057332846817459
95,20,RANDOM,6,3.273563445017652,6.73032690394678,9.60265212884643,4.057332846817459
95,20,RANDOM,7,3.4326660591803977,11.009924091514748,11.856792594875307,11.854104836726883
95,20,RANDOM,8,3.4326660591803977,11.009924091514748,11.856792594875307,11.854104836726883
95,20,RANDOM,9,3.4326660591803977,11.009924091514748,11.856792594875307,11.854104836726883
95,20,RANDOM,10,3.4326660591803977,11.009924091514748,11.856792594875307,11.854104836726883
95,20,RANDOM,11,3.4326660591803977,11.009924091514748,11.856792594875307,11.854104836726883
95,20,RANDOM,12,3.4326660591803977,11.009924091514748,11.856792594875307,11.854104836726883
95,20,RANDOM,13,3.4326660591803977,11.009924091514748,11.856792594875307,11.854104836726883
95,20,RANDOM,14,3.4326660591803977,11.009924091514748,11.856792594875307,11.854104836726883
95,20,RANDOM,15,3.4326660591803977,11.009924091514748,11.856792594875307,11.854104836726883
95,20,RANDOM,16,3.4326660591803977,11.009924091514748,11.856792594875307,11.854104836726883
95,20,RANDOM,17,3.4326660591803977,11.009924091514748,11.856792594875307,11.854104836726883
95,20,RANDOM,18,3.4326660591803977,11.009924091514748,11.856792594875307,11.854104836726883
95,20,RANDOM,19,3.4326660591803977,11.009924091514748,11.856792594875307,11.854104836726883
95,20,RANDOM,20,3.5652375453287344,4.999765198995697,5.123769435010932,3.977169162684029
95,20,RANDOM,21,3.5652375453287344,4.999765198995697,5.123769435010932,3.977169162684029
95,20,RANDOM,22,3.5652375453287344,4.999765198995697,5.123769435010932,3.977169162684029
95,20,RANDOM,23,3.5652375453287344,4.999765198995697,5.123769435010932,3.977169162684029
95,20,RANDOM,24,3.5652375453287344,4.999765198995697,5.123769435010932,3.977169162684029
95,20,RANDOM,25,3.5652375453287344,4.999765198995697,5.123769435010932,3.977169162684029
96,21,RANDOM,0,3.5027617269498394,3.9038380556747083,7.083532420685154,11.419026660671266
96,21,RANDOM,1,3.5027617269498394,3.9038380556747083,7.083532420685154,11.419026660671266
96,21,RANDOM,2,3.5027617269498394,3.9038380556747083,7.083532420685154,11.419026660671266
96,21,RANDOM,3,3.5027617269498394,3.9038380556747083,7.083532420685154,11.419026660671266
96,21,RANDOM,4,3.5027617269498394,3.9038380556747083,7.083532420685154,11.419026660671266
96,21,RANDOM,5,3.5027617269498394,3.9038380556747083,7.083532420685154,11.419026660671266
96,21,RANDOM,6,3.5027617269498394,3.9038380556747083,7.083532420685154,11.419026660671266
96,21,RANDOM,7,3.5027617269498394,3.9038380556747083,7.083532420685154,11.419026660671266
96,21,RANDOM,8,3.5027617269498394,3.9038380556747083,7.083532420685154,11.419026660671266
96,21,RANDOM,9,3.7222487141917275,12.020750674263937,11.541552168418153,3.9725889607420766
96,21,RANDOM,10,3.7222487141917275,12.020750674263937,11.541552168418153,3.9725889607420766
96,21,RANDOM,11,3.7222487141917275,12.020750674263937,11.541552168418153,3.9725889607420766
96,21,RANDOM,12,3.7222487141917275,12.020750674263937,11.541552168418153,3.9725889607420766
96,21,RANDOM,13,3.7222487141917275,12.020750674263937,11.541552168418153,3.9725889607420766
96,21,RANDOM,14,3.7222487141917275,12.020750674263937,11.541552168418153,3.9725889607420766
96,21,RANDOM,15,3.7222487141917275,12.020750674263937,11.541552168418153,3.9725889607420766
96,21,RANDOM,16,3.8006493079172463,8.764890822249939,4.288917726058398,3.8047916737895413
96,21,RANDOM,17,3.8006493079172463,8.764890822249939,4.288917726058398,3.8047916737895413
96,21,RANDOM,18,3.8006493079172463,8.764890822249939,4.288917726058398,3.8047916737895413
96,21,RANDOM,19,3.8006493079172463,8.764890822249939,4.288917726058398,3.8047916737895413
96,21,RANDOM,20,3.8006493079172463,8.764890822249939,4.288917726058398,3.8047916737895413
96,21,RANDOM,21,3.8006493079172463,8.764890822249939,4.288917726058398,3.8047916737895413
96,21,RANDOM,22,3.8006493079172463,8.764890822249939,4.288917726058398,3.8047916737895413
96,21,RANDOM,23,3.8006493079172463,8.764890822249939,4.288917726058398,3.8047916737895413
96,21,RANDOM,24,3.8006493079172463,8.764890822249939,4.288917726058398,3.8047916737895413
96,21,RANDOM,25,3.8006493079172463,8.764890822249939,4.288917726058398,3.8047916737895413
97,22,RANDOM,0,3.2146682124643995,7.8673359472017514,11.961514620370984,8.477286052589523
97,22,RANDOM,1,3.3694363615126908,4.141975263565709,12.684830645171386,9.255969762526755
97,22,RANDOM,2,3.3694363615126908,4.141975263565709,12.684830645171386,9.255969762526755
97,22,RANDOM,3,3.3694363615126908,4.141975263565709,12.684830645171386,9.255969762526755
97,22,RANDOM,4,3.3694363615126908,4.141975263565709,12.684830645171386,9.255969762526755
97,22,RANDOM,5,3.3694363615126908,4.141975263565709,12.684830645171386,9.255969762526755
97,22,RANDOM,6,3.3694363615126908,4.141975263565709,12.684830645171386,9.255969762526755
97,22,RANDOM,7,3.6922541873998993,3.9409148749276843,6.676894420768108,3.966620572880646
97,22,RANDOM,8,3.6922541873998993,3.9409148749276843,6.676894420768108,3.966620572880646
97,22,RANDOM,9,3.6922541873998993,3.9409148749276843,6.676894420768108,3.966620572880646
97,22,RANDOM,10,3.6922541873998993,3.9409148749276843,6.676894420768108,3.966620572880646
97,22,RANDOM,11,3.6922541873998993,3.9409148749276843,6.676894420768108,3.966620572880646
97,22,RANDOM,12,3.6922541873998993,3.9409148749276843,6.676894420768108,3.966620572880646
97,22,RANDOM,13,3.6922541873998993,3.9409148749276843,6.676894420768108,3.966620572880646
97,22,RANDOM,14,3.6922541873998993,3.9409148749276843,6.676894420768108,3.966620572880646
97,22,RANDOM,15,3.6922541873998993,3.9409148749276843,6.676894420768108,3.966620572880646
97,22,RANDOM,16,3.6922541873998993,3.9409148749276843,6.676894420768108,3.966620572880646
97,22,RANDOM,17,3.6922541873998993,3.9409148749276843,6.676894420768108,3.966620572880646
97,22,RANDOM,18,3.6922541873998993,3.9409148749276843,6.676894420768108,3.966620572880646
97,22,RANDOM,19,3.6922541873998993,3.9409148749276843,6.676894420768108,3.966620572880646
97,22,RANDOM,20,3.6922541873998993,3.9409148749276843,6.676894420768108,3.966620572880646
97,22,RANDOM,21,3.6922541873998993,3.9409148749276843,6.676894420768108,3.966620572880646
97,22,RANDOM,22,3.6922541873998993,3.9409148749276843,6.676894420768108,3.966620572880646
97,22,RANDOM,23,3.6922541873998993,3.9409148749276843,6.676894420768108,3.966620572880646
97,22,RANDOM,24,3.6922541873998993,3.9409148749276843,6.676894420768108,3.966620572880646
97,22,RANDOM,25,3.6922541873998993,3.9409148749276843,6.676894420768108,3.966620572880646
98,23,RANDOM,0,3.523516515253408,3.7998583602408065,9.370619845019032,11.466275402773853
98,23,RANDOM,1,3.523516515253408,3.7998583602408065,9.370619845019032,11.466275402773853
98,23,RANDOM,2,3.523516515253408,3.7998583602408065,9.370619845019032,11.466275402773853
98,23,RANDOM,3,3.523516515253408,3.7998583602408065,9.370619845019032,11.466275402773853
98,23,RANDOM,4,3.523516515253408,3.7998583602408065,9.370619845019032,11.466275402773853
98,23,RANDOM,5,3.523516515253408,3.7998583602408065,9.370619845019032,11.466275402773853
98,23,RANDOM,6,3.523516515253408,3.7998583602408065,9.370619845019032,11.466275402773853
98,23,RANDOM,7,3.523516515253408,3.7998583602408065,9.370619845019032,11.466275402773853
98,23,RANDOM,8,3.523516515253408,3.7998583602408065,9.370619845019032,11.466275402773853
98,23,RANDOM,9,3.523516515253408,3.7998583602408065,9.370619845019032,11.466275402773853
98,23,RANDOM,10,3.523516515253408,3.7998583602408065,9.370619845019032,11.466275402773853
98,23,RANDOM,11,3.523516515253408,3.7998583602408065,9.370619845019032,11.466275402773853
98,23,RANDOM,12,3.523516515253408,3.7998583602408065,9.370619845019032,11.466275402773853
98,23,RANDOM,13,3.523516515253408,3.7998583602408065,9.370619845019032,11.466275402773853
98,23,RANDOM,14,3.523516515253408,3.7998583602408065,9.370619845019032,11.466275402773853
98,23,RANDOM,15,3.523516515253408,3.7998583602408065,9.370619845019032,11.466275402773853
98,23,RANDOM,16,3.523516515253408,3.7998583602408065,9.370619845019032,11.466275402773853
98,23,RANDOM,17,3.523516515253408,3.7998583602408065,9.370619845019032,11.466275402773853
98,23,RANDOM,18,3.523516515253408,3.7998583602408065,9.370619845019032,11.466275402773853
98,23,RANDOM,19,3.523516515253408,3.7998583602408065,9.370619845019032,11.466275402773853
98,23,RANDOM,20,3.523516515253408,3.7998583602408065,9.370619845019032,11.466275402773853
98,23,RANDOM,21,3.523516515253408,3.7998583602408065,9.370619845019032,11.466275402773853
98,23,RANDOM,22,3.523516515253408,3.7998583602408065,9.370619845019032,11.466275402773853
98,23,RANDOM,23,3.523516515253408,3.7998583602408065,9.370619845019032,11.466275402773853
98,23,RANDOM,24,3.523516515253408,3.7998583602408065,9.370619845019032,11.466275402773853
98,23,RANDOM,25,3.523516515253408,3.7998583602408065,9.370619845019032,11.466275402773853
99,24,RANDOM,0,3.076321404214511,7.59599650905222,8.463187611453762,8.54530965762603
99,24,RANDOM,1,3.2756126278542963,6.61935139559909,9.015586579448412,3.9868368373994385
99,24,RANDOM,2,3.2756126278542963,6.61935139559909,9.015586579448412,3.9868368373994385
99,24,RANDOM,3,3.2756126278542963,6.61935139559909,9.015586579448412,3.9868368373994385
99,24,RANDOM,4,3.2756126278542963,6.61935139559909,9.015586579448412,3.9868368373994385
99,24,RANDOM,5,3.5772323573772264,9.492040617347929,3.411259268721276,4.274825878731202
99,24,RANDOM,6,3.5772323573772264,9.492040617347929,3.411259268721276,4.274825878731202
99,24,RANDOM,7,3.5772323573772264,9.492040617347929,3.411259268721276,4.274825878731202
99,24,RANDOM,8,3.5772323573772264,9.492040617347929,3.411259268721276,4.274825878731202
99,24,RANDOM,9,3.5772323573772264,9.492040617347929,3.411259268721276,4.274825878731202
99,24,RANDOM,10,3.5772323573772264,9.492040617347929,3.411259268721276,4.274825878731202
99,24,RANDOM,11,3.5772323573772264,9.492040617347929,3.411259268721276,4.274825878731202
99,24,RANDOM,12,3.5772323573772264,9.492040617347929,3.411259268721276,4.274825878731202
99,24,RANDOM,13,3.5772323573772264,9.492040617347929,3.411259268721276,4.274825878731202
99,24,RANDOM,14,3.5772323573772264,9.492040617347929,3.411259268721276,4.274825878731202
99,24,RANDOM,15,3.5772323573772264,9.492040617347929,3.411259268721276,4.274825878731202
99,24,RANDOM,16,3.5772323573772264,9.492040617347929,3.411259268721276,4.274825878731202
99,24,RANDOM,17,3.5772323573772264,9.492040617347929,3.411259268721276,4.274825878731202
99,24,RANDOM,18,3.5772323573772264,9.492040617347929,3.411259268721276,4.274825878731202
99,24,RANDOM,19,3.5772323573772264,9.492040617347929,3.411259268721276,4.274825878731202
99,24,RANDOM,20,3.5772323573772264,9.492040617347929,3.411259268721276,4.274825878731202
99,24,RANDOM,21,3.5772323573772264,9.492040617347929,3.411259268721276,4.274825878731202
99,24,RANDOM,22,3.5772323573772264,9.492040617347929,3.411259268721276,4.274825878731202
99,24,RANDOM,23,3.5772323573772264,9.492040617347929,3.411259268721276,4.274825878731202
99,24,RANDOM,24,3.5772323573772264,9.492040617347929,3.411259268721276,4.274825878731202
99,24,RANDOM,25,3.5772323573772264,9.492040617347929,3.411259268721276,4.274825878731202
100,0,EI,0,3.1416117937407844,9.099536636507699,10.942448414759976,8.154374871981343
100,0,EI,1,3.187413959740862,8.082961255270163,3.6984434246075497,6.002083903841776
100,0,EI,2,3.3297267313398473,6.776279289954323,3.703714696970652,12.23004131785312
100,0,EI,3,3.531843629367671,12.378177396287917,3.7803768696794036,12.254433646895274
100,0,EI,4,3.531843629367671,12.378177396287917,3.7803768696794036,12.254433646895274
100,0,EI,5,3.531843629367671,12.378177396287917,3.7803768696794036,12.254433646895274
100,0,EI,6,3.531843629367671,12.378177396287917,3.7803768696794036,12.254433646895274
100,0,EI,7,3.6592628983653697,12.079132587426821,3.799646462196384,11.9537399372979
100,0,EI,8,3.679078191259109,12.121777566690279,3.86955982167988,11.389603284548208
100,0,EI,9,3.716995502549439,11.75246296524576,4.303067324157644,11.325121123717828
100,0,EI,10,3.900846037242805,4.209664893169453,4.036422225943369,12.375018326421928
100,0,EI,11,3.900846037242805,4.209664893169453,4.036422225943369,12.375018326421928
100,0,EI,12,3.912064924861496,4.181143696254223,4.280350228056231,12.278126855965795
100,0,EI,13,3.912064924861496,4.181143696254223,4.280350228056231,12.278126855965795
100,0,EI,14,3.9853381556321406,4.020635194440588,4.2581437388737955,11.87843097752464
100,0,EI,15,3.9853381556321406,4.020635194440588,4.2581437388737955,11.87843097752464
100,0,EI,16,3.9978640256892346,4.0138389892153,4.101383639354231,11.356837807249981
100,0,EI,17,4.008706377338598,4.078436527559542,4.161287503982734,11.53980422393554
100,0,EI,18,4.008706377338598,4.078436527559542,4.161287503982734,11.53980422393554
100,0,EI,19,4.008706377338598,4.078436527559542,4.161287503982734,11.53980422393554
100,0,EI,20,4.008706377338598,4.078436527559542,4.161287503982734,11.53980422393554
100,0,EI,21,4.009807688086919,4.06527263528276,4.126526642410459,11.519543822419461
100,0,EI,22,4.009807688086919,4.06527263528276,4.126526642410459,11.519543822419461
100,0,EI,23,4.009807688086919,4.06527263528276,4.126526642410459,11.519543822419461
100,0,EI,24,4.009807688086919,4.06527263528276,4.126526642410459,11.519543822419461
100,0,EI,25,4.009807688086919,4.06527263528276,4.126526642410459,11.519543822419461
101,1,EI,0,3.616167873236414,4.945975747486383,11.826430551426064,4.547922439374675
101,1,EI,1,3.7797027754499806,3.6293747699082535,11.941760903013362,4.563702851546243
101,1,EI,2,3.9945630891661827,4.120922597800934,4.0393437426525,11.30649538520232
101,1,EI,3,3.9945630891661827,4.120922597800934,4.0393437426525,11.30649538520232
101,1,EI,4,3.9945630891661827,4.120922597800934,4.0393437426525,11.30649538520232
101,1,EI,5,3.9974869662290393,4.140904148068963,4.230436754042285,11.48711966269464
101,1,EI,6,3.9974869662290393,4.140904148068963,4.230436754042285,11.48711966269464
101,1,EI,7,3.9974869662290393,4.140904148068963,4.230436754042285,11.48711966269464
101,1,EI,8,3.9974869662290393,4.140904148068963,4.230436754042285,11.48711966269464
101,1,EI,9,4.007741403388537,4.077021536308149,4.181784042201474,11.570576460184032
101,1,EI,10,4.007741403388537,4.077021536308149,4.181784042201474,11.570576460184032
101,1,EI,11,4.008632565201397,3.998718380874257,4.105393127735731,11.610563015809406
101,1,EI,12,4.008632565201397,3.998718380874257,4.105393127735731,11.610563015809406
101,1,EI,13,4.012593747204452,4.101853797934288,4.060332308803319,11.65280128107588
101,1,EI,14,4.012593747204452,4.101853797934288,4.060332308803319,11.65280128107588
101,1,EI,15,4.012593747204452,4.101853797934288,4.060332308803319,11.65280128107588
101,1,EI,16,4.012593747204452,4.101853797934288,4.060332308803319,11.65280128107588
101,1,EI,17,4.012593747204452,4.101853797934288,4.060332308803319,11.65280128107588
101,1,EI,18,4.012593747204452,4.101853797934288,4.060332308803319,11.65280128107588
101,1,EI,19,4.012593747204452,4.101853797934288,4.060332308803319,11.65280128107588
101,1,EI,20,4.012593747204452,4.101853797934288,4.060332308803319,11.65280128107588
101,1,EI,21,4.012593747204452,4.101853797934288,4.060332308803319,11.65280128107588
101,1,EI,22,4.012593747204452,4.101853797934288,4.060332308803319,11.65280128107588
101,1,EI,23,4.012593747204452,4.101853797934288,4.060332308803319,11.65280128107588
101,1,EI,24,4.012593747204452,4.101853797934288,4.060332308803319,11.65280128107588
101,1,EI,25,4.012593747204452,4.101853797934288,4.060332308803319,11.65280128107588
102,2,EI,0,3.862697100551329,3.924182013739746,4.477367151211849,12.213386108914206
102,2,EI,1,3.862697100551329,3.924182013739746,4.477367151211849,12.213386108914206
102,2,EI,2,3.862697100551329,3.924182013739746,4.477367151211849,12.213386108914206
102,2,EI,3,3.862697100551329,3.924182013739746,4.477367151211849,12.213386108914206
102,2,EI,4,3.862697100551329,3.924182013739746,4.477367151211849,12.213386108914206
102,2,EI,5,3.862697100551329,3.924182013739746,4.477367151211849,12.213386108914206
102,2,EI,6,3.862697100551329,3.924182013739746,4.477367151211849,12.213386108914206
102,2,EI,7,3.862697100551329,3.924182013739746,4.477367151211849,12.213386108914206
102,2,EI,8,3.862697100551329,3.924182013739746,4.477367151211849,12.213386108914206
102,2,EI,9,3.862697100551329,3.924182013739746,4.477367151211849,12.213386108914206
102,2,EI,10,3.9779238159433943,4.080399264808196,4.2072266015972195,12.025407552028419
102,2,EI,11,3.9779238159433943,4.080399264808196,4.2072266015972195,12.025407552028419
102,2,EI,12,4.071666251178332,4.1269743318502075,4.185971153276188,4.749059008051075
102,2,EI,13,4.196491464567114,4.277716194196575,4.126359283984412,3.772985886160467
102,2,EI,14,4.196491464567114,4.277716194196575,4.126359283984412,3.772985886160467
102,2,EI,15,4.196491464567114,4.277716194196575,4.126359283984412,3.772985886160467
102,2,EI,16,4.232025797432445,4.193412697570809,3.9187179946022095,3.9187063394821084
102,2,EI,17,4.232025797432445,4.193412697570809,3.9187179946022095,3.9187063394821084
102,2,EI,18,4.241270444033412,3.8907645987982615,3.9827280201978126,4.058304618912291
102,2,EI,19,4.241270444033412,3.8907645987982615,3.9827280201978126,4.058304618912291
102,2,EI,20,4.251962109509855,4.097154962702558,4.119923008790441,3.9158089196542605
102,2,EI,21,4.263433005375109,4.136771479473194,4.056232086246369,4.165039136211621
102,2,EI,22,4.263433005375109,4.136771479473194,4.056232086246369,4.165039136211621
102,2,EI,23,4.265052023738072,4.088415669905483,4.017046635424697,4.053963988183076
102,2,EI,24,4.265052023738072,4.088415669905483,4.017046635424697,4.053963988183076
102,2,EI,25,4.265052023738072,4.088415669905483,4.017046635424697,4.053963988183076
103,3,EI,0,2.971168020912234,6.459420306212667,8.80197857157211,11.067566809382402
103,3,EI,1,2.971168020912234,6.459420306212667,8.80197857157211,11.067566809382402
103,3,EI,2,2.971168020912234,6.459420306212667,8.80197857157211,11.067566809382402
103,3,EI,3,3.4463570800973296,4.26859867474662,8.936242586228243,10.463053377144973
103,3,EI,4,3.4463570800973296,4.26859867474662,8.936242586228243,10.463053377144973
103,3,EI,5,3.4463570800973296,4.26859867474662,8.936242586228243,10.463053377144973
103,3,EI,6,3.4463570800973296,4.26859867474662,8.936242586228243,10.463053377144973
103,3,EI,7,3.4914128836203684,4.051476419100856,8.827990178987942,10.616052490247373
103,3,EI,8,3.4914128836203684,4.051476419100856,8.827990178987942,10.616052490247373
103,3,EI,9,3.552476926813045,4.049345250138893,8.325733477238929,10.856115261844025
103,3,EI,10,3.6071749687724473,4.252715707285075,8.187012433694344,11.389169725352511
103,3,EI,11,3.6071749687724473,4.252715707285075,8.187012433694344,11.389169725352511
103,3,EI,12,3.6294139140390893,4.108118192172939,8.157524796360741,11.550996200632879
103,3,EI,13,3.6294139140390893,4.108118192172939,8.157524796360741,11.550996200632879
103,3,EI,14,3.6294139140390893,4.108118192172939,8.157524796360741,11.550996200632879
103,3,EI,15,3.6294139140390893,4.108118192172939,8.157524796360741,11.550996200632879
103,3,EI,16,3.6294139140390893,4.108118192172939,8.157524796360741,11.550996200632879
103,3,EI,17,3.6294139140390893,4.108118192172939,8.157524796360741,11.550996200632879
103,3,EI,18,3.6294139140390893,4.108118192172939,8.157524796360741,11.550996200632879
103,3,EI,19,3.6294139140390893,4.108118192172939,8.157524796360741,11.550996200632879
103,3,EI,20,3.6294139140390893,4.108118192172939,8.157524796360741,11.550996200632879
103,3,EI,21,3.6294139140390893,4.108118192172939,8.157524796360741,11.550996200632879
103,3,EI,22,3.6294139140390893,4.108118192172939,8.157524796360741,11.550996200632879
103,3,EI,23,3.6294139140390893,4.108118192172939,8.157524796360741,11.550996200632879
103,3,EI,24,3.6294139140390893,4.108118192172939,8.157524796360741,11.550996200632879
103,3,EI,25,3.6294139140390893,4.108118192172939,8.157524796360741,11.550996200632879
104,4,EI,0,2.985138117558773,7.468013981780617,7.404297509341723,7.503392840231188
104,4,EI,1,3.130602560120412,7.461459218394663,11.89784900641335,9.868429850827713
104,4,EI,2,3.130602560120412,7.461459218394663,11.89784900641335,9.868429850827713
104,4,EI,3,3.2581792781814674,7.47378779930357,12.005224556209308,4.973839858632091
104,4,EI,4,3.381694467150141,7.505314982014877,9.847732595834067,3.8893007586427686
104,4,EI,5,3.447804341410214,7.452950899690164,3.8462640581513274,10.659958888265502
104,4,EI,6,3.447804341410214,7.452950899690164,3.8462640581513274,10.659958888265502
104,4,EI,7,3.637775788125012,3.349139273599814,4.273080264028834,10.762463528335449
104,4,EI,8,3.788095409669724,3.9089756485617464,4.653437708819236,10.946145991065649
104,4,EI,9,3.788095409669724,3.9089756485617464,4.653437708819236,10.946145991065649
104,4,EI,10,3.8137857604240484,4.549437396346107,4.485347625754022,11.256858945734338
104,4,EI,11,3.8137857604240484,4.549437396346107,4.485347625754022,11.256858945734338
104,4,EI,12,3.956584481321082,4.183398721456747,4.40771012315558,11.5584444832792
104,4,EI,13,3.956584481321082,4.183398721456747,4.40771012315558,11.5584444832792
104,4,EI,14,3.988448102086747,4.210647060507425,4.261263465174174,11.544713485202035
104,4,EI,15,4.003208959096083,3.9628356744032436,4.142209982749996,11.618678852960473
104,4,EI,16,4.003208959096083,3.9628356744032436,4.142209982749996,11.618678852960473
104,4,EI,17,4.003208959096083,3.9628356744032436,4.142209982749996,11.618678852960473
104,4,EI,18,4.003208959096083,3.9628356744032436,4.142209982749996,11.618678852960473
104,4,EI,19,4.003208959096083,3.9628356744032436,4.142209982749996,11.618678852960473
104,4,EI,20,4.004650471879782,4.148513629215445,4.162378292415489,11.78113047140341
104,4,EI,21,4.004650471879782,4.148513629215445,4.162378292415489,11.78113047140341
104,4,EI,22,4.004650471879782,4.148513629215445,4.162378292415489,11.78113047140341
104,4,EI,23,4.004650471879782,4.148513629215445,4.162378292415489,11.78113047140341
104,4,EI,24,4.008588100116191,4.000237128434694,4.110153987607418,11.60206627061331
104,4,EI,25,4.008588100116191,4.000237128434694,4.110153987607418,11.60206627061331
105,5,EI,0,3.2795456276400468,12.075043856180702,12.119111846047407,7.72988341563213
105,5,EI,1,3.2795456276400468,12.075043856180702,12.119111846047407,7.72988341563213
105,5,EI,2,3.361803922336983,11.724671091164646,11.609161305337235,7.7961253023426105
105,5,EI,3,3.361803922336983,11.724671091164646,11.609161305337235,7.7961253023426105
105,5,EI,4,3.361803922336983,11.724671091164646,11.609161305337235,7.7961253023426105
105,5,EI,5,3.361803922336983,11.724671091164646,11.609161305337235,7.7961253023426105
105,5,EI,6,3.361803922336983,11.724671091164646,11.609161305337235,7.7961253023426105
105,5,EI,7,3.391973871888423,11.728646074931579,11.600546487433567,12.395686909211886
105,5,EI,8,3.391973871888423,11.728646074931579,11.600546487433567,12.395686909211886
105,5,EI,9,3.449588622880194,10.05535184102475,11.667013799333457,4.619818665988035
105,5,EI,10,3.4815343848036004,11.465242460457455,11.359712468488437,11.794957954518136
105,5,EI,11,3.548729167480554,10.175834733803482,11.663053303247418,4.375974426083205
105,5,EI,12,3.5617860548561113,10.506594298022764,10.909902597451826,4.073355007609749
105,5,EI,13,3.5947213850760087,10.349509640215471,11.33347203431741,4.0750246982816405
105,5,EI,14,3.5947213850760087,10.349509640215471,11.33347203431741,4.0750246982816405
105,5,EI,15,3.70139345731968,11.056873812008588,11.414816537661915,4.153963020660331
105,5,EI,16,3.738660966805453,11.470759102787786,11.400201792924326,4.194359724966834
105,5,EI,17,3.738660966805453,11.470759102787786,11.400201792924326,4.194359724966834
105,5,EI,18,3.7388997996662585,11.584623304263335,11.316187530826594,4.01598518491329
105,5,EI,19,3.7562519800776712,11.64793832593228,11.588115459902285,4.038809227845984
105,5,EI,20,3.7562519800776712,11.64793832593228,11.588115459902285,4.038809227845984
105,5,EI,21,3.7562519800776712,11.64793832593228,11.588115459902285,4.038809227845984
105,5,EI,22,3.7562519800776712,11.64793832593228,11.588115459902285,4.038809227845984
105,5,EI,23,3.7562519800776712,11.64793832593228,11.588115459902285,4.038809227845984
105,5,EI,24,3.7562519800776712,11.64793832593228,11.588115459902285,4.038809227845984
105,5,EI,25,3.7562519800776712,11.64793832593228,11.588115459902285,4.038809227845984
106,6,EI,0,3.1277159513464596,10.114858957567403,4.949451830781875,10.198764917460334
106,6,EI,1,3.1277159513464596,10.114858957567403,4.949451830781875,10.198764917460334
106,6,EI,2,3.5092072239399865,3.786019727059289,4.9415102374078,10.174492290027889
106,6,EI,3,3.5092072239399865,3.786019727059289,4.9415102374078,10.174492290027889
106,6,EI,4,3.538566780579667,4.740977101341701,4.9288604365959765,11.824307099679263
106,6,EI,5,3.6039950547976076,4.295157564904982,4.785292614595082,9.223300630760932
106,6,EI,6,3.6039950547976076,4.295157564904982,4.785292614595082,9.223300630760932
106,6,EI,7,3.6039950547976076,4.295157564904982,4.785292614595082,9.223300630760932
106,6,EI,8,3.8315247156195946,4.272330639603993,4.33492274035051,10.470586148144696
106,6,EI,9,3.8315247156195946,4.272330639603993,4.33492274035051,10.470586148144696
106,6,EI,10,4.058782007827256,4.188532405793429,4.352258478868595,4.703785394224681
106,6,EI,11,4.073429032918032,4.137200388450243,3.4936044572098766,4.252242934653495
106,6,EI,12,4.218774951158239,4.3294923892477595,4.2849441704374716,4.072991256822665
106,6,EI,13,4.264434895841211,4.077088386570685,4.063243741333922,4.006630226248938
106,6,EI,14,4.264434895841211,4.077088386570685,4.063243741333922,4.006630226248938
106,6,EI,15,4.264434895841211,4.077088386570685,4.063243741333922,4.006630226248938
106,6,EI,16,4.264434895841211,4.077088386570685,4.063243741333922,4.006630226248938
106,6,EI,17,4.264434895841211,4.077088386570685,4.063243741333922,4.006630226248938
106,6,EI,18,4.264434895841211,4.077088386570685,4.063243741333922,4.006630226248938
106,6,EI,19,4.264434895841211,4.077088386570685,4.063243741333922,4.006630226248938
106,6,EI,20,4.264434895841211,4.077088386570685,4.063243741333922,4.006630226248938
106,6,EI,21,4.264434895841211,4.077088386570685,4.063243741333922,4.006630226248938
106,6,EI,22,4.264434895841211,4.077088386570685,4.063243741333922,4.006630226248938
106,6,EI,23,4.264434895841211,4.077088386570685,4.063243741333922,4.006630226248938
106,6,EI,24,4.264434895841211,4.077088386570685,4.063243741333922,4.006630226248938
106,6,EI,25,4.264434895841211,4.077088386570685,4.063243741333922,4.006630226248938
107,7,EI,0,3.6687845282119675,7.0190242926558115,4.545486402289703,4.1763841815116
107,7,EI,1,3.6687845282119675,7.0190242926558115,4.545486402289703,4.1763841815116
107,7,EI,2,3.6687845282119675,7.0190242926558115,4.545486402289703,4.1763841815116
107,7,EI,3,3.6687845282119675,7.0190242926558115,4.545486402289703,4.1763841815116
107,7,EI,4,3.746490976536222,7.577882469567918,4.562812558993819,4.145157398927636
107,7,EI,5,3.746490976536222,7.577882469567918,4.562812558993819,4.145157398927636
107,7,EI,6,3.746490976536222,7.577882469567918,4.562812558993819,4.145157398927636
107,7,EI,7,3.746490976536222,7.577882469567918,4.562812558993819,4.145157398927636
107,7,EI,8,3.8523524952685237,7.85184861964118,3.873910345973332,4.062228631201291
107,7,EI,9,3.855098227031937,4.088713555411166,4.184580197815776,12.53604182867891
107,7,EI,10,3.991625620343596,3.920925103843353,4.148338649319508,11.800649029094991
107,7,EI,11,3.991625620343596,3.920925103843353,4.148338649319508,11.800649029094991
107,7,EI,12,3.991625620343596,3.920925103843353,4.148338649319508,11.800649029094991
107,7,EI,13,4.007677908872658,4.071416416867972,4.186797462074807,11.673044703136743
107,7,EI,14,4.007677908872658,4.071416416867972,4.186797462074807,11.673044703136743
107,7,EI,15,4.007677908872658,4.071416416867972,4.186797462074807,11.673044703136743
107,7,EI,16,4.007677908872658,4.071416416867972,4.186797462074807,11.673044703136743
107,7,EI,17,4.007677908872658,4.071416416867972,4.186797462074807,11.673044703136743
107,7,EI,18,4.010208719372283,4.128739569776599,4.14854817588124,11.664462125956147
107,7,EI,19,4.010208719372283,4.128739569776599,4.14854817588124,11.664462125956147
107,7,EI,20,4.010208719372283,4.128739569776599,4.14854817588124,11.664462125956147
107,7,EI,21,4.010208719372283,4.128739569776599,4.14854817588124,11.664462125956147
107,7,EI,22,4.010208719372283,4.128739569776599,4.14854817588124,11.664462125956147
107,7,EI,23,4.010208719372283,4.128739569776599,4.14854817588124,11.664462125956147
107,7,EI,24,4.010208719372283,4.128739569776599,4.14854817588124,11.664462125956147
107,7,EI,25,4.010208719372283,4.128739569776599,4.14854817588124,11.664462125956147
108,8,EI,0,3.6582849562760646,7.184481812440755,3.6202821762702344,3.857178728266946
108,8,EI,1,3.6582849562760646,7.184481812440755,3.6202821762702344,3.857178728266946
108,8,EI,2,3.6582849562760646,7.184481812440755,3.6202821762702344,3.857178728266946
108,8,EI,3,3.7027774901165103,7.225120386334335,3.6880179754650917,4.286944241173906
108,8,EI,4,3.7499534772082805,7.212554139660348,3.7666935412291513,4.057102694708202
108,8,EI,5,3.7894002396917115,7.144552896758907,4.111790309650021,3.998173787748996
108,8,EI,6,3.833657301144938,7.415239333654003,4.072175799237507,4.0382156616237594
108,8,EI,7,3.833657301144938,7.415239333654003,4.072175799237507,4.0382156616237594
108,8,EI,8,3.9310861586489763,4.004992043074384,3.792710214798997,11.16604506266874
108,8,EI,9,3.997048633098002,4.104327693979975,4.0530862871201006,11.32200940400795
108,8,EI,10,3.997048633098002,4.104327693979975,4.0530862871201006,11.32200940400795
108,8,EI,11,4.00257815562162,4.203156599422025,4.081212032165934,11.487882236849414
108,8,EI,12,4.006854337655957,4.10290530144419,4.196779414232033,11.638994309467849
108,8,EI,13,4.006854337655957,4.10290530144419,4.196779414232033,11.638994309467849
108,8,EI,14,4.006854337655957,4.10290530144419,4.196779414232033,11.638994309467849
108,8,EI,15,4.006854337655957,4.10290530144419,4.196779414232033,11.638994309467849
108,8,EI,16,4.006854337655957,4.10290530144419,4.196779414232033,11.638994309467849
108,8,EI,17,4.006854337655957,4.10290530144419,4.196779414232033,11.638994309467849
108,8,EI,18,4.007311582581815,4.184443579190103,4.079186206768147,11.562438314363268
108,8,EI,19,4.007311582581815,4.184443579190103,4.079186206768147,11.562438314363268
108,8,EI,20,4.007311582581815,4.184443579190103,4.079186206768147,11.562438314363268
108,8,EI,21,4.00838613628592,4.026265601607607,4.14343303139958,11.555052613580662
108,8,EI,22,4.00838613628592,4.026265601607607,4.14343303139958,11.555052613580662
108,8,EI,23,4.00838613628592,4.026265601607607,4.14343303139958,11.555052613580662
108,8,EI,24,4.00838613628592,4.026265601607607,4.14343303139958,11.555052613580662
108,8,EI,25,4.00838613628592,4.026265601607607,4.14343303139958,11.555052613580662
109,9,EI,0,3.8905142734359295,4.487716097973701,11.11122724313623,4.196208296224305
109,9,EI,1,3.8905142734359295,4.487716097973701,11.11122724313623,4.196208296224305
109,9,EI,2,3.8905142734359295,4.487716097973701,11.11122724313623,4.196208296224305
109,9,EI,3,3.9586854221608827,4.243164784573415,11.116553079873052,4.005264123771509
109,9,EI,4,3.9586854221608827,4.243164784573415,11.116553079873052,4.005264123771509
109,9,EI,5,3.9586854221608827,4.243164784573415,11.116553079873052,4.005264123771509
109,9,EI,6,3.9586854221608827,4.243164784573415,11.116553079873052,4.005264123771509
109,9,EI,7,3.9586854221608827,4.243164784573415,11.116553079873052,4.005264123771509
109,9,EI,8,3.989579592944618,4.1895242269883735,11.351454208783334,3.9865540696501363
109,9,EI,9,3.9951778815280834,3.9980015342675674,11.616952011486893,3.9281524287428518
109,9,EI,10,4.010584650012308,4.132475516974726,11.597148710315931,4.1365904398519815
109,9,EI,11,4.010584650012308,4.132475516974726,11.597148710315931,4.1365904398519815
109,9,EI,12,4.010584650012308,4.132475516974726,11.597148710315931,4.1365904398519815
109,9,EI,13,4.010948468987694,4.15087104122391,11.652955369085959,4.0762151859979046
109,9,EI,14,4.010948468987694,4.15087104122391,11.652955369085959,4.0762151859979046
109,9,EI,15,4.010948468987694,4.15087104122391,11.652955369085959,4.0762151859979046
109,9,EI,16,4.010948468987694,4.15087104122391,11.652955369085959,4.0762151859979046
109,9,EI,17,4.010948468987694,4.15087104122391,11.652955369085959,4.0762151859979046
109,9,EI,18,4.010948468987694,4.15087104122391,11.652955369085959,4.0762151859979046
109,9,EI,19,4.011223905941926,4.093855769000717,11.651888536763474,4.147489531533098
109,9,EI,20,4.011223905941926,4.093855769000717,11.651888536763474,4.147489531533098
109,9,EI,21,4.011223905941926,4.093855769000717,11.651888536763474,4.147489531533098
109,9,EI,22,4.011223905941926,4.093855769000717,11.651888536763474,4.147489531533098
109,9,EI,23,4.011223905941926,4.093855769000717,11.651888536763474,4.147489531533098
109,9,EI,24,4.011223905941926,4.093855769000717,11.651888536763474,4.147489531533098
109,9,EI,25,4.011223905941926,4.093855769000717,11.651888536763474,4.147489531533098
110,10,EI,0,3.625563274933772,7.767513204253045,4.83711838149092,4.236502757470194
110,10,EI,1,3.625563274933772,7.767513204253045,4.83711838149092,4.236502757470194
110,10,EI,2,3.625563274933772,7.767513204253045,4.83711838149092,4.236502757470194
110,10,EI,3,3.625563274933772,7.767513204253045,4.83711838149092,4.236502757470194
110,10,EI,4,3.73912495772141,8.213161691376401,4.540937299296903,4.4024891998303115
110,10,EI,5,3.73912495772141,8.213161691376401,4.540937299296903,4.4024891998303115
110,10,EI,6,3.7965072409649654,8.02509486233896,4.067533728812353,4.514732143674754
110,10,EI,7,3.7965072409649654,8.02509486233896,4.067533728812353,4.514732143674754
110,10,EI,8,3.7965072409649654,8.02509486233896,4.067533728812353,4.514732143674754
110,10,EI,9,3.7965072409649654,8.02509486233896,4.067533728812353,4.514732143674754
110,10,EI,10,3.882002622544779,8.250260941377476,4.152378960486758,4.035478766930364
110,10,EI,11,4.261438753004769,4.160419875833145,4.01819798453802,4.033702725401096
110,10,EI,12,4.261438753004769,4.160419875833145,4.01819798453802,4.033702725401096
110,10,EI,13,4.261438753004769,4.160419875833145,4.01819798453802,4.033702725401096
110,10,EI,14,4.261438753004769,4.160419875833145,4.01819798453802,4.033702725401096
110,10,EI,15,4.261438753004769,4.160419875833145,4.01819798453802,4.033702725401096
110,10,EI,16,4.261438753004769,4.160419875833145,4.01819798453802,4.033702725401096
110,10,EI,17,4.261438753004769,4.160419875833145,4.01819798453802,4.033702725401096
110,10,EI,18,4.261438753004769,4.160419875833145,4.01819798453802,4.033702725401096
110,10,EI,19,4.261438753004769,4.160419875833145,4.01819798453802,4.033702725401096
110,10,EI,20,4.261438753004769,4.160419875833145,4.01819798453802,4.033702725401096
110,10,EI,21,4.261438753004769,4.160419875833145,4.01819798453802,4.033702725401096
110,10,EI,22,4.261438753004769,4.160419875833145,4.01819798453802,4.033702725401096
110,10,EI,23,4.261438753004769,4.160419875833145,4.01819798453802,4.033702725401096
110,10,EI,24,4.261438753004769,4.160419875833145,4.01819798453802,4.033702725401096
110,10,EI,25,4.261438753004769,4.160419875833145,4.01819798453802,4.033702725401096
111,11,EI,0,3.238547029203167,5.299122825906721,8.873929559235652,3.5295184750137083
111,11,EI,1,3.238547029203167,5.299122825906721,8.873929559235652,3.5295184750137083
111,11,EI,2,3.6407981402863685,4.248207559240207,7.441755544258374,3.4851070611481445
111,11,EI,3,3.6407981402863685,4.248207559240207,7.441755544258374,3.4851070611481445
111,11,EI,4,3.6407981402863685,4.248207559240207,7.441755544258374,3.4851070611481445
111,11,EI,5,3.6407981402863685,4.248207559240207,7.441755544258374,3.4851070611481445
111,11,EI,6,3.8638437217471004,3.9276858296588015,8.515340181783793,4.065032899301788
111,11,EI,7,3.8638437217471004,3.9276858296588015,8.515340181783793,4.065032899301788
111,11,EI,8,3.8638437217471004,3.9276858296588015,8.515340181783793,4.065032899301788
111,11,EI,9,3.8638437217471004,3.9276858296588015,8.515340181783793,4.065032899301788
111,11,EI,10,3.8638437217471004,3.9276858296588015,8.515340181783793,4.065032899301788
111,11,EI,11,3.8638437217471004,3.9276858296588015,8.515340181783793,4.065032899301788
111,11,EI,12,3.8638437217471004,3.9276858296588015,8.515340181783793,4.065032899301788
111,11,EI,13,3.867318628665985,3.9099804275147,8.317089373395977,4.113517134189576
111,11,EI,14,4.092171225799562,3.992192917271341,4.512222254250236,4.50758928616018
111,11,EI,15,4.092171225799562,3.992192917271341,4.512222254250236,4.50758928616018
111,11,EI,16,4.092171225799562,3.992192917271341,4.512222254250236,4.50758928616018
111,11,EI,17,4.21628376973022,3.913010696079289,4.16967751362545,3.841757881682122
111,11,EI,18,4.246639006014625,4.02568693532819,4.27775616016919,4.041082136579003
111,11,EI,19,4.252663828244995,4.1172141870377335,4.257788724070276,4.061785089783604
111,11,EI,20,4.252663828244995,4.1172141870377335,4.257788724070276,4.061785089783604
111,11,EI,21,4.252663828244995,4.1172141870377335,4.257788724070276,4.061785089783604
111,11,EI,22,4.258042308476702,4.1603936568778295,4.085414325027317,4.208350659654183
111,11,EI,23,4.258042308476702,4.1603936568778295,4.085414325027317,4.208350659654183
111,11,EI,24,4.258042308476702,4.1603936568778295,4.085414325027317,4.208350659654183
111,11,EI,25,4.258042308476702,4.1603936568778295,4.085414325027317,4.208350659654183
112,12,EI,0,3.1807365710642643,3.8815663413322565,2.8183531617680693,10.057657110817502
112,12,EI,1,3.1807365710642643,3.8815663413322565,2.8183531617680693,10.057657110817502
112,12,EI,2,3.1807365710642643,3.8815663413322565,2.8183531617680693,10.057657110817502
112,12,EI,3,3.4453181044871677,3.7382437704948295,12.240248436849887,10.027987685167991
112,12,EI,4,3.4453181044871677,3.7382437704948295,12.240248436849887,10.027987685167991
112,12,EI,5,3.4453181044871677,3.7382437704948295,12.240248436849887,10.027987685167991
112,12,EI,6,3.667828956052748,4.2167690155492785,4.321262412742241,12.934208456550774
112,12,EI,7,3.8473764973826756,4.066597732448932,4.408441253758356,12.414213964214364
112,12,EI,8,3.8473764973826756,4.066597732448932,4.408441253758356,12.414213964214364
112,12,EI,9,3.8473764973826756,4.066597732448932,4.408441253758356,12.414213964214364
112,12,EI,10,3.8473764973826756,4.066597732448932,4.408441253758356,12.414213964214364
112,12,EI,11,3.9039894981101537,4.006805458616599,4.417488998950988,11.01775630005006
112,12,EI,12,4.138400834701153,3.7587214082728533,3.753896320153202,4.249423655340419
112,12,EI,13,4.138400834701153,3.7587214082728533,3.753896320153202,4.249423655340419
112,12,EI,14,4.138400834701153,3.7587214082728533,3.753896320153202,4.249423655340419
112,12,EI,15,4.179718248480935,4.397266329673094,3.8308035167296905,4.193387272228787
112,12,EI,16,4.179718248480935,4.397266329673094,3.8308035167296905,4.193387272228787
112,12,EI,17,4.248131002975546,4.275482101350614,4.0250514230032755,4.098515273204784
112,12,EI,18,4.248131002975546,4.275482101350614,4.0250514230032755,4.098515273204784
112,12,EI,19,4.248131002975546,4.275482101350614,4.0250514230032755,4.098515273204784
112,12,EI,20,4.254701222654571,3.9782167172460987,4.049019418183287,3.978025593917602
112,12,EI,21,4.265207979484875,4.019770986604783,4.052767717368682,4.089781807911667
112,12,EI,22,4.265207979484875,4.019770986604783,4.052767717368682,4.089781807911667
112,12,EI,23,4.265207979484875,4.019770986604783,4.052767717368682,4.089781807911667
112,12,EI,24,4.265207979484875,4.019770986604783,4.052767717368682,4.089781807911667
112,12,EI,25,4.265207979484875,4.019770986604783,4.052767717368682,4.089781807911667
113,13,EI,0,3.4551661666808915,12.210097788751677,7.468011124987683,3.724187923300079
113,13,EI,1,3.4551661666808915,12.210097788751677,7.468011124987683,3.724187923300079
113,13,EI,2,3.4551661666808915,12.210097788751677,7.468011124987683,3.724187923300079
113,13,EI,3,3.4551661666808915,12.210097788751677,7.468011124987683,3.724187923300079
113,13,EI,4,3.4551661666808915,12.210097788751677,7.468011124987683,3.724187923300079
113,13,EI,5,3.4551661666808915,12.210097788751677,7.468011124987683,3.724187923300079
113,13,EI,6,3.558983490604895,11.512208351640602,9.573134765594201,3.989156830836666
113,13,EI,7,3.558983490604895,11.512208351640602,9.573134765594201,3.989156830836666
113,13,EI,8,3.6101014124659283,11.849320485751175,10.439225478507907,4.15397649270416
113,13,EI,9,3.719468052309555,11.988418325150436,11.388618742545153,4.1961839491965724
113,13,EI,10,3.719468052309555,11.988418325150436,11.388618742545153,4.1961839491965724
113,13,EI,11,3.719468052309555,11.988418325150436,11.388618742545153,4.1961839491965724
113,13,EI,12,3.748718737071981,11.406980768188868,11.698053647601462,4.069857766622841
113,13,EI,13,3.8262112131085764,7.660102322142252,4.247971058215858,3.8783048497121397
113,13,EI,14,3.8262112131085764,7.660102322142252,4.247971058215858,3.8783048497121397
113,13,EI,15,3.8634090499793583,4.283211166757953,4.0542642807848,8.001147871676029
113,13,EI,16,3.879866466002369,7.910477495552816,4.066467182448125,4.087414677782052
113,13,EI,17,3.879866466002369,7.910477495552816,4.066467182448125,4.087414677782052
113,13,EI,18,3.879866466002369,7.910477495552816,4.066467182448125,4.087414677782052
113,13,EI,19,3.884235180607453,4.134622918200531,4.0810184708875425,8.085176845535816
113,13,EI,20,3.884235180607453,4.134622918200531,4.0810184708875425,8.085176845535816
113,13,EI,21,3.884235180607453,4.134622918200531,4.0810184708875425,8.085176845535816
113,13,EI,22,3.884235180607453,4.134622918200531,4.0810184708875425,8.085176845535816
113,13,EI,23,3.884235180607453,4.134622918200531,4.0810184708875425,8.085176845535816
113,13,EI,24,3.884235180607453,4.134622918200531,4.0810184708875425,8.085176845535816
113,13,EI,25,3.884235180607453,4.134622918200531,4.0810184708875425,8.085176845535816
114,14,EI,0,3.1951801958958317,7.607737954831852,3.43080941645436,9.75291271270783
114,14,EI,1,3.355496024390503,7.644821742724469,4.5524841260746545,7.680666850935491
114,14,EI,2,3.355496024390503,7.644821742724469,4.5524841260746545,7.680666850935491
114,14,EI,3,3.355496024390503,7.644821742724469,4.5524841260746545,7.680666850935491
114,14,EI,4,3.355496024390503,7.644821742724469,4.5524841260746545,7.680666850935491
114,14,EI,5,3.444736327569993,4.321822003894296,8.408868747404501,7.618276942045971
114,14,EI,6,3.444736327569993,4.321822003894296,8.408868747404501,7.618276942045971
114,14,EI,7,3.444736327569993,4.321822003894296,8.408868747404501,7.618276942045971
114,14,EI,8,3.444736327569993,4.321822003894296,8.408868747404501,7.618276942045971
114,14,EI,9,3.466908683499205,8.323832194868505,4.320734917249814,8.502532844231228
114,14,EI,10,3.466908683499205,8.323832194868505,4.320734917249814,8.502532844231228
114,14,EI,11,3.466908683499205,8.323832194868505,4.320734917249814,8.502532844231228
114,14,EI,12,3.466908683499205,8.323832194868505,4.320734917249814,8.502532844231228
114,14,EI,13,3.466908683499205,8.323832194868505,4.320734917249814,8.502532844231228
114,14,EI,14,3.466908683499205,8.323832194868505,4.320734917249814,8.502532844231228
114,14,EI,15,3.487117434071102,8.042918371076835,3.9234465368961935,8.279276793451174
114,14,EI,16,3.7280404070900426,4.55570478420411,9.253082324104648,4.0361694448214624
114,14,EI,17,3.7280404070900426,4.55570478420411,9.253082324104648,4.0361694448214624
114,14,EI,18,3.848290499854806,4.013612732030392,8.95521307867031,4.0720102732140875
114,14,EI,19,3.848290499854806,4.013612732030392,8.95521307867031,4.0720102732140875
114,14,EI,20,3.8524088017494655,4.116729931610546,8.516172175816052,4.309141520477089
114,14,EI,21,3.8524088017494655,4.116729931610546,8.516172175816052,4.309141520477089
114,14,EI,22,3.8785172914339805,4.160763264048714,8.425960387399991,4.1035261843950215
114,14,EI,23,3.8785172914339805,4.160763264048714,8.425960387399991,4.1035261843950215
114,14,EI,24,3.8785172914339805,4.160763264048714,8.425960387399991,4.1035261843950215
114,14,EI,25,3.8857288427786303,4.0820182973336765,8.236421288891963,4.079544958267901
115,15,EI,0,3.51255012632752,8.816819853202484,3.72823739238798,12.002079750194575
115,15,EI,1,3.51255012632752,8.816819853202484,3.72823739238798,12.002079750194575
115,15,EI,2,3.51255012632752,8.816819853202484,3.72823739238798,12.002079750194575
115,15,EI,3,3.51255012632752,8.816819853202484,3.72823739238798,12.002079750194575
115,15,EI,4,3.7529047600562273,8.815302208084299,3.970135063048586,3.650018386557466
115,15,EI,5,3.7529047600562273,8.815302208084299,3.970135063048586,3.650018386557466
115,15,EI,6,3.80603712624573,9.072615767781182,4.32888640599376,4.213520318763239
115,15,EI,7,3.80603712624573,9.072615767781182,4.32888640599376,4.213520318763239
115,15,EI,8,4.201875441625781,4.292927134923538,4.026337459905812,4.381037591213604
115,15,EI,9,4.201875441625781,4.292927134923538,4.026337459905812,4.381037591213604
115,15,EI,10,4.201875441625781,4.292927134923538,4.026337459905812,4.381037591213604
115,15,EI,11,4.201875441625781,4.292927134923538,4.026337459905812,4.381037591213604
115,15,EI,12,4.201875441625781,4.292927134923538,4.026337459905812,4.381037591213604
115,15,EI,13,4.201875441625781,4.292927134923538,4.026337459905812,4.381037591213604
115,15,EI,14,4.252070068305003,4.04556906202864,3.929442001015102,4.14858506926471
115,15,EI,15,4.252070068305003,4.04556906202864,3.929442001015102,4.14858506926471
115,15,EI,16,4.252070068305003,4.04556906202864,3.929442001015102,4.14858506926471
115,15,EI,17,4.252070068305003,4.04556906202864,3.929442001015102,4.14858506926471
115,15,EI,18,4.252070068305003,4.04556906202864,3.929442001015102,4.14858506926471
115,15,EI,19,4.252070068305003,4.04556906202864,3.929442001015102,4.14858506926471
115,15,EI,20,4.252070068305003,4.04556906202864,3.929442001015102,4.14858506926471
115,15,EI,21,4.252070068305003,4.04556906202864,3.929442001015102,4.14858506926471
115,15,EI,22,4.257470762275371,3.9491524062588197,4.085718102959571,4.121724637456838
115,15,EI,23,4.257470762275371,3.9491524062588197,4.085718102959571,4.121724637456838
115,15,EI,24,4.257470762275371,3.9491524062588197,4.085718102959571,4.121724637456838
115,15,EI,25,4.257470762275371,3.9491524062588197,4.085718102959571,4.121724637456838
116,16,EI,0,3.1845850965477833,4.49017595249607,8.416154920894945,6.110479427991566
116,16,EI,1,3.1845850965477833,4.49017595249607,8.416154920894945,6.110479427991566
116,16,EI,2,3.1845850965477833,4.49017595249607,8.416154920894945,6.110479427991566
116,16,EI,3,3.1845850965477833,4.49017595249607,8.416154920894945,6.110479427991566
116,16,EI,4,3.353682785628297,4.315699223554373,8.65370315536009,7.049837398871336
116,16,EI,5,3.369286723383002,4.265939177895569,8.550039126935623,7.049820463494161
116,16,EI,6,3.4605576838782137,4.366386798247668,8.005671620386257,8.023301092783932
116,16,EI,7,3.4890402675543917,4.254546559929397,8.243355709277068,8.214881829710821
116,16,EI,8,3.4890402675543917,4.254546559929397,8.243355709277068,8.214881829710821
116,16,EI,9,3.4907650136938786,4.01918432654986,8.015977453335797,8.518685919383493
116,16,EI,10,3.526758810504683,12.578270175697066,4.331502204775343,12.062110210581702
116,16,EI,11,3.526758810504683,12.578270175697066,4.331502204775343,12.062110210581702
116,16,EI,12,3.624879117184679,11.865581583436466,4.2136650357469305,10.595968330677223
116,16,EI,13,3.6728815630724494,12.169981090191287,4.069468300822859,11.169533922433315
116,16,EI,14,3.6786301643604604,12.221356964425935,3.9582765291559707,11.82316614365044
116,16,EI,15,3.7022685016881516,11.940505509601271,4.003245127884436,11.14199962640819
116,16,EI,16,3.7022685016881516,11.940505509601271,4.003245127884436,11.14199962640819
116,16,EI,17,3.7508352681359227,11.494677373770754,4.033311371467537,11.749556711812133
116,16,EI,18,3.7508352681359227,11.494677373770754,4.033311371467537,11.749556711812133
116,16,EI,19,3.7508352681359227,11.494677373770754,4.033311371467537,11.749556711812133
116,16,EI,20,3.7508352681359227,11.494677373770754,4.033311371467537,11.749556711812133
116,16,EI,21,3.7520386962258705,11.582506215000803,4.116988500600682,11.461910391995907
116,16,EI,22,3.7520386962258705,11.582506215000803,4.116988500600682,11.461910391995907
116,16,EI,23,3.755094203466426,11.703712218109258,4.026049653244611,11.61850267793236
116,16,EI,24,3.755094203466426,11.703712218109258,4.026049653244611,11.61850267793236
116,16,EI,25,3.755094203466426,11.703712218109258,4.026049653244611,11.61850267793236
117,17,EI,0,2.9394920817633023,6.422467486404127,9.170146627484709,11.045788057699298
117,17,EI,1,2.9394920817633023,6.422467486404127,9.170146627484709,11.045788057699298
117,17,EI,2,3.1337299316952905,8.32219051517867,8.080290429254788,10.616132451268385
117,17,EI,3,3.2685699998806395,8.268424487533538,4.86874118879609,10.626815172213659
117,17,EI,4,3.2872587801398008,8.787541641201193,11.088472807584111,11.247627468180973
117,17,EI,5,3.2872587801398008,8.787541641201193,11.088472807584111,11.247627468180973
117,17,EI,6,3.516186827300074,8.618589339443856,3.76615763876488,12.135426544404387
117,17,EI,7,3.516186827300074,8.618589339443856,3.76615763876488,12.135426544404387
117,17,EI,8,3.551909424148951,7.506918356764189,3.9526434781418853,11.185087277075917
117,17,EI,9,3.551909424148951,7.506918356764189,3.9526434781418853,11.185087277075917
117,17,EI,10,3.5831669829275743,11.933591995551613,4.262974787747243,10.396463418172923
117,17,EI,11,3.5831669829275743,11.933591995551613,4.262974787747243,10.396463418172923
117,17,EI,12,3.5831669829275743,11.933591995551613,4.262974787747243,10.396463418172923
117,17,EI,13,3.591126922046998,8.341852899625033,3.960848625738235,11.191579614768614
117,17,EI,14,3.624765307915016,8.222092019773122,4.0515793188823785,11.45683277923371
117,17,EI,15,3.628788482687886,8.30274572766501,4.063955317008737,11.580085545272802
117,17,EI,16,3.628788482687886,8.30274572766501,4.063955317008737,11.580085545272802
117,17,EI,17,3.733344532689652,11.408787517932558,4.160186167488488,11.34135439027071
117,17,EI,18,3.7503572623499255,11.764075873774056,4.175029130141834,11.704799942632995
117,17,EI,19,3.7568397264838254,11.563999434398111,4.107213244180353,11.649170762163564
117,17,EI,20,3.7568397264838254,11.563999434398111,4.107213244180353,11.649170762163564
117,17,EI,21,3.7568397264838254,11.563999434398111,4.107213244180353,11.649170762163564
117,17,EI,22,3.7568397264838254,11.563999434398111,4.107213244180353,11.649170762163564
117,17,EI,23,3.7568397264838254,11.563999434398111,4.107213244180353,11.649170762163564
117,17,EI,24,3.7568397264838254,11.563999434398111,4.107213244180353,11.649170762163564
117,17,EI,25,3.7568397264838254,11.563999434398111,4.107213244180353,11.649170762163564
118,18,EI,0,3.2970055466536135,5.989586538263591,10.761220189323241,4.212349920540051
118,18,EI,1,3.2970055466536135,5.989586538263591,10.761220189323241,4.212349920540051
118,18,EI,2,3.2970055466536135,5.989586538263591,10.761220189323241,4.212349920540051
118,18,EI,3,3.5090328241339868,7.456103566852769,10.854851689477032,4.10265921841578
118,18,EI,4,3.5913901399169728,8.98354038434881,11.531451636761874,4.132505560072398
118,18,EI,5,3.5913901399169728,8.98354038434881,11.531451636761874,4.132505560072398
118,18,EI,6,3.5913901399169728,8.98354038434881,11.531451636761874,4.132505560072398
118,18,EI,7,3.626313968112222,8.001599391898884,11.714150476354336,4.044160575545145
118,18,EI,8,3.626313968112222,8.001599391898884,11.714150476354336,4.044160575545145
118,18,EI,9,3.626313968112222,8.001599391898884,11.714150476354336,4.044160575545145
118,18,EI,10,3.626313968112222,8.001599391898884,11.714150476354336,4.044160575545145
118,18,EI,11,3.626313968112222,8.001599391898884,11.714150476354336,4.044160575545145
118,18,EI,12,3.7571225133698727,3.7529657170240283,9.160954246186193,3.8862702603456993
118,18,EI,13,3.7571225133698727,3.7529657170240283,9.160954246186193,3.8862702603456993
118,18,EI,14,3.7571225133698727,3.7529657170240283,9.160954246186193,3.8862702603456993
118,18,EI,15,3.8101103469206334,4.006436263583046,9.515376433994808,3.9557333353299287
118,18,EI,16,3.8101103469206334,4.006436263583046,9.515376433994808,3.9557333353299287
118,18,EI,17,3.860008348345298,8.679006939949856,3.959310739119011,4.114127894815448
118,18,EI,18,3.860008348345298,8.679006939949856,3.959310739119011,4.114127894815448
118,18,EI,19,3.860008348345298,8.679006939949856,3.959310739119011,4.114127894815448
118,18,EI,20,3.865051120575983,8.480963091757213,4.0664376979073715,4.252773517260295
118,18,EI,21,3.8780757532763714,8.272200327278073,3.9952899100176986,4.1598806777228825
118,18,EI,22,3.8821926524969976,8.353902212831551,4.126387290543484,4.123995526082589
118,18,EI,23,3.8849355442738656,8.180610291435098,4.1344668686833295,4.088933580252637
118,18,EI,24,3.8849355442738656,8.180610291435098,4.1344668686833295,4.088933580252637
118,18,EI,25,3.8849355442738656,8.180610291435098,4.1344668686833295,4.088933580252637
119,19,EI,0,3.4735398894929705,11.714483726522747,8.080497541193894,4.674981267357308
119,19,EI,1,3.5517725997507994,11.735640060758245,4.246008502185944,9.702265294178178
119,19,EI,2,3.5517725997507994,11.735640060758245,4.246008502185944,9.702265294178178
119,19,EI,3,3.5517725997507994,11.735640060758245,4.246008502185944,9.702265294178178
119,19,EI,4,3.843775157179702,11.176673689448746,4.458919727031928,4.47027113020572
119,19,EI,5,3.843775157179702,11.176673689448746,4.458919727031928,4.47027113020572
119,19,EI,6,3.843775157179702,11.176673689448746,4.458919727031928,4.47027113020572
119,19,EI,7,3.843775157179702,11.176673689448746,4.458919727031928,4.47027113020572
119,19,EI,8,3.9712963009460167,11.162738372951818,4.216709511569927,4.051345224227032
119,19,EI,9,3.9712963009460167,11.162738372951818,4.216709511569927,4.051345224227032
119,19,EI,10,3.9712963009460167,11.162738372951818,4.216709511569927,4.051345224227032
119,19,EI,11,4.001501251903409,11.478052357984897,4.20574936215223,4.112079475532765
119,19,EI,12,4.001501251903409,11.478052357984897,4.20574936215223,4.112079475532765
119,19,EI,13,4.004367847252643,11.583543952720683,3.987790927177371,4.163144550151834
119,19,EI,14,4.011413038407475,11.592641411259402,4.06051915977594,4.131502738044607
119,19,EI,15,4.011413038407475,11.592641411259402,4.06051915977594,4.131502738044607
119,19,EI,16,4.011413038407475,11.592641411259402,4.06051915977594,4.131502738044607
119,19,EI,17,4.011413038407475,11.592641411259402,4.06051915977594,4.131502738044607
119,19,EI,18,4.011476518643915,11.699536416175242,4.100348394230618,4.1294499581987
119,19,EI,19,4.011476518643915,11.699536416175242,4.100348394230618,4.1294499581987
119,19,EI,20,4.011476518643915,11.699536416175242,4.100348394230618,4.1294499581987
119,19,EI,21,4.011476518643915,11.699536416175242,4.100348394230618,4.1294499581987
119,19,EI,22,4.012302525528752,11.65551753031359,4.076703431295195,4.051193701185726
119,19,EI,23,4.012302525528752,11.65551753031359,4.076703431295195,4.051193701185726
119,19,EI,24,4.012302525528752,11.65551753031359,4.076703431295195,4.051193701185726
119,19,EI,25,4.012302525528752,11.65551753031359,4.076703431295195,4.051193701185726
120,20,EI,0,3.273563445017652,6.73032690394678,9.60265212884643,4.057332846817459
120,20,EI,1,3.4891577917463223,3.7843258853933937,8.080627089797595,3.229646513430432
120,20,EI,2,3.4891577917463223,3.7843258853933937,8.080627089797595,3.229646513430432
120,20,EI,3,3.6412271638115907,3.678119648066614,7.878443841122881,3.549743336610244
120,20,EI,4,3.6412271638115907,3.678119648066614,7.878443841122881,3.549743336610244
120,20,EI,5,3.8374343245314986,3.979345684756363,7.495118133600556,4.033886411630607
120,20,EI,6,3.8374343245314986,3.979345684756363,7.495118133600556,4.033886411630607
120,20,EI,7,3.841397723999812,4.244641981672283,7.635855808356318,4.199465391727796
120,20,EI,8,3.8603071591507225,4.081446285211115,7.651416013591737,4.031419988979753
120,20,EI,9,3.8603071591507225,4.081446285211115,7.651416013591737,4.031419988979753
120,20,EI,10,3.878388051584575,4.106827033448193,8.373986389516094,4.181029285969405
120,20,EI,11,3.878388051584575,4.106827033448193,8.373986389516094,4.181029285969405
120,20,EI,12,3.879766094416671,4.1787830397575325,8.225470977975737,4.029600124617637
120,20,EI,13,3.884233841153231,4.145429424012969,8.153935378943183,4.076401560669214
120,20,EI,14,3.884233841153231,4.145429424012969,8.153935378943183,4.076401560669214
120,20,EI,15,3.884233841153231,4.145429424012969,8.153935378943183,4.076401560669214
120,20,EI,16,3.884233841153231,4.145429424012969,8.153935378943183,4.076401560669214
120,20,EI,17,3.884233841153231,4.145429424012969,8.153935378943183,4.076401560669214
120,20,EI,18,3.884233841153231,4.145429424012969,8.153935378943183,4.076401560669214
120,20,EI,19,3.884233841153231,4.145429424012969,8.153935378943183,4.076401560669214
120,20,EI,20,3.884233841153231,4.145429424012969,8.153935378943183,4.076401560669214
120,20,EI,21,3.884233841153231,4.145429424012969,8.153935378943183,4.076401560669214
120,20,EI,22,3.884233841153231,4.145429424012969,8.153935378943183,4.076401560669214
120,20,EI,23,3.884233841153231,4.145429424012969,8.153935378943183,4.076401560669214
120,20,EI,24,3.884233841153231,4.145429424012969,8.153935378943183,4.076401560669214
120,20,EI,25,3.884233841153231,4.145429424012969,8.153935378943183,4.076401560669214
121,21,EI,0,3.5027617269498394,3.9038380556747083,7.083532420685154,11.419026660671266
121,21,EI,1,3.5027617269498394,3.9038380556747083,7.083532420685154,11.419026660671266
121,21,EI,2,3.95224277244656,4.392538091819022,4.215606198616203,11.441090665492514
121,21,EI,3,3.95224277244656,4.392538091819022,4.215606198616203,11.441090665492514
121,21,EI,4,3.95224277244656,4.392538091819022,4.215606198616203,11.441090665492514
121,21,EI,5,3.95224277244656,4.392538091819022,4.215606198616203,11.441090665492514
121,21,EI,6,3.95224277244656,4.392538091819022,4.215606198616203,11.441090665492514
121,21,EI,7,3.95224277244656,4.392538091819022,4.215606198616203,11.441090665492514
121,21,EI,8,3.95224277244656,4.392538091819022,4.215606198616203,11.441090665492514
121,21,EI,9,3.95224277244656,4.392538091819022,4.215606198616203,11.441090665492514
121,21,EI,10,3.9702087591650246,4.37604380708798,4.092438519914125,11.546984336202508
121,21,EI,11,3.9702087591650246,4.37604380708798,4.092438519914125,11.546984336202508
121,21,EI,12,4.010570291204877,4.057694530408977,4.093912272618883,11.525183376100157
121,21,EI,13,4.010570291204877,4.057694530408977,4.093912272618883,11.525183376100157
121,21,EI,14,4.010570291204877,4.057694530408977,4.093912272618883,11.525183376100157
121,21,EI,15,4.010570291204877,4.057694530408977,4.093912272618883,11.525183376100157
121,21,EI,16,4.010570291204877,4.057694530408977,4.093912272618883,11.525183376100157
121,21,EI,17,4.011403168182145,4.125369890528627,4.051099592090848,11.677558501958169
121,21,EI,18,4.011403168182145,4.125369890528627,4.051099592090848,11.677558501958169
121,21,EI,19,4.011403168182145,4.125369890528627,4.051099592090848,11.677558501958169
121,21,EI,20,4.011403168182145,4.125369890528627,4.051099592090848,11.677558501958169
121,21,EI,21,4.011403168182145,4.125369890528627,4.051099592090848,11.677558501958169
121,21,EI,22,4.011403168182145,4.125369890528627,4.051099592090848,11.677558501958169
121,21,EI,23,4.011403168182145,4.125369890528627,4.051099592090848,11.677558501958169
121,21,EI,24,4.011403168182145,4.125369890528627,4.051099592090848,11.677558501958169
121,21,EI,25,4.011403168182145,4.125369890528627,4.051099592090848,11.677558501958169
122,22,EI,0,3.2146682124643995,7.8673359472017514,11.961514620370984,8.477286052589523
122,22,EI,1,3.3170190814282656,7.899948246088032,3.5062496557208966,8.5029002974829
122,22,EI,2,3.3170190814282656,7.899948246088032,3.5062496557208966,8.5029002974829
122,22,EI,3,3.3170190814282656,7.899948246088032,3.5062496557208966,8.5029002974829
122,22,EI,4,3.600118168450586,11.969868791538147,4.163252585951421,8.499052178457289
122,22,EI,5,3.600118168450586,11.969868791538147,4.163252585951421,8.499052178457289
122,22,EI,6,3.600118168450586,11.969868791538147,4.163252585951421,8.499052178457289
122,22,EI,7,3.600118168450586,11.969868791538147,4.163252585951421,8.499052178457289
122,22,EI,8,3.600118168450586,11.969868791538147,4.163252585951421,8.499052178457289
122,22,EI,9,3.600118168450586,11.969868791538147,4.163252585951421,8.499052178457289
122,22,EI,10,3.600118168450586,11.969868791538147,4.163252585951421,8.499052178457289
122,22,EI,11,3.623749673522902,11.5056773529067,4.0040192694203345,8.260396273429697
122,22,EI,12,3.623749673522902,11.5056773529067,4.0040192694203345,8.260396273429697
122,22,EI,13,3.6278497689224194,11.556378039292856,4.028254591688046,8.204166153005001
122,22,EI,14,3.6278497689224194,11.556378039292856,4.028254591688046,8.204166153005001
122,22,EI,15,3.6278497689224194,11.556378039292856,4.028254591688046,8.204166153005001
122,22,EI,16,3.6278497689224194,11.556378039292856,4.028254591688046,8.204166153005001
122,22,EI,17,3.6302870761699406,11.668308068865986,4.059604881934683,8.186868155615795
122,22,EI,18,3.6302870761699406,11.668308068865986,4.059604881934683,8.186868155615795
122,22,EI,19,3.6302870761699406,11.668308068865986,4.059604881934683,8.186868155615795
122,22,EI,20,3.6302870761699406,11.668308068865986,4.059604881934683,8.186868155615795
122,22,EI,21,3.630404842538147,8.154173549763042,4.110920376765035,11.668365922540103
122,22,EI,22,3.630404842538147,8.154173549763042,4.110920376765035,11.668365922540103
122,22,EI,23,3.630404842538147,8.154173549763042,4.110920376765035,11.668365922540103
122,22,EI,24,3.630404842538147,8.154173549763042,4.110920376765035,11.668365922540103
122,22,EI,25,3.630404842538147,8.154173549763042,4.110920376765035,11.668365922540103
123,23,EI,0,3.523516515253408,3.7998583602408065,9.370619845019032,11.466275402773853
123,23,EI,1,3.523516515253408,3.7998583602408065,9.370619845019032,11.466275402773853
123,23,EI,2,3.523516515253408,3.7998583602408065,9.370619845019032,11.466275402773853
123,23,EI,3,3.523516515253408,3.7998583602408065,9.370619845019032,11.466275402773853
123,23,EI,4,3.523516515253408,3.7998583602408065,9.370619845019032,11.466275402773853
123,23,EI,5,3.561578692932218,11.634017290686335,9.371229560878895,4.231897132379542
123,23,EI,6,3.561578692932218,11.634017290686335,9.371229560878895,4.231897132379542
123,23,EI,7,3.561578692932218,11.634017290686335,9.371229560878895,4.231897132379542
123,23,EI,8,3.561578692932218,11.634017290686335,9.371229560878895,4.231897132379542
123,23,EI,9,3.561578692932218,11.634017290686335,9.371229560878895,4.231897132379542
123,23,EI,10,3.561578692932218,11.634017290686335,9.371229560878895,4.231897132379542
123,23,EI,11,3.9012320199967143,11.709731004745905,4.572566484922572,4.1194104387780355
123,23,EI,12,3.9012320199967143,11.709731004745905,4.572566484922572,4.1194104387780355
123,23,EI,13,3.9012320199967143,11.709731004745905,4.572566484922572,4.1194104387780355
123,23,EI,14,3.9012320199967143,11.709731004745905,4.572566484922572,4.1194104387780355
123,23,EI,15,3.9012320199967143,11.709731004745905,4.572566484922572,4.1194104387780355
123,23,EI,16,3.9012320199967143,11.709731004745905,4.572566484922572,4.1194104387780355
123,23,EI,17,3.9012320199967143,11.709731004745905,4.572566484922572,4.1194104387780355
123,23,EI,18,4.009040203040881,11.763325080476191,4.0430375983227576,4.0670434406821885
123,23,EI,19,4.009040203040881,11.763325080476191,4.0430375983227576,4.0670434406821885
123,23,EI,20,4.009040203040881,11.763325080476191,4.0430375983227576,4.0670434406821885
123,23,EI,21,4.009040203040881,11.763325080476191,4.0430375983227576,4.0670434406821885
123,23,EI,22,4.009040203040881,11.763325080476191,4.0430375983227576,4.0670434406821885
123,23,EI,23,4.009040203040881,11.763325080476191,4.0430375983227576,4.0670434406821885
123,23,EI,24,4.009040203040881,11.763325080476191,4.0430375983227576,4.0670434406821885
123,23,EI,25,4.009040203040881,11.763325080476191,4.0430375983227576,4.0670434406821885
124,24,EI,0,3.076321404214511,7.59599650905222,8.463187611453762,8.54530965762603
124,24,EI,1,3.076321404214511,7.59599650905222,8.463187611453762,8.54530965762603
124,24,EI,2,3.461055506790545,3.830157069836212,8.46090891669691,8.042919174552061
124,24,EI,3,3.5060670905045628,3.889040110096231,8.943561613017,12.245788696116193
124,24,EI,4,3.5060670905045628,3.889040110096231,8.943561613017,12.245788696116193
124,24,EI,5,3.5060670905045628,3.889040110096231,8.943561613017,12.245788696116193
124,24,EI,6,3.5060670905045628,3.889040110096231,8.943561613017,12.245788696116193
124,24,EI,7,3.7222133362626577,4.026569900481451,9.411976636217105,3.6469714820019816
124,24,EI,8,3.7222133362626577,4.026569900481451,9.411976636217105,3.6469714820019816
124,24,EI,9,3.8264313208191307,4.31929921782014,8.90528740102093,4.042957524191685
124,24,EI,10,3.8264313208191307,4.31929921782014,8.90528740102093,4.042957524191685
124,24,EI,11,3.9216577680960443,3.812281753413089,11.37097153587678,3.8136852730955066
124,24,EI,12,3.9216577680960443,3.812281753413089,11.37097153587678,3.8136852730955066
124,24,EI,13,3.9216577680960443,3.812281753413089,11.37097153587678,3.8136852730955066
124,24,EI,14,3.9451898996346175,4.013310689158534,10.932530553099992,4.052522048145186
124,24,EI,15,3.993878935588799,4.210340564157379,11.366874976644501,4.095952428028634
124,24,EI,16,4.003051491759179,4.159237265281187,11.42167825244781,4.083082381954927
124,24,EI,17,4.003111156558139,4.126122387978763,11.813109287992699,4.00386420569287
124,24,EI,18,4.003111156558139,4.126122387978763,11.813109287992699,4.00386420569287
124,24,EI,19,4.0120064059517215,4.0996949713310995,11.647281289506438,4.132481556080358
124,24,EI,20,4.0120064059517215,4.0996949713310995,11.647281289506438,4.132481556080358
124,24,EI,21,4.0120064059517215,4.0996949713310995,11.647281289506438,4.132481556080358
124,24,EI,22,4.0120064059517215,4.0996949713310995,11.647281289506438,4.132481556080358
124,24,EI,23,4.0120064059517215,4.0996949713310995,11.647281289506438,4.132481556080358
124,24,EI,24,4.0120064059517215,4.0996949713310995,11.647281289506438,4.132481556080358
124,24,EI,25,4.0120064059517215,4.0996949713310995,11.647281289506438,4.132481556080358
